"Nome do arquivo","Tipo de arquivo","Disciplina","Assunto","Tópicos do edital atendidos","Situação","Nível de cobertura","Atualização necessária","Problemas encontrados","Ação recomendada","Prioridade"
"src/data/apostilas/atualidades-avancada.js","apostila/módulo JS","Atualidades","Atualidades Avançada 10/10 Reescrita de Verdade","Conhecimentos Gerais > Atualidades","pronto para entrar na plataforma","alto","Validar aderência quando o edital oficial for anexado","Nenhum problema crítico detectado","Publicar após revisão editorial rápida.","Baixa"
"src/data/apostilas/atualidades.js","apostila/módulo JS","Atualidades","Atualidades para PMMA","Conhecimentos Gerais > Atualidades","precisa atualização","alto","Conferir texto vigente/edital 2026","precisa atualização/verificação legislativa","Conferir texto vigente e atualizar antes de publicar.","Alta"
"src/data/apostilas/criminologia-seguranca-publica-avancada.js","apostila/módulo JS","Criminologia e Segurança Pública","Criminologia e Segurança Pública Avançada","Conhecimentos Específicos > Criminologia e Segurança Pública","precisa atualização","alto","Conferir texto vigente/edital 2026","precisa atualização/verificação legislativa","Conferir texto vigente e atualizar antes de publicar.","Alta"
"src/data/apostilas/criminologia-simulados-comentados.js","apostila/módulo JS","Criminologia e Segurança Pública","Criminologia — Simulados Comentados","Conhecimentos Específicos > Criminologia e Segurança Pública","precisa atualização","alto","Conferir texto vigente/edital 2026","precisa atualização/verificação legislativa","Conferir texto vigente e atualizar antes de publicar.","Alta"
"src/data/apostilas/ordem-publica-defesa-social-seguranca-cidada.js","apostila/módulo JS","Criminologia e Segurança Pública","Ordem Pública, Defesa Social e Segurança Cidadã","Conhecimentos Específicos > Criminologia e Segurança Pública","precisa atualização","alto","Conferir texto vigente/edital 2026","precisa atualização/verificação legislativa","Conferir texto vigente e atualizar antes de publicar.","Alta"
"src/data/apostilas/policia-comunitaria-mediacao-conflitos.js","apostila/módulo JS","Criminologia e Segurança Pública","Polícia Comunitária e Mediação de Conflitos","Conhecimentos Específicos > Criminologia e Segurança Pública","precisa atualização","alto","Conferir texto vigente/edital 2026","precisa atualização/verificação legislativa","Conferir texto vigente e atualizar antes de publicar.","Alta"
"src/data/apostilas/seguranca-publica-avancada-simulados.js","apostila/módulo JS","Criminologia e Segurança Pública","Segurança Pública Avançada — Simulados Comentados","Conhecimentos Específicos > Criminologia e Segurança Pública","precisa atualização","alto","Conferir texto vigente/edital 2026","precisa atualização/verificação legislativa","Conferir texto vigente e atualizar antes de publicar.","Alta"
"material-provas/fgv/provas PM/oficial-da-policia-militarof-pm-tipo-1.pdf","PDF","Direito Administrativo","oficial-da-policia-militarof-pm-tipo-1","Conhecimentos Específicos > Direito Administrativo","pronto para entrar na plataforma","baixo","Validar aderência quando o edital oficial for anexado","Nenhum problema crítico detectado","Complementar teoria, questões e revisão.","Média"
"material-provas/fgv/provas PM/oficial-da-policia-militarof-pm-tipo-2.pdf","PDF","Direito Administrativo","oficial-da-policia-militarof-pm-tipo-2","Conhecimentos Específicos > Direito Administrativo","pronto para entrar na plataforma","baixo","Validar aderência quando o edital oficial for anexado","Nenhum problema crítico detectado","Complementar teoria, questões e revisão.","Média"
"material-provas/fgv/provas PM/oficial-da-policia-militarof-pm-tipo-3.pdf","PDF","Direito Administrativo","oficial-da-policia-militarof-pm-tipo-3","Conhecimentos Específicos > Direito Administrativo","pronto para entrar na plataforma","baixo","Validar aderência quando o edital oficial for anexado","Nenhum problema crítico detectado","Complementar teoria, questões e revisão.","Média"
"material-provas/fgv/provas PM/oficial-da-policia-militarof-pm-tipo-4.pdf","PDF","Direito Administrativo","oficial-da-policia-militarof-pm-tipo-4","Conhecimentos Específicos > Direito Administrativo","pronto para entrar na plataforma","baixo","Validar aderência quando o edital oficial for anexado","Nenhum problema crítico detectado","Complementar teoria, questões e revisão.","Média"
"material-provas/fgv/provas PM/pmerj2021-curso-de-formacao-de-oficiais-da-pmerj-pmcfo01-tipo-1.pdf","PDF","Direito Administrativo","pmerj2021-curso-de-formacao-de-oficiais-da-pmerj-pmcfo01-tipo-1","Conhecimentos Específicos > Direito Administrativo","pronto para entrar na plataforma","baixo","Validar aderência quando o edital oficial for anexado","Nenhum problema crítico detectado","Complementar teoria, questões e revisão.","Média"
"material-provas/fgv/provas PM/pmerj2021-curso-de-formacao-de-oficiais-da-pmerj-pmcfo01-tipo-3.pdf","PDF","Direito Administrativo","pmerj2021-curso-de-formacao-de-oficiais-da-pmerj-pmcfo01-tipo-3","Conhecimentos Específicos > Direito Administrativo","pronto para entrar na plataforma","baixo","Validar aderência quando o edital oficial for anexado","Nenhum problema crítico detectado","Complementar teoria, questões e revisão.","Média"
"src/data/apostilas/direito-administrativo-avancado.js","apostila/módulo JS","Direito Administrativo","Direito Administrativo Avançado 10/10 Reescrito de Verdade","Conhecimentos Específicos > Direito Administrativo","pronto para entrar na plataforma","alto","Validar aderência quando o edital oficial for anexado","Nenhum problema crítico detectado","Publicar após revisão editorial rápida.","Baixa"
"src/data/apostilas/direito-administrativo.js","apostila/módulo JS","Direito Administrativo","Direito Administrativo para PMMA","Conhecimentos Específicos > Direito Administrativo","precisa atualização","alto","Conferir texto vigente/edital 2026","precisa atualização/verificação legislativa","Conferir texto vigente e atualizar antes de publicar.","Alta"
"src/data/apostilas/oab-1fase-direito-administrativo.js","apostila/módulo JS","Direito Administrativo","OAB 1ª Fase — Direito Administrativo","Conhecimentos Específicos > Direito Administrativo","fora do edital","alto","Validar aderência quando o edital oficial for anexado","fora do edital PMMA provável","Arquivar fora do pacote PMMA ou manter apenas em biblioteca geral.","Baixa"
"material-provas/fgv/provas PM/ns001_-_delegado_de_policia_-_4a_classe_prova_objetivans001_tipo_1.pdf","PDF","Direito Constitucional","ns001_-_delegado_de_policia_-_4a_classe_prova_objetivans001_tipo_1","Conhecimentos Específicos > Direito Constitucional","pronto para entrar na plataforma","baixo","Validar aderência quando o edital oficial for anexado","Nenhum problema crítico detectado","Complementar teoria, questões e revisão.","Média"
"material-provas/fgv/provas PM/ns001_-_delegado_de_policia_-_4a_classe_prova_objetivans001_tipo_2.pdf","PDF","Direito Constitucional","ns001_-_delegado_de_policia_-_4a_classe_prova_objetivans001_tipo_2","Conhecimentos Específicos > Direito Constitucional","pronto para entrar na plataforma","baixo","Validar aderência quando o edital oficial for anexado","Nenhum problema crítico detectado","Complementar teoria, questões e revisão.","Média"
"material-provas/fgv/provas PM/ns001_-_delegado_de_policia_-_4a_classe_prova_objetivans001_tipo_3.pdf","PDF","Direito Constitucional","ns001_-_delegado_de_policia_-_4a_classe_prova_objetivans001_tipo_3","Conhecimentos Específicos > Direito Constitucional","pronto para entrar na plataforma","baixo","Validar aderência quando o edital oficial for anexado","Nenhum problema crítico detectado","Complementar teoria, questões e revisão.","Média"
"material-provas/fgv/provas PM/ns001_-_delegado_de_policia_-_4a_classe_prova_objetivans001_tipo_4.pdf","PDF","Direito Constitucional","ns001_-_delegado_de_policia_-_4a_classe_prova_objetivans001_tipo_4","Conhecimentos Específicos > Direito Constitucional","pronto para entrar na plataforma","baixo","Validar aderência quando o edital oficial for anexado","Nenhum problema crítico detectado","Complementar teoria, questões e revisão.","Média"
"material-provas/fgv/provas PM/pcrn-delegado-de-policia-civil-substituto-deleg-01-tipo-1.pdf","PDF","Direito Constitucional","pcrn-delegado-de-policia-civil-substituto-deleg-01-tipo-1","Conhecimentos Específicos > Direito Constitucional","pronto para entrar na plataforma","baixo","Validar aderência quando o edital oficial for anexado","Nenhum problema crítico detectado","Complementar teoria, questões e revisão.","Média"
"material-provas/fgv/provas PM/pcrn-delegado-de-policia-civil-substituto-deleg-01-tipo-2.pdf","PDF","Direito Constitucional","pcrn-delegado-de-policia-civil-substituto-deleg-01-tipo-2","Conhecimentos Específicos > Direito Constitucional","pronto para entrar na plataforma","baixo","Validar aderência quando o edital oficial for anexado","Nenhum problema crítico detectado","Complementar teoria, questões e revisão.","Média"
"material-provas/fgv/provas PM/pcrn-delegado-de-policia-civil-substituto-deleg-01-tipo-3.pdf","PDF","Direito Constitucional","pcrn-delegado-de-policia-civil-substituto-deleg-01-tipo-3","Conhecimentos Específicos > Direito Constitucional","pronto para entrar na plataforma","baixo","Validar aderência quando o edital oficial for anexado","Nenhum problema crítico detectado","Complementar teoria, questões e revisão.","Média"
"material-provas/fgv/provas PM/pcrn-delegado-de-policia-civil-substituto-deleg-01-tipo-4 (1).pdf","PDF","Direito Constitucional","pcrn-delegado-de-policia-civil-substituto-deleg-01-tipo-4 (1)","Conhecimentos Específicos > Direito Constitucional","duplicado","baixo","Validar aderência quando o edital oficial for anexado","duplicado | duplicatas: material-provas/fgv/provas PM/pcrn-delegado-de-policia-civil-substituto-deleg-01-tipo-4.pdf","Manter a versão mais completa/recente e remover ou ocultar duplicata.","Média"
"material-provas/fgv/provas PM/pcrn-delegado-de-policia-civil-substituto-deleg-01-tipo-4.pdf","PDF","Direito Constitucional","pcrn-delegado-de-policia-civil-substituto-deleg-01-tipo-4","Conhecimentos Específicos > Direito Constitucional","duplicado","baixo","Validar aderência quando o edital oficial for anexado","duplicado | duplicatas: material-provas/fgv/provas PM/pcrn-delegado-de-policia-civil-substituto-deleg-01-tipo-4 (1).pdf","Manter a versão mais completa/recente e remover ou ocultar duplicata.","Média"
"material-provas/fgv/provas PM/pmerj2021-curso-de-formacao-de-oficiais-da-pmerj-pmcfo01-tipo-4.pdf","PDF","Direito Constitucional","pmerj2021-curso-de-formacao-de-oficiais-da-pmerj-pmcfo01-tipo-4","Conhecimentos Específicos > Direito Constitucional","pronto para entrar na plataforma","baixo","Validar aderência quando o edital oficial for anexado","Nenhum problema crítico detectado","Complementar teoria, questões e revisão.","Média"
"material-provas/fgv/provas PM/pmesp2022_gabarito_definitivo.pdf","PDF","Direito Constitucional","pmesp2022_gabarito_definitivo","Conhecimentos Específicos > Direito Constitucional","pronto para entrar na plataforma","baixo","Validar aderência quando o edital oficial for anexado","Nenhum problema crítico detectado","Complementar teoria, questões e revisão.","Média"
"src/data/apostilas/banco-repertorios-redacao.js","apostila/módulo JS","Direito Constitucional","Banco de Repertórios para Redação","Conhecimentos Específicos > Direito Constitucional","precisa atualização","alto","Conferir texto vigente/edital 2026","precisa atualização/verificação legislativa","Conferir texto vigente e atualizar antes de publicar.","Alta"
"src/data/apostilas/direito-constitucional-avancado.js","apostila/módulo JS","Direito Constitucional","Direito Constitucional Avançado 10/10 Reescrito de Verdade","Conhecimentos Específicos > Direito Constitucional","pronto para entrar na plataforma","alto","Validar aderência quando o edital oficial for anexado","Nenhum problema crítico detectado","Publicar após revisão editorial rápida.","Baixa"
"src/data/apostilas/direito-constitucional.js","apostila/módulo JS","Direito Constitucional","Direito Constitucional para PMMA","Conhecimentos Específicos > Direito Constitucional","precisa atualização","alto","Conferir texto vigente/edital 2026","precisa atualização/verificação legislativa","Conferir texto vigente e atualizar antes de publicar.","Alta"
"src/data/apostilas/direito-internacional.js","apostila/módulo JS","Direito Constitucional","Direito Internacional","Conhecimentos Específicos > Direito Constitucional","fora do edital","alto","Conferir texto vigente/edital 2026","fora do edital PMMA provável | precisa atualização/verificação legislativa","Arquivar fora do pacote PMMA ou manter apenas em biblioteca geral.","Baixa"
"src/data/apostilas/direito-previdenciario.js","apostila/módulo JS","Direito Constitucional","Direito Previdenciário","Conhecimentos Específicos > Direito Constitucional","fora do edital","alto","Conferir texto vigente/edital 2026","fora do edital PMMA provável | precisa atualização/verificação legislativa","Arquivar fora do pacote PMMA ou manter apenas em biblioteca geral.","Baixa"
"src/data/apostilas/direito-tributario.js","apostila/módulo JS","Direito Constitucional","Direito Tributário","Conhecimentos Específicos > Direito Constitucional","fora do edital","alto","Conferir texto vigente/edital 2026","fora do edital PMMA provável | precisa atualização/verificação legislativa","Arquivar fora do pacote PMMA ou manter apenas em biblioteca geral.","Baixa"
"src/data/apostilas/oab-1fase-direito-constitucional.js","apostila/módulo JS","Direito Constitucional","OAB 1ª Fase — Direito Constitucional","Conhecimentos Específicos > Direito Constitucional","fora do edital","alto","Validar aderência quando o edital oficial for anexado","fora do edital PMMA provável","Arquivar fora do pacote PMMA ou manter apenas em biblioteca geral.","Baixa"
"src/data/mockLeis.js","apostila/módulo JS","Direito Constitucional","mockLeis","Conhecimentos Específicos > Direito Constitucional","pronto para entrar na plataforma","baixo","Validar aderência quando o edital oficial for anexado","Nenhum problema crítico detectado","Complementar teoria, questões e revisão.","Média"
"src/data/mockRedacoes.js","apostila/módulo JS","Direito Constitucional","mockRedacoes","Conhecimentos Específicos > Direito Constitucional","pronto para entrar na plataforma","baixo","Validar aderência quando o edital oficial for anexado","Nenhum problema crítico detectado","Complementar teoria, questões e revisão.","Média"
"storage/content/fgv-local/fgv-local-preview.json","JSON de conteúdo/questões","Direito Constitucional","fgv-local-preview","Conhecimentos Específicos > Direito Constitucional","pronto para entrar na plataforma","médio","Validar aderência quando o edital oficial for anexado","Nenhum problema crítico detectado","Publicar após revisão editorial rápida.","Baixa"
"storage/content/leis/cdc/artigos.json","JSON de conteúdo/questões","Direito Constitucional","artigos","Conhecimentos Específicos > Direito Constitucional","fora do edital","baixo","Validar aderência quando o edital oficial for anexado","fora do edital PMMA provável","Arquivar fora do pacote PMMA ou manter apenas em biblioteca geral.","Baixa"
"storage/content/leis/cdc/texto.txt","lei seca/texto","Direito Constitucional","texto","Conhecimentos Específicos > Direito Constitucional","fora do edital","baixo","Validar aderência quando o edital oficial for anexado","duplicado | fora do edital PMMA provável | duplicatas: storage/content/leis/ctn/texto.txt","Arquivar fora do pacote PMMA ou manter apenas em biblioteca geral.","Baixa"
"storage/content/leis/cf88/artigos.json","JSON de conteúdo/questões","Direito Constitucional","artigos","Conhecimentos Específicos > Direito Constitucional","pronto para entrar na plataforma","baixo","Validar aderência quando o edital oficial for anexado","Nenhum problema crítico detectado","Complementar teoria, questões e revisão.","Média"
"storage/content/leis/cf88/meta.json","JSON de conteúdo/questões","Direito Constitucional","meta","Conhecimentos Específicos > Direito Constitucional","pronto para entrar na plataforma","baixo","Validar aderência quando o edital oficial for anexado","Nenhum problema crítico detectado","Complementar teoria, questões e revisão.","Média"
"storage/content/leis/cf88/texto.txt","lei seca/texto","Direito Constitucional","texto","Conhecimentos Específicos > Direito Constitucional","pronto para entrar na plataforma","baixo","Validar aderência quando o edital oficial for anexado","Nenhum problema crítico detectado","Complementar teoria, questões e revisão.","Média"
"storage/content/leis/clt/texto.txt","lei seca/texto","Direito Constitucional","texto","Conhecimentos Específicos > Direito Constitucional","fora do edital","baixo","Validar aderência quando o edital oficial for anexado","fora do edital PMMA provável","Arquivar fora do pacote PMMA ou manter apenas em biblioteca geral.","Baixa"
"storage/content/leis/codigo-civil/artigos.json","JSON de conteúdo/questões","Direito Constitucional","artigos","Conhecimentos Específicos > Direito Constitucional","fora do edital","baixo","Validar aderência quando o edital oficial for anexado","fora do edital PMMA provável","Arquivar fora do pacote PMMA ou manter apenas em biblioteca geral.","Baixa"
"storage/content/leis/codigo-civil/texto.txt","lei seca/texto","Direito Constitucional","texto","Conhecimentos Específicos > Direito Constitucional","fora do edital","baixo","Validar aderência quando o edital oficial for anexado","fora do edital PMMA provável","Arquivar fora do pacote PMMA ou manter apenas em biblioteca geral.","Baixa"
"storage/content/leis/codigo-etica-oab/artigos.json","JSON de conteúdo/questões","Direito Constitucional","artigos","Conhecimentos Específicos > Direito Constitucional","fora do edital","baixo","Validar aderência quando o edital oficial for anexado","fora do edital PMMA provável","Arquivar fora do pacote PMMA ou manter apenas em biblioteca geral.","Baixa"
"storage/content/leis/cpc/artigos.json","JSON de conteúdo/questões","Direito Constitucional","artigos","Conhecimentos Específicos > Direito Constitucional","fora do edital","baixo","Validar aderência quando o edital oficial for anexado","fora do edital PMMA provável","Arquivar fora do pacote PMMA ou manter apenas em biblioteca geral.","Baixa"
"storage/content/leis/ctn/artigos.json","JSON de conteúdo/questões","Direito Constitucional","artigos","Conhecimentos Específicos > Direito Constitucional","fora do edital","baixo","Validar aderência quando o edital oficial for anexado","fora do edital PMMA provável","Arquivar fora do pacote PMMA ou manter apenas em biblioteca geral.","Baixa"
"storage/content/leis/ctn/texto.txt","lei seca/texto","Direito Constitucional","texto","Conhecimentos Específicos > Direito Constitucional","fora do edital","baixo","Validar aderência quando o edital oficial for anexado","duplicado | fora do edital PMMA provável | duplicatas: storage/content/leis/cdc/texto.txt","Arquivar fora do pacote PMMA ou manter apenas em biblioteca geral.","Baixa"
"storage/content/leis/index.json","JSON de conteúdo/questões","Direito Constitucional","index","Conhecimentos Específicos > Direito Constitucional","pronto para entrar na plataforma","baixo","Validar aderência quando o edital oficial for anexado","Nenhum problema crítico detectado","Complementar teoria, questões e revisão.","Média"
"storage/content/leis/regulamento-oab/artigos.json","JSON de conteúdo/questões","Direito Constitucional","artigos","Conhecimentos Específicos > Direito Constitucional","fora do edital","baixo","Validar aderência quando o edital oficial for anexado","fora do edital PMMA provável","Arquivar fora do pacote PMMA ou manter apenas em biblioteca geral.","Baixa"
"storage/content/leis/regulamento-oab/texto.txt","lei seca/texto","Direito Constitucional","texto","Conhecimentos Específicos > Direito Constitucional","fora do edital","baixo","Validar aderência quando o edital oficial for anexado","fora do edital PMMA provável","Arquivar fora do pacote PMMA ou manter apenas em biblioteca geral.","Baixa"
"storage/content/militar/pcam-delegado-2021-fgv/questoes/questoes-extraidas.json","JSON de conteúdo/questões","Direito Constitucional","questoes-extraidas","Conhecimentos Específicos > Direito Constitucional","pronto para entrar na plataforma","médio","Validar aderência quando o edital oficial for anexado","Nenhum problema crítico detectado","Publicar após revisão editorial rápida.","Baixa"
"storage/content/militar/pmerj-cfo-2021-fgv/questoes/questoes-extraidas.json","JSON de conteúdo/questões","Direito Constitucional","questoes-extraidas","Conhecimentos Específicos > Direito Constitucional","pronto para entrar na plataforma","médio","Validar aderência quando o edital oficial for anexado","Nenhum problema crítico detectado","Publicar após revisão editorial rápida.","Baixa"
"storage/content/militar/pmsp-soldado-2024-fgv/gabaritos/pmsp-soldado-2024-fgv-gabarito-definitivo.pdf","PDF","Direito Constitucional","pmsp-soldado-2024-fgv-gabarito-definitivo","Conhecimentos Específicos > Direito Constitucional","pronto para entrar na plataforma","baixo","Validar aderência quando o edital oficial for anexado","Nenhum problema crítico detectado","Complementar teoria, questões e revisão.","Média"
"material-provas/fgv/provas PM/curso-de-formacao-de-oficiais-combatentes-da-pmpbcfopb-22-tipo-1.pdf","PDF","Direito Penal","curso-de-formacao-de-oficiais-combatentes-da-pmpbcfopb-22-tipo-1","Conhecimentos Específicos > Direito Penal","pronto para entrar na plataforma","baixo","Validar aderência quando o edital oficial for anexado","Nenhum problema crítico detectado","Complementar teoria, questões e revisão.","Média"
"material-provas/fgv/provas PM/curso-de-formacao-de-oficiais-combatentes-da-pmpbcfopb-22-tipo-2.pdf","PDF","Direito Penal","curso-de-formacao-de-oficiais-combatentes-da-pmpbcfopb-22-tipo-2","Conhecimentos Específicos > Direito Penal","pronto para entrar na plataforma","baixo","Validar aderência quando o edital oficial for anexado","Nenhum problema crítico detectado","Complementar teoria, questões e revisão.","Média"
"material-provas/fgv/provas PM/curso-de-formacao-de-oficiais-combatentes-da-pmpbcfopb-22-tipo-3.pdf","PDF","Direito Penal","curso-de-formacao-de-oficiais-combatentes-da-pmpbcfopb-22-tipo-3","Conhecimentos Específicos > Direito Penal","pronto para entrar na plataforma","baixo","Validar aderência quando o edital oficial for anexado","Nenhum problema crítico detectado","Complementar teoria, questões e revisão.","Média"
"material-provas/fgv/provas PM/curso-de-formacao-de-oficiais-combatentes-da-pmpbcfopb-22-tipo-4.pdf","PDF","Direito Penal","curso-de-formacao-de-oficiais-combatentes-da-pmpbcfopb-22-tipo-4","Conhecimentos Específicos > Direito Penal","pronto para entrar na plataforma","baixo","Validar aderência quando o edital oficial for anexado","Nenhum problema crítico detectado","Complementar teoria, questões e revisão.","Média"
"material-provas/fgv/provas PM/pmerj2021-curso-de-formacao-de-oficiais-da-pmerj-pmcfo01-tipo-2.pdf","PDF","Direito Penal","pmerj2021-curso-de-formacao-de-oficiais-da-pmerj-pmcfo01-tipo-2","Conhecimentos Específicos > Direito Penal","pronto para entrar na plataforma","baixo","Validar aderência quando o edital oficial for anexado","Nenhum problema crítico detectado","Complementar teoria, questões e revisão.","Média"
"public/logos/concursos/policia-penal.png","imagem","Direito Penal","policia-penal","Conhecimentos Específicos > Direito Penal","pronto para entrar na plataforma","baixo","Validar aderência quando o edital oficial for anexado","Nenhum problema crítico detectado","Complementar teoria, questões e revisão.","Média"
"src/data/apostilas/ctb-codigo-transito-brasileiro.js","apostila/módulo JS","Direito Penal","CTB — Código de Trânsito Brasileiro","Conhecimentos Específicos > Direito Penal","precisa atualização","alto","Conferir texto vigente/edital 2026","precisa atualização/verificação legislativa","Conferir texto vigente e atualizar antes de publicar.","Alta"
"src/data/apostilas/direito-digital-lgpd-crimes-ciberneticos.js","apostila/módulo JS","Direito Penal","Direito Digital, LGPD e Crimes Cibernéticos","Conhecimentos Específicos > Direito Penal","fora do edital","alto","Conferir texto vigente/edital 2026","fora do edital PMMA provável | precisa atualização/verificação legislativa","Arquivar fora do pacote PMMA ou manter apenas em biblioteca geral.","Baixa"
"src/data/apostilas/direito-financeiro.js","apostila/módulo JS","Direito Penal","Direito Financeiro","Conhecimentos Específicos > Direito Penal","fora do edital","alto","Conferir texto vigente/edital 2026","fora do edital PMMA provável | precisa atualização/verificação legislativa","Arquivar fora do pacote PMMA ou manter apenas em biblioteca geral.","Baixa"
"src/data/apostilas/direito-penal-parte-especial-avancado.js","apostila/módulo JS","Direito Penal","Direito Penal Parte Especial Avançado","Conhecimentos Específicos > Direito Penal","precisa atualização","alto","Conferir texto vigente/edital 2026","precisa atualização/verificação legislativa","Conferir texto vigente e atualizar antes de publicar.","Alta"
"src/data/apostilas/direito-penal-parte-geral-avancado.js","apostila/módulo JS","Direito Penal","Direito Penal Parte Geral Avançado 10/10 Reescrito de Verdade","Conhecimentos Específicos > Direito Penal","pronto para entrar na plataforma","alto","Validar aderência quando o edital oficial for anexado","Nenhum problema crítico detectado","Publicar após revisão editorial rápida.","Baixa"
"src/data/apostilas/direito-penal-parte-geral.js","apostila/módulo JS","Direito Penal","Direito Penal para PMMA","Conhecimentos Específicos > Direito Penal","precisa atualização","alto","Conferir texto vigente/edital 2026","precisa atualização/verificação legislativa","Conferir texto vigente e atualizar antes de publicar.","Alta"
"src/data/apostilas/oab-1fase-direito-penal.js","apostila/módulo JS","Direito Penal","OAB 1ª Fase — Direito Penal","Conhecimentos Específicos > Direito Penal","fora do edital","alto","Validar aderência quando o edital oficial for anexado","fora do edital PMMA provável","Arquivar fora do pacote PMMA ou manter apenas em biblioteca geral.","Baixa"
"storage/content/leis/codigo-penal/artigos.json","JSON de conteúdo/questões","Direito Penal","artigos","Conhecimentos Específicos > Direito Penal","pronto para entrar na plataforma","baixo","Validar aderência quando o edital oficial for anexado","Nenhum problema crítico detectado","Complementar teoria, questões e revisão.","Média"
"storage/content/leis/codigo-penal/meta.json","JSON de conteúdo/questões","Direito Penal","meta","Conhecimentos Específicos > Direito Penal","pronto para entrar na plataforma","baixo","Validar aderência quando o edital oficial for anexado","Nenhum problema crítico detectado","Complementar teoria, questões e revisão.","Média"
"storage/content/leis/codigo-penal/texto.txt","lei seca/texto","Direito Penal","texto","Conhecimentos Específicos > Direito Penal","pronto para entrar na plataforma","baixo","Validar aderência quando o edital oficial for anexado","Nenhum problema crítico detectado","Complementar teoria, questões e revisão.","Média"
"storage/content/leis/estatuto-oab/artigos.json","JSON de conteúdo/questões","Direito Penal","artigos","Conhecimentos Específicos > Direito Penal","fora do edital","baixo","Validar aderência quando o edital oficial for anexado","fora do edital PMMA provável","Arquivar fora do pacote PMMA ou manter apenas em biblioteca geral.","Baixa"
"storage/content/leis/estatuto-oab/texto.txt","lei seca/texto","Direito Penal","texto","Conhecimentos Específicos > Direito Penal","fora do edital","baixo","Validar aderência quando o edital oficial for anexado","fora do edital PMMA provável","Arquivar fora do pacote PMMA ou manter apenas em biblioteca geral.","Baixa"
"storage/content/militar/pcrn-delegado-2021-fgv/questoes/questoes-extraidas.json","JSON de conteúdo/questões","Direito Penal","questoes-extraidas","Conhecimentos Específicos > Direito Penal","pronto para entrar na plataforma","médio","Validar aderência quando o edital oficial for anexado","Nenhum problema crítico detectado","Publicar após revisão editorial rápida.","Baixa"
"material-provas/fgv/provas PM/soldado-policial-militar-classe-cpm-sel-tipo-1_0.pdf","PDF","Direito Penal Militar","soldado-policial-militar-classe-cpm-sel-tipo-1_0","Conhecimentos Específicos > Direito Penal Militar","pronto para entrar na plataforma","baixo","Validar aderência quando o edital oficial for anexado","Nenhum problema crítico detectado","Complementar teoria, questões e revisão.","Média"
"material-provas/fgv/provas PM/soldado-policial-militar-classe-cpm-sel-tipo-1.pdf","PDF","Direito Penal Militar","soldado-policial-militar-classe-cpm-sel-tipo-1","Conhecimentos Específicos > Direito Penal Militar","pronto para entrar na plataforma","baixo","Validar aderência quando o edital oficial for anexado","Nenhum problema crítico detectado","Complementar teoria, questões e revisão.","Média"
"material-provas/fgv/provas PM/soldado-policial-militar-classe-cpm-sel-tipo-2.pdf","PDF","Direito Penal Militar","soldado-policial-militar-classe-cpm-sel-tipo-2","Conhecimentos Específicos > Direito Penal Militar","pronto para entrar na plataforma","baixo","Validar aderência quando o edital oficial for anexado","Nenhum problema crítico detectado","Complementar teoria, questões e revisão.","Média"
"material-provas/fgv/provas PM/soldado-policial-militar-classe-cpm-sel-tipo-3.pdf","PDF","Direito Penal Militar","soldado-policial-militar-classe-cpm-sel-tipo-3","Conhecimentos Específicos > Direito Penal Militar","pronto para entrar na plataforma","baixo","Validar aderência quando o edital oficial for anexado","Nenhum problema crítico detectado","Complementar teoria, questões e revisão.","Média"
"material-provas/fgv/provas PM/soldado-policial-militar-classe-cpm-sel-tipo-4.pdf","PDF","Direito Penal Militar","soldado-policial-militar-classe-cpm-sel-tipo-4","Conhecimentos Específicos > Direito Penal Militar","pronto para entrar na plataforma","baixo","Validar aderência quando o edital oficial for anexado","Nenhum problema crítico detectado","Complementar teoria, questões e revisão.","Média"
"src/data/apostilas/direito-penal-militar-avancado.js","apostila/módulo JS","Direito Penal Militar","Direito Penal Militar Avançado","Conhecimentos Específicos > Direito Penal Militar","precisa atualização","alto","Conferir texto vigente/edital 2026","precisa atualização/verificação legislativa","Conferir texto vigente e atualizar antes de publicar.","Alta"
"src/data/apostilas/direito-penal-militar.js","apostila/módulo JS","Direito Penal Militar","Direito Penal Militar para PMMA","Conhecimentos Específicos > Direito Penal Militar","precisa atualização","alto","Conferir texto vigente/edital 2026","precisa atualização/verificação legislativa","Conferir texto vigente e atualizar antes de publicar.","Alta"
"src/data/apostilas/direito-processual-penal-avancado.js","apostila/módulo JS","Direito Processual Penal","Direito Processual Penal Avançado","Conhecimentos Específicos > Direito Processual Penal","precisa atualização","alto","Conferir texto vigente/edital 2026","precisa atualização/verificação legislativa","Conferir texto vigente e atualizar antes de publicar.","Alta"
"src/data/apostilas/direito-processual-penal.js","apostila/módulo JS","Direito Processual Penal","Direito Processual Penal para PMMA","Conhecimentos Específicos > Direito Processual Penal","precisa atualização","alto","Conferir texto vigente/edital 2026","precisa atualização/verificação legislativa","Conferir texto vigente e atualizar antes de publicar.","Alta"
"src/data/apostilas/oab-1fase-processo-penal.js","apostila/módulo JS","Direito Processual Penal","OAB 1ª Fase — Processo Penal","Conhecimentos Específicos > Direito Processual Penal","fora do edital","alto","Validar aderência quando o edital oficial for anexado","fora do edital PMMA provável","Arquivar fora do pacote PMMA ou manter apenas em biblioteca geral.","Baixa"
"storage/content/leis/cpp/artigos.json","JSON de conteúdo/questões","Direito Processual Penal","artigos","Conhecimentos Específicos > Direito Processual Penal","pronto para entrar na plataforma","baixo","Validar aderência quando o edital oficial for anexado","Nenhum problema crítico detectado","Complementar teoria, questões e revisão.","Média"
"storage/content/leis/cpp/meta.json","JSON de conteúdo/questões","Direito Processual Penal","meta","Conhecimentos Específicos > Direito Processual Penal","pronto para entrar na plataforma","baixo","Validar aderência quando o edital oficial for anexado","Nenhum problema crítico detectado","Complementar teoria, questões e revisão.","Média"
"storage/content/leis/cpp/texto.txt","lei seca/texto","Direito Processual Penal","texto","Conhecimentos Específicos > Direito Processual Penal","pronto para entrar na plataforma","baixo","Validar aderência quando o edital oficial for anexado","Nenhum problema crítico detectado","Complementar teoria, questões e revisão.","Média"
"src/data/apostilas/direito-processual-penal-militar-avancado.js","apostila/módulo JS","Direito Processual Penal Militar","Direito Processual Penal Militar Avançado","Conhecimentos Específicos > Direito Processual Penal Militar","precisa atualização","alto","Conferir texto vigente/edital 2026","precisa atualização/verificação legislativa","Conferir texto vigente e atualizar antes de publicar.","Alta"
"src/data/apostilas/direito-processual-penal-militar.js","apostila/módulo JS","Direito Processual Penal Militar","Direito Processual Penal Militar para PMMA","Conhecimentos Específicos > Direito Processual Penal Militar","precisa atualização","alto","Conferir texto vigente/edital 2026","precisa atualização/verificação legislativa","Conferir texto vigente e atualizar antes de publicar.","Alta"
"src/data/apostilas/direitos-humanos-atividade-policial-casos-praticos.js","apostila/módulo JS","Direitos Humanos","Direitos Humanos na Atividade Policial — Casos Práticos","Conhecimentos Específicos > Direitos Humanos","precisa atualização","alto","Conferir texto vigente/edital 2026","precisa atualização/verificação legislativa","Conferir texto vigente e atualizar antes de publicar.","Alta"
"src/data/apostilas/direitos-humanos-avancado.js","apostila/módulo JS","Direitos Humanos","Direitos Humanos Avançado 10/10 Reescrito de Verdade","Conhecimentos Específicos > Direitos Humanos","pronto para entrar na plataforma","alto","Validar aderência quando o edital oficial for anexado","Nenhum problema crítico detectado","Publicar após revisão editorial rápida.","Baixa"
"src/data/apostilas/direitos-humanos.js","apostila/módulo JS","Direitos Humanos","Direitos Humanos para PMMA","Conhecimentos Específicos > Direitos Humanos","precisa atualização","alto","Conferir texto vigente/edital 2026","precisa atualização/verificação legislativa","Conferir texto vigente e atualizar antes de publicar.","Alta"
"src/data/apostilas/etica.js","apostila/módulo JS","Direitos Humanos","Ética para PMMA","Conhecimentos Específicos > Direitos Humanos","precisa atualização","alto","Conferir texto vigente/edital 2026","precisa atualização/verificação legislativa","Conferir texto vigente e atualizar antes de publicar.","Alta"
"src/data/apostilas/uso-diferenciado-da-forca-atuacao-policial.js","apostila/módulo JS","Direitos Humanos","Uso Diferenciado da Força e Atuação Policial","Conhecimentos Específicos > Direitos Humanos","precisa atualização","alto","Conferir texto vigente/edital 2026","precisa atualização/verificação legislativa","Conferir texto vigente e atualizar antes de publicar.","Alta"
"src/data/apostilas/eca.js","apostila/módulo JS","História e Geografia","ECA — Estatuto da Criança e do Adolescente","Conhecimentos Gerais > História e Geografia","precisa atualização","alto","Conferir texto vigente/edital 2026","precisa atualização/verificação legislativa","Conferir texto vigente e atualizar antes de publicar.","Alta"
"src/data/apostilas/geografia-enem.js","apostila/módulo JS","História e Geografia","Geografia ENEM","Conhecimentos Gerais > História e Geografia","fora do edital","alto","Conferir texto vigente/edital 2026","fora do edital PMMA provável | precisa atualização/verificação legislativa","Arquivar fora do pacote PMMA ou manter apenas em biblioteca geral.","Baixa"
"src/data/apostilas/historia-enem.js","apostila/módulo JS","História e Geografia","História ENEM","Conhecimentos Gerais > História e Geografia","fora do edital","alto","Conferir texto vigente/edital 2026","fora do edital PMMA provável | precisa atualização/verificação legislativa","Arquivar fora do pacote PMMA ou manter apenas em biblioteca geral.","Baixa"
"storage/content/militar/pmam-oficial-2021-fgv/questoes/questoes-extraidas.json","JSON de conteúdo/questões","História e Geografia","questoes-extraidas","Conhecimentos Gerais > História e Geografia","pronto para entrar na plataforma","médio","Não identificada","Nenhum problema crítico detectado","Publicar após revisão editorial rápida.","Baixa"
"storage/content/militar/pmam-soldado-2021-fgv/questoes/questoes-extraidas.json","JSON de conteúdo/questões","História e Geografia","questoes-extraidas","Conhecimentos Gerais > História e Geografia","pronto para entrar na plataforma","médio","Não identificada","Nenhum problema crítico detectado","Publicar após revisão editorial rápida.","Baixa"
"src/data/apostilas/informatica-avancada.js","apostila/módulo JS","Informática","Informática Avançada 10/10 Reescrita de Verdade","Conhecimentos Gerais > Informática","pronto para entrar na plataforma","alto","Validar aderência quando o edital oficial for anexado","Nenhum problema crítico detectado","Publicar após revisão editorial rápida.","Baixa"
"src/data/apostilas/informatica.js","apostila/módulo JS","Informática","Informática para PMMA","Conhecimentos Gerais > Informática","precisa atualização","alto","Conferir texto vigente/edital 2026","precisa atualização/verificação legislativa","Conferir texto vigente e atualizar antes de publicar.","Alta"
"src/data/mockBiblioteca.js","apostila/módulo JS","Informática","mockBiblioteca","Conhecimentos Gerais > Informática","pronto para entrar na plataforma","baixo","Validar aderência quando o edital oficial for anexado","Nenhum problema crítico detectado","Complementar teoria, questões e revisão.","Média"
"src/data/mockMapas.js","apostila/módulo JS","Informática","mockMapas","Conhecimentos Gerais > Informática","pronto para entrar na plataforma","baixo","Validar aderência quando o edital oficial for anexado","Nenhum problema crítico detectado","Complementar teoria, questões e revisão.","Média"
"storage/content/militar/cbmal-soldado-combatente-2018-cebraspe/provas/cbmal-soldado-combatente-2018-cebraspe-prova.pdf","PDF","Informática","cbmal-soldado-combatente-2018-cebraspe-prova","Conhecimentos Gerais > Informática","pronto para entrar na plataforma","baixo","Validar aderência quando o edital oficial for anexado","Nenhum problema crítico detectado","Complementar teoria, questões e revisão.","Média"
"storage/content/militar/pmal-soldado-combatente-2018-cebraspe/provas/pmal-soldado-combatente-2018-cebraspe-prova.pdf","PDF","Informática","pmal-soldado-combatente-2018-cebraspe-prova","Conhecimentos Gerais > Informática","pronto para entrar na plataforma","baixo","Validar aderência quando o edital oficial for anexado","Nenhum problema crítico detectado","Complementar teoria, questões e revisão.","Média"
"src/data/apostilas/legislacao-institucional-pmma-avancada.js","apostila/módulo JS","Legislação Institucional PMMA","Legislação Institucional PMMA Avançada","Conhecimentos Específicos > Legislação Institucional PMMA","precisa atualização","alto","Conferir texto vigente/edital 2026","precisa atualização/verificação legislativa | legislação estadual sensível a atualização","Conferir texto vigente e atualizar antes de publicar.","Urgente"
"src/data/apostilas/legislacao-institucional-pmma-simulados-comentados.js","apostila/módulo JS","Legislação Institucional PMMA","Legislação Institucional PMMA — Simulados Comentados","Conhecimentos Específicos > Legislação Institucional PMMA","precisa atualização","alto","Conferir texto vigente/edital 2026","precisa atualização/verificação legislativa","Conferir texto vigente e atualizar antes de publicar.","Urgente"
"src/data/apostilas/legislacao-institucional-pmma.js","apostila/módulo JS","Legislação Institucional PMMA","Legislação Institucional da PMMA","Conhecimentos Específicos > Legislação Institucional PMMA","precisa atualização","alto","Conferir texto vigente/edital 2026","precisa atualização/verificação legislativa | legislação estadual sensível a atualização","Conferir texto vigente e atualizar antes de publicar.","Urgente"
"src/data/apostilas/legislacao-pmma-questoes-por-artigo.js","apostila/módulo JS","Legislação Institucional PMMA","Legislação PMMA — Questões por Artigo","Conhecimentos Específicos > Legislação Institucional PMMA","precisa atualização","alto","Conferir texto vigente/edital 2026","precisa atualização/verificação legislativa","Conferir texto vigente e atualizar antes de publicar.","Urgente"
"storage/content/militar/pmma-soldado-do-quadro-de-praca-policial-2017-cebraspe/gabaritos/pmma-soldado-do-quadro-de-praca-policial-2017-cebraspe-gabarito-definitivo.pdf","PDF","Legislação Institucional PMMA","pmma-soldado-do-quadro-de-praca-policial-2017-cebraspe-gabarito-definitivo","Conhecimentos Específicos > Legislação Institucional PMMA","pronto para entrar na plataforma","baixo","Validar aderência quando o edital oficial for anexado","Nenhum problema crítico detectado","Complementar teoria, questões e revisão.","Média"
"storage/content/militar/pmma-soldado-do-quadro-de-praca-policial-2017-cebraspe/metadata.json","JSON de conteúdo/questões","Legislação Institucional PMMA","Prova oficial","Conhecimentos Específicos > Legislação Institucional PMMA","pronto para entrar na plataforma","baixo","Validar aderência quando o edital oficial for anexado","Nenhum problema crítico detectado","Complementar teoria, questões e revisão.","Média"
"storage/content/militar/pmma-soldado-do-quadro-de-praca-policial-2017-cebraspe/provas/pmma-soldado-do-quadro-de-praca-policial-2017-cebraspe-prova.pdf","PDF","Legislação Institucional PMMA","pmma-soldado-do-quadro-de-praca-policial-2017-cebraspe-prova","Conhecimentos Específicos > Legislação Institucional PMMA","pronto para entrar na plataforma","baixo","Validar aderência quando o edital oficial for anexado","Nenhum problema crítico detectado","Complementar teoria, questões e revisão.","Média"
"storage/content/militar/pmma-soldado-do-quadro-de-praca-policial-2017-cebraspe/questoes/questoes-extraidas.json","JSON de conteúdo/questões","Legislação Institucional PMMA","questoes-extraidas","Conhecimentos Específicos > Legislação Institucional PMMA","pronto para entrar na plataforma","médio","Validar aderência quando o edital oficial for anexado","Nenhum problema crítico detectado","Publicar após revisão editorial rápida.","Baixa"
"src/data/apostilas/legislacao-penal-especial-avancada.js","apostila/módulo JS","Legislação Penal Especial","Legislação Penal Especial Avançada","Conhecimentos Específicos > Legislação Penal Especial","precisa atualização","alto","Conferir texto vigente/edital 2026","precisa atualização/verificação legislativa","Conferir texto vigente e atualizar antes de publicar.","Urgente"
"src/data/apostilas/legislacao-penal-especial.js","apostila/módulo JS","Legislação Penal Especial","Legislação Penal Especial para PMMA","Conhecimentos Específicos > Legislação Penal Especial","precisa atualização","alto","Conferir texto vigente/edital 2026","precisa atualização/verificação legislativa","Conferir texto vigente e atualizar antes de publicar.","Urgente"
"material-provas/fgv/provas PM/aluno_oficial_da_pmns101_tipo_1.pdf","PDF","Língua Portuguesa","aluno_oficial_da_pmns101_tipo_1","Conhecimentos Gerais > Língua Portuguesa","pronto para entrar na plataforma","baixo","Validar aderência quando o edital oficial for anexado","Nenhum problema crítico detectado","Complementar teoria, questões e revisão.","Média"
"material-provas/fgv/provas PM/aluno_oficial_da_pmns101_tipo_2.pdf","PDF","Língua Portuguesa","aluno_oficial_da_pmns101_tipo_2","Conhecimentos Gerais > Língua Portuguesa","pronto para entrar na plataforma","baixo","Validar aderência quando o edital oficial for anexado","Nenhum problema crítico detectado","Complementar teoria, questões e revisão.","Média"
"material-provas/fgv/provas PM/aluno_oficial_da_pmns101_tipo_3.pdf","PDF","Língua Portuguesa","aluno_oficial_da_pmns101_tipo_3","Conhecimentos Gerais > Língua Portuguesa","pronto para entrar na plataforma","baixo","Validar aderência quando o edital oficial for anexado","Nenhum problema crítico detectado","Complementar teoria, questões e revisão.","Média"
"material-provas/fgv/provas PM/aluno_oficial_da_pmns101_tipo_4.pdf","PDF","Língua Portuguesa","aluno_oficial_da_pmns101_tipo_4","Conhecimentos Gerais > Língua Portuguesa","pronto para entrar na plataforma","baixo","Validar aderência quando o edital oficial for anexado","Nenhum problema crítico detectado","Complementar teoria, questões e revisão.","Média"
"material-provas/fgv/provas PM/aluno_soldado_da_pmnm001_tipo_1.pdf","PDF","Língua Portuguesa","aluno_soldado_da_pmnm001_tipo_1","Conhecimentos Gerais > Língua Portuguesa","pronto para entrar na plataforma","baixo","Validar aderência quando o edital oficial for anexado","Nenhum problema crítico detectado","Complementar teoria, questões e revisão.","Média"
"material-provas/fgv/provas PM/aluno_soldado_da_pmnm001_tipo_2.pdf","PDF","Língua Portuguesa","aluno_soldado_da_pmnm001_tipo_2","Conhecimentos Gerais > Língua Portuguesa","pronto para entrar na plataforma","baixo","Validar aderência quando o edital oficial for anexado","Nenhum problema crítico detectado","Complementar teoria, questões e revisão.","Média"
"material-provas/fgv/provas PM/aluno_soldado_da_pmnm001_tipo_3.pdf","PDF","Língua Portuguesa","aluno_soldado_da_pmnm001_tipo_3","Conhecimentos Gerais > Língua Portuguesa","pronto para entrar na plataforma","baixo","Validar aderência quando o edital oficial for anexado","Nenhum problema crítico detectado","Complementar teoria, questões e revisão.","Média"
"material-provas/fgv/provas PM/aluno_soldado_da_pmnm001_tipo_4.pdf","PDF","Língua Portuguesa","aluno_soldado_da_pmnm001_tipo_4","Conhecimentos Gerais > Língua Portuguesa","pronto para entrar na plataforma","baixo","Validar aderência quando o edital oficial for anexado","Nenhum problema crítico detectado","Complementar teoria, questões e revisão.","Média"
"material-provas/fgv/provas PM/anexo-sem-titulo-00306-4.pdf","PDF","Língua Portuguesa","anexo-sem-titulo-00306-4","Conhecimentos Gerais > Língua Portuguesa","pronto para entrar na plataforma","baixo","Validar aderência quando o edital oficial for anexado","Nenhum problema crítico detectado","Complementar teoria, questões e revisão.","Média"
"material-provas/fgv/provas PM/anexo-sem-titulo-00312-1.pdf","PDF","Língua Portuguesa","anexo-sem-titulo-00312-1","Conhecimentos Gerais > Língua Portuguesa","pronto para entrar na plataforma","baixo","Validar aderência quando o edital oficial for anexado","Nenhum problema crítico detectado","Complementar teoria, questões e revisão.","Média"
"material-provas/fgv/provas PM/anexo-sem-titulo-00318-2.pdf","PDF","Língua Portuguesa","anexo-sem-titulo-00318-2","Conhecimentos Gerais > Língua Portuguesa","pronto para entrar na plataforma","baixo","Validar aderência quando o edital oficial for anexado","Nenhum problema crítico detectado","Complementar teoria, questões e revisão.","Média"
"material-provas/fgv/provas PM/anexo-sem-titulo-00324-3.pdf","PDF","Língua Portuguesa","anexo-sem-titulo-00324-3","Conhecimentos Gerais > Língua Portuguesa","pronto para entrar na plataforma","baixo","Validar aderência quando o edital oficial for anexado","Nenhum problema crítico detectado","Complementar teoria, questões e revisão.","Média"
"material-provas/fgv/provas PM/cabo-pmcnm001-tipo-1.pdf","PDF","Língua Portuguesa","cabo-pmcnm001-tipo-1","Conhecimentos Gerais > Língua Portuguesa","duplicado","baixo","Validar aderência quando o edital oficial for anexado","duplicado | duplicatas: storage/content/militar/pmsp-cabo-pm-2022-fgv/provas/pmsp-cabo-pm-2022-fgv-prova.pdf","Manter a versão mais completa/recente e remover ou ocultar duplicata.","Média"
"material-provas/fgv/provas PM/cabo-pmcnm001-tipo-2.pdf","PDF","Língua Portuguesa","cabo-pmcnm001-tipo-2","Conhecimentos Gerais > Língua Portuguesa","pronto para entrar na plataforma","baixo","Validar aderência quando o edital oficial for anexado","Nenhum problema crítico detectado","Complementar teoria, questões e revisão.","Média"
"material-provas/fgv/provas PM/cabo-pmcnm001-tipo-3.pdf","PDF","Língua Portuguesa","cabo-pmcnm001-tipo-3","Conhecimentos Gerais > Língua Portuguesa","pronto para entrar na plataforma","baixo","Validar aderência quando o edital oficial for anexado","Nenhum problema crítico detectado","Complementar teoria, questões e revisão.","Média"
"material-provas/fgv/provas PM/cabo-pmcnm001-tipo-4.pdf","PDF","Língua Portuguesa","cabo-pmcnm001-tipo-4","Conhecimentos Gerais > Língua Portuguesa","pronto para entrar na plataforma","baixo","Validar aderência quando o edital oficial for anexado","Nenhum problema crítico detectado","Complementar teoria, questões e revisão.","Média"
"material-provas/fgv/provas PM/cns101-aluno-oficial-combatentecns101-tipo-1.pdf","PDF","Língua Portuguesa","cns101-aluno-oficial-combatentecns101-tipo-1","Conhecimentos Gerais > Língua Portuguesa","pronto para entrar na plataforma","baixo","Validar aderência quando o edital oficial for anexado","Nenhum problema crítico detectado","Complementar teoria, questões e revisão.","Média"
"material-provas/fgv/provas PM/cns101-aluno-oficial-combatentecns101-tipo-2.pdf","PDF","Língua Portuguesa","cns101-aluno-oficial-combatentecns101-tipo-2","Conhecimentos Gerais > Língua Portuguesa","pronto para entrar na plataforma","baixo","Validar aderência quando o edital oficial for anexado","Nenhum problema crítico detectado","Complementar teoria, questões e revisão.","Média"
"material-provas/fgv/provas PM/delegado-objetivacns100-tipo-1.pdf","PDF","Língua Portuguesa","delegado-objetivacns100-tipo-1","Conhecimentos Gerais > Língua Portuguesa","pronto para entrar na plataforma","baixo","Validar aderência quando o edital oficial for anexado","Nenhum problema crítico detectado","Complementar teoria, questões e revisão.","Média"
"material-provas/fgv/provas PM/delegado-objetivacns100-tipo-2.pdf","PDF","Língua Portuguesa","delegado-objetivacns100-tipo-2","Conhecimentos Gerais > Língua Portuguesa","pronto para entrar na plataforma","baixo","Validar aderência quando o edital oficial for anexado","Nenhum problema crítico detectado","Complementar teoria, questões e revisão.","Média"
"material-provas/fgv/provas PM/delegado-objetivacns100-tipo-3.pdf","PDF","Língua Portuguesa","delegado-objetivacns100-tipo-3","Conhecimentos Gerais > Língua Portuguesa","pronto para entrar na plataforma","baixo","Validar aderência quando o edital oficial for anexado","Nenhum problema crítico detectado","Complementar teoria, questões e revisão.","Média"
"material-provas/fgv/provas PM/delegado-objetivacns100-tipo-4.pdf","PDF","Língua Portuguesa","delegado-objetivacns100-tipo-4","Conhecimentos Gerais > Língua Portuguesa","pronto para entrar na plataforma","baixo","Validar aderência quando o edital oficial for anexado","Nenhum problema crítico detectado","Complementar teoria, questões e revisão.","Média"
"material-provas/fgv/provas PM/inspetor_de_policia_de_6a_classeinspetor_tipo_1_revisada.pdf","PDF","Língua Portuguesa","inspetor_de_policia_de_6a_classeinspetor_tipo_1_revisada","Conhecimentos Gerais > Língua Portuguesa","pronto para entrar na plataforma","baixo","Validar aderência quando o edital oficial for anexado","Nenhum problema crítico detectado","Complementar teoria, questões e revisão.","Média"
"material-provas/fgv/provas PM/inspetor_de_policia_de_6a_classeinspetor_tipo_2_revisada.pdf","PDF","Língua Portuguesa","inspetor_de_policia_de_6a_classeinspetor_tipo_2_revisada","Conhecimentos Gerais > Língua Portuguesa","pronto para entrar na plataforma","baixo","Validar aderência quando o edital oficial for anexado","Nenhum problema crítico detectado","Complementar teoria, questões e revisão.","Média"
"material-provas/fgv/provas PM/inspetor_de_policia_de_6a_classeinspetor_tipo_3_revisada.pdf","PDF","Língua Portuguesa","inspetor_de_policia_de_6a_classeinspetor_tipo_3_revisada","Conhecimentos Gerais > Língua Portuguesa","pronto para entrar na plataforma","baixo","Validar aderência quando o edital oficial for anexado","Nenhum problema crítico detectado","Complementar teoria, questões e revisão.","Média"
"material-provas/fgv/provas PM/inspetor_de_policia_de_6a_classeinspetor_tipo_4_revisada.pdf","PDF","Língua Portuguesa","inspetor_de_policia_de_6a_classeinspetor_tipo_4_revisada","Conhecimentos Gerais > Língua Portuguesa","pronto para entrar na plataforma","baixo","Validar aderência quando o edital oficial for anexado","Nenhum problema crítico detectado","Complementar teoria, questões e revisão.","Média"
"material-provas/fgv/provas PM/investigador_policial_de_3a_classeinvest_tipo_1_revisada.pdf","PDF","Língua Portuguesa","investigador_policial_de_3a_classeinvest_tipo_1_revisada","Conhecimentos Gerais > Língua Portuguesa","pronto para entrar na plataforma","baixo","Validar aderência quando o edital oficial for anexado","Nenhum problema crítico detectado","Complementar teoria, questões e revisão.","Média"
"material-provas/fgv/provas PM/investigador_policial_de_3a_classeinvest_tipo_2_revisada.pdf","PDF","Língua Portuguesa","investigador_policial_de_3a_classeinvest_tipo_2_revisada","Conhecimentos Gerais > Língua Portuguesa","pronto para entrar na plataforma","baixo","Validar aderência quando o edital oficial for anexado","Nenhum problema crítico detectado","Complementar teoria, questões e revisão.","Média"
"material-provas/fgv/provas PM/investigador_policial_de_3a_classeinvest_tipo_3_revisada.pdf","PDF","Língua Portuguesa","investigador_policial_de_3a_classeinvest_tipo_3_revisada","Conhecimentos Gerais > Língua Portuguesa","pronto para entrar na plataforma","baixo","Validar aderência quando o edital oficial for anexado","Nenhum problema crítico detectado","Complementar teoria, questões e revisão.","Média"
"material-provas/fgv/provas PM/investigador_policial_de_3a_classeinvest_tipo_4_revisada.pdf","PDF","Língua Portuguesa","investigador_policial_de_3a_classeinvest_tipo_4_revisada","Conhecimentos Gerais > Língua Portuguesa","pronto para entrar na plataforma","baixo","Validar aderência quando o edital oficial for anexado","Nenhum problema crítico detectado","Complementar teoria, questões e revisão.","Média"
"material-provas/fgv/provas PM/pm-sargentocnm001-tipo-1.pdf","PDF","Língua Portuguesa","pm-sargentocnm001-tipo-1","Conhecimentos Gerais > Língua Portuguesa","pronto para entrar na plataforma","baixo","Validar aderência quando o edital oficial for anexado","Nenhum problema crítico detectado","Complementar teoria, questões e revisão.","Média"
"material-provas/fgv/provas PM/pm-sargentocnm001-tipo-2.pdf","PDF","Língua Portuguesa","pm-sargentocnm001-tipo-2","Conhecimentos Gerais > Língua Portuguesa","pronto para entrar na plataforma","baixo","Validar aderência quando o edital oficial for anexado","Nenhum problema crítico detectado","Complementar teoria, questões e revisão.","Média"
"material-provas/fgv/provas PM/pm-sargentocnm001-tipo-3.pdf","PDF","Língua Portuguesa","pm-sargentocnm001-tipo-3","Conhecimentos Gerais > Língua Portuguesa","pronto para entrar na plataforma","baixo","Validar aderência quando o edital oficial for anexado","Nenhum problema crítico detectado","Complementar teoria, questões e revisão.","Média"
"material-provas/fgv/provas PM/pm-sargentocnm001-tipo-4.pdf","PDF","Língua Portuguesa","pm-sargentocnm001-tipo-4","Conhecimentos Gerais > Língua Portuguesa","pronto para entrar na plataforma","baixo","Validar aderência quando o edital oficial for anexado","Nenhum problema crítico detectado","Complementar teoria, questões e revisão.","Média"
"material-provas/fgv/provas PM/soldado_pm_de_2a_classe_do_quadro_de_pracas_de_policia_militar_qppmcnm001_tipo_1.pdf","PDF","Língua Portuguesa","soldado_pm_de_2a_classe_do_quadro_de_pracas_de_policia_militar_qppmcnm001_tipo_1","Conhecimentos Gerais > Língua Portuguesa","pronto para entrar na plataforma","baixo","Validar aderência quando o edital oficial for anexado","Nenhum problema crítico detectado","Complementar teoria, questões e revisão.","Média"
"material-provas/fgv/provas PM/soldado_pm_de_2a_classe_do_quadro_de_pracas_de_policia_militar_qppmcnm001_tipo_2.pdf","PDF","Língua Portuguesa","soldado_pm_de_2a_classe_do_quadro_de_pracas_de_policia_militar_qppmcnm001_tipo_2","Conhecimentos Gerais > Língua Portuguesa","pronto para entrar na plataforma","baixo","Validar aderência quando o edital oficial for anexado","Nenhum problema crítico detectado","Complementar teoria, questões e revisão.","Média"
"material-provas/fgv/provas PM/soldado_pm_de_2a_classe_do_quadro_de_pracas_de_policia_militar_qppmcnm001_tipo_3.pdf","PDF","Língua Portuguesa","soldado_pm_de_2a_classe_do_quadro_de_pracas_de_policia_militar_qppmcnm001_tipo_3","Conhecimentos Gerais > Língua Portuguesa","pronto para entrar na plataforma","baixo","Validar aderência quando o edital oficial for anexado","Nenhum problema crítico detectado","Complementar teoria, questões e revisão.","Média"
"material-provas/fgv/provas PM/soldado_pm_de_2a_classe_do_quadro_de_pracas_de_policia_militar_qppmcnm001_tipo_4.pdf","PDF","Língua Portuguesa","soldado_pm_de_2a_classe_do_quadro_de_pracas_de_policia_militar_qppmcnm001_tipo_4","Conhecimentos Gerais > Língua Portuguesa","pronto para entrar na plataforma","baixo","Validar aderência quando o edital oficial for anexado","Nenhum problema crítico detectado","Complementar teoria, questões e revisão.","Média"
"src/data/apostilas/index.js","apostila/módulo JS","Língua Portuguesa","index","Conhecimentos Gerais > Língua Portuguesa","pronto para entrar na plataforma","baixo","Validar aderência quando o edital oficial for anexado","Nenhum problema crítico detectado","Complementar teoria, questões e revisão.","Média"
"src/data/apostilas/linguagens-enem.js","apostila/módulo JS","Língua Portuguesa","Linguagens ENEM","Conhecimentos Gerais > Língua Portuguesa","fora do edital","alto","Conferir texto vigente/edital 2026","fora do edital PMMA provável | precisa atualização/verificação legislativa","Arquivar fora do pacote PMMA ou manter apenas em biblioteca geral.","Baixa"
"src/data/apostilas/mapas-mentais-textuais-disciplina.js","apostila/módulo JS","Língua Portuguesa","Mapas Mentais Textuais por Disciplina","Conhecimentos Gerais > Língua Portuguesa","precisa atualização","alto","Conferir texto vigente/edital 2026","precisa atualização/verificação legislativa","Conferir texto vigente e atualizar antes de publicar.","Alta"
"src/data/apostilas/pmma-simulado-final-completo.js","apostila/módulo JS","Língua Portuguesa","PMMA — Simulado Final Completo","Conhecimentos Gerais > Língua Portuguesa","precisa atualização","alto","Conferir texto vigente/edital 2026","precisa atualização/verificação legislativa","Conferir texto vigente e atualizar antes de publicar.","Alta"
"src/data/apostilas/portugues-avancado.js","apostila/módulo JS","Língua Portuguesa","Português Avançado 10/10 Reescrito de Verdade","Conhecimentos Gerais > Língua Portuguesa","pronto para entrar na plataforma","alto","Validar aderência quando o edital oficial for anexado","Nenhum problema crítico detectado","Publicar após revisão editorial rápida.","Baixa"
"src/data/apostilas/portugues-pmma-interpretacao.js","apostila/módulo JS","Língua Portuguesa","Português para PMMA — Interpretação de Textos","Conhecimentos Gerais > Língua Portuguesa","precisa atualização","alto","Conferir texto vigente/edital 2026","precisa atualização/verificação legislativa","Conferir texto vigente e atualizar antes de publicar.","Alta"
"src/data/apostilas/portugues-pmma-ortografia-morfologia.js","apostila/módulo JS","Língua Portuguesa","Português para PMMA — Ortografia e Morfologia","Conhecimentos Gerais > Língua Portuguesa","precisa atualização","alto","Conferir texto vigente/edital 2026","precisa atualização/verificação legislativa","Conferir texto vigente e atualizar antes de publicar.","Alta"
"src/data/apostilas/portugues-pmma-sintaxe.js","apostila/módulo JS","Língua Portuguesa","Português para PMMA — Sintaxe","Conhecimentos Gerais > Língua Portuguesa","precisa atualização","alto","Conferir texto vigente/edital 2026","precisa atualização/verificação legislativa","Conferir texto vigente e atualizar antes de publicar.","Alta"
"src/data/apostilas/README.md","documentação","Língua Portuguesa","README","Conhecimentos Gerais > Língua Portuguesa","pronto para entrar na plataforma","baixo","Validar aderência quando o edital oficial for anexado","Nenhum problema crítico detectado","Complementar teoria, questões e revisão.","Média"
"storage/content/leis/codigo-etica-oab/texto.txt","lei seca/texto","Língua Portuguesa","texto","Conhecimentos Gerais > Língua Portuguesa","fora do edital","baixo","Validar aderência quando o edital oficial for anexado","fora do edital PMMA provável","Arquivar fora do pacote PMMA ou manter apenas em biblioteca geral.","Baixa"
"storage/content/leis/cpc/texto.txt","lei seca/texto","Língua Portuguesa","texto","Conhecimentos Gerais > Língua Portuguesa","fora do edital","baixo","Validar aderência quando o edital oficial for anexado","fora do edital PMMA provável","Arquivar fora do pacote PMMA ou manter apenas em biblioteca geral.","Baixa"
"storage/content/militar/cbmam-soldado-bombeiro-militar-2021-fgv/provas/cbmam-soldado-bombeiro-militar-2021-fgv-prova.pdf","PDF","Língua Portuguesa","cbmam-soldado-bombeiro-militar-2021-fgv-prova","Conhecimentos Gerais > Língua Portuguesa","pronto para entrar na plataforma","baixo","Validar aderência quando o edital oficial for anexado","Nenhum problema crítico detectado","Complementar teoria, questões e revisão.","Média"
"storage/content/militar/pcrj-investigador-2021-fgv/questoes/questoes-extraidas.json","JSON de conteúdo/questões","Língua Portuguesa","questoes-extraidas","Conhecimentos Gerais > Língua Portuguesa","pronto para entrar na plataforma","médio","Validar aderência quando o edital oficial for anexado","Nenhum problema crítico detectado","Publicar após revisão editorial rápida.","Baixa"
"storage/content/militar/pcsc-delegado-2024-fgv/questoes/questoes-extraidas.json","JSON de conteúdo/questões","Língua Portuguesa","questoes-extraidas","Conhecimentos Gerais > Língua Portuguesa","pronto para entrar na plataforma","médio","Validar aderência quando o edital oficial for anexado","Nenhum problema crítico detectado","Publicar após revisão editorial rápida.","Baixa"
"storage/content/militar/pm-pb-soldado-pm-combatente-2023-ibfc/provas/pm-pb-soldado-pm-combatente-2023-ibfc-prova.pdf","PDF","Língua Portuguesa","pm-pb-soldado-pm-combatente-2023-ibfc-prova","Conhecimentos Gerais > Língua Portuguesa","pronto para entrar na plataforma","baixo","Validar aderência quando o edital oficial for anexado","Nenhum problema crítico detectado","Complementar teoria, questões e revisão.","Média"
"storage/content/militar/pmal-soldado-combatente-2018-cebraspe/questoes/questoes-extraidas.json","JSON de conteúdo/questões","Língua Portuguesa","questoes-extraidas","Conhecimentos Gerais > Língua Portuguesa","pronto para entrar na plataforma","médio","Validar aderência quando o edital oficial for anexado","Nenhum problema crítico detectado","Publicar após revisão editorial rápida.","Baixa"
"storage/content/militar/pmpi-soldado-pm-2017-nucepe-uespi/gabaritos/pmpi-soldado-pm-2017-nucepe-uespi-gabarito-definitivo.pdf","PDF","Língua Portuguesa","pmpi-soldado-pm-2017-nucepe-uespi-gabarito-definitivo","Conhecimentos Gerais > Língua Portuguesa","pronto para entrar na plataforma","baixo","Validar aderência quando o edital oficial for anexado","Nenhum problema crítico detectado","Complementar teoria, questões e revisão.","Média"
"storage/content/militar/pmpi-soldado-pm-2017-nucepe-uespi/provas/pmpi-soldado-pm-2017-nucepe-uespi-prova.pdf","PDF","Língua Portuguesa","pmpi-soldado-pm-2017-nucepe-uespi-prova","Conhecimentos Gerais > Língua Portuguesa","pronto para entrar na plataforma","baixo","Validar aderência quando o edital oficial for anexado","Nenhum problema crítico detectado","Complementar teoria, questões e revisão.","Média"
"storage/content/militar/pmsp-cabo-pm-2022-fgv/provas/pmsp-cabo-pm-2022-fgv-prova.pdf","PDF","Língua Portuguesa","pmsp-cabo-pm-2022-fgv-prova","Conhecimentos Gerais > Língua Portuguesa","duplicado","baixo","Validar aderência quando o edital oficial for anexado","duplicado | duplicatas: material-provas/fgv/provas PM/cabo-pmcnm001-tipo-1.pdf","Manter a versão mais completa/recente e remover ou ocultar duplicata.","Média"
"storage/content/militar/pmsp-soldado-2017-vunesp/provas/pmsp-soldado-2017-vunesp-prova.pdf","PDF","Língua Portuguesa","pmsp-soldado-2017-vunesp-prova","Conhecimentos Gerais > Língua Portuguesa","pronto para entrar na plataforma","baixo","Validar aderência quando o edital oficial for anexado","Nenhum problema crítico detectado","Complementar teoria, questões e revisão.","Média"
"storage/content/militar/pmsp-soldado-2017-vunesp/questoes/questoes-extraidas.json","JSON de conteúdo/questões","Língua Portuguesa","questoes-extraidas","Conhecimentos Gerais > Língua Portuguesa","pronto para entrar na plataforma","médio","Validar aderência quando o edital oficial for anexado","Nenhum problema crítico detectado","Publicar após revisão editorial rápida.","Baixa"
"storage/content/militar/pmsp-soldado-2023-vunesp/provas/pmsp-soldado-2023-vunesp-prova.pdf","PDF","Língua Portuguesa","pmsp-soldado-2023-vunesp-prova","Conhecimentos Gerais > Língua Portuguesa","pronto para entrar na plataforma","baixo","Validar aderência quando o edital oficial for anexado","Nenhum problema crítico detectado","Complementar teoria, questões e revisão.","Média"
"storage/content/militar/pmsp-soldado-2023-vunesp/questoes/questoes-extraidas.json","JSON de conteúdo/questões","Língua Portuguesa","questoes-extraidas","Conhecimentos Gerais > Língua Portuguesa","pronto para entrar na plataforma","médio","Validar aderência quando o edital oficial for anexado","Nenhum problema crítico detectado","Publicar após revisão editorial rápida.","Baixa"
"storage/content/militar/pmsp-soldado-2024-fgv/provas/pmsp-soldado-2024-fgv-prova.pdf","PDF","Língua Portuguesa","pmsp-soldado-2024-fgv-prova","Conhecimentos Gerais > Língua Portuguesa","pronto para entrar na plataforma","baixo","Validar aderência quando o edital oficial for anexado","Nenhum problema crítico detectado","Complementar teoria, questões e revisão.","Média"
"storage/content/militar/pmsp-soldado-2024-fgv/questoes/questoes-extraidas.json","JSON de conteúdo/questões","Língua Portuguesa","questoes-extraidas","Conhecimentos Gerais > Língua Portuguesa","pronto para entrar na plataforma","médio","Validar aderência quando o edital oficial for anexado","Nenhum problema crítico detectado","Publicar após revisão editorial rápida.","Baixa"
"storage/content/militar/pmsp-soldado-2025-fgv/provas/pmsp-soldado-2025-fgv-prova.pdf","PDF","Língua Portuguesa","pmsp-soldado-2025-fgv-prova","Conhecimentos Gerais > Língua Portuguesa","pronto para entrar na plataforma","baixo","Validar aderência quando o edital oficial for anexado","Nenhum problema crítico detectado","Complementar teoria, questões e revisão.","Média"
"storage/content/militar/pmsp-soldado-2025-fgv/questoes/questoes-extraidas.json","JSON de conteúdo/questões","Língua Portuguesa","questoes-extraidas","Conhecimentos Gerais > Língua Portuguesa","pronto para entrar na plataforma","médio","Validar aderência quando o edital oficial for anexado","Nenhum problema crítico detectado","Publicar após revisão editorial rápida.","Baixa"
"storage/content/militar/pmto-quadro-de-pracas-da-policia-militar-2025-fgv/provas/pmto-quadro-de-pracas-da-policia-militar-2025-fgv-prova.pdf","PDF","Língua Portuguesa","pmto-quadro-de-pracas-da-policia-militar-2025-fgv-prova","Conhecimentos Gerais > Língua Portuguesa","pronto para entrar na plataforma","baixo","Validar aderência quando o edital oficial for anexado","Nenhum problema crítico detectado","Complementar teoria, questões e revisão.","Média"
"material-provas/fgv/provas PM/pmce2021_soldado_da_pm-ce_pmce01_tipo_1.pdf","PDF","Raciocínio Lógico-Matemático","pmce2021_soldado_da_pm-ce_pmce01_tipo_1","Conhecimentos Gerais > Raciocínio Lógico-Matemático","pronto para entrar na plataforma","baixo","Validar aderência quando o edital oficial for anexado","Nenhum problema crítico detectado","Complementar teoria, questões e revisão.","Média"
"material-provas/fgv/provas PM/pmce2021_soldado_da_pm-ce_pmce01_tipo_2.pdf","PDF","Raciocínio Lógico-Matemático","pmce2021_soldado_da_pm-ce_pmce01_tipo_2","Conhecimentos Gerais > Raciocínio Lógico-Matemático","pronto para entrar na plataforma","baixo","Validar aderência quando o edital oficial for anexado","Nenhum problema crítico detectado","Complementar teoria, questões e revisão.","Média"
"material-provas/fgv/provas PM/pmce2021_soldado_da_pm-ce_pmce01_tipo_3.pdf","PDF","Raciocínio Lógico-Matemático","pmce2021_soldado_da_pm-ce_pmce01_tipo_3","Conhecimentos Gerais > Raciocínio Lógico-Matemático","pronto para entrar na plataforma","baixo","Validar aderência quando o edital oficial for anexado","Nenhum problema crítico detectado","Complementar teoria, questões e revisão.","Média"
"material-provas/fgv/provas PM/pmce2021_soldado_da_pm-ce_pmce01_tipo_4.pdf","PDF","Raciocínio Lógico-Matemático","pmce2021_soldado_da_pm-ce_pmce01_tipo_4","Conhecimentos Gerais > Raciocínio Lógico-Matemático","pronto para entrar na plataforma","baixo","Validar aderência quando o edital oficial for anexado","Nenhum problema crítico detectado","Complementar teoria, questões e revisão.","Média"
"src/data/apostilas/direito-ambiental-avancado.js","apostila/módulo JS","Raciocínio Lógico-Matemático","Direito Ambiental Avançado 10/10 Plus Revisado","Conhecimentos Gerais > Raciocínio Lógico-Matemático","fora do edital","alto","Validar aderência quando o edital oficial for anexado","fora do edital PMMA provável","Arquivar fora do pacote PMMA ou manter apenas em biblioteca geral.","Baixa"
"src/data/apostilas/direito-civil-avancado.js","apostila/módulo JS","Raciocínio Lógico-Matemático","Direito Civil Avançado 10/10 Plus Revisado","Conhecimentos Gerais > Raciocínio Lógico-Matemático","fora do edital","alto","Validar aderência quando o edital oficial for anexado","fora do edital PMMA provável","Arquivar fora do pacote PMMA ou manter apenas em biblioteca geral.","Baixa"
"src/data/apostilas/direito-civil.js","apostila/módulo JS","Raciocínio Lógico-Matemático","Direito Civil — Parte Geral","Conhecimentos Gerais > Raciocínio Lógico-Matemático","fora do edital","alto","Conferir texto vigente/edital 2026","fora do edital PMMA provável | precisa atualização/verificação legislativa","Arquivar fora do pacote PMMA ou manter apenas em biblioteca geral.","Baixa"
"src/data/apostilas/direito-consumidor-avancado.js","apostila/módulo JS","Raciocínio Lógico-Matemático","Direito do Consumidor Avançado 10/10 Plus Revisado","Conhecimentos Gerais > Raciocínio Lógico-Matemático","fora do edital","alto","Validar aderência quando o edital oficial for anexado","fora do edital PMMA provável","Arquivar fora do pacote PMMA ou manter apenas em biblioteca geral.","Baixa"
"src/data/apostilas/direito-digital-lgpd-avancado.js","apostila/módulo JS","Raciocínio Lógico-Matemático","Direito Digital/LGPD Avançado 10/10 Plus Revisado","Conhecimentos Gerais > Raciocínio Lógico-Matemático","fora do edital","alto","Validar aderência quando o edital oficial for anexado","fora do edital PMMA provável","Arquivar fora do pacote PMMA ou manter apenas em biblioteca geral.","Baixa"
"src/data/apostilas/direito-eleitoral-avancado.js","apostila/módulo JS","Raciocínio Lógico-Matemático","Direito Eleitoral Avançado 10/10 Plus Revisado","Conhecimentos Gerais > Raciocínio Lógico-Matemático","fora do edital","alto","Validar aderência quando o edital oficial for anexado","fora do edital PMMA provável","Arquivar fora do pacote PMMA ou manter apenas em biblioteca geral.","Baixa"
"src/data/apostilas/direito-eleitoral.js","apostila/módulo JS","Raciocínio Lógico-Matemático","Direito Eleitoral","Conhecimentos Gerais > Raciocínio Lógico-Matemático","fora do edital","alto","Conferir texto vigente/edital 2026","fora do edital PMMA provável | precisa atualização/verificação legislativa","Arquivar fora do pacote PMMA ou manter apenas em biblioteca geral.","Baixa"
"src/data/apostilas/direito-empresarial-avancado.js","apostila/módulo JS","Raciocínio Lógico-Matemático","Direito Empresarial Avançado 10/10 Plus Revisado","Conhecimentos Gerais > Raciocínio Lógico-Matemático","fora do edital","alto","Validar aderência quando o edital oficial for anexado","fora do edital PMMA provável","Arquivar fora do pacote PMMA ou manter apenas em biblioteca geral.","Baixa"
"src/data/apostilas/direito-financeiro-avancado.js","apostila/módulo JS","Raciocínio Lógico-Matemático","Direito Financeiro Avançado 10/10 Plus Revisado","Conhecimentos Gerais > Raciocínio Lógico-Matemático","fora do edital","alto","Validar aderência quando o edital oficial for anexado","fora do edital PMMA provável","Arquivar fora do pacote PMMA ou manter apenas em biblioteca geral.","Baixa"
"src/data/apostilas/direito-internacional-avancado.js","apostila/módulo JS","Raciocínio Lógico-Matemático","Direito Internacional Avançado 10/10 Plus Revisado","Conhecimentos Gerais > Raciocínio Lógico-Matemático","fora do edital","alto","Validar aderência quando o edital oficial for anexado","fora do edital PMMA provável","Arquivar fora do pacote PMMA ou manter apenas em biblioteca geral.","Baixa"
"src/data/apostilas/direito-previdenciario-avancado.js","apostila/módulo JS","Raciocínio Lógico-Matemático","Direito Previdenciário Avançado 10/10 Plus Revisado","Conhecimentos Gerais > Raciocínio Lógico-Matemático","fora do edital","alto","Validar aderência quando o edital oficial for anexado","fora do edital PMMA provável","Arquivar fora do pacote PMMA ou manter apenas em biblioteca geral.","Baixa"
"src/data/apostilas/direito-processual-civil-avancado.js","apostila/módulo JS","Raciocínio Lógico-Matemático","Direito Processual Civil Avançado 10/10 Plus Revisado","Conhecimentos Gerais > Raciocínio Lógico-Matemático","fora do edital","alto","Validar aderência quando o edital oficial for anexado","fora do edital PMMA provável","Arquivar fora do pacote PMMA ou manter apenas em biblioteca geral.","Baixa"
"src/data/apostilas/direito-processual-civil.js","apostila/módulo JS","Raciocínio Lógico-Matemático","Direito Processual Civil","Conhecimentos Gerais > Raciocínio Lógico-Matemático","fora do edital","alto","Conferir texto vigente/edital 2026","fora do edital PMMA provável | precisa atualização/verificação legislativa","Arquivar fora do pacote PMMA ou manter apenas em biblioteca geral.","Baixa"
"src/data/apostilas/direito-processual-trabalho-avancado.js","apostila/módulo JS","Raciocínio Lógico-Matemático","Direito Processual do Trabalho Avançado 10/10 Plus Revisado","Conhecimentos Gerais > Raciocínio Lógico-Matemático","fora do edital","alto","Validar aderência quando o edital oficial for anexado","fora do edital PMMA provável","Arquivar fora do pacote PMMA ou manter apenas em biblioteca geral.","Baixa"
"src/data/apostilas/direito-trabalho-avancado.js","apostila/módulo JS","Raciocínio Lógico-Matemático","Direito do Trabalho Avançado 10/10 Plus Revisado","Conhecimentos Gerais > Raciocínio Lógico-Matemático","fora do edital","alto","Validar aderência quando o edital oficial for anexado","fora do edital PMMA provável","Arquivar fora do pacote PMMA ou manter apenas em biblioteca geral.","Baixa"
"src/data/apostilas/direito-tributario-avancado.js","apostila/módulo JS","Raciocínio Lógico-Matemático","Direito Tributário Avançado 10/10 Plus Revisado","Conhecimentos Gerais > Raciocínio Lógico-Matemático","fora do edital","alto","Validar aderência quando o edital oficial for anexado","fora do edital PMMA provável","Arquivar fora do pacote PMMA ou manter apenas em biblioteca geral.","Baixa"
"src/data/apostilas/eca-avancado.js","apostila/módulo JS","Raciocínio Lógico-Matemático","ECA Avançado 10/10 Plus Revisado","Conhecimentos Gerais > Raciocínio Lógico-Matemático","pronto para entrar na plataforma","alto","Validar aderência quando o edital oficial for anexado","Nenhum problema crítico detectado","Publicar após revisão editorial rápida.","Baixa"
"src/data/apostilas/filosofia-direito.js","apostila/módulo JS","Raciocínio Lógico-Matemático","Filosofia do Direito","Conhecimentos Gerais > Raciocínio Lógico-Matemático","fora do edital","alto","Conferir texto vigente/edital 2026","fora do edital PMMA provável | precisa atualização/verificação legislativa","Arquivar fora do pacote PMMA ou manter apenas em biblioteca geral.","Baixa"
"src/data/apostilas/matematica-basica.js","apostila/módulo JS","Raciocínio Lógico-Matemático","Matemática para PMMA","Conhecimentos Gerais > Raciocínio Lógico-Matemático","precisa atualização","alto","Conferir texto vigente/edital 2026","precisa atualização/verificação legislativa","Conferir texto vigente e atualizar antes de publicar.","Alta"
"src/data/apostilas/matematica-enem.js","apostila/módulo JS","Raciocínio Lógico-Matemático","Matemática ENEM","Conhecimentos Gerais > Raciocínio Lógico-Matemático","fora do edital","alto","Conferir texto vigente/edital 2026","fora do edital PMMA provável | precisa atualização/verificação legislativa","Arquivar fora do pacote PMMA ou manter apenas em biblioteca geral.","Baixa"
"src/data/apostilas/matematica-raciocinio-logico-avancado.js","apostila/módulo JS","Raciocínio Lógico-Matemático","Matemática e Raciocínio Lógico Avançado 10/10 Reescrito de Verdade","Conhecimentos Gerais > Raciocínio Lógico-Matemático","pronto para entrar na plataforma","alto","Validar aderência quando o edital oficial for anexado","Nenhum problema crítico detectado","Publicar após revisão editorial rápida.","Baixa"
"src/data/apostilas/oab-1fase-direito-civil.js","apostila/módulo JS","Raciocínio Lógico-Matemático","OAB 1ª Fase — Direito Civil","Conhecimentos Gerais > Raciocínio Lógico-Matemático","fora do edital","alto","Validar aderência quando o edital oficial for anexado","fora do edital PMMA provável","Arquivar fora do pacote PMMA ou manter apenas em biblioteca geral.","Baixa"
"src/data/apostilas/oab-1fase-etica-comentada.js","apostila/módulo JS","Raciocínio Lógico-Matemático","OAB 1ª Fase — Ética Comentada","Conhecimentos Gerais > Raciocínio Lógico-Matemático","fora do edital","alto","Validar aderência quando o edital oficial for anexado","fora do edital PMMA provável","Arquivar fora do pacote PMMA ou manter apenas em biblioteca geral.","Baixa"
"src/data/apostilas/oab-1fase-processo-civil.js","apostila/módulo JS","Raciocínio Lógico-Matemático","OAB 1ª Fase — Processo Civil","Conhecimentos Gerais > Raciocínio Lógico-Matemático","fora do edital","alto","Validar aderência quando o edital oficial for anexado","fora do edital PMMA provável","Arquivar fora do pacote PMMA ou manter apenas em biblioteca geral.","Baixa"
"src/data/apostilas/oab-1fase-trabalho-processo-trabalho.js","apostila/módulo JS","Raciocínio Lógico-Matemático","OAB 1ª Fase — Trabalho e Processo do Trabalho","Conhecimentos Gerais > Raciocínio Lógico-Matemático","fora do edital","alto","Validar aderência quando o edital oficial for anexado","fora do edital PMMA provável","Arquivar fora do pacote PMMA ou manter apenas em biblioteca geral.","Baixa"
"src/data/apostilas/oab-2fase-espelhos-correcao.js","apostila/módulo JS","Raciocínio Lógico-Matemático","OAB 2ª Fase — Espelhos de Correção","Conhecimentos Gerais > Raciocínio Lógico-Matemático","fora do edital","alto","Validar aderência quando o edital oficial for anexado","fora do edital PMMA provável","Arquivar fora do pacote PMMA ou manter apenas em biblioteca geral.","Baixa"
"src/data/apostilas/oab-2fase-pecas-praticas.js","apostila/módulo JS","Raciocínio Lógico-Matemático","OAB 2ª Fase — Peças Práticas","Conhecimentos Gerais > Raciocínio Lógico-Matemático","fora do edital","alto","Validar aderência quando o edital oficial for anexado","fora do edital PMMA provável","Arquivar fora do pacote PMMA ou manter apenas em biblioteca geral.","Baixa"
"src/data/apostilas/raciocinio-logico.js","apostila/módulo JS","Raciocínio Lógico-Matemático","Raciocínio Lógico para PMMA","Conhecimentos Gerais > Raciocínio Lógico-Matemático","precisa atualização","alto","Conferir texto vigente/edital 2026","precisa atualização/verificação legislativa","Conferir texto vigente e atualizar antes de publicar.","Alta"
"src/data/mockPlano.js","apostila/módulo JS","Raciocínio Lógico-Matemático","mockPlano","Conhecimentos Gerais > Raciocínio Lógico-Matemático","pronto para entrar na plataforma","baixo","Validar aderência quando o edital oficial for anexado","Nenhum problema crítico detectado","Complementar teoria, questões e revisão.","Média"
"src/data/mockQuestoes.js","apostila/módulo JS","Raciocínio Lógico-Matemático","mockQuestoes","Conhecimentos Gerais > Raciocínio Lógico-Matemático","pronto para entrar na plataforma","baixo","Validar aderência quando o edital oficial for anexado","Nenhum problema crítico detectado","Complementar teoria, questões e revisão.","Média"
"storage/content/concursos-militares/pci/report.json","JSON de conteúdo/questões","Raciocínio Lógico-Matemático","2º Tenente Bombeiro Militar","Conhecimentos Gerais > Raciocínio Lógico-Matemático","pronto para entrar na plataforma","baixo","Validar aderência quando o edital oficial for anexado","Nenhum problema crítico detectado","Complementar teoria, questões e revisão.","Média"
"storage/content/concursos-militares/pci/test-preview.json","JSON de conteúdo/questões","Raciocínio Lógico-Matemático","test-preview","Conhecimentos Gerais > Raciocínio Lógico-Matemático","pronto para entrar na plataforma","baixo","Validar aderência quando o edital oficial for anexado","Nenhum problema crítico detectado","Complementar teoria, questões e revisão.","Média"
"storage/content/fgv-local/fgv-local-report.json","JSON de conteúdo/questões","Raciocínio Lógico-Matemático","fgv-local-report","Conhecimentos Gerais > Raciocínio Lógico-Matemático","pronto para entrar na plataforma","baixo","Validar aderência quando o edital oficial for anexado","Nenhum problema crítico detectado","Complementar teoria, questões e revisão.","Média"
"storage/content/militar/cbmal-soldado-combatente-2018-cebraspe/questoes/questoes-extraidas.json","JSON de conteúdo/questões","Raciocínio Lógico-Matemático","questoes-extraidas","Conhecimentos Gerais > Raciocínio Lógico-Matemático","pronto para entrar na plataforma","médio","Validar aderência quando o edital oficial for anexado","Nenhum problema crítico detectado","Publicar após revisão editorial rápida.","Baixa"
"storage/content/militar/cbmam-soldado-bombeiro-militar-2021-fgv/questoes/questoes-extraidas.json","JSON de conteúdo/questões","Raciocínio Lógico-Matemático","questoes-extraidas","Conhecimentos Gerais > Raciocínio Lógico-Matemático","pronto para entrar na plataforma","médio","Validar aderência quando o edital oficial for anexado","Nenhum problema crítico detectado","Publicar após revisão editorial rápida.","Baixa"
"storage/content/militar/pcrj-inspetor-2021-fgv/questoes/questoes-extraidas.json","JSON de conteúdo/questões","Raciocínio Lógico-Matemático","questoes-extraidas","Conhecimentos Gerais > Raciocínio Lógico-Matemático","pronto para entrar na plataforma","médio","Validar aderência quando o edital oficial for anexado","Nenhum problema crítico detectado","Publicar após revisão editorial rápida.","Baixa"
"storage/content/militar/pm-ba-soldado-2023-fcc/questoes/questoes-extraidas.json","JSON de conteúdo/questões","Raciocínio Lógico-Matemático","questoes-extraidas","Conhecimentos Gerais > Raciocínio Lógico-Matemático","pronto para entrar na plataforma","médio","Validar aderência quando o edital oficial for anexado","Nenhum problema crítico detectado","Publicar após revisão editorial rápida.","Baixa"
"storage/content/militar/pm-pb-soldado-pm-combatente-2023-ibfc/gabaritos/pm-pb-soldado-pm-combatente-2023-ibfc-gabarito-definitivo.pdf","PDF","Raciocínio Lógico-Matemático","pm-pb-soldado-pm-combatente-2023-ibfc-gabarito-definitivo","Conhecimentos Gerais > Raciocínio Lógico-Matemático","pronto para entrar na plataforma","baixo","Validar aderência quando o edital oficial for anexado","Nenhum problema crítico detectado","Complementar teoria, questões e revisão.","Média"
"storage/content/militar/pm-pb-soldado-pm-combatente-2023-ibfc/questoes/questoes-extraidas.json","JSON de conteúdo/questões","Raciocínio Lógico-Matemático","questoes-extraidas","Conhecimentos Gerais > Raciocínio Lógico-Matemático","pronto para entrar na plataforma","médio","Validar aderência quando o edital oficial for anexado","Nenhum problema crítico detectado","Publicar após revisão editorial rápida.","Baixa"
"storage/content/militar/pm-se-soldado-pm-3a-classe-combatente-2025-selecon/provas/pm-se-soldado-pm-3a-classe-combatente-2025-selecon-prova.pdf","PDF","Raciocínio Lógico-Matemático","pm-se-soldado-pm-3a-classe-combatente-2025-selecon-prova","Conhecimentos Gerais > Raciocínio Lógico-Matemático","pronto para entrar na plataforma","baixo","Validar aderência quando o edital oficial for anexado","Nenhum problema crítico detectado","Complementar teoria, questões e revisão.","Média"
"storage/content/militar/pm-se-soldado-pm-3a-classe-combatente-2025-selecon/questoes/questoes-extraidas.json","JSON de conteúdo/questões","Raciocínio Lógico-Matemático","questoes-extraidas","Conhecimentos Gerais > Raciocínio Lógico-Matemático","pronto para entrar na plataforma","médio","Validar aderência quando o edital oficial for anexado","Nenhum problema crítico detectado","Publicar após revisão editorial rápida.","Baixa"
"storage/content/militar/pmac-oficial-combatente-2023-fgv/questoes/questoes-extraidas.json","JSON de conteúdo/questões","Raciocínio Lógico-Matemático","questoes-extraidas","Conhecimentos Gerais > Raciocínio Lógico-Matemático","pronto para entrar na plataforma","médio","Validar aderência quando o edital oficial for anexado","Nenhum problema crítico detectado","Publicar após revisão editorial rápida.","Baixa"
"storage/content/militar/pmce-soldado-2021-fgv/questoes/questoes-extraidas.json","JSON de conteúdo/questões","Raciocínio Lógico-Matemático","questoes-extraidas","Conhecimentos Gerais > Raciocínio Lógico-Matemático","pronto para entrar na plataforma","médio","Validar aderência quando o edital oficial for anexado","Nenhum problema crítico detectado","Publicar após revisão editorial rápida.","Baixa"
"storage/content/militar/pmesp-cabo-2022-fgv-local/questoes/questoes-extraidas.json","JSON de conteúdo/questões","Raciocínio Lógico-Matemático","questoes-extraidas","Conhecimentos Gerais > Raciocínio Lógico-Matemático","pronto para entrar na plataforma","médio","Validar aderência quando o edital oficial for anexado","Nenhum problema crítico detectado","Publicar após revisão editorial rápida.","Baixa"
"storage/content/militar/pmesp-sargento-2024-fgv/questoes/questoes-extraidas.json","JSON de conteúdo/questões","Raciocínio Lógico-Matemático","questoes-extraidas","Conhecimentos Gerais > Raciocínio Lógico-Matemático","pronto para entrar na plataforma","médio","Validar aderência quando o edital oficial for anexado","Nenhum problema crítico detectado","Publicar após revisão editorial rápida.","Baixa"
"storage/content/militar/pmpb-cfo-2022-fgv/questoes/questoes-extraidas.json","JSON de conteúdo/questões","Raciocínio Lógico-Matemático","questoes-extraidas","Conhecimentos Gerais > Raciocínio Lógico-Matemático","pronto para entrar na plataforma","médio","Validar aderência quando o edital oficial for anexado","Nenhum problema crítico detectado","Publicar após revisão editorial rápida.","Baixa"
"storage/content/militar/pmpi-soldado-pm-2017-nucepe-uespi/questoes/questoes-extraidas.json","JSON de conteúdo/questões","Raciocínio Lógico-Matemático","questoes-extraidas","Conhecimentos Gerais > Raciocínio Lógico-Matemático","pronto para entrar na plataforma","médio","Validar aderência quando o edital oficial for anexado","Nenhum problema crítico detectado","Publicar após revisão editorial rápida.","Baixa"
"storage/content/militar/pmsp-cabo-pm-2022-fgv/questoes/questoes-extraidas.json","JSON de conteúdo/questões","Raciocínio Lógico-Matemático","questoes-extraidas","Conhecimentos Gerais > Raciocínio Lógico-Matemático","pronto para entrar na plataforma","médio","Validar aderência quando o edital oficial for anexado","Nenhum problema crítico detectado","Publicar após revisão editorial rápida.","Baixa"
"storage/content/militar/pmto-quadro-de-pracas-da-policia-militar-2025-fgv/questoes/questoes-extraidas.json","JSON de conteúdo/questões","Raciocínio Lógico-Matemático","questoes-extraidas","Conhecimentos Gerais > Raciocínio Lógico-Matemático","pronto para entrar na plataforma","médio","Validar aderência quando o edital oficial for anexado","Nenhum problema crítico detectado","Publicar após revisão editorial rápida.","Baixa"
"material-provas/fgv/provas PM/aluno_oficial_da_pm_discursivansd101_tipo_1.pdf","PDF","Redação","aluno_oficial_da_pm_discursivansd101_tipo_1","Apoio > Redação","pronto para entrar na plataforma","baixo","Validar aderência quando o edital oficial for anexado","Nenhum problema crítico detectado","Complementar teoria, questões e revisão.","Média"
"material-provas/fgv/provas PM/aluno_soldado_da_pm_discursivanmd001_tipo_1.pdf","PDF","Redação","aluno_soldado_da_pm_discursivanmd001_tipo_1","Apoio > Redação","pronto para entrar na plataforma","baixo","Validar aderência quando o edital oficial for anexado","Nenhum problema crítico detectado","Complementar teoria, questões e revisão.","Média"
"material-provas/fgv/provas PM/ns002_-_delegado_de_policia_-_4a_classe_prova_discursivans002_tipo_1.pdf","PDF","Redação","ns002_-_delegado_de_policia_-_4a_classe_prova_discursivans002_tipo_1","Apoio > Redação","pronto para entrar na plataforma","baixo","Validar aderência quando o edital oficial for anexado","Nenhum problema crítico detectado","Complementar teoria, questões e revisão.","Média"
"material-provas/fgv/provas PM/pcrn-delegado-de-policia-civil-substituto-deleg-02-tipo-1-discursiva.pdf","PDF","Redação","pcrn-delegado-de-policia-civil-substituto-deleg-02-tipo-1-discursiva","Apoio > Redação","pronto para entrar na plataforma","baixo","Validar aderência quando o edital oficial for anexado","Nenhum problema crítico detectado","Complementar teoria, questões e revisão.","Média"
"material-provas/fgv/provas PM/pmerj-cfo-prova-discursiva.pdf","PDF","Redação","pmerj-cfo-prova-discursiva","Apoio > Redação","pronto para entrar na plataforma","baixo","Validar aderência quando o edital oficial for anexado","Nenhum problema crítico detectado","Complementar teoria, questões e revisão.","Média"
"src/data/apostilas/banco-temas-redacao-policial.js","apostila/módulo JS","Redação","Banco de Temas de Redação Policial","Apoio > Redação","precisa atualização","alto","Conferir texto vigente/edital 2026","precisa atualização/verificação legislativa","Conferir texto vigente e atualizar antes de publicar.","Alta"
"src/data/apostilas/oab-2fase-treino-discursivas.js","apostila/módulo JS","Redação","OAB 2ª Fase — Treino de Discursivas","Apoio > Redação","fora do edital","alto","Validar aderência quando o edital oficial for anexado","fora do edital PMMA provável","Arquivar fora do pacote PMMA ou manter apenas em biblioteca geral.","Baixa"
"src/data/apostilas/redacao-concursos-policiais.js","apostila/módulo JS","Redação","Redação para Concursos Policiais 10/10 Reescrita de Verdade","Apoio > Redação","pronto para entrar na plataforma","alto","Validar aderência quando o edital oficial for anexado","Nenhum problema crítico detectado","Publicar após revisão editorial rápida.","Baixa"
"src/data/apostilas/redacao-enem.js","apostila/módulo JS","Redação","Redação ENEM","Apoio > Redação","fora do edital","alto","Conferir texto vigente/edital 2026","fora do edital PMMA provável | precisa atualização/verificação legislativa","Arquivar fora do pacote PMMA ou manter apenas em biblioteca geral.","Baixa"
"src/data/apostilas/redacao.js","apostila/módulo JS","Redação","Redação para PMMA","Apoio > Redação","precisa atualização","alto","Conferir texto vigente/edital 2026","precisa atualização/verificação legislativa","Conferir texto vigente e atualizar antes de publicar.","Alta"
"storage/content/leis/clt/artigos.json","JSON de conteúdo/questões","Redação","artigos","Apoio > Redação","fora do edital","baixo","Validar aderência quando o edital oficial for anexado","fora do edital PMMA provável","Arquivar fora do pacote PMMA ou manter apenas em biblioteca geral.","Baixa"
"storage/content/militar/pm-ba-soldado-2023-fcc/gabaritos/pm-ba-soldado-2023-fcc-gabarito-definitivo.pdf","PDF","Redação","pm-ba-soldado-2023-fcc-gabarito-definitivo","Apoio > Redação","pronto para entrar na plataforma","baixo","Validar aderência quando o edital oficial for anexado","Nenhum problema crítico detectado","Complementar teoria, questões e revisão.","Média"
"storage/content/militar/pm-ba-soldado-2023-fcc/provas/pm-ba-soldado-2023-fcc-prova.pdf","PDF","Redação","pm-ba-soldado-2023-fcc-prova","Apoio > Redação","pronto para entrar na plataforma","baixo","Validar aderência quando o edital oficial for anexado","Nenhum problema crítico detectado","Complementar teoria, questões e revisão.","Média"
"flashcards-apkg/amostra-combo-pf-prf.apkg","flashcards Anki","Revisão/Flashcards/Mapas/Simulados","amostra-combo-pf-prf","Apoio > Revisão/Flashcards/Mapas/Simulados","pronto para entrar na plataforma","baixo","Validar aderência quando o edital oficial for anexado","Nenhum problema crítico detectado","Complementar teoria, questões e revisão.","Média"
"flashcards-apkg/amostra-detran-df.apkg","flashcards Anki","Revisão/Flashcards/Mapas/Simulados","amostra-detran-df","Apoio > Revisão/Flashcards/Mapas/Simulados","pronto para entrar na plataforma","baixo","Validar aderência quando o edital oficial for anexado","Nenhum problema crítico detectado","Complementar teoria, questões e revisão.","Média"
"flashcards-apkg/amostra-gmf.apkg","flashcards Anki","Revisão/Flashcards/Mapas/Simulados","amostra-gmf","Apoio > Revisão/Flashcards/Mapas/Simulados","pronto para entrar na plataforma","baixo","Validar aderência quando o edital oficial for anexado","Nenhum problema crítico detectado","Complementar teoria, questões e revisão.","Média"
"flashcards-apkg/amostra-pcal.apkg","flashcards Anki","Revisão/Flashcards/Mapas/Simulados","amostra-pcal","Apoio > Revisão/Flashcards/Mapas/Simulados","pronto para entrar na plataforma","baixo","Validar aderência quando o edital oficial for anexado","Nenhum problema crítico detectado","Complementar teoria, questões e revisão.","Média"
"flashcards-apkg/amostra-pcba.apkg","flashcards Anki","Revisão/Flashcards/Mapas/Simulados","amostra-pcba","Apoio > Revisão/Flashcards/Mapas/Simulados","pronto para entrar na plataforma","baixo","Validar aderência quando o edital oficial for anexado","Nenhum problema crítico detectado","Complementar teoria, questões e revisão.","Média"
"flashcards-apkg/amostra-pcce.apkg","flashcards Anki","Revisão/Flashcards/Mapas/Simulados","amostra-pcce","Apoio > Revisão/Flashcards/Mapas/Simulados","pronto para entrar na plataforma","baixo","Validar aderência quando o edital oficial for anexado","Nenhum problema crítico detectado","Complementar teoria, questões e revisão.","Média"
"flashcards-apkg/amostra-pcdf-agente-custodia.apkg","flashcards Anki","Revisão/Flashcards/Mapas/Simulados","amostra-pcdf-agente-custodia","Apoio > Revisão/Flashcards/Mapas/Simulados","pronto para entrar na plataforma","baixo","Validar aderência quando o edital oficial for anexado","Nenhum problema crítico detectado","Complementar teoria, questões e revisão.","Média"
"flashcards-apkg/amostra-pcgo.apkg","flashcards Anki","Revisão/Flashcards/Mapas/Simulados","amostra-pcgo","Apoio > Revisão/Flashcards/Mapas/Simulados","pronto para entrar na plataforma","baixo","Validar aderência quando o edital oficial for anexado","Nenhum problema crítico detectado","Complementar teoria, questões e revisão.","Média"
"flashcards-apkg/amostra-pcmg.apkg","flashcards Anki","Revisão/Flashcards/Mapas/Simulados","amostra-pcmg","Apoio > Revisão/Flashcards/Mapas/Simulados","pronto para entrar na plataforma","baixo","Validar aderência quando o edital oficial for anexado","Nenhum problema crítico detectado","Complementar teoria, questões e revisão.","Média"
"flashcards-apkg/amostra-pcpi.apkg","flashcards Anki","Revisão/Flashcards/Mapas/Simulados","amostra-pcpi","Apoio > Revisão/Flashcards/Mapas/Simulados","pronto para entrar na plataforma","baixo","Validar aderência quando o edital oficial for anexado","Nenhum problema crítico detectado","Complementar teoria, questões e revisão.","Média"
"flashcards-apkg/amostra-pcsp.apkg","flashcards Anki","Revisão/Flashcards/Mapas/Simulados","amostra-pcsp","Apoio > Revisão/Flashcards/Mapas/Simulados","pronto para entrar na plataforma","baixo","Validar aderência quando o edital oficial for anexado","Nenhum problema crítico detectado","Complementar teoria, questões e revisão.","Média"
"flashcards-apkg/amostra-pf.apkg","flashcards Anki","Revisão/Flashcards/Mapas/Simulados","amostra-pf","Apoio > Revisão/Flashcards/Mapas/Simulados","pronto para entrar na plataforma","baixo","Validar aderência quando o edital oficial for anexado","Nenhum problema crítico detectado","Complementar teoria, questões e revisão.","Média"
"flashcards-apkg/amostra-pmal.apkg","flashcards Anki","Revisão/Flashcards/Mapas/Simulados","amostra-pmal","Apoio > Revisão/Flashcards/Mapas/Simulados","pronto para entrar na plataforma","baixo","Validar aderência quando o edital oficial for anexado","Nenhum problema crítico detectado","Complementar teoria, questões e revisão.","Média"
"flashcards-apkg/amostra-pmba.apkg","flashcards Anki","Revisão/Flashcards/Mapas/Simulados","amostra-pmba","Apoio > Revisão/Flashcards/Mapas/Simulados","pronto para entrar na plataforma","baixo","Validar aderência quando o edital oficial for anexado","Nenhum problema crítico detectado","Complementar teoria, questões e revisão.","Média"
"flashcards-apkg/amostra-pmce.apkg","flashcards Anki","Revisão/Flashcards/Mapas/Simulados","amostra-pmce","Apoio > Revisão/Flashcards/Mapas/Simulados","pronto para entrar na plataforma","baixo","Validar aderência quando o edital oficial for anexado","Nenhum problema crítico detectado","Complementar teoria, questões e revisão.","Média"
"flashcards-apkg/amostra-pmdf.apkg","flashcards Anki","Revisão/Flashcards/Mapas/Simulados","amostra-pmdf","Apoio > Revisão/Flashcards/Mapas/Simulados","pronto para entrar na plataforma","baixo","Validar aderência quando o edital oficial for anexado","Nenhum problema crítico detectado","Complementar teoria, questões e revisão.","Média"
"flashcards-apkg/amostra-pmerj.apkg","flashcards Anki","Revisão/Flashcards/Mapas/Simulados","amostra-pmerj","Apoio > Revisão/Flashcards/Mapas/Simulados","pronto para entrar na plataforma","baixo","Validar aderência quando o edital oficial for anexado","Nenhum problema crítico detectado","Complementar teoria, questões e revisão.","Média"
"flashcards-apkg/amostra-pmes.apkg","flashcards Anki","Revisão/Flashcards/Mapas/Simulados","amostra-pmes","Apoio > Revisão/Flashcards/Mapas/Simulados","pronto para entrar na plataforma","baixo","Validar aderência quando o edital oficial for anexado","Nenhum problema crítico detectado","Complementar teoria, questões e revisão.","Média"
"flashcards-apkg/amostra-pmmg-cfo.apkg","flashcards Anki","Revisão/Flashcards/Mapas/Simulados","amostra-pmmg-cfo","Apoio > Revisão/Flashcards/Mapas/Simulados","pronto para entrar na plataforma","baixo","Validar aderência quando o edital oficial for anexado","Nenhum problema crítico detectado","Complementar teoria, questões e revisão.","Média"
"flashcards-apkg/amostra-pmmg.apkg","flashcards Anki","Revisão/Flashcards/Mapas/Simulados","amostra-pmmg","Apoio > Revisão/Flashcards/Mapas/Simulados","pronto para entrar na plataforma","baixo","Validar aderência quando o edital oficial for anexado","Nenhum problema crítico detectado","Complementar teoria, questões e revisão.","Média"
"flashcards-apkg/amostra-pmpe.apkg","flashcards Anki","Revisão/Flashcards/Mapas/Simulados","amostra-pmpe","Apoio > Revisão/Flashcards/Mapas/Simulados","pronto para entrar na plataforma","baixo","Validar aderência quando o edital oficial for anexado","Nenhum problema crítico detectado","Complementar teoria, questões e revisão.","Média"
"flashcards-apkg/amostra-pmrn.apkg","flashcards Anki","Revisão/Flashcards/Mapas/Simulados","amostra-pmrn","Apoio > Revisão/Flashcards/Mapas/Simulados","pronto para entrar na plataforma","baixo","Validar aderência quando o edital oficial for anexado","Nenhum problema crítico detectado","Complementar teoria, questões e revisão.","Média"
"flashcards-apkg/amostra-ppba.apkg","flashcards Anki","Revisão/Flashcards/Mapas/Simulados","amostra-ppba","Apoio > Revisão/Flashcards/Mapas/Simulados","pronto para entrar na plataforma","baixo","Validar aderência quando o edital oficial for anexado","Nenhum problema crítico detectado","Complementar teoria, questões e revisão.","Média"
"flashcards-apkg/amostra-ppce.apkg","flashcards Anki","Revisão/Flashcards/Mapas/Simulados","amostra-ppce","Apoio > Revisão/Flashcards/Mapas/Simulados","pronto para entrar na plataforma","baixo","Validar aderência quando o edital oficial for anexado","Nenhum problema crítico detectado","Complementar teoria, questões e revisão.","Média"
"flashcards-apkg/amostra-ppgo.apkg","flashcards Anki","Revisão/Flashcards/Mapas/Simulados","amostra-ppgo","Apoio > Revisão/Flashcards/Mapas/Simulados","pronto para entrar na plataforma","baixo","Validar aderência quando o edital oficial for anexado","Nenhum problema crítico detectado","Complementar teoria, questões e revisão.","Média"
"flashcards-apkg/amostra-ppmg.apkg","flashcards Anki","Revisão/Flashcards/Mapas/Simulados","amostra-ppmg","Apoio > Revisão/Flashcards/Mapas/Simulados","pronto para entrar na plataforma","baixo","Validar aderência quando o edital oficial for anexado","Nenhum problema crítico detectado","Complementar teoria, questões e revisão.","Média"
"flashcards-apkg/amostra-pppi.apkg","flashcards Anki","Revisão/Flashcards/Mapas/Simulados","amostra-pppi","Apoio > Revisão/Flashcards/Mapas/Simulados","pronto para entrar na plataforma","baixo","Validar aderência quando o edital oficial for anexado","Nenhum problema crítico detectado","Complementar teoria, questões e revisão.","Média"
"flashcards-apkg/amostra-prf.apkg","flashcards Anki","Revisão/Flashcards/Mapas/Simulados","amostra-prf","Apoio > Revisão/Flashcards/Mapas/Simulados","pronto para entrar na plataforma","baixo","Validar aderência quando o edital oficial for anexado","Nenhum problema crítico detectado","Complementar teoria, questões e revisão.","Média"
"src/data/apostilas/administracao-financeira-orcamentaria.js","apostila/módulo JS","Revisão/Flashcards/Mapas/Simulados","Administração Financeira e Orçamentária 10/10 Plus","Apoio > Revisão/Flashcards/Mapas/Simulados","precisa atualização","alto","Conferir texto vigente/edital 2026","precisa atualização/verificação legislativa","Conferir texto vigente e atualizar antes de publicar.","Alta"
"src/data/apostilas/administracao-publica-gestao-publica.js","apostila/módulo JS","Revisão/Flashcards/Mapas/Simulados","Administração Pública e Gestão Pública 10/10 Plus","Apoio > Revisão/Flashcards/Mapas/Simulados","precisa atualização","alto","Conferir texto vigente/edital 2026","precisa atualização/verificação legislativa","Conferir texto vigente e atualizar antes de publicar.","Alta"
"src/data/apostilas/arquivologia.js","apostila/módulo JS","Revisão/Flashcards/Mapas/Simulados","Arquivologia 10/10 Plus","Apoio > Revisão/Flashcards/Mapas/Simulados","precisa atualização","alto","Conferir texto vigente/edital 2026","precisa atualização/verificação legislativa","Conferir texto vigente e atualizar antes de publicar.","Alta"
"src/data/apostilas/atendimento-publico-qualidade-servico-publico.js","apostila/módulo JS","Revisão/Flashcards/Mapas/Simulados","Atendimento ao Público e Qualidade no Serviço Público 10/10 Plus","Apoio > Revisão/Flashcards/Mapas/Simulados","precisa atualização","alto","Conferir texto vigente/edital 2026","precisa atualização/verificação legislativa","Conferir texto vigente e atualizar antes de publicar.","Alta"
"src/data/apostilas/biologia-enem.js","apostila/módulo JS","Revisão/Flashcards/Mapas/Simulados","Biologia ENEM","Apoio > Revisão/Flashcards/Mapas/Simulados","fora do edital","alto","Conferir texto vigente/edital 2026","fora do edital PMMA provável | precisa atualização/verificação legislativa","Arquivar fora do pacote PMMA ou manter apenas em biblioteca geral.","Baixa"
"src/data/apostilas/caderno-erros-inteligente.js","apostila/módulo JS","Revisão/Flashcards/Mapas/Simulados","Caderno de Erros Inteligente","Apoio > Revisão/Flashcards/Mapas/Simulados","precisa atualização","alto","Conferir texto vigente/edital 2026","precisa atualização/verificação legislativa","Conferir texto vigente e atualizar antes de publicar.","Alta"
"src/data/apostilas/ciencias-humanas-simulados.js","apostila/módulo JS","Revisão/Flashcards/Mapas/Simulados","Ciências Humanas — Simulados","Apoio > Revisão/Flashcards/Mapas/Simulados","precisa atualização","alto","Conferir texto vigente/edital 2026","precisa atualização/verificação legislativa","Conferir texto vigente e atualizar antes de publicar.","Alta"
"src/data/apostilas/ciencias-natureza-simulados.js","apostila/módulo JS","Revisão/Flashcards/Mapas/Simulados","Ciências da Natureza — Simulados","Apoio > Revisão/Flashcards/Mapas/Simulados","precisa atualização","alto","Conferir texto vigente/edital 2026","precisa atualização/verificação legislativa","Conferir texto vigente e atualizar antes de publicar.","Alta"
"src/data/apostilas/comentarios-questoes-ia.js","apostila/módulo JS","Revisão/Flashcards/Mapas/Simulados","Comentários de Questões com IA","Apoio > Revisão/Flashcards/Mapas/Simulados","precisa atualização","alto","Conferir texto vigente/edital 2026","precisa atualização/verificação legislativa","Conferir texto vigente e atualizar antes de publicar.","Alta"
"src/data/apostilas/contabilidade-publica-basica.js","apostila/módulo JS","Revisão/Flashcards/Mapas/Simulados","Contabilidade Pública Básica 10/10 Plus","Apoio > Revisão/Flashcards/Mapas/Simulados","precisa atualização","alto","Conferir texto vigente/edital 2026","precisa atualização/verificação legislativa","Conferir texto vigente e atualizar antes de publicar.","Alta"
"src/data/apostilas/ctb-simulados-comentados.js","apostila/módulo JS","Revisão/Flashcards/Mapas/Simulados","CTB — Simulados Comentados","Apoio > Revisão/Flashcards/Mapas/Simulados","precisa atualização","alto","Conferir texto vigente/edital 2026","precisa atualização/verificação legislativa","Conferir texto vigente e atualizar antes de publicar.","Alta"
"src/data/apostilas/direito-ambiental.js","apostila/módulo JS","Revisão/Flashcards/Mapas/Simulados","Direito Ambiental","Apoio > Revisão/Flashcards/Mapas/Simulados","fora do edital","alto","Conferir texto vigente/edital 2026","fora do edital PMMA provável | precisa atualização/verificação legislativa","Arquivar fora do pacote PMMA ou manter apenas em biblioteca geral.","Baixa"
"src/data/apostilas/direito-consumidor.js","apostila/módulo JS","Revisão/Flashcards/Mapas/Simulados","Direito do Consumidor","Apoio > Revisão/Flashcards/Mapas/Simulados","fora do edital","alto","Conferir texto vigente/edital 2026","fora do edital PMMA provável | precisa atualização/verificação legislativa","Arquivar fora do pacote PMMA ou manter apenas em biblioteca geral.","Baixa"
"src/data/apostilas/direito-empresarial.js","apostila/módulo JS","Revisão/Flashcards/Mapas/Simulados","Direito Empresarial","Apoio > Revisão/Flashcards/Mapas/Simulados","fora do edital","alto","Conferir texto vigente/edital 2026","fora do edital PMMA provável | precisa atualização/verificação legislativa","Arquivar fora do pacote PMMA ou manter apenas em biblioteca geral.","Baixa"
"src/data/apostilas/direito-processual-trabalho.js","apostila/módulo JS","Revisão/Flashcards/Mapas/Simulados","Direito Processual do Trabalho","Apoio > Revisão/Flashcards/Mapas/Simulados","fora do edital","alto","Conferir texto vigente/edital 2026","fora do edital PMMA provável | precisa atualização/verificação legislativa","Arquivar fora do pacote PMMA ou manter apenas em biblioteca geral.","Baixa"
"src/data/apostilas/direito-trabalho.js","apostila/módulo JS","Revisão/Flashcards/Mapas/Simulados","Direito do Trabalho","Apoio > Revisão/Flashcards/Mapas/Simulados","fora do edital","alto","Conferir texto vigente/edital 2026","fora do edital PMMA provável | precisa atualização/verificação legislativa","Arquivar fora do pacote PMMA ou manter apenas em biblioteca geral.","Baixa"
"src/data/apostilas/etica-profissional-oab.js","apostila/módulo JS","Revisão/Flashcards/Mapas/Simulados","Ética Profissional da OAB","Apoio > Revisão/Flashcards/Mapas/Simulados","fora do edital","alto","Conferir texto vigente/edital 2026","fora do edital PMMA provável | precisa atualização/verificação legislativa","Arquivar fora do pacote PMMA ou manter apenas em biblioteca geral.","Baixa"
"src/data/apostilas/filosofia-enem.js","apostila/módulo JS","Revisão/Flashcards/Mapas/Simulados","Filosofia ENEM","Apoio > Revisão/Flashcards/Mapas/Simulados","fora do edital","alto","Conferir texto vigente/edital 2026","fora do edital PMMA provável | precisa atualização/verificação legislativa","Arquivar fora do pacote PMMA ou manter apenas em biblioteca geral.","Baixa"
"src/data/apostilas/fisica-enem.js","apostila/módulo JS","Revisão/Flashcards/Mapas/Simulados","Física ENEM","Apoio > Revisão/Flashcards/Mapas/Simulados","fora do edital","alto","Conferir texto vigente/edital 2026","fora do edital PMMA provável | precisa atualização/verificação legislativa","Arquivar fora do pacote PMMA ou manter apenas em biblioteca geral.","Baixa"
"src/data/apostilas/flashcards-premium-disciplina.js","apostila/módulo JS","Revisão/Flashcards/Mapas/Simulados","Flashcards Premium por Disciplina","Apoio > Revisão/Flashcards/Mapas/Simulados","precisa atualização","alto","Conferir texto vigente/edital 2026","precisa atualização/verificação legislativa","Conferir texto vigente e atualizar antes de publicar.","Alta"
"src/data/apostilas/gestao-pessoas-servico-publico.js","apostila/módulo JS","Revisão/Flashcards/Mapas/Simulados","Gestão de Pessoas no Serviço Público 10/10 Plus","Apoio > Revisão/Flashcards/Mapas/Simulados","fora do edital","alto","Conferir texto vigente/edital 2026","fora do edital PMMA provável | precisa atualização/verificação legislativa","Arquivar fora do pacote PMMA ou manter apenas em biblioteca geral.","Baixa"
"src/data/apostilas/governanca-integridade-compliance-publico.js","apostila/módulo JS","Revisão/Flashcards/Mapas/Simulados","Governança, Integridade e Compliance Público 10/10 Plus","Apoio > Revisão/Flashcards/Mapas/Simulados","fora do edital","alto","Conferir texto vigente/edital 2026","fora do edital PMMA provável | precisa atualização/verificação legislativa","Arquivar fora do pacote PMMA ou manter apenas em biblioteca geral.","Baixa"
"src/data/apostilas/guarda-municipal-base-de-estudos.js","apostila/módulo JS","Revisão/Flashcards/Mapas/Simulados","Guarda Municipal — Base de Estudos","Apoio > Revisão/Flashcards/Mapas/Simulados","precisa atualização","alto","Conferir texto vigente/edital 2026","precisa atualização/verificação legislativa","Conferir texto vigente e atualizar antes de publicar.","Alta"
"src/data/apostilas/licitacoes-contratos-modulo-exclusivo.js","apostila/módulo JS","Revisão/Flashcards/Mapas/Simulados","Licitações e Contratos — Módulo Exclusivo 10/10 Plus","Apoio > Revisão/Flashcards/Mapas/Simulados","fora do edital","alto","Conferir texto vigente/edital 2026","fora do edital PMMA provável | precisa atualização/verificação legislativa","Arquivar fora do pacote PMMA ou manter apenas em biblioteca geral.","Baixa"
"src/data/apostilas/oab-1fase-simulado-completo.js","apostila/módulo JS","Revisão/Flashcards/Mapas/Simulados","OAB 1ª Fase — Simulado Completo","Apoio > Revisão/Flashcards/Mapas/Simulados","fora do edital","alto","Validar aderência quando o edital oficial for anexado","fora do edital PMMA provável","Arquivar fora do pacote PMMA ou manter apenas em biblioteca geral.","Baixa"
"src/data/apostilas/organizacao-judiciaria.js","apostila/módulo JS","Revisão/Flashcards/Mapas/Simulados","Organização Judiciária 10/10 Plus","Apoio > Revisão/Flashcards/Mapas/Simulados","fora do edital","alto","Conferir texto vigente/edital 2026","fora do edital PMMA provável | precisa atualização/verificação legislativa","Arquivar fora do pacote PMMA ou manter apenas em biblioteca geral.","Baixa"
"src/data/apostilas/plano-estudo-por-objetivo.js","apostila/módulo JS","Revisão/Flashcards/Mapas/Simulados","Plano de Estudo por Objetivo","Apoio > Revisão/Flashcards/Mapas/Simulados","precisa atualização","alto","Conferir texto vigente/edital 2026","precisa atualização/verificação legislativa","Conferir texto vigente e atualizar antes de publicar.","Alta"
"src/data/apostilas/pmma-caderno-de-erros-inteligente.js","apostila/módulo JS","Revisão/Flashcards/Mapas/Simulados","PMMA — Caderno de Erros Inteligente","Apoio > Revisão/Flashcards/Mapas/Simulados","precisa atualização","alto","Conferir texto vigente/edital 2026","precisa atualização/verificação legislativa","Conferir texto vigente e atualizar antes de publicar.","Alta"
"src/data/apostilas/pmma-revisao-de-vespera.js","apostila/módulo JS","Revisão/Flashcards/Mapas/Simulados","PMMA — Revisão de Véspera","Apoio > Revisão/Flashcards/Mapas/Simulados","precisa atualização","alto","Conferir texto vigente/edital 2026","precisa atualização/verificação legislativa","Conferir texto vigente e atualizar antes de publicar.","Alta"
"src/data/apostilas/policia-penal-base-de-estudos.js","apostila/módulo JS","Revisão/Flashcards/Mapas/Simulados","Polícia Penal — Base de Estudos","Apoio > Revisão/Flashcards/Mapas/Simulados","precisa atualização","alto","Conferir texto vigente/edital 2026","precisa atualização/verificação legislativa","Conferir texto vigente e atualizar antes de publicar.","Alta"
"src/data/apostilas/prf-base-de-estudos.js","apostila/módulo JS","Revisão/Flashcards/Mapas/Simulados","PRF — Base de Estudos","Apoio > Revisão/Flashcards/Mapas/Simulados","precisa atualização","alto","Conferir texto vigente/edital 2026","precisa atualização/verificação legislativa","Conferir texto vigente e atualizar antes de publicar.","Alta"
"src/data/apostilas/quimica-enem.js","apostila/módulo JS","Revisão/Flashcards/Mapas/Simulados","Química ENEM","Apoio > Revisão/Flashcards/Mapas/Simulados","fora do edital","alto","Conferir texto vigente/edital 2026","fora do edital PMMA provável | precisa atualização/verificação legislativa","Arquivar fora do pacote PMMA ou manter apenas em biblioteca geral.","Baixa"
"src/data/apostilas/regimentos-internos-tribunais.js","apostila/módulo JS","Revisão/Flashcards/Mapas/Simulados","Regimentos Internos de Tribunais 10/10 Plus","Apoio > Revisão/Flashcards/Mapas/Simulados","fora do edital","alto","Conferir texto vigente/edital 2026","fora do edital PMMA provável | precisa atualização/verificação legislativa","Arquivar fora do pacote PMMA ou manter apenas em biblioteca geral.","Baixa"
"src/data/apostilas/revisao-24h-prova.js","apostila/módulo JS","Revisão/Flashcards/Mapas/Simulados","Revisão 24h Antes da Prova","Apoio > Revisão/Flashcards/Mapas/Simulados","precisa atualização","alto","Conferir texto vigente/edital 2026","precisa atualização/verificação legislativa","Conferir texto vigente e atualizar antes de publicar.","Alta"
"src/data/apostilas/revisao-7-dias-prova.js","apostila/módulo JS","Revisão/Flashcards/Mapas/Simulados","Revisão 7 Dias Antes da Prova","Apoio > Revisão/Flashcards/Mapas/Simulados","precisa atualização","alto","Conferir texto vigente/edital 2026","precisa atualização/verificação legislativa","Conferir texto vigente e atualizar antes de publicar.","Alta"
"src/data/apostilas/revisao-enem-vespera.js","apostila/módulo JS","Revisão/Flashcards/Mapas/Simulados","Revisão ENEM de Véspera","Apoio > Revisão/Flashcards/Mapas/Simulados","fora do edital","alto","Conferir texto vigente/edital 2026","fora do edital PMMA provável | precisa atualização/verificação legislativa","Arquivar fora do pacote PMMA ou manter apenas em biblioteca geral.","Baixa"
"src/data/apostilas/simulados-por-banca.js","apostila/módulo JS","Revisão/Flashcards/Mapas/Simulados","Simulados por Banca","Apoio > Revisão/Flashcards/Mapas/Simulados","precisa atualização","alto","Conferir texto vigente/edital 2026","precisa atualização/verificação legislativa","Conferir texto vigente e atualizar antes de publicar.","Alta"
"src/data/apostilas/simulados-por-concurso.js","apostila/módulo JS","Revisão/Flashcards/Mapas/Simulados","Simulados por Concurso","Apoio > Revisão/Flashcards/Mapas/Simulados","precisa atualização","alto","Conferir texto vigente/edital 2026","precisa atualização/verificação legislativa","Conferir texto vigente e atualizar antes de publicar.","Alta"
"src/data/apostilas/simulados-por-nivel.js","apostila/módulo JS","Revisão/Flashcards/Mapas/Simulados","Simulados por Nível","Apoio > Revisão/Flashcards/Mapas/Simulados","precisa atualização","alto","Conferir texto vigente/edital 2026","precisa atualização/verificação legislativa","Conferir texto vigente e atualizar antes de publicar.","Alta"
"src/data/apostilas/sociologia-enem.js","apostila/módulo JS","Revisão/Flashcards/Mapas/Simulados","Sociologia ENEM","Apoio > Revisão/Flashcards/Mapas/Simulados","fora do edital","alto","Conferir texto vigente/edital 2026","fora do edital PMMA provável | precisa atualização/verificação legislativa","Arquivar fora do pacote PMMA ou manter apenas em biblioteca geral.","Baixa"
"src/data/index.js","apostila/módulo JS","Revisão/Flashcards/Mapas/Simulados","index","Apoio > Revisão/Flashcards/Mapas/Simulados","pronto para entrar na plataforma","baixo","Validar aderência quando o edital oficial for anexado","Nenhum problema crítico detectado","Complementar teoria, questões e revisão.","Média"
"src/data/mockFlashcards.js","apostila/módulo JS","Revisão/Flashcards/Mapas/Simulados","mockFlashcards","Apoio > Revisão/Flashcards/Mapas/Simulados","pronto para entrar na plataforma","baixo","Validar aderência quando o edital oficial for anexado","Nenhum problema crítico detectado","Complementar teoria, questões e revisão.","Média"
"src/data/mockNotificacoes.js","apostila/módulo JS","Revisão/Flashcards/Mapas/Simulados","mockNotificacoes","Apoio > Revisão/Flashcards/Mapas/Simulados","pronto para entrar na plataforma","baixo","Validar aderência quando o edital oficial for anexado","Nenhum problema crítico detectado","Complementar teoria, questões e revisão.","Média"
"src/data/mockSimulados.js","apostila/módulo JS","Revisão/Flashcards/Mapas/Simulados","mockSimulados","Apoio > Revisão/Flashcards/Mapas/Simulados","pronto para entrar na plataforma","baixo","Validar aderência quando o edital oficial for anexado","Nenhum problema crítico detectado","Complementar teoria, questões e revisão.","Média"
"material-provas/fgv/provas PM/pcam2021e01_gabarito_definitivo.pdf","PDF","Sem identificação","pcam2021e01_gabarito_definitivo","não verificado","não verificado","não verificado","Não identificada","sem identificação","Abrir manualmente, identificar conteúdo e validar contra o edital oficial.","Alta"
"material-provas/fgv/provas PM/pcrj2021e1_gabarito_definitivo.pdf","PDF","Sem identificação","pcrj2021e1_gabarito_definitivo","não verificado","não verificado","não verificado","Não identificada","sem identificação","Abrir manualmente, identificar conteúdo e validar contra o edital oficial.","Alta"
"material-provas/fgv/provas PM/pcrj2021e2_gabarito_definitivo.pdf","PDF","Sem identificação","pcrj2021e2_gabarito_definitivo","não verificado","não verificado","não verificado","Não identificada","sem identificação","Abrir manualmente, identificar conteúdo e validar contra o edital oficial.","Alta"
"material-provas/fgv/provas PM/pcrn_gabarito_definitivo.pdf","PDF","Sem identificação","pcrn_gabarito_definitivo","não verificado","não verificado","não verificado","Não identificada","sem identificação","Abrir manualmente, identificar conteúdo e validar contra o edital oficial.","Alta"
"material-provas/fgv/provas PM/pcscdelegado2024_gabarito_definitivo_20240220.pdf","PDF","Sem identificação","pcscdelegado2024_gabarito_definitivo_20240220","não verificado","não verificado","não verificado","Não identificada","sem identificação","Abrir manualmente, identificar conteúdo e validar contra o edital oficial.","Alta"
"material-provas/fgv/provas PM/pmac2023-gabaritos-definitivo-final-para-publicacao-1.pdf","PDF","Sem identificação","pmac2023-gabaritos-definitivo-final-para-publicacao-1","não verificado","não verificado","não verificado","Não identificada","sem identificação","Abrir manualmente, identificar conteúdo e validar contra o edital oficial.","Alta"
"material-provas/fgv/provas PM/pmam2021_gabarito_definitivo_retificado_26.04.2022.pdf","PDF","Sem identificação","pmam2021_gabarito_definitivo_retificado_26.04.2022","não verificado","não verificado","não verificado","Não identificada","sem identificação","Abrir manualmente, identificar conteúdo e validar contra o edital oficial.","Alta"
"material-provas/fgv/provas PM/pmce2021_gabarito_definitivo.pdf","PDF","Sem identificação","pmce2021_gabarito_definitivo","não verificado","não verificado","não verificado","Não identificada","sem identificação","Abrir manualmente, identificar conteúdo e validar contra o edital oficial.","Alta"
"material-provas/fgv/provas PM/pmerj-gabarito-definitivo-para-publicacao-oficial-da-pm.pdf","PDF","Sem identificação","pmerj-gabarito-definitivo-para-publicacao-oficial-da-pm","não verificado","não verificado","não verificado","Não identificada","sem identificação","Abrir manualmente, identificar conteúdo e validar contra o edital oficial.","Alta"
"material-provas/fgv/provas PM/pmerj-gabarito-definitivo.pdf","PDF","Sem identificação","pmerj-gabarito-definitivo","não verificado","não verificado","não verificado","Não identificada","sem identificação","Abrir manualmente, identificar conteúdo e validar contra o edital oficial.","Alta"
"material-provas/fgv/provas PM/pmerj2021_gabarito_definitivo.pdf","PDF","Sem identificação","pmerj2021_gabarito_definitivo","não verificado","não verificado","não verificado","Não identificada","sem identificação","Abrir manualmente, identificar conteúdo e validar contra o edital oficial.","Alta"
"material-provas/fgv/provas PM/pmesp-sargento-2024-gabaritos-para-publicacao.pdf","PDF","Sem identificação","pmesp-sargento-2024-gabaritos-para-publicacao","não verificado","não verificado","não verificado","Não identificada","sem identificação","Abrir manualmente, identificar conteúdo e validar contra o edital oficial.","Alta"
"material-provas/fgv/provas PM/pmespcabo2022_gabarito_definitivo.pdf","PDF","Sem identificação","pmespcabo2022_gabarito_definitivo","não verificado","duplicado","não verificado","Não identificada","sem identificação | duplicado | duplicatas: storage/content/militar/pmsp-cabo-pm-2022-fgv/gabaritos/pmsp-cabo-pm-2022-fgv-gabarito-definitivo.pdf","Manter a versão mais completa/recente e remover ou ocultar duplicata.","Baixa"
"material-provas/fgv/provas PM/pmpb2021_gabarito_definitivo.pdf","PDF","Sem identificação","pmpb2021_gabarito_definitivo","não verificado","não verificado","não verificado","Não identificada","sem identificação","Abrir manualmente, identificar conteúdo e validar contra o edital oficial.","Alta"
"public/logos/concursos/cbm-mt.png","imagem","Sem identificação","cbm-mt","não verificado","não verificado","não verificado","Não identificada","sem identificação","Abrir manualmente, identificar conteúdo e validar contra o edital oficial.","Alta"
"public/logos/concursos/oab.png","imagem","Sem identificação","oab","não verificado","fora do edital","não verificado","Não identificada","sem identificação | fora do edital PMMA provável","Arquivar fora do pacote PMMA ou manter apenas em biblioteca geral.","Baixa"
"public/logos/concursos/pc-ma.png","imagem","Sem identificação","pc-ma","não verificado","não verificado","não verificado","Não identificada","sem identificação","Abrir manualmente, identificar conteúdo e validar contra o edital oficial.","Alta"
"public/logos/concursos/pm-ma.png","imagem","Sem identificação","pm-ma","não verificado","não verificado","não verificado","Não identificada","sem identificação","Abrir manualmente, identificar conteúdo e validar contra o edital oficial.","Alta"
"public/logos/concursos/prf.png","imagem","Sem identificação","prf","não verificado","não verificado","não verificado","Não identificada","sem identificação","Abrir manualmente, identificar conteúdo e validar contra o edital oficial.","Alta"
"src/data/mockRanking.js","apostila/módulo JS","Sem identificação","mockRanking","não verificado","não verificado","não verificado","Não identificada","sem identificação","Abrir manualmente, identificar conteúdo e validar contra o edital oficial.","Alta"
"src/data/mockUsers.js","apostila/módulo JS","Sem identificação","mockUsers","não verificado","não verificado","não verificado","Não identificada","sem identificação","Abrir manualmente, identificar conteúdo e validar contra o edital oficial.","Alta"
"storage/content/cebraspe-local/cebraspe-local-preview.json","JSON de conteúdo/questões","Sem identificação","cebraspe-local-preview","não verificado","não verificado","não verificado","Não identificada","sem identificação","Abrir manualmente, identificar conteúdo e validar contra o edital oficial.","Alta"
"storage/content/cebraspe-local/cebraspe-local-report.json","JSON de conteúdo/questões","Sem identificação","cebraspe-local-report","não verificado","não verificado","não verificado","Não identificada","sem identificação","Abrir manualmente, identificar conteúdo e validar contra o edital oficial.","Alta"
"storage/content/leis/cdc/meta.json","JSON de conteúdo/questões","Sem identificação","meta","não verificado","fora do edital","não verificado","Não identificada","sem identificação | fora do edital PMMA provável","Arquivar fora do pacote PMMA ou manter apenas em biblioteca geral.","Baixa"
"storage/content/leis/clt/meta.json","JSON de conteúdo/questões","Sem identificação","meta","não verificado","fora do edital","não verificado","Não identificada","sem identificação | fora do edital PMMA provável","Arquivar fora do pacote PMMA ou manter apenas em biblioteca geral.","Baixa"
"storage/content/leis/codigo-civil/meta.json","JSON de conteúdo/questões","Sem identificação","meta","não verificado","fora do edital","não verificado","Não identificada","sem identificação | fora do edital PMMA provável","Arquivar fora do pacote PMMA ou manter apenas em biblioteca geral.","Baixa"
"storage/content/leis/codigo-etica-oab/meta.json","JSON de conteúdo/questões","Sem identificação","meta","não verificado","fora do edital","não verificado","Não identificada","sem identificação | fora do edital PMMA provável","Arquivar fora do pacote PMMA ou manter apenas em biblioteca geral.","Baixa"
"storage/content/leis/cpc/meta.json","JSON de conteúdo/questões","Sem identificação","meta","não verificado","fora do edital","não verificado","Não identificada","sem identificação | fora do edital PMMA provável","Arquivar fora do pacote PMMA ou manter apenas em biblioteca geral.","Baixa"
"storage/content/leis/ctn/meta.json","JSON de conteúdo/questões","Sem identificação","meta","não verificado","fora do edital","não verificado","Não identificada","sem identificação | fora do edital PMMA provável","Arquivar fora do pacote PMMA ou manter apenas em biblioteca geral.","Baixa"
"storage/content/leis/estatuto-oab/meta.json","JSON de conteúdo/questões","Sem identificação","meta","não verificado","fora do edital","não verificado","Não identificada","sem identificação | fora do edital PMMA provável","Arquivar fora do pacote PMMA ou manter apenas em biblioteca geral.","Baixa"
"storage/content/leis/regulamento-oab/meta.json","JSON de conteúdo/questões","Sem identificação","meta","não verificado","fora do edital","não verificado","Não identificada","sem identificação | fora do edital PMMA provável","Arquivar fora do pacote PMMA ou manter apenas em biblioteca geral.","Baixa"
"storage/content/militar/cbmal-soldado-combatente-2018-cebraspe/gabaritos/cbmal-soldado-combatente-2018-cebraspe-gabarito-definitivo.pdf","PDF","Sem identificação","cbmal-soldado-combatente-2018-cebraspe-gabarito-definitivo","não verificado","não verificado","não verificado","Não identificada","sem identificação","Abrir manualmente, identificar conteúdo e validar contra o edital oficial.","Alta"
"storage/content/militar/cbmal-soldado-combatente-2018-cebraspe/metadata.json","JSON de conteúdo/questões","Sem identificação","Prova oficial","não verificado","não verificado","não verificado","Não identificada","sem identificação","Abrir manualmente, identificar conteúdo e validar contra o edital oficial.","Alta"
"storage/content/militar/cbmam-soldado-bombeiro-militar-2021-fgv/gabaritos/cbmam-soldado-bombeiro-militar-2021-fgv-gabarito-definitivo.pdf","PDF","Sem identificação","cbmam-soldado-bombeiro-militar-2021-fgv-gabarito-definitivo","não verificado","não verificado","não verificado","Não identificada","sem identificação","Abrir manualmente, identificar conteúdo e validar contra o edital oficial.","Alta"
"storage/content/militar/cbmam-soldado-bombeiro-militar-2021-fgv/metadata.json","JSON de conteúdo/questões","Sem identificação","Prova oficial","não verificado","não verificado","não verificado","Não identificada","sem identificação","Abrir manualmente, identificar conteúdo e validar contra o edital oficial.","Alta"
"storage/content/militar/pcam-delegado-2021-fgv/metadata.json","JSON de conteúdo/questões","Sem identificação","Prova oficial","não verificado","não verificado","não verificado","Não identificada","sem identificação","Abrir manualmente, identificar conteúdo e validar contra o edital oficial.","Alta"
"storage/content/militar/pcrj-inspetor-2021-fgv/metadata.json","JSON de conteúdo/questões","Sem identificação","Prova oficial","não verificado","não verificado","não verificado","Não identificada","sem identificação","Abrir manualmente, identificar conteúdo e validar contra o edital oficial.","Alta"
"storage/content/militar/pcrj-investigador-2021-fgv/metadata.json","JSON de conteúdo/questões","Sem identificação","Prova oficial","não verificado","não verificado","não verificado","Não identificada","sem identificação","Abrir manualmente, identificar conteúdo e validar contra o edital oficial.","Alta"
"storage/content/militar/pcrn-delegado-2021-fgv/metadata.json","JSON de conteúdo/questões","Sem identificação","Prova oficial","não verificado","não verificado","não verificado","Não identificada","sem identificação","Abrir manualmente, identificar conteúdo e validar contra o edital oficial.","Alta"
"storage/content/militar/pcsc-delegado-2024-fgv/metadata.json","JSON de conteúdo/questões","Sem identificação","Prova oficial","não verificado","não verificado","não verificado","Não identificada","sem identificação","Abrir manualmente, identificar conteúdo e validar contra o edital oficial.","Alta"
"storage/content/militar/pm-ba-soldado-2023-fcc/metadata.json","JSON de conteúdo/questões","Sem identificação","Prova oficial","não verificado","não verificado","não verificado","Não identificada","sem identificação","Abrir manualmente, identificar conteúdo e validar contra o edital oficial.","Alta"
"storage/content/militar/pm-pb-soldado-pm-combatente-2023-ibfc/metadata.json","JSON de conteúdo/questões","Sem identificação","Prova oficial","não verificado","não verificado","não verificado","Não identificada","sem identificação","Abrir manualmente, identificar conteúdo e validar contra o edital oficial.","Alta"
"storage/content/militar/pm-se-soldado-pm-3a-classe-combatente-2025-selecon/gabaritos/pm-se-soldado-pm-3a-classe-combatente-2025-selecon-gabarito-definitivo.pdf","PDF","Sem identificação","pm-se-soldado-pm-3a-classe-combatente-2025-selecon-gabarito-definitivo","não verificado","não verificado","não verificado","Não identificada","sem identificação","Abrir manualmente, identificar conteúdo e validar contra o edital oficial.","Alta"
"storage/content/militar/pm-se-soldado-pm-3a-classe-combatente-2025-selecon/metadata.json","JSON de conteúdo/questões","Sem identificação","Prova oficial","não verificado","não verificado","não verificado","Não identificada","sem identificação","Abrir manualmente, identificar conteúdo e validar contra o edital oficial.","Alta"
"storage/content/militar/pmac-oficial-combatente-2023-fgv/metadata.json","JSON de conteúdo/questões","Sem identificação","Prova oficial","não verificado","não verificado","não verificado","Não identificada","sem identificação","Abrir manualmente, identificar conteúdo e validar contra o edital oficial.","Alta"
"storage/content/militar/pmal-soldado-combatente-2018-cebraspe/gabaritos/pmal-soldado-combatente-2018-cebraspe-gabarito-definitivo.pdf","PDF","Sem identificação","pmal-soldado-combatente-2018-cebraspe-gabarito-definitivo","não verificado","não verificado","não verificado","Não identificada","sem identificação","Abrir manualmente, identificar conteúdo e validar contra o edital oficial.","Alta"
"storage/content/militar/pmal-soldado-combatente-2018-cebraspe/metadata.json","JSON de conteúdo/questões","Sem identificação","Prova oficial","não verificado","não verificado","não verificado","Não identificada","sem identificação","Abrir manualmente, identificar conteúdo e validar contra o edital oficial.","Alta"
"storage/content/militar/pmam-oficial-2021-fgv/metadata.json","JSON de conteúdo/questões","Sem identificação","Prova oficial","não verificado","não verificado","não verificado","Não identificada","sem identificação","Abrir manualmente, identificar conteúdo e validar contra o edital oficial.","Alta"
"storage/content/militar/pmam-soldado-2021-fgv/metadata.json","JSON de conteúdo/questões","Sem identificação","Prova oficial","não verificado","não verificado","não verificado","Não identificada","sem identificação","Abrir manualmente, identificar conteúdo e validar contra o edital oficial.","Alta"
"storage/content/militar/pmce-soldado-2021-fgv/metadata.json","JSON de conteúdo/questões","Sem identificação","Prova oficial","não verificado","não verificado","não verificado","Não identificada","sem identificação","Abrir manualmente, identificar conteúdo e validar contra o edital oficial.","Alta"
"storage/content/militar/pmerj-cfo-2021-fgv/metadata.json","JSON de conteúdo/questões","Sem identificação","Prova oficial","não verificado","não verificado","não verificado","Não identificada","sem identificação","Abrir manualmente, identificar conteúdo e validar contra o edital oficial.","Alta"
"storage/content/militar/pmesp-cabo-2022-fgv-local/metadata.json","JSON de conteúdo/questões","Sem identificação","Prova oficial","não verificado","não verificado","não verificado","Não identificada","sem identificação","Abrir manualmente, identificar conteúdo e validar contra o edital oficial.","Alta"
"storage/content/militar/pmesp-sargento-2024-fgv/metadata.json","JSON de conteúdo/questões","Sem identificação","Prova oficial","não verificado","não verificado","não verificado","Não identificada","sem identificação","Abrir manualmente, identificar conteúdo e validar contra o edital oficial.","Alta"
"storage/content/militar/pmpb-cfo-2022-fgv/metadata.json","JSON de conteúdo/questões","Sem identificação","Prova oficial","não verificado","não verificado","não verificado","Não identificada","sem identificação","Abrir manualmente, identificar conteúdo e validar contra o edital oficial.","Alta"
"storage/content/militar/pmpi-soldado-pm-2017-nucepe-uespi/metadata.json","JSON de conteúdo/questões","Sem identificação","Prova oficial","não verificado","não verificado","não verificado","Não identificada","sem identificação","Abrir manualmente, identificar conteúdo e validar contra o edital oficial.","Alta"
"storage/content/militar/pmsp-cabo-pm-2022-fgv/gabaritos/pmsp-cabo-pm-2022-fgv-gabarito-definitivo.pdf","PDF","Sem identificação","pmsp-cabo-pm-2022-fgv-gabarito-definitivo","não verificado","duplicado","não verificado","Não identificada","sem identificação | duplicado | duplicatas: material-provas/fgv/provas PM/pmespcabo2022_gabarito_definitivo.pdf","Manter a versão mais completa/recente e remover ou ocultar duplicata.","Baixa"
"storage/content/militar/pmsp-cabo-pm-2022-fgv/metadata.json","JSON de conteúdo/questões","Sem identificação","Prova oficial","não verificado","não verificado","não verificado","Não identificada","sem identificação","Abrir manualmente, identificar conteúdo e validar contra o edital oficial.","Alta"
"storage/content/militar/pmsp-soldado-2017-vunesp/gabaritos/pmsp-soldado-2017-vunesp-gabarito-definitivo.pdf","PDF","Sem identificação","pmsp-soldado-2017-vunesp-gabarito-definitivo","não verificado","não verificado","não verificado","Não identificada","sem identificação","Abrir manualmente, identificar conteúdo e validar contra o edital oficial.","Alta"
"storage/content/militar/pmsp-soldado-2017-vunesp/metadata.json","JSON de conteúdo/questões","Sem identificação","Prova oficial","não verificado","não verificado","não verificado","Não identificada","sem identificação","Abrir manualmente, identificar conteúdo e validar contra o edital oficial.","Alta"
"storage/content/militar/pmsp-soldado-2023-vunesp/gabaritos/pmsp-soldado-2023-vunesp-gabarito-definitivo.pdf","PDF","Sem identificação","pmsp-soldado-2023-vunesp-gabarito-definitivo","não verificado","não verificado","não verificado","Não identificada","sem identificação","Abrir manualmente, identificar conteúdo e validar contra o edital oficial.","Alta"
"storage/content/militar/pmsp-soldado-2023-vunesp/metadata.json","JSON de conteúdo/questões","Sem identificação","Prova oficial","não verificado","não verificado","não verificado","Não identificada","sem identificação","Abrir manualmente, identificar conteúdo e validar contra o edital oficial.","Alta"
"storage/content/militar/pmsp-soldado-2024-fgv/metadata.json","JSON de conteúdo/questões","Sem identificação","Prova oficial","não verificado","não verificado","não verificado","Não identificada","sem identificação","Abrir manualmente, identificar conteúdo e validar contra o edital oficial.","Alta"
"storage/content/militar/pmsp-soldado-2025-fgv/gabaritos/pmsp-soldado-2025-fgv-gabarito-definitivo.pdf","PDF","Sem identificação","pmsp-soldado-2025-fgv-gabarito-definitivo","não verificado","não verificado","não verificado","Não identificada","sem identificação","Abrir manualmente, identificar conteúdo e validar contra o edital oficial.","Alta"
"storage/content/militar/pmsp-soldado-2025-fgv/metadata.json","JSON de conteúdo/questões","Sem identificação","Prova oficial","não verificado","não verificado","não verificado","Não identificada","sem identificação","Abrir manualmente, identificar conteúdo e validar contra o edital oficial.","Alta"
"storage/content/militar/pmto-quadro-de-pracas-da-policia-militar-2025-fgv/gabaritos/pmto-quadro-de-pracas-da-policia-militar-2025-fgv-gabarito-definitivo.pdf","PDF","Sem identificação","pmto-quadro-de-pracas-da-policia-militar-2025-fgv-gabarito-definitivo","não verificado","não verificado","não verificado","Não identificada","sem identificação","Abrir manualmente, identificar conteúdo e validar contra o edital oficial.","Alta"
"storage/content/militar/pmto-quadro-de-pracas-da-policia-militar-2025-fgv/metadata.json","JSON de conteúdo/questões","Sem identificação","Prova oficial","não verificado","não verificado","não verificado","Não identificada","sem identificação","Abrir manualmente, identificar conteúdo e validar contra o edital oficial.","Alta"
"src/data/apostilas/taf.js","apostila/módulo JS","TAF","TAF para PMMA","Apoio > TAF","precisa atualização","alto","Conferir texto vigente/edital 2026","precisa atualização/verificação legislativa","Conferir texto vigente e atualizar antes de publicar.","Alta"
"src/data/mockTAF.js","apostila/módulo JS","TAF","mockTAF","Apoio > TAF","pronto para entrar na plataforma","baixo","Não identificada","Nenhum problema crítico detectado","Complementar teoria, questões e revisão.","Média"
"src/data/taf_exercicios.json","JSON de conteúdo/questões","TAF","taf_exercicios","Apoio > TAF","pronto para entrar na plataforma","baixo","Não identificada","Nenhum problema crítico detectado","Complementar teoria, questões e revisão.","Média"