"path","fileClass","contentType","isPedagogicalContent","extractionStatus","objectiveCanonical","institution","contestCanonical","position","banca","year","disciplineCanonical","subjectCanonical","interfaceConnection","hash","size","classificationConfidence","classificationEvidence"
"src/data/apostilas/administracao-financeira-orcamentaria.js","pedagogical-content","apostila/módulo","true","leitura bem-sucedida","Concursos Fiscais","","","","","2026","","orçamento como lei, plano financeiro e instrumento de controle democrático","direct-ui-connection","3e920926ecbccee0cef2400133807a2673a4cccc194d5aee67dcc8872239ec2e","201372","alta","pedagogical-content; apostila/módulo; área fiscal; sem disciplina confiável"
"src/data/apostilas/administracao-publica-gestao-publica.js","pedagogical-content","apostila/módulo","true","leitura bem-sucedida","","","","","","2026","Direito Administrativo","diferença entre Estado, governo e Administração, separando função política de execução administrativa","direct-ui-connection","e50787241be711ef59e61c36c7a8645e95ebe8c1b9563b6ddbb9f446ba036548","213908","alta","pedagogical-content; apostila/módulo; sem evidência confiável; diretório/estrutura"
"src/data/apostilas/arquivologia.js","pedagogical-content","apostila/módulo","true","leitura bem-sucedida","Concursos Administrativos","","","","","2026","","arquivo como conjunto org[caractere ilegivel]nico de documentos produzidos por atividade institucional","direct-ui-connection","63683ef5f482f632c8d7abe858b45858fe06a57ea2666ff43587672e696133fb","198447","alta","pedagogical-content; apostila/módulo; área administrativa; sem disciplina confiável"
"src/data/apostilas/atendimento-publico-qualidade-servico-publico.js","pedagogical-content","apostila/módulo","true","leitura bem-sucedida","","","","","","2026","","atendimento como expressão concreta de cidadania, eficiência e respeito","direct-ui-connection","bd3c9980e8a481f774f875336d3b27fd61688078ab9a0f25e5e482bdd149c04e","201655","alta","pedagogical-content; apostila/módulo; sem evidência confiável; sem disciplina confiável"
"src/data/apostilas/atualidades-avancada.js","pedagogical-content","apostila/módulo","true","leitura bem-sucedida","OAB","OAB/FGV","","","","2026","Atualidades","leitura cr[caractere ilegivel]tica de fatos","direct-ui-connection","7f02e269e69967757f985e3e87561d5ee9e255c868e6c50d105649d9d73bc204","120919","alta","pedagogical-content; apostila/módulo; diretório/metadado OAB; diretório/estrutura"
"src/data/apostilas/atualidades.js","pedagogical-content","apostila/módulo","true","leitura bem-sucedida","","","","Soldado","","2026","Atualidades","M[caractere ilegivel]todo de estudo","direct-ui-connection","cfd238277511543068087f9fd8c0a4c2832e1cb31e9f4ae90cb542aca5b7f0b8","492552","alta","pedagogical-content; apostila/módulo; sem evidência confiável; diretório/estrutura"
"src/data/apostilas/banco-repertorios-redacao.js","pedagogical-content","redação","true","leitura bem-sucedida","OAB","OAB/FGV","","","","2026","Redação","Constitui[caractere ilegivel][caractere ilegivel]o, cidadania e dignidade humana","direct-ui-connection","25c32c8a56ee48aa81d558e95ad75ae4faa675d2ef3cc287be679e08d02a3d11","228143","alta","pedagogical-content; redação; diretório/metadado OAB; diretório/estrutura"
"src/data/apostilas/banco-temas-redacao-policial.js","pedagogical-content","redação","true","leitura bem-sucedida","OAB","OAB/FGV","","","","2026","Redação","Viol[caractere ilegivel]ncia urbana, preven[caractere ilegivel][caractere ilegivel]o e responsabilidade compartilhada","direct-ui-connection","a835f8a37877c51009dfa363f43485d7e56fda18f01a532bb8c7ab16e4eccbda","243473","alta","pedagogical-content; redação; diretório/metadado OAB; diretório/estrutura"
"src/data/apostilas/biologia-enem.js","pedagogical-content","apostila/módulo","true","leitura bem-sucedida","ENEM","INEP","","","","2026","Biologia","Citologia, membranas e metabolismo celular","direct-ui-connection","6277ac6251678fbd60b43ad3a584530caa3aedb816290748fece2c19116a3faf","173868","alta","pedagogical-content; apostila/módulo; diretório/metadado ENEM; diretório/estrutura"
"src/data/apostilas/caderno-erros-inteligente.js","pedagogical-content","apostila/módulo","true","leitura bem-sucedida","OAB","OAB/FGV","","","","2026","","Erro conceitual, erro de atenção e erro de estratégia","direct-ui-connection","d193741dda77abe02ccb952fb198825ec7bbe54c2b90adbe985fb7334595515a","218042","alta","pedagogical-content; apostila/módulo; diretório/metadado OAB; sem disciplina confiável"
"src/data/apostilas/ciencias-humanas-simulados.js","pedagogical-content","simulado","true","leitura bem-sucedida","ENEM","INEP","","","","2026","","Simulado 1: fontes hist[caractere ilegivel]ricas e cartografia","direct-ui-connection","c6b46dc77261dc412a9a91bbce2a831a3bc0db15e33dd2ada4a75bfea3757516","175967","alta","pedagogical-content; simulado; diretório/metadado ENEM; sem disciplina confiável"
"src/data/apostilas/ciencias-natureza-simulados.js","pedagogical-content","simulado","true","leitura bem-sucedida","ENEM","INEP","","","","2026","","Simulado 1: m[caractere ilegivel]todo cient[caractere ilegivel]fico e gr[caractere ilegivel]ficos","direct-ui-connection","5d4f570ed9cd8dc2dbd146708df856a683e735af55f52a1cfbf7a8a4d6c287d2","177303","alta","pedagogical-content; simulado; diretório/metadado ENEM; sem disciplina confiável"
"src/data/apostilas/comentarios-questoes-ia.js","pedagogical-content","banco de questões","true","leitura bem-sucedida","OAB","OAB/FGV","","","","2026","","O que um comentário de IA precisa ter","direct-ui-connection","cb41deabf7edd1585b3a4137b91e442de3649ac4fe7699fc721f7e03ead9c781","210059","alta","pedagogical-content; banco de questões; diretório/metadado OAB; sem disciplina confiável"
"src/data/apostilas/contabilidade-publica-basica.js","pedagogical-content","apostila/módulo","true","leitura bem-sucedida","Concursos Fiscais","","","","","2026","","registro, evidencia[caractere ilegivel][caractere ilegivel]o e controle do patrim[caractere ilegivel]nio p[caractere ilegivel]blico e atos relevantes","direct-ui-connection","108b6ff63c01b359bc63f304d6c56e97d5660493d2ec13f3ff6a75d71be822b4","202774","alta","pedagogical-content; apostila/módulo; área fiscal; sem disciplina confiável"
"src/data/apostilas/criminologia-seguranca-publica-avancada.js","pedagogical-content","apostila/módulo","true","leitura bem-sucedida","Tribunais","","","","","1988","Criminologia e Segurança Pública","Fundamentos da Criminologia","direct-ui-connection","8deb071a9ba5d3c5889174cbc9ebd4638b0a14f044f841d331d7f3269610ba33","313648","alta","pedagogical-content; apostila/módulo; termos de tribunais; diretório/estrutura"
"src/data/apostilas/criminologia-simulados-comentados.js","pedagogical-content","simulado","true","leitura bem-sucedida","Guarda Municipal","","","","","2026","Criminologia e Segurança Pública","criminologia estuda crime, criminoso, v[caractere ilegivel]tima e controle social com m[caractere ilegivel]todo emp[caractere ilegivel]rico e interdisciplinar","direct-ui-connection","0186b8b9a732f06a5777efed58e2daafdfa77d14780dbeb1c0b45b7889a23597","179720","alta","pedagogical-content; simulado; nome/sigla GM; diretório/estrutura"
"src/data/apostilas/ctb-codigo-transito-brasileiro.js","pedagogical-content","apostila/módulo","true","leitura bem-sucedida","Tribunais","","","","","1997","","Sistema Nacional de Tr[caractere ilegivel]nsito","direct-ui-connection","294e98e6d4d6ea2d926b207200679af99dc5eb539090ebfd6f262a7edcbf1b33","238969","alta","pedagogical-content; apostila/módulo; termos de tribunais; sem disciplina confiável"
"src/data/apostilas/ctb-simulados-comentados.js","pedagogical-content","simulado","true","leitura bem-sucedida","PRF","PRF","","","","2026","","[caractere ilegivel]rg[caractere ilegivel]os de tr[caractere ilegivel]nsito possuem compet[caractere ilegivel]ncias espec[caractere ilegivel]ficas de normatiza[caractere ilegivel][caractere ilegivel]o, fiscaliza[caractere ilegivel][caractere ilegivel]o, julgamento e educa[caractere ilegivel][caractere ilegivel]o","direct-ui-connection","4aea5ed43db8a1bcb0d1f70eb1210b815d4e2a91a55fa68a5a7c4f7391f881a6","176606","alta","pedagogical-content; simulado; sigla PRF; sem disciplina confiável"
"src/data/apostilas/direito-administrativo-avancado.js","pedagogical-content","apostila/módulo","true","leitura bem-sucedida","OAB","OAB/FGV","","","","2026","Direito Administrativo","l[caractere ilegivel]gica da Administra[caractere ilegivel][caractere ilegivel]o P[caractere ilegivel]blica","direct-ui-connection","a4769572cd6a445a91966d1baf1143e2f023c3cbf9e37e1a680dd12ffcecafae","129819","alta","pedagogical-content; apostila/módulo; diretório/metadado OAB; diretório/estrutura"
"src/data/apostilas/direito-administrativo.js","pedagogical-content","apostila/módulo","true","leitura bem-sucedida","","","","Soldado","","2026","Direito Administrativo","Organiza[caractere ilegivel][caractere ilegivel]o administrativa","direct-ui-connection","f524c3b4078eb32c39ccf4bdfbc84bcdf045ae9ff41f4234ae864cb1fc858aef","493215","alta","pedagogical-content; apostila/módulo; sem evidência confiável; diretório/estrutura"
"src/data/apostilas/direito-ambiental-avancado.js","pedagogical-content","apostila/módulo","true","leitura bem-sucedida","OAB","OAB/FGV","","","","2026","Direito Ambiental","Meio ambiente e princípios ambientais","direct-ui-connection","68a7a5418abd667792d90f4edf9076105a9608e8c7ae29a9114c58a4d6380ea8","143402","alta","pedagogical-content; apostila/módulo; diretório/metadado OAB; diretório/estrutura"
"src/data/apostilas/direito-ambiental.js","pedagogical-content","apostila/módulo","true","leitura bem-sucedida","","","","","","1988","Direito Ambiental","Meio ambiente na Constitui[caractere ilegivel][caractere ilegivel]o e princ[caractere ilegivel]pios ambientais","direct-ui-connection","f8925b46b6129044b5f9558aa270fdbe84ac045d6647199896f4a8758d2fcdd8","226184","alta","pedagogical-content; apostila/módulo; sem evidência confiável; diretório/estrutura"
"src/data/apostilas/direito-civil-avancado.js","pedagogical-content","apostila/módulo","true","leitura bem-sucedida","OAB","OAB/FGV","","","","2026","Direito Civil","Pessoa natural, personalidade, capacidade e direitos da personalidade","direct-ui-connection","73fb4c375946dc15cb15dfb6454ed14361cc0a345b0c3231ee56079e26db4d4b","159332","alta","pedagogical-content; apostila/módulo; diretório/metadado OAB; diretório/estrutura"
"src/data/apostilas/direito-civil.js","pedagogical-content","apostila/módulo","true","leitura bem-sucedida","","","","","","2026","Direito Civil","Lei de Introdu[caractere ilegivel][caractere ilegivel]o [caractere ilegivel]s Normas do Direito Brasileiro","direct-ui-connection","4d5fd30d21b7ece0241cddeb4e9c00c5c314d8429798535252e430844eb37114","490993","alta","pedagogical-content; apostila/módulo; sem evidência confiável; diretório/estrutura"
"src/data/apostilas/direito-constitucional-avancado.js","pedagogical-content","apostila/módulo","true","leitura bem-sucedida","OAB","OAB/FGV","","","","2026","Direito Constitucional","base do sistema constitucional","direct-ui-connection","68226b663acf70a8398ff28b326a99c5d37cad76929054e21fae24e6c26eb0bd","132905","alta","pedagogical-content; apostila/módulo; diretório/metadado OAB; diretório/estrutura"
"src/data/apostilas/direito-constitucional.js","pedagogical-content","apostila/módulo","true","leitura bem-sucedida","","","","Soldado","","2026","Direito Constitucional","Teoria constitucional","direct-ui-connection","181dc33928da76e5cee58f2202bb31174a3516a53e0a5b96eb0ce91bc76ba9e3","489569","alta","pedagogical-content; apostila/módulo; sem evidência confiável; diretório/estrutura"
"src/data/apostilas/direito-consumidor-avancado.js","pedagogical-content","apostila/módulo","true","leitura bem-sucedida","OAB","OAB/FGV","","","","2026","Direito do Consumidor","Relação de consumo e vulnerabilidade","direct-ui-connection","fcd7150151771d4931b26a25379ef39678a9e490aacc8378617e2a8095a152bb","147724","alta","pedagogical-content; apostila/módulo; diretório/metadado OAB; diretório/estrutura"
"src/data/apostilas/direito-consumidor.js","pedagogical-content","apostila/módulo","true","leitura bem-sucedida","OAB","OAB/FGV","","","","2026","Direito do Consumidor","Elementos da rela[caractere ilegivel][caractere ilegivel]o de consumo","direct-ui-connection","23c55f323976dc26186f9afe05be43269e770d9f9b9109938f8ca9ca155ff5f8","304598","alta","pedagogical-content; apostila/módulo; diretório/metadado OAB; diretório/estrutura"
"src/data/apostilas/direito-digital-lgpd-avancado.js","pedagogical-content","apostila/módulo","true","leitura bem-sucedida","OAB","OAB/FGV","","","","2026","Direito Digital/LGPD","Fundamentos do Direito Digital","direct-ui-connection","40f42aa3f7f091ddbc89383ecde05258fe2999fba35404d953cf59c247b23a42","144539","alta","pedagogical-content; apostila/módulo; diretório/metadado OAB; diretório/estrutura"
"src/data/apostilas/direito-digital-lgpd-crimes-ciberneticos.js","pedagogical-content","apostila/módulo","true","leitura bem-sucedida","Tribunais","","","","","2026","Direito Penal","No[caractere ilegivel][caractere ilegivel]es iniciais de Direito Digital","direct-ui-connection","edae1e8c8dd5d17917e99a783c80212432b29f58cf1a4cb7c5080a0d3c60e4a3","275724","alta","pedagogical-content; apostila/módulo; termos de tribunais; diretório/estrutura"
"src/data/apostilas/direito-eleitoral-avancado.js","pedagogical-content","apostila/módulo","true","leitura bem-sucedida","OAB","OAB/FGV","","","","1990","Direito Eleitoral","Direitos políticos e alistamento","direct-ui-connection","57eb2e9495907b7ea538fab9ff381f6ea85401466eb84e534f09f2bc801860a8","145388","alta","pedagogical-content; apostila/módulo; diretório/metadado OAB; diretório/estrutura"
"src/data/apostilas/direito-eleitoral.js","pedagogical-content","apostila/módulo","true","leitura bem-sucedida","Tribunais","","","","","2026","Direito Eleitoral","Direitos pol[caractere ilegivel]ticos, soberania popular, alistamento e voto","direct-ui-connection","f8135c89f0d31b38f95064a475c66702e2a678960b4f585be36376259d826d40","267680","alta","pedagogical-content; apostila/módulo; termos de tribunais; diretório/estrutura"
"src/data/apostilas/direito-empresarial-avancado.js","pedagogical-content","apostila/módulo","true","leitura bem-sucedida","OAB","OAB/FGV","","","","2026","Direito Empresarial","Empresa, empresário e estabelecimento","direct-ui-connection","ea32f32ccd27c8efdc9695b46b00e075448ddec3a6ca2db44b09fb146b0dd367","146767","alta","pedagogical-content; apostila/módulo; diretório/metadado OAB; diretório/estrutura"
"src/data/apostilas/direito-empresarial.js","pedagogical-content","apostila/módulo","true","leitura bem-sucedida","OAB","OAB/FGV","","","","2026","Direito Empresarial","Empres[caractere ilegivel]rio e empresa","direct-ui-connection","51fa2136e830a363c402ad6aa5e0f81b6b486836ca648876d84850f83d0798d8","305234","alta","pedagogical-content; apostila/módulo; diretório/metadado OAB; diretório/estrutura"
"src/data/apostilas/direito-financeiro-avancado.js","pedagogical-content","apostila/módulo","true","leitura bem-sucedida","OAB","OAB/FGV","","","","2026","Direito Financeiro","Atividade financeira do Estado","direct-ui-connection","ba6166179e46ff4425e574eae3cb353989249a00b7e6135fb23bbad4aa327c3b","142820","alta","pedagogical-content; apostila/módulo; diretório/metadado OAB; diretório/estrutura"
"src/data/apostilas/direito-financeiro.js","pedagogical-content","apostila/módulo","true","leitura bem-sucedida","OAB","OAB/FGV","","","","2026","Direito Financeiro","Direito Financeiro: conceito, objeto, fontes e autonomia","direct-ui-connection","7795a8ad3bf18f3af05920d3f4a2a3babe767b0aefcdd68e1b4aaa0b0c578e5d","286147","alta","pedagogical-content; apostila/módulo; diretório/metadado OAB; diretório/estrutura"
"src/data/apostilas/direito-internacional-avancado.js","pedagogical-content","apostila/módulo","true","leitura bem-sucedida","OAB","OAB/FGV","","","","2026","Direito Internacional","Fontes do Direito Internacional","direct-ui-connection","c5d694f1e64c842c921c31d2f236ee8334e949344cef7293c4b22af7d7092069","149113","alta","pedagogical-content; apostila/módulo; diretório/metadado OAB; diretório/estrutura"
"src/data/apostilas/direito-internacional.js","pedagogical-content","apostila/módulo","true","leitura bem-sucedida","Tribunais","","","","","2026","Direito Internacional","Fontes, sujeitos e princ[caractere ilegivel]pios do Direito Internacional P[caractere ilegivel]blico","direct-ui-connection","0440f5567a95b9591c6abb5c8772097d348c5d02e08cbf2e0ee76fe065ad71bd","261720","alta","pedagogical-content; apostila/módulo; termos de tribunais; diretório/estrutura"
"src/data/apostilas/direito-penal-militar-avancado.js","pedagogical-content","apostila/módulo","true","leitura bem-sucedida","Corpo de Bombeiros","","","","","2026","Direito Penal Militar","hierarquia, disciplina, regularidade das institui[caractere ilegivel][caractere ilegivel]es militares e prote[caractere ilegivel][caractere ilegivel]o do servi[caractere ilegivel]o","direct-ui-connection","b639c4122fdf25483be172f9bb90f9a52b2c9cc351f036a8a75f4fd0c049581f","158342","alta","pedagogical-content; apostila/módulo; sigla/instituição CBM; diretório/estrutura"
"src/data/apostilas/direito-penal-militar.js","pedagogical-content","apostila/módulo","true","leitura bem-sucedida","","","","Soldado","","2026","Direito Penal Militar","Conceito de crime militar","direct-ui-connection","ed811f01dc4ea91bc331501234b33f75ea60719f9c79fefe0e464f1e01ecc853","508446","alta","pedagogical-content; apostila/módulo; sem evidência confiável; diretório/estrutura"
"src/data/apostilas/direito-penal-parte-especial-avancado.js","pedagogical-content","apostila/módulo","true","leitura bem-sucedida","OAB","OAB/FGV","","","","2026","Direito Penal","vida humana como bem jur[caractere ilegivel]dico, diferen[caractere ilegivel]a entre matar, induzir, auxiliar e criar situa[caractere ilegivel][caractere ilegivel]o de risco extremo","direct-ui-connection","fa824683da2892d063e9faa8b27e40610e5597783e41b55f5b048ff78255b880","167876","alta","pedagogical-content; apostila/módulo; diretório/metadado OAB; diretório/estrutura"
"src/data/apostilas/direito-penal-parte-geral-avancado.js","pedagogical-content","apostila/módulo","true","leitura bem-sucedida","OAB","OAB/FGV","","","","2026","Direito Penal","limites do poder punitivo","direct-ui-connection","69fce4d54011e256e61fa8143162e386c76694f2e54df0bc3b0f880d7b8bbc3f","123047","alta","pedagogical-content; apostila/módulo; diretório/metadado OAB; diretório/estrutura"
"src/data/apostilas/direito-penal-parte-geral.js","pedagogical-content","apostila/módulo","true","leitura bem-sucedida","","","","Soldado","","2026","Direito Penal","Princ[caractere ilegivel]pios penais","direct-ui-connection","75d1d4df2660ccaa47d62a0dab3d35a2e539d636dee7a3c1945f0c82441a4526","481228","alta","pedagogical-content; apostila/módulo; sem evidência confiável; diretório/estrutura"
"src/data/apostilas/direito-previdenciario-avancado.js","pedagogical-content","apostila/módulo","true","leitura bem-sucedida","OAB","OAB/FGV","","","","2026","Direito Previdenciário","Seguridade Social e Previdência","direct-ui-connection","4a8bbf4c5aaa6639ea5b9e12c48a3d6c90fe1527fb83def5a479445ace018654","146239","alta","pedagogical-content; apostila/módulo; diretório/metadado OAB; diretório/estrutura"
"src/data/apostilas/direito-previdenciario.js","pedagogical-content","apostila/módulo","true","leitura bem-sucedida","OAB","OAB/FGV","","","","2026","Direito Previdenciário","Seguridade Social, Previdência Social e RGPS","direct-ui-connection","1dc8417edf406d7f291ef3a4fa9b8c693cf90948e3e5ae96bc5002b0bda05385","275055","alta","pedagogical-content; apostila/módulo; diretório/metadado OAB; diretório/estrutura"
"src/data/apostilas/direito-processual-civil-avancado.js","pedagogical-content","apostila/módulo","true","leitura bem-sucedida","OAB","OAB/FGV","","","","2026","Direito Processual Civil","Princ[caractere ilegivel]pios processuais, acesso [caractere ilegivel] justi[caractere ilegivel]a e coopera[caractere ilegivel][caractere ilegivel]o","direct-ui-connection","8fddca330c0f053c7f5393c2ac22247729df888e3aedb4325976b92d52504d5e","155304","alta","pedagogical-content; apostila/módulo; diretório/metadado OAB; diretório/estrutura"
"src/data/apostilas/direito-processual-civil.js","pedagogical-content","apostila/módulo","true","leitura bem-sucedida","","","","","","2026","Direito Processual Civil","Princ[caractere ilegivel]pios processuais civis","direct-ui-connection","e9983ce9bab68cef96eeaf5d8659402f2f7c43b1a6682e46f9bcbea326e16fac","493371","alta","pedagogical-content; apostila/módulo; sem evidência confiável; diretório/estrutura"
"src/data/apostilas/direito-processual-penal-avancado.js","pedagogical-content","apostila/módulo","true","leitura bem-sucedida","OAB","OAB/FGV","","","","2026","Direito Processual Penal","procedimento investigativo, informatividade, sigilo, contraditório diferido e justa causa","direct-ui-connection","b3868d80f8bbd7b993f423c46841e08636a23bbe1c5fe85ad1a8b8bd3b0f2022","159509","alta","pedagogical-content; apostila/módulo; diretório/metadado OAB; diretório/estrutura"
"src/data/apostilas/direito-processual-penal-militar-avancado.js","pedagogical-content","apostila/módulo","true","leitura bem-sucedida","Corpo de Bombeiros","","","","","2026","Direito Processual Penal Militar","apura[caractere ilegivel][caractere ilegivel]o de crime militar, documenta[caractere ilegivel][caractere ilegivel]o, preserva[caractere ilegivel][caractere ilegivel]o de prova e relat[caractere ilegivel]rio","direct-ui-connection","b2bd2a99b137f6bdf35a0e2d48a0c1f62a4a86b9be940d1cb1f95673eb3d5b25","158101","alta","pedagogical-content; apostila/módulo; sigla/instituição CBM; diretório/estrutura"
"src/data/apostilas/direito-processual-penal-militar.js","pedagogical-content","apostila/módulo","true","leitura bem-sucedida","","","","Soldado","","2026","Direito Processual Penal Militar","Inqu[caractere ilegivel]rito Policial Militar","direct-ui-connection","da1a5d1dc873c9c99fadd42baac50bc66a33034c9433f85357795c949dc4e023","504311","alta","pedagogical-content; apostila/módulo; sem evidência confiável; diretório/estrutura"
"src/data/apostilas/direito-processual-penal.js","pedagogical-content","apostila/módulo","true","leitura bem-sucedida","","","","Soldado","","2026","Direito Processual Penal","Princ[caractere ilegivel]pios processuais","direct-ui-connection","df7d7807848f38400056a06eee971f30e6006c41def8959c519b57fcf8c6e00b","488335","alta","pedagogical-content; apostila/módulo; sem evidência confiável; diretório/estrutura"
"src/data/apostilas/direito-processual-trabalho-avancado.js","pedagogical-content","apostila/módulo","true","leitura bem-sucedida","OAB","OAB/FGV","","","","2026","","Compet[caractere ilegivel]ncia da Justi[caractere ilegivel]a do Trabalho","direct-ui-connection","6ffa2733bb35ddc324a4f99d1bf3bd0eb18ca1400b4fd1f678ddc5a29802181d","152959","alta","pedagogical-content; apostila/módulo; diretório/metadado OAB; sem disciplina confiável"
"src/data/apostilas/direito-processual-trabalho.js","pedagogical-content","apostila/módulo","true","leitura bem-sucedida","OAB","OAB/FGV","","","","2026","","Princ[caractere ilegivel]pios processuais trabalhistas","direct-ui-connection","8ef6563396cdcc3be99a2acc6e3fd6a8ca26f41cd218ccbaa0e1a03092c9932a","275803","alta","pedagogical-content; apostila/módulo; diretório/metadado OAB; sem disciplina confiável"
"src/data/apostilas/direito-trabalho-avancado.js","pedagogical-content","apostila/módulo","true","leitura bem-sucedida","OAB","OAB/FGV","","","","2026","Direito do Trabalho","Relação de emprego e trabalho autônomo","direct-ui-connection","2f22421166d8fb5919c91a3a3773037170f6b01a4dbce725bc8a1951c35013f8","155852","alta","pedagogical-content; apostila/módulo; diretório/metadado OAB; diretório/estrutura"
"src/data/apostilas/direito-trabalho.js","pedagogical-content","apostila/módulo","true","leitura bem-sucedida","OAB","OAB/FGV","","","","2026","Direito do Trabalho","Princ[caractere ilegivel]pios trabalhistas","direct-ui-connection","52d0b79a9fe1cb9a045165bdfa050c30870362b4c17a494db24d52d3a668e8dd","269331","alta","pedagogical-content; apostila/módulo; diretório/metadado OAB; diretório/estrutura"
"src/data/apostilas/direito-tributario-avancado.js","pedagogical-content","apostila/módulo","true","leitura bem-sucedida","OAB","OAB/FGV","","","","2026","Direito Tributário","Sistema tribut[caractere ilegivel]rio e esp[caractere ilegivel]cies tribut[caractere ilegivel]rias","direct-ui-connection","4ff7b24f7bb5b2f6eaa68be736ec4ca76aa54f5b4e1a709d5a0e83e400480e09","151651","alta","pedagogical-content; apostila/módulo; diretório/metadado OAB; diretório/estrutura"
"src/data/apostilas/direito-tributario.js","pedagogical-content","apostila/módulo","true","leitura bem-sucedida","Tribunais","","","","","2026","Direito Tributário","Sistema Tribut[caractere ilegivel]rio Nacional e conceito de tributo","direct-ui-connection","bdcd6d1fd082b1aa9e66633a28363c073ce02f78e74d96659c79b1f840f50d9b","293161","alta","pedagogical-content; apostila/módulo; termos de tribunais; diretório/estrutura"
"src/data/apostilas/direitos-humanos-atividade-policial-casos-praticos.js","pedagogical-content","apostila/módulo","true","leitura bem-sucedida","PRF","PRF","","","","2026","Direitos Humanos","abordagem leg[caractere ilegivel]tima precisa de base objetiva, urbanidade, busca limitada e registro quando necess[caractere ilegivel]rio","direct-ui-connection","b42e3ca794ee9845aa3e5788698cb6b5caeea3762ba76c7a60d7cfe3285d9caf","179602","alta","pedagogical-content; apostila/módulo; sigla PRF; diretório/estrutura"
"src/data/apostilas/direitos-humanos-avancado.js","pedagogical-content","apostila/módulo","true","leitura bem-sucedida","OAB","OAB/FGV","","","","2026","Direitos Humanos","fundamentos dos direitos humanos","direct-ui-connection","dde56e2f3e6c93a33eb57cbfd462355c6a721ed473ac846ac05e5213945dec89","136247","alta","pedagogical-content; apostila/módulo; diretório/metadado OAB; diretório/estrutura"
"src/data/apostilas/direitos-humanos.js","pedagogical-content","apostila/módulo","true","leitura bem-sucedida","","","","Soldado","","2026","Direitos Humanos","Teoria geral dos direitos humanos","direct-ui-connection","bb20aad712d963ac6fda023eb7f37ef20fb5940319fa214db714461950dd9e4e","501737","alta","pedagogical-content; apostila/módulo; sem evidência confiável; diretório/estrutura"
"src/data/apostilas/eca-avancado.js","pedagogical-content","apostila/módulo","true","leitura bem-sucedida","OAB","OAB/FGV","","","","2026","","Proteção integral e prioridade absoluta","direct-ui-connection","a8f40c0bfd18e3cc41325271c64413e2b779cfb0cd3c7d1a9a0ca887fc554872","140801","alta","pedagogical-content; apostila/módulo; diretório/metadado OAB; sem disciplina confiável"
"src/data/apostilas/eca.js","pedagogical-content","apostila/módulo","true","leitura bem-sucedida","OAB","OAB/FGV","","","","2026","","Princ[caractere ilegivel]pios estruturantes do ECA","direct-ui-connection","6e17203bc120961b87684c844bafd5754de43189598e5a17f401e354933539ba","223722","alta","pedagogical-content; apostila/módulo; diretório/metadado OAB; sem disciplina confiável"
"src/data/apostilas/etica-profissional-oab.js","pedagogical-content","apostila/módulo","true","leitura bem-sucedida","OAB","OAB/FGV","","","","2026","","Regras deontol[caractere ilegivel]gicas fundamentais","direct-ui-connection","285850b1d42c5fe4edf29e0dcdef60cc6e997c8778b2cdc06292bd92e454a2a0","300646","alta","pedagogical-content; apostila/módulo; diretório/metadado OAB; sem disciplina confiável"
"src/data/apostilas/etica.js","pedagogical-content","apostila/módulo","true","leitura bem-sucedida","","","","Soldado","","2026","","Teoria da [caractere ilegivel]tica","direct-ui-connection","8e10abbb7b7bf4f2446890900deb789b1a4cb250433df5e50fa6607b0fcf8e29","499035","alta","pedagogical-content; apostila/módulo; sem evidência confiável; sem disciplina confiável"
"src/data/apostilas/filosofia-direito.js","pedagogical-content","apostila/módulo","true","leitura bem-sucedida","","","","","","2026","Filosofia","Conceito de Filosofia do Direito, dogm[caractere ilegivel]tica jur[caractere ilegivel]dica e pensamento cr[caractere ilegivel]tico","direct-ui-connection","027896412b4353b1f2d4a8bc17e3ccce0efb94f3c9259929b40538e4a46f163e","245446","alta","pedagogical-content; apostila/módulo; sem evidência confiável; diretório/estrutura"
"src/data/apostilas/filosofia-enem.js","pedagogical-content","apostila/módulo","true","leitura bem-sucedida","ENEM","INEP","","","","2026","Filosofia","Origem da filosofia e passagem do mito ao logos","direct-ui-connection","9887cd1f3b2d54162795142997624c72e8d811746f1c9453e13d0fd71c3f4896","177381","alta","pedagogical-content; apostila/módulo; diretório/metadado ENEM; diretório/estrutura"
"src/data/apostilas/fisica-enem.js","pedagogical-content","apostila/módulo","true","leitura bem-sucedida","ENEM","INEP","","","","2026","Física","Cinem[caractere ilegivel]tica, gr[caractere ilegivel]ficos e movimento","direct-ui-connection","701112ad462c5abee1a665ee1180336dfdd898ad8725bb9ce44b8a7bab40b6c6","171971","alta","pedagogical-content; apostila/módulo; diretório/metadado ENEM; diretório/estrutura"
"src/data/apostilas/flashcards-premium-disciplina.js","pedagogical-content","flashcards","true","leitura bem-sucedida","OAB","OAB/FGV","","","","2026","","Como criar flashcards que ensinam","direct-ui-connection","23df97a06d5c317b8517c070d05a7bfeb058070965f19d46ac4b150cb826ad18","213422","alta","pedagogical-content; flashcards; diretório/metadado OAB; sem disciplina confiável"
"src/data/apostilas/geografia-enem.js","pedagogical-content","apostila/módulo","true","leitura bem-sucedida","ENEM","INEP","","","","2026","Geografia","Cartografia, escala e orienta[caractere ilegivel][caractere ilegivel]o espacial","direct-ui-connection","5011f4aecdf45b002a0034c8e20e5db6284b156d9a75fa0425738bd6be820028","180274","alta","pedagogical-content; apostila/módulo; diretório/metadado ENEM; diretório/estrutura"
"src/data/apostilas/gestao-pessoas-servico-publico.js","pedagogical-content","apostila/módulo","true","leitura bem-sucedida","","","","","","2026","","gestão de pessoas como alinhamento entre servidores, competências e entrega pública","direct-ui-connection","5c708984fd6c376eb324114902be5d6738bd34cbc881c6f2fa44a5226e56688b","201845","alta","pedagogical-content; apostila/módulo; sem evidência confiável; sem disciplina confiável"
"src/data/apostilas/governanca-integridade-compliance-publico.js","pedagogical-content","apostila/módulo","true","leitura bem-sucedida","","","","","","2026","","direção, monitoramento e avaliação para entregar valor público com controle","direct-ui-connection","5c10ff397d3b1a1850588b332f1d87ca9877e66f04893fb3e29634d9aef19262","198093","alta","pedagogical-content; apostila/módulo; sem evidência confiável; sem disciplina confiável"
"src/data/apostilas/guarda-municipal-base-de-estudos.js","pedagogical-content","apostila/módulo","true","leitura bem-sucedida","Guarda Municipal","","","","","2026","","guarda municipal protege bens, servi[caractere ilegivel]os e instala[caractere ilegivel][caractere ilegivel]es, com atua[caractere ilegivel][caractere ilegivel]o preventiva e comunit[caractere ilegivel]ria conforme legisla[caractere ilegivel][caractere ilegivel]o","direct-ui-connection","1dc172ca834de9f52839fec23dc19c0c1e56fbed7dd6daa56f92655511d22de3","174761","alta","pedagogical-content; apostila/módulo; nome/sigla GM; sem disciplina confiável"
"src/data/apostilas/historia-enem.js","pedagogical-content","apostila/módulo","true","leitura bem-sucedida","ENEM","INEP","","","","2026","História","Tempo hist[caractere ilegivel]rico, fontes e mem[caractere ilegivel]ria","direct-ui-connection","063e6c0efb9c30dd069dd0556a4902768c99aebf313544dc4649d4d54a377203","181434","alta","pedagogical-content; apostila/módulo; diretório/metadado ENEM; diretório/estrutura"
"src/data/apostilas/index.js","pedagogical-container","apostila/módulo","false","leitura bem-sucedida","","","","","","","","","direct-ui-connection","171c027ab4a6ed039f145feb629c1402353b57f8d209cabc7ee242a3a1ab719b","23460","alta","pedagogical-container; apostila/módulo; sem evidência confiável; sem disciplina confiável"
"src/data/apostilas/informatica-avancada.js","pedagogical-content","apostila/módulo","true","leitura bem-sucedida","OAB","OAB/FGV","","","","2026","Informática","base computacional","direct-ui-connection","c0d497314984f9daffe4d95b4bbb358eadb0163c2ce2d99d80db3890926fbe93","118468","alta","pedagogical-content; apostila/módulo; diretório/metadado OAB; diretório/estrutura"
"src/data/apostilas/informatica.js","pedagogical-content","apostila/módulo","true","leitura bem-sucedida","","","","Soldado","","2026","Informática","Conceitos b[caractere ilegivel]sicos de inform[caractere ilegivel]tica","direct-ui-connection","7d085f08a01f0b6182101c038e7902b44a22511e6311291592f5a58bd2750a54","470102","alta","pedagogical-content; apostila/módulo; sem evidência confiável; diretório/estrutura"
"src/data/apostilas/legislacao-institucional-pmma-avancada.js","pedagogical-content","apostila/módulo","true","leitura bem-sucedida","Polícia Militar","PMMA","","Soldado","","2026","Legislação Institucional PMMA","Estatuto dos Policiais Militares do Maranh[caractere ilegivel]o","direct-ui-connection","df1cf53e586d80ab302e93a97582293ff2acfbf71535129264f61be24dff8389","382677","alta","pedagogical-content; apostila/módulo; sigla/instituição PMMA; diretório/estrutura"
"src/data/apostilas/legislacao-institucional-pmma-simulados-comentados.js","pedagogical-content","simulado","true","leitura bem-sucedida","Polícia Militar","PMMA","","","","2026","Legislação Institucional PMMA","estrutura militar estadual, valores, obediência legal e dever funcional","direct-ui-connection","d67f8d6fe80b50a81c99d29342ac23c1f7cd7b041c0ff6ae7ed8bfb78be57c47","158119","alta","pedagogical-content; simulado; sigla/instituição PMMA; diretório/estrutura"
"src/data/apostilas/legislacao-institucional-pmma.js","pedagogical-content","apostila/módulo","true","leitura bem-sucedida","Polícia Militar","PMMA","","Soldado","","2026","Legislação Institucional PMMA","Legisla[caractere ilegivel][caractere ilegivel]o institucional","direct-ui-connection","5d0c0160c17dd84c5b8973b24476409091defd319c4baedf1cd4c23b0440b86c","502724","alta","pedagogical-content; apostila/módulo; sigla/instituição PMMA; diretório/estrutura"
"src/data/apostilas/legislacao-penal-especial-avancada.js","pedagogical-content","apostila/módulo","true","leitura bem-sucedida","OAB","OAB/FGV","","","","2026","Direito Penal","tratamento penal mais rigoroso, equipara[caractere ilegivel][caractere ilegivel]es constitucionais e consequ[caractere ilegivel]ncias processuais","direct-ui-connection","32fa7f8f57f07dfa5d5354eb1078e9863d705b34f333b79ace84a5fa2c6ee98b","163668","alta","pedagogical-content; apostila/módulo; diretório/metadado OAB; diretório/estrutura"
"src/data/apostilas/legislacao-penal-especial.js","pedagogical-content","apostila/módulo","true","leitura bem-sucedida","","","","Soldado","","2026","Direito Penal","Lei de Drogas","direct-ui-connection","008f116adc397ba2a8a9a0a3764897cab3b3325ff1735054148d72178966ccd6","506801","alta","pedagogical-content; apostila/módulo; sem evidência confiável; diretório/estrutura"
"src/data/apostilas/legislacao-pmma-questoes-por-artigo.js","pedagogical-content","banco de questões","true","leitura bem-sucedida","Polícia Militar","PMMA","","","","2026","Legislação Institucional PMMA","miss[caractere ilegivel]o, hierarquia e disciplina formam a base da organiza[caractere ilegivel][caractere ilegivel]o militar estadual","direct-ui-connection","defffbf5856262c897bf01b30b7d7e2f1d6af53f0b974838000878b46c51bb89","174080","alta","pedagogical-content; banco de questões; sigla/instituição PMMA; diretório/estrutura"
"src/data/apostilas/licitacoes-contratos-modulo-exclusivo.js","pedagogical-content","apostila/módulo","true","leitura bem-sucedida","","","","","","2026","Direito Administrativo","licitação como instrumento para contratar solução vantajosa e controlar risco","direct-ui-connection","fc722dedc2d1564ce032b2e9d6e9f917734d1f56394765c5dc1e2dd590df4c45","204693","alta","pedagogical-content; apostila/módulo; sem evidência confiável; diretório/estrutura"
"src/data/apostilas/linguagens-enem.js","pedagogical-content","apostila/módulo","true","leitura bem-sucedida","ENEM","INEP","","","","2026","","Interpretação de textos verbais e não verbais","direct-ui-connection","68c03ea6fec7e20fd2f049cb69fe9bb57afa00b73f74f2cc767e439987303fc7","180549","alta","pedagogical-content; apostila/módulo; diretório/metadado ENEM; sem disciplina confiável"
"src/data/apostilas/mapas-mentais-textuais-disciplina.js","pedagogical-content","mapa mental","true","leitura bem-sucedida","OAB","OAB/FGV","","","","2026","","Portugu[caractere ilegivel]s: interpreta[caractere ilegivel][caractere ilegivel]o, gram[caractere ilegivel]tica e reda[caractere ilegivel][caractere ilegivel]o","direct-ui-connection","83393ea5a3cc4b2ce72de51832385868e67eef2dce9dc2270c98945952a2c822","220294","alta","pedagogical-content; mapa mental; diretório/metadado OAB; sem disciplina confiável"
"src/data/apostilas/matematica-basica.js","pedagogical-content","apostila/módulo","true","leitura bem-sucedida","","","","Soldado","","2026","Raciocínio Lógico-Matemático","Aritm[caractere ilegivel]tica b[caractere ilegivel]sica","direct-ui-connection","88f06b75dbb0f9aede61263ae1155cbd188561436f4cee3be816476e744952c9","444185","alta","pedagogical-content; apostila/módulo; sem evidência confiável; diretório/estrutura"
"src/data/apostilas/matematica-enem.js","pedagogical-content","apostila/módulo","true","leitura bem-sucedida","ENEM","INEP","","","","2026","Raciocínio Lógico-Matemático","Raz[caractere ilegivel]o, propor[caractere ilegivel][caractere ilegivel]o, escala e regra de tr[caractere ilegivel]s","direct-ui-connection","68c69166ac526631c5929b1616dc8f7728382520f6bf01d82afe840827deb310","178592","alta","pedagogical-content; apostila/módulo; diretório/metadado ENEM; diretório/estrutura"
"src/data/apostilas/matematica-raciocinio-logico-avancado.js","pedagogical-content","apostila/módulo","true","leitura bem-sucedida","OAB","OAB/FGV","","","","2026","Raciocínio Lógico-Matemático","l[caractere ilegivel]gica proposicional","direct-ui-connection","0adba67c21d778748c91d1c1a25b01d225eeadb7b20183933f1f60f3a4ac3136","121050","alta","pedagogical-content; apostila/módulo; diretório/metadado OAB; diretório/estrutura"
"src/data/apostilas/oab-1fase-direito-administrativo.js","pedagogical-content","apostila/módulo","true","leitura bem-sucedida","OAB","OAB/FGV","","1ª fase OAB","","1994","Direito Administrativo","Princípios administrativos e regime jurídico","direct-ui-connection","8bc43a765fa369bcd55392707dd27c4cbb106bcd1580d8a890911b8e6d4b291f","150205","alta","pedagogical-content; apostila/módulo; diretório/metadado OAB; diretório/estrutura"
"src/data/apostilas/oab-1fase-direito-civil.js","pedagogical-content","apostila/módulo","true","leitura bem-sucedida","OAB","OAB/FGV","","1ª fase OAB","","1994","Direito Civil","LINDB e aplicação da lei civil","direct-ui-connection","41e3af61f1a6a5202960b32b77ff138f13af9847fe8d41f544585e5ebbe8014a","141733","alta","pedagogical-content; apostila/módulo; diretório/metadado OAB; diretório/estrutura"
"src/data/apostilas/oab-1fase-direito-constitucional.js","pedagogical-content","apostila/módulo","true","leitura bem-sucedida","OAB","OAB/FGV","","1ª fase OAB","","1994","Direito Constitucional","Princípios fundamentais e interpretação constitucional","direct-ui-connection","1258ffba0da2ebc4707b62e1a02a91b75e14733ee079aaaa2567556bd93f061f","152336","alta","pedagogical-content; apostila/módulo; diretório/metadado OAB; diretório/estrutura"
"src/data/apostilas/oab-1fase-direito-penal.js","pedagogical-content","apostila/módulo","true","leitura bem-sucedida","OAB","OAB/FGV","","1ª fase OAB","","1994","Direito Penal","Princ[caractere ilegivel]pios penais e lei penal","direct-ui-connection","2cf62ed0911be43d67ba2ccb7da56aeb1f2a99d3be115e2e60fd1acb5088d527","141492","alta","pedagogical-content; apostila/módulo; diretório/metadado OAB; diretório/estrutura"
"src/data/apostilas/oab-1fase-etica-comentada.js","pedagogical-content","apostila/módulo","true","leitura bem-sucedida","OAB","OAB/FGV","","1ª fase OAB","","1994","","Inscri[caractere ilegivel][caractere ilegivel]o, atividade privativa e atos de advocacia","direct-ui-connection","daf9f379d4e89b49bc8d309df37857f29d8b88494d89f2ea37d446b8e7ced45d","156787","alta","pedagogical-content; apostila/módulo; diretório/metadado OAB; sem disciplina confiável"
"src/data/apostilas/oab-1fase-processo-civil.js","pedagogical-content","apostila/módulo","true","leitura bem-sucedida","OAB","OAB/FGV","","1ª fase OAB","","1994","Direito Processual Civil","Jurisdi[caractere ilegivel][caractere ilegivel]o, a[caractere ilegivel][caractere ilegivel]o e pressupostos processuais","direct-ui-connection","b1885db95b55586ef6d68341f6b410c4750855b7060ac1ba45bb1e9cb0e2e394","143301","alta","pedagogical-content; apostila/módulo; diretório/metadado OAB; diretório/estrutura"
"src/data/apostilas/oab-1fase-processo-penal.js","pedagogical-content","apostila/módulo","true","leitura bem-sucedida","OAB","OAB/FGV","","1ª fase OAB","","1994","Direito Processual Penal","Inquérito policial e investigação","direct-ui-connection","176037aeebc06f5960e36b8469ee008ade69725addd3f74d9336f7dac381ab28","139371","alta","pedagogical-content; apostila/módulo; diretório/metadado OAB; diretório/estrutura"
"src/data/apostilas/oab-1fase-simulado-completo.js","pedagogical-content","simulado","true","leitura bem-sucedida","OAB","OAB/FGV","","1ª fase OAB","","1994","","Ética profissional e Estatuto da Advocacia no simulado","direct-ui-connection","fec6cc8ef5fa80ce6f907419f5ed8cd6722c75972a8d019ab61be95629e56510","160326","alta","pedagogical-content; simulado; diretório/metadado OAB; sem disciplina confiável"
"src/data/apostilas/oab-1fase-trabalho-processo-trabalho.js","pedagogical-content","apostila/módulo","true","leitura bem-sucedida","OAB","OAB/FGV","","1ª fase OAB","","1994","","Relação de emprego e contrato de trabalho","direct-ui-connection","c5f07a0bba28466283afc13a9929d0abfb15c266bec3da99d41fcb08d19d1ee1","145142","alta","pedagogical-content; apostila/módulo; diretório/metadado OAB; sem disciplina confiável"
"src/data/apostilas/oab-2fase-espelhos-correcao.js","pedagogical-content","redação","true","leitura bem-sucedida","OAB","OAB/FGV","","2ª fase OAB","","1994","","Como o espelho distribui pontos","direct-ui-connection","8ea190acc793d01d738cbd39e7408fc6928ca66e7c878ab218382cb2ed886d5c","141702","alta","pedagogical-content; redação; diretório/metadado OAB; sem disciplina confiável"
"src/data/apostilas/oab-2fase-pecas-praticas.js","pedagogical-content","redação","true","leitura bem-sucedida","OAB","OAB/FGV","","2ª fase OAB","","1994","","Diagnóstico da peça e leitura do problema","direct-ui-connection","1a545bbe55d00788bcabec566064a8c7392c816f1c8541af054564cbb3ba16b3","146630","alta","pedagogical-content; redação; diretório/metadado OAB; sem disciplina confiável"
"src/data/apostilas/oab-2fase-treino-discursivas.js","pedagogical-content","apostila/módulo","true","leitura bem-sucedida","OAB","OAB/FGV","","2ª fase OAB","","1994","Redação","Método IRAC adaptado à OAB","direct-ui-connection","e500c0d5cc1e449c0e4d387d5e7f1236666ffc4faf9552629dbb157282257d55","140949","alta","pedagogical-content; apostila/módulo; diretório/metadado OAB; diretório/estrutura"
"src/data/apostilas/ordem-publica-defesa-social-seguranca-cidada.js","pedagogical-content","apostila/módulo","true","leitura bem-sucedida","Guarda Municipal","","","","","2026","","tranquilidade, salubridade, paz social, direitos e preven[caractere ilegivel][caractere ilegivel]o","direct-ui-connection","bf398d53801477e86204c796d0af6c3ac105a97a521770d4c893fe82077a1c40","156211","alta","pedagogical-content; apostila/módulo; nome/sigla GM; sem disciplina confiável"
"src/data/apostilas/organizacao-judiciaria.js","pedagogical-content","apostila/módulo","true","leitura bem-sucedida","","","","","","2026","","organiza[caractere ilegivel][caractere ilegivel]o do Judici[caractere ilegivel]rio como fun[caractere ilegivel][caractere ilegivel]o estatal de solu[caractere ilegivel][caractere ilegivel]o de conflitos e controle de direitos","direct-ui-connection","fda0ef7d6ee5c9415e08e7f3f42af45d54d3608fdfa889679c734148c332b8c2","200294","alta","pedagogical-content; apostila/módulo; sem evidência confiável; sem disciplina confiável"
"src/data/apostilas/plano-estudo-por-objetivo.js","pedagogical-content","apostila/módulo","true","leitura bem-sucedida","OAB","OAB/FGV","","","","2026","","Onboarding do aluno","direct-ui-connection","b04b8659709dd4c1f515a431fde2d74400a2db34c5c41b6a083cd94886f3d256","207342","alta","pedagogical-content; apostila/módulo; diretório/metadado OAB; sem disciplina confiável"
"src/data/apostilas/pmma-caderno-de-erros-inteligente.js","pedagogical-content","apostila/módulo","true","leitura bem-sucedida","Polícia Militar","PMMA","","","","2026","Legislação Institucional PMMA","todo erro por comando nasce de não separar o que a questão pergunta do que ela informa","direct-ui-connection","3ff61f80ddd8f1faed3fb19284cb74f8c05fb84f5338ec799c61a02b1b8b35ea","167802","alta","pedagogical-content; apostila/módulo; sigla/instituição PMMA; diretório/estrutura"
"src/data/apostilas/pmma-revisao-de-vespera.js","pedagogical-content","apostila/módulo","true","leitura bem-sucedida","Polícia Militar","PMMA","","","","2026","Legislação Institucional PMMA","v[caractere ilegivel]spera serve para consolidar pontos de alto retorno, n[caractere ilegivel]o para tentar estudar tudo do zero","direct-ui-connection","b7c81ba2d1a2c6a471df13faf9094a9225dadfa015f0c3482a10f528559df10a","173899","alta","pedagogical-content; apostila/módulo; sigla/instituição PMMA; diretório/estrutura"
"src/data/apostilas/pmma-simulado-final-completo.js","pedagogical-content","simulado","true","leitura bem-sucedida","Polícia Militar","PMMA","","","","2026","Legislação Institucional PMMA","interpreta[caractere ilegivel][caractere ilegivel]o, coes[caractere ilegivel]o, pontua[caractere ilegivel][caractere ilegivel]o e reescrita precisam preservar sentido e comando","direct-ui-connection","13fed641744510b0bca4f33a2efa532f12f5ee004e44ec18e883dd46fa9204ae","171355","alta","pedagogical-content; simulado; sigla/instituição PMMA; diretório/estrutura"
"src/data/apostilas/policia-comunitaria-mediacao-conflitos.js","pedagogical-content","apostila/módulo","true","leitura bem-sucedida","Guarda Municipal","","","","","2026","Criminologia e Segurança Pública","aproximação, confiança, corresponsabilidade e prevenção orientada ao problema","direct-ui-connection","8718a7ff25f61654e8fe3733f70ff9c98b019d09cdb23a9e29f6dd4ab7732792","156581","alta","pedagogical-content; apostila/módulo; nome/sigla GM; diretório/estrutura"
"src/data/apostilas/policia-penal-base-de-estudos.js","pedagogical-content","apostila/módulo","true","leitura bem-sucedida","Polícia Penal","","","","","2026","Direito Penal","polícia penal atua na segurança dos estabelecimentos penais e custódia legal","direct-ui-connection","c6b97366e9b87988838138e33eecece76ca20d2f2e87a481f2867266ff2cdccb","173965","alta","pedagogical-content; apostila/módulo; sigla/instituição PP; diretório/estrutura"
"src/data/apostilas/portugues-avancado.js","pedagogical-content","apostila/módulo","true","leitura bem-sucedida","OAB","OAB/FGV","","","","2026","Língua Portuguesa","leitura estrat[caractere ilegivel]gica","direct-ui-connection","f887ee4062b601c9d0f022700b4c6bddc3ec4b3350d4d37e5fb24030655232ed","121562","alta","pedagogical-content; apostila/módulo; diretório/metadado OAB; diretório/estrutura"
"src/data/apostilas/portugues-pmma-interpretacao.js","pedagogical-content","apostila/módulo","true","leitura bem-sucedida","Polícia Militar","PMMA","","Soldado","","2026","Legislação Institucional PMMA","Interpreta[caractere ilegivel][caractere ilegivel]o de texto","direct-ui-connection","9c55d04f4e9f9ca7a4d6c59265337ec9d394843df29bb0ff8aec1165046eb92c","449214","alta","pedagogical-content; apostila/módulo; sigla/instituição PMMA; diretório/estrutura"
"src/data/apostilas/portugues-pmma-ortografia-morfologia.js","pedagogical-content","apostila/módulo","true","leitura bem-sucedida","Polícia Militar","PMMA","","Soldado","","2026","Legislação Institucional PMMA","Ortografia","direct-ui-connection","210ea3f58b9d5e5c9dbef640f3d6890afd7092d0d3683cd72207a10636017adf","444873","alta","pedagogical-content; apostila/módulo; sigla/instituição PMMA; diretório/estrutura"
"src/data/apostilas/portugues-pmma-sintaxe.js","pedagogical-content","apostila/módulo","true","leitura bem-sucedida","Polícia Militar","PMMA","","Soldado","","2026","Legislação Institucional PMMA","Concord[caractere ilegivel]ncia verbal","direct-ui-connection","c7d5b3e8c77f58b8cb781768ebda78118dbb7f97aae4b8f1879b6d854c306ccf","458815","alta","pedagogical-content; apostila/módulo; sigla/instituição PMMA; diretório/estrutura"
"src/data/apostilas/prf-base-de-estudos.js","pedagogical-content","apostila/módulo","true","leitura bem-sucedida","PRF","PRF","","","","2026","","PRF atua na seguran[caractere ilegivel]a p[caractere ilegivel]blica e vi[caractere ilegivel]ria em rodovias e [caractere ilegivel]reas de interesse federal conforme compet[caractere ilegivel]ncia","direct-ui-connection","ab19f5d9d523302ef568479b34fb741b4f2e9ea6a6ef3db5635d3abc3a88232c","172673","alta","pedagogical-content; apostila/módulo; sigla PRF; sem disciplina confiável"
"src/data/apostilas/quimica-enem.js","pedagogical-content","apostila/módulo","true","leitura bem-sucedida","ENEM","INEP","","","","2026","Química","Mat[caractere ilegivel]ria, propriedades e separa[caractere ilegivel][caractere ilegivel]o de misturas","direct-ui-connection","8c2c1a0e842ed2f261547128883ba27cad3e87e197ff4be7eb0f69fa92812a0b","176019","alta","pedagogical-content; apostila/módulo; diretório/metadado ENEM; diretório/estrutura"
"src/data/apostilas/raciocinio-logico.js","pedagogical-content","apostila/módulo","true","leitura bem-sucedida","","","","Soldado","","2026","Raciocínio Lógico-Matemático","L[caractere ilegivel]gica proposicional","direct-ui-connection","508b674cc9d3321e59c4bcbedd3aea5bece60b03f572218ccc4b711b0980c9a2","467552","alta","pedagogical-content; apostila/módulo; sem evidência confiável; diretório/estrutura"
"src/data/apostilas/redacao-concursos-policiais.js","pedagogical-content","redação","true","leitura bem-sucedida","OAB","OAB/FGV","","","","2026","Redação","montagem do texto dissertativo para banca policial","direct-ui-connection","6a62bc30cd042932ed1ea9dd6521a42cd45c758de70373d016e78d8dd1906c60","138368","alta","pedagogical-content; redação; diretório/metadado OAB; diretório/estrutura"
"src/data/apostilas/redacao-enem.js","pedagogical-content","redação","true","leitura bem-sucedida","ENEM","INEP","","","","2026","Redação","Compet[caractere ilegivel]ncias da reda[caractere ilegivel][caractere ilegivel]o e leitura da proposta","direct-ui-connection","643590b87ddd28556dc6de7d2b1ae0fbf79a9d74770cefd7508e5b7c6ec5b47e","182920","alta","pedagogical-content; redação; diretório/metadado ENEM; diretório/estrutura"
"src/data/apostilas/redacao.js","pedagogical-content","redação","true","leitura bem-sucedida","","","","Soldado","","2026","Redação","Estrutura textual","direct-ui-connection","4dfd4f0a807f33e243a30fe65bb7302fd078c98673b77b5a580d16e7b70106b4","487854","alta","pedagogical-content; redação; sem evidência confiável; diretório/estrutura"
"src/data/apostilas/regimentos-internos-tribunais.js","pedagogical-content","apostila/módulo","true","leitura bem-sucedida","","","","","","2026","","m[caractere ilegivel]todo para transformar artigos regimentais em mapa de compet[caractere ilegivel]ncia e procedimento","direct-ui-connection","64d987091980e18ba2b919012f764bfcae70eb04b0e2cc3034bd4a4271a702b2","198678","alta","pedagogical-content; apostila/módulo; sem evidência confiável; sem disciplina confiável"
"src/data/apostilas/revisao-24h-prova.js","pedagogical-content","apostila/módulo","true","leitura bem-sucedida","OAB","OAB/FGV","","","","2026","","Objetivo real das [caractere ilegivel]ltimas 24 horas","direct-ui-connection","704cba15d84bc9d3c1467ac0b6dabf3910332335a44f07472c08835621e2903d","208225","alta","pedagogical-content; apostila/módulo; diretório/metadado OAB; sem disciplina confiável"
"src/data/apostilas/revisao-7-dias-prova.js","pedagogical-content","apostila/módulo","true","leitura bem-sucedida","OAB","OAB/FGV","","","","2026","","Diagnóstico da semana final","direct-ui-connection","3f5e941643de9ea7371270420d719ddd857cb80335ceef1875ae8a74003e2a94","209404","alta","pedagogical-content; apostila/módulo; diretório/metadado OAB; sem disciplina confiável"
"src/data/apostilas/revisao-enem-vespera.js","pedagogical-content","apostila/módulo","true","leitura bem-sucedida","ENEM","INEP","","","","2026","","Plano de revis[caractere ilegivel]o das [caractere ilegivel]ltimas 48 horas","direct-ui-connection","1d3bfa275bfbcd3c609d9f488876b0faae1a8d03c6f7aa2dc69229888fee59d6","174549","alta","pedagogical-content; apostila/módulo; diretório/metadado ENEM; sem disciplina confiável"
"src/data/apostilas/seguranca-publica-avancada-simulados.js","pedagogical-content","simulado","true","leitura bem-sucedida","PRF","PRF","","","","2026","","seguran[caractere ilegivel]a p[caractere ilegivel]blica como dever do Estado e responsabilidade de todos, com [caractere ilegivel]rg[caractere ilegivel]os e compet[caractere ilegivel]ncias distintos","direct-ui-connection","600b94000557e8d3d1973e15321506bf681448b5291089b590bd92001fb726f3","187000","alta","pedagogical-content; simulado; sigla PRF; sem disciplina confiável"
"src/data/apostilas/simulados-por-banca.js","pedagogical-content","simulado","true","leitura bem-sucedida","OAB","OAB/FGV","","","","2026","","Por que banca muda estratégia","direct-ui-connection","e3fafd6cf148bf594c16685718c53607e977874ddc7f8f9a7a4886bf0382cc35","206086","alta","pedagogical-content; simulado; diretório/metadado OAB; sem disciplina confiável"
"src/data/apostilas/simulados-por-concurso.js","pedagogical-content","simulado","true","leitura bem-sucedida","OAB","OAB/FGV","","","","2026","","Simulado PMMA","direct-ui-connection","a012e782fd019c40095343df1bc86468637d01537e36231b03d4ae1e7ca8f511","210571","alta","pedagogical-content; simulado; diretório/metadado OAB; sem disciplina confiável"
"src/data/apostilas/simulados-por-nivel.js","pedagogical-content","simulado","true","leitura bem-sucedida","OAB","OAB/FGV","","","","2026","","Nível iniciante","direct-ui-connection","18833b30941b0060f4fa1f034f3c421fc461cb09b2ddf531f62fd67b891357a1","203865","alta","pedagogical-content; simulado; diretório/metadado OAB; sem disciplina confiável"
"src/data/apostilas/sociologia-enem.js","pedagogical-content","apostila/módulo","true","leitura bem-sucedida","ENEM","INEP","","","","2026","Sociologia","Imagina[caractere ilegivel][caractere ilegivel]o sociol[caractere ilegivel]gica e fato social","direct-ui-connection","0fa8be44cfd8a697e5fb1274de13d6588e5c116da351bf7bc11b62a00fb8aaba","175444","alta","pedagogical-content; apostila/módulo; diretório/metadado ENEM; diretório/estrutura"
"src/data/apostilas/taf.js","pedagogical-content","TAF","true","leitura bem-sucedida","","","","Soldado","","2026","","Teste de Aptid[caractere ilegivel]o F[caractere ilegivel]sica","direct-ui-connection","1614dcf17b1c9d6b2c162010210332a0b5d1c484296acaf7c3551efa87f2987f","480833","alta","pedagogical-content; TAF; sem evidência confiável; sem disciplina confiável"
"src/data/apostilas/uso-diferenciado-da-forca-atuacao-policial.js","pedagogical-content","apostila/módulo","true","leitura bem-sucedida","Guarda Municipal","","","","","2026","","for[caractere ilegivel]a como meio excepcional, progressivo, controlado e justific[caractere ilegivel]vel","direct-ui-connection","767a72c5e509f404ba911461394c8c7124ab1fe8dbdca0378be7e22bdc59c856","157985","alta","pedagogical-content; apostila/módulo; nome/sigla GM; sem disciplina confiável"
"storage/content/leis/cdc/artigos.json","pedagogical-content","lei/legislação","true","leitura bem-sucedida","","","cdc","","","1965","Direito do Consumidor","","local-only","bc93b2b1c3c3b0771fe30827939adfe08c1daef0044e4998a7484a3c0fd77e39","247617","alta","pedagogical-content; lei/legislação; sem evidência confiável; diretório/estrutura"
"storage/content/leis/cdc/meta.json","pedagogical-content","lei/legislação","true","leitura bem-sucedida","","","cdc","","","","Direito do Consumidor","","local-only","8117084f33f19c3e05a0454c88cee9eb2825a034b1041b0c1f3de63bbfeaaa00","235","alta","pedagogical-content; lei/legislação; sem evidência confiável; diretório/estrutura"
"storage/content/leis/cdc/texto.txt","pedagogical-content","lei/legislação","true","leitura bem-sucedida","","","cdc","","","1966","Direito do Consumidor","","local-only","4a92ed20eb47584a16c6579668bbacf55a95105f4432d394695bf9bd88264aab","117247","alta","pedagogical-content; lei/legislação; sem evidência confiável; diretório/estrutura"
"storage/content/leis/cf88/artigos.json","pedagogical-content","lei/legislação","true","leitura bem-sucedida","","","cf88","","","1988","Direito Constitucional","","local-only","050a46271d450468a2be92bf940922c0cbd1acbc9b86c6807a01fa305341ebf1","1447042","alta","pedagogical-content; lei/legislação; sem evidência confiável; diretório/estrutura"
"storage/content/leis/cf88/meta.json","pedagogical-content","lei/legislação","true","leitura bem-sucedida","","","cf88","","","1988","Direito Constitucional","","local-only","64134862714e61040766447b744eaf5f91f83293ee7dca0040fa5d7076462a2f","261","alta","pedagogical-content; lei/legislação; sem evidência confiável; diretório/estrutura"
"storage/content/leis/cf88/texto.txt","pedagogical-content","lei/legislação","true","leitura bem-sucedida","","","cf88","","","1988","Direito Constitucional","","local-only","f91674fb8132f1367ca90a9b9e66a8c7743fbef1422592dd8d35a53db65939e6","919935","alta","pedagogical-content; lei/legislação; sem evidência confiável; diretório/estrutura"
"storage/content/leis/clt/artigos.json","pedagogical-content","lei/legislação","true","leitura bem-sucedida","","","clt","","","1943","Direito do Trabalho","","local-only","11e0902f8b4d94574ae3fb8876a0776e1d89117bd825b6c5dff2a6200eaa7edb","1663445","alta","pedagogical-content; lei/legislação; sem evidência confiável; diretório/estrutura"
"storage/content/leis/clt/meta.json","pedagogical-content","lei/legislação","true","leitura bem-sucedida","","","clt","","","","Direito do Trabalho","","local-only","bf1dbd36aeb7a40dfb57e9737154fc952286a6157a49adc7b18e4bf0063b0906","240","alta","pedagogical-content; lei/legislação; sem evidência confiável; diretório/estrutura"
"storage/content/leis/clt/texto.txt","pedagogical-content","lei/legislação","true","leitura bem-sucedida","","","clt","","","1943","Direito do Trabalho","","local-only","7bb298cde660a4bd7933b258d9b128cf20f6ea04f46fd9f070c8f253186f066c","1500502","alta","pedagogical-content; lei/legislação; sem evidência confiável; diretório/estrutura"
"storage/content/leis/codigo-civil/artigos.json","pedagogical-content","lei/legislação","true","leitura bem-sucedida","","","codigo-civil","","","2015","","","local-only","88f87f3f596cd5985c83690063f000f20778100f36b823749da28643c2925227","1672460","alta","pedagogical-content; lei/legislação; sem evidência confiável; sem disciplina confiável"
"storage/content/leis/codigo-civil/meta.json","pedagogical-content","lei/legislação","true","leitura bem-sucedida","","","codigo-civil","","","2002","Direito Civil","","local-only","d2b7ff5d03da870c9a981b3db8190acc6ab0f8bc2c6b7040d7be65501786a767","228","alta","pedagogical-content; lei/legislação; sem evidência confiável; diretório/estrutura"
"storage/content/leis/codigo-civil/texto.txt","pedagogical-content","lei/legislação","true","leitura bem-sucedida","","","codigo-civil","","","2002","","","local-only","58902377924af4757bfe48b698c5b8b7e1baab5d1435df7e35491a03bb0ea3cf","660778","alta","pedagogical-content; lei/legislação; sem evidência confiável; sem disciplina confiável"
"storage/content/leis/codigo-etica-oab/artigos.json","pedagogical-content","lei/legislação","true","leitura bem-sucedida","OAB","OAB/FGV","codigo-etica-oab","","","2000","Ética Profissional","","local-only","71d10b6c3303cb77bca7bae7731bbace419889c447832055624646ed30166aec","59519","alta","pedagogical-content; lei/legislação; diretório/metadado OAB; diretório/estrutura"
"storage/content/leis/codigo-etica-oab/meta.json","pedagogical-content","lei/legislação","true","leitura bem-sucedida","OAB","OAB/FGV","codigo-etica-oab","","","","Ética Profissional","","local-only","e78c5f7a0c7666fd5e9e9f259c41d7a25eb278c40689da6531f4b1268b713711","273","alta","pedagogical-content; lei/legislação; diretório/metadado OAB; diretório/estrutura"
"storage/content/leis/codigo-etica-oab/texto.txt","pedagogical-content","lei/legislação","true","leitura bem-sucedida","OAB","OAB/FGV","codigo-etica-oab","","","1994","Ética Profissional","","local-only","b3c8b1005aed89b6fe49c822023245595c046a636d43c43be140abfe1419bfd8","28905","alta","pedagogical-content; lei/legislação; diretório/metadado OAB; diretório/estrutura"
"storage/content/leis/codigo-penal/artigos.json","pedagogical-content","lei/legislação","true","leitura bem-sucedida","","","codigo-penal","","","1984","Direito Penal","","local-only","6be08fd0645eb0a98eb1d2b0a700f09c76fadf53516e2d141606f34c9de6d869","498602","alta","pedagogical-content; lei/legislação; sem evidência confiável; diretório/estrutura"
"storage/content/leis/codigo-penal/meta.json","pedagogical-content","lei/legislação","true","leitura bem-sucedida","","","codigo-penal","","","","Direito Penal","","local-only","36ca84d8ced98a069d2c7bae059c28a5cda9bb41c8b8278074cc62510a745ec6","231","alta","pedagogical-content; lei/legislação; sem evidência confiável; diretório/estrutura"
"storage/content/leis/codigo-penal/texto.txt","pedagogical-content","lei/legislação","true","leitura bem-sucedida","","","codigo-penal","","","1940","Direito Penal","","local-only","8803ebe4686e2d2ae4981393381808c822b6e9146579c932b68170dfe54fd174","295627","alta","pedagogical-content; lei/legislação; sem evidência confiável; diretório/estrutura"
"storage/content/leis/cpc/artigos.json","pedagogical-content","lei/legislação","true","leitura bem-sucedida","","","cpc","","","2006","Direito Processual Civil","","local-only","f0a4f6ceddd125f1533d6218e2000531d926e16f0a2fcbffaba5850bc34e7082","1430645","alta","pedagogical-content; lei/legislação; sem evidência confiável; diretório/estrutura"
"storage/content/leis/cpc/meta.json","pedagogical-content","lei/legislação","true","leitura bem-sucedida","","","cpc","","","2018","Direito Processual Civil","","local-only","247736ded22b8cea3fa42c42ea3838d2f10d03b459775253baa99de086caa810","236","alta","pedagogical-content; lei/legislação; sem evidência confiável; diretório/estrutura"
"storage/content/leis/cpc/texto.txt","pedagogical-content","lei/legislação","true","leitura bem-sucedida","","","cpc","","","2015","Direito Processual Civil","","local-only","0c0bc3481e9b6dbef9713e997f8831fa88926af1c8b247e96573f902edc117a9","611370","alta","pedagogical-content; lei/legislação; sem evidência confiável; diretório/estrutura"
"storage/content/leis/cpp/artigos.json","pedagogical-content","lei/legislação","true","leitura bem-sucedida","","","cpp","","","1973","Direito Processual Penal","","local-only","6e1c03e188c16e3a8e73aa377d2a1280ef12a0e95ed178007388de09701ac99a","830513","alta","pedagogical-content; lei/legislação; sem evidência confiável; diretório/estrutura"
"storage/content/leis/cpp/meta.json","pedagogical-content","lei/legislação","true","leitura bem-sucedida","","","cpp","","","","Direito Processual Penal","","local-only","b7c75c541ab94b23288c75c112301b2834c17a9b332b8c3be6b94bccfb80a211","235","alta","pedagogical-content; lei/legislação; sem evidência confiável; diretório/estrutura"
"storage/content/leis/cpp/texto.txt","pedagogical-content","lei/legislação","true","leitura bem-sucedida","","","cpp","","","1941","Direito Processual Penal","","local-only","5256d3129f6051e4e0a3a51340c97fc4884b109ea2c5422a62d3df984927940d","528951","alta","pedagogical-content; lei/legislação; sem evidência confiável; diretório/estrutura"
"storage/content/leis/ctn/artigos.json","pedagogical-content","lei/legislação","true","leitura bem-sucedida","","","ctn","","","1965","Direito Tributário","","local-only","183f6c818d2e0e7d2d4e8b8b6e277ce515e81a972018569ee60cc315f025ebd6","243868","alta","pedagogical-content; lei/legislação; sem evidência confiável; diretório/estrutura"
"storage/content/leis/ctn/meta.json","pedagogical-content","lei/legislação","true","leitura bem-sucedida","","","ctn","","","","Direito Tributário","","local-only","b18b868c3961cea0ef9304fa1a804bff966e70c97936d6f4be05a67c1adad81a","228","alta","pedagogical-content; lei/legislação; sem evidência confiável; diretório/estrutura"
"storage/content/leis/ctn/texto.txt","pedagogical-content","lei/legislação","true","leitura bem-sucedida","","","ctn","","","1966","Direito Tributário","","local-only","4a92ed20eb47584a16c6579668bbacf55a95105f4432d394695bf9bd88264aab","117247","alta","pedagogical-content; lei/legislação; sem evidência confiável; diretório/estrutura"
"storage/content/leis/estatuto-oab/artigos.json","pedagogical-content","lei/legislação","true","leitura bem-sucedida","OAB","OAB/FGV","estatuto-oab","","","2022","Ética Profissional","","local-only","5dc58800e446c7ba6b462daa1f420620711c586ee4eeea3d1deccce1ba987ca6","190747","alta","pedagogical-content; lei/legislação; diretório/metadado OAB; diretório/estrutura"
"storage/content/leis/estatuto-oab/meta.json","pedagogical-content","lei/legislação","true","leitura bem-sucedida","OAB","OAB/FGV","estatuto-oab","","","","Ética Profissional","","local-only","6f817b7b700c471f299b7b2c0ef6076ea918b2921ad3db54123a4866a04b4bc7","239","alta","pedagogical-content; lei/legislação; diretório/metadado OAB; diretório/estrutura"
"storage/content/leis/estatuto-oab/texto.txt","pedagogical-content","lei/legislação","true","leitura bem-sucedida","OAB","OAB/FGV","estatuto-oab","","","1994","Ética Profissional","","local-only","639c48be0a4338c36154aa326fe97747826fe88b5b9616f7a59a15e6c07a7e5b","96788","alta","pedagogical-content; lei/legislação; diretório/metadado OAB; diretório/estrutura"
"storage/content/leis/index.json","pedagogical-content","lei/legislação","true","leitura bem-sucedida","","","index.json","","","1988","Direito Constitucional","","local-only","3d50e71d9025b633a377dc04d4c01c858db8c0c5f0d095c41c29cd9e4b7dc875","9669742","alta","pedagogical-content; lei/legislação; sem evidência confiável; diretório/estrutura"
"storage/content/leis/regulamento-oab/artigos.json","pedagogical-content","lei/legislação","true","leitura bem-sucedida","OAB","OAB/FGV","regulamento-oab","","","2000","Ética Profissional","","local-only","7e627aa04a5107a8b6943f4bff66ccee8ffbe8f6f9d894ee46a25c37ab46c1a1","240741","alta","pedagogical-content; lei/legislação; diretório/metadado OAB; diretório/estrutura"
"storage/content/leis/regulamento-oab/meta.json","pedagogical-content","lei/legislação","true","leitura bem-sucedida","OAB","OAB/FGV","regulamento-oab","","","","Ética Profissional","","local-only","e8e5a0376416ced5bc0aa371d33ed10befaa9ffb0a0dce81c90e4e13b5b7e2d2","262","alta","pedagogical-content; lei/legislação; diretório/metadado OAB; diretório/estrutura"
"storage/content/leis/regulamento-oab/texto.txt","pedagogical-content","lei/legislação","true","leitura bem-sucedida","OAB","OAB/FGV","regulamento-oab","","","1994","Ética Profissional","","local-only","0392ef58fbdd3fd969ce5e92826918c3981b7067b2f7f2c327d70a8e1fb1ddb7","126184","alta","pedagogical-content; lei/legislação; diretório/metadado OAB; diretório/estrutura"
"storage/content/militar/cbmal-soldado-combatente-2018-cebraspe/gabaritos/cbmal-soldado-combatente-2018-cebraspe-gabarito-definitivo.pdf","pedagogical-content","gabarito/padrão de resposta","true","leitura parcial","Corpo de Bombeiros","CBMAL","cbmal-soldado-combatente-2018-cebraspe","Soldado","Cebraspe","2018","","","local-only","0f8feae5b46d55923a48300bec63a9886e59c264cdd3cd6f23c5589f3a563a90","94988","alta","pedagogical-content; gabarito/padrão de resposta; sigla/instituição CBM; sem disciplina confiável"
"storage/content/militar/cbmal-soldado-combatente-2018-cebraspe/metadata.json","pedagogical-container","container pedagógico","false","leitura bem-sucedida","Corpo de Bombeiros","CBMAL","CBMAL Soldado Combatente 2018","Soldado","Cebraspe","2018","","","local-only","4e7c4f71fc47a79654cd18c547fbc45cbd43986e78d0862884c8592d7c3a0b92","1028","alta","pedagogical-container; container pedagógico; sigla/instituição CBM; sem disciplina confiável"
"storage/content/militar/cbmal-soldado-combatente-2018-cebraspe/provas/cbmal-soldado-combatente-2018-cebraspe-prova.pdf","pedagogical-content","prova PDF","true","leitura parcial","Corpo de Bombeiros","CBMAL","cbmal-soldado-combatente-2018-cebraspe","Soldado","Cebraspe","2018","","","local-only","4012ce09f37c40855d9493a733b86a7d870f5e55ad976c2f15eb09fc295af021","506321","alta","pedagogical-content; prova PDF; sigla/instituição CBM; sem disciplina confiável"
"storage/content/militar/cbmal-soldado-combatente-2018-cebraspe/questoes/questoes-extraidas.json","pedagogical-content","banco de questões","true","leitura bem-sucedida","Corpo de Bombeiros","CBMAL","cbmal-soldado-combatente-2018-cebraspe","Soldado","Cebraspe","2018","","","local-only","2fa58f9c8d752d482eba93bc9915fcd8d4d59b85e7bc7fb654915dfd04a8d2b6","71221","alta","pedagogical-content; banco de questões; sigla/instituição CBM; sem disciplina confiável"
"storage/content/militar/cbmam-soldado-bombeiro-militar-2021-fgv/gabaritos/cbmam-soldado-bombeiro-militar-2021-fgv-gabarito-definitivo.pdf","pedagogical-content","gabarito/padrão de resposta","true","leitura parcial","Corpo de Bombeiros","CBMAM","cbmam-soldado-bombeiro-militar-2021-fgv","Soldado","FGV","2021","","","local-only","c11232162e0e65c0caef1e476d6fdbde12fcd61fc37a4b3f26dcf9dcc12e9b8b","153749","alta","pedagogical-content; gabarito/padrão de resposta; sigla/instituição CBM; sem disciplina confiável"
"storage/content/militar/cbmam-soldado-bombeiro-militar-2021-fgv/metadata.json","pedagogical-container","container pedagógico","false","leitura bem-sucedida","Corpo de Bombeiros","CBMAM","CBMAM Soldado Bombeiro Militar 2021","Soldado","FGV","2021","","","local-only","1a89946d65e2ce903690e01b13c8d6bccfa0f1c0464b6943e0d71e336167d458","999","alta","pedagogical-container; container pedagógico; sigla/instituição CBM; sem disciplina confiável"
"storage/content/militar/cbmam-soldado-bombeiro-militar-2021-fgv/provas/cbmam-soldado-bombeiro-militar-2021-fgv-prova.pdf","pedagogical-content","prova PDF","true","leitura parcial","Corpo de Bombeiros","CBMAM","cbmam-soldado-bombeiro-militar-2021-fgv","Soldado","FGV","2021","","","local-only","dad9b497efa08140122679ade76ab692e227f15fae0620b1742c303ba8da5a47","1449766","alta","pedagogical-content; prova PDF; sigla/instituição CBM; sem disciplina confiável"
"storage/content/militar/cbmam-soldado-bombeiro-militar-2021-fgv/questoes/questoes-extraidas.json","pedagogical-content","banco de questões","true","leitura bem-sucedida","Corpo de Bombeiros","CBMAM","cbmam-soldado-bombeiro-militar-2021-fgv","Soldado","FGV","2021","","","local-only","1f1ba86d233ac5d3e5ac46ab3553decfdf764fcdc22a608a4ff94bddde7a70bb","96948","alta","pedagogical-content; banco de questões; sigla/instituição CBM; sem disciplina confiável"
"storage/content/militar/pcam-delegado-2021-fgv/metadata.json","pedagogical-container","container pedagógico","false","leitura bem-sucedida","Polícia Civil","","PCAM Delegado de Policia - 4a Classe 2021","Delegado","FGV","2021","","","local-only","cfbcafdc636a2722787fb7fa58a263ba809d6d0a5c0b161d05dbd37b59d8c1fd","725","alta","pedagogical-container; container pedagógico; sigla/cargo policial civil; sem disciplina confiável"
"storage/content/militar/pcam-delegado-2021-fgv/questoes/questoes-extraidas.json","pedagogical-content","banco de questões","true","leitura bem-sucedida","Polícia Civil","","pcam-delegado-2021-fgv","Delegado","FGV","2021","Direito Constitucional","","local-only","65c6016d791d859650c1baf07950a6a0987c953e0dbd234da2b1df32c2014d4c","194431","alta","pedagogical-content; banco de questões; sigla/cargo policial civil; diretório/estrutura"
"storage/content/militar/pcrj-inspetor-2021-fgv/metadata.json","pedagogical-container","container pedagógico","false","leitura bem-sucedida","Polícia Civil","PCRJ","PCRJ Inspetor de Policia de 6a Classe 2021","Inspetor","FGV","2021","","","local-only","54ad020439a9c55f693fd19096554832fa0522e64cd5cacfa464982928c73af1","706","alta","pedagogical-container; container pedagógico; sigla/cargo policial civil; sem disciplina confiável"
"storage/content/militar/pcrj-inspetor-2021-fgv/questoes/questoes-extraidas.json","pedagogical-content","banco de questões","true","leitura bem-sucedida","Polícia Civil","PCRJ","pcrj-inspetor-2021-fgv","Inspetor","FGV","2021","Língua Portuguesa","","local-only","98325b5b18ac31af183dd01777d859e6a77d6d5598a48eef8398be60bf3fa8f7","196410","alta","pedagogical-content; banco de questões; sigla/cargo policial civil; diretório/estrutura"
"storage/content/militar/pcrj-investigador-2021-fgv/metadata.json","pedagogical-container","container pedagógico","false","leitura bem-sucedida","Polícia Civil","PCRJ","PCRJ Investigador Policial de 3a Classe 2021","Investigador","FGV","2021","","","local-only","0d49257b2f712150db480d639603f468df43b75cea312cd9ec483912be3a1f37","710","alta","pedagogical-container; container pedagógico; sigla/cargo policial civil; sem disciplina confiável"
"storage/content/militar/pcrj-investigador-2021-fgv/questoes/questoes-extraidas.json","pedagogical-content","banco de questões","true","leitura bem-sucedida","Polícia Civil","PCRJ","pcrj-investigador-2021-fgv","Investigador","FGV","2021","Língua Portuguesa","","local-only","cd7066fa6e9920a6b5b40e9c92cbcb69743a9911c0d4929db15478f3aa404a45","172593","alta","pedagogical-content; banco de questões; sigla/cargo policial civil; diretório/estrutura"
"storage/content/militar/pcrn-delegado-2021-fgv/metadata.json","pedagogical-container","container pedagógico","false","leitura bem-sucedida","Polícia Civil","PCRN","PCRN Delegado de Policia Civil Substituto 2021","Delegado","FGV","2021","","","local-only","4e9dd98c16242866b6ae45fae38e7ea05d8674b48f89761cf0cd9651f6f44121","710","alta","pedagogical-container; container pedagógico; sigla/cargo policial civil; sem disciplina confiável"
"storage/content/militar/pcrn-delegado-2021-fgv/questoes/questoes-extraidas.json","pedagogical-content","banco de questões","true","leitura bem-sucedida","Polícia Civil","PCRN","pcrn-delegado-2021-fgv","Delegado","FGV","2021","Direito Constitucional","","local-only","8f1771fe27fd806e2e6a93235850de1ef8df6bad51711ed747b7f7f875a993b7","196581","alta","pedagogical-content; banco de questões; sigla/cargo policial civil; diretório/estrutura"
"storage/content/militar/pcsc-delegado-2024-fgv/metadata.json","pedagogical-container","container pedagógico","false","leitura bem-sucedida","Polícia Civil","PCSC","PCSC Delegado de Policia Substituto 2024","Delegado","FGV","2024","","","local-only","46744ed5b65554c002db2635f6aecec0b669b07e3561856fc274c294aec74a66","665","alta","pedagogical-container; container pedagógico; sigla/cargo policial civil; sem disciplina confiável"
"storage/content/militar/pcsc-delegado-2024-fgv/questoes/questoes-extraidas.json","pedagogical-content","banco de questões","true","leitura bem-sucedida","Polícia Civil","PCSC","pcsc-delegado-2024-fgv","Delegado","FGV","2024","Língua Portuguesa","","local-only","2f78d1f06549a9ef67dd1e5642be0ae126ec903b0b74011938d822fa2673abd3","195544","alta","pedagogical-content; banco de questões; sigla/cargo policial civil; diretório/estrutura"
"storage/content/militar/pm-ba-soldado-2023-fcc/gabaritos/pm-ba-soldado-2023-fcc-gabarito-definitivo.pdf","pedagogical-content","gabarito/padrão de resposta","true","leitura parcial","Polícia Militar","","pm-ba-soldado-2023-fcc","Soldado","FCC","2023","","","local-only","fc9aac79958d1fc799d15e03d2813aea75fd830e496c1dba72b3b93538c9c90e","138285","alta","pedagogical-content; gabarito/padrão de resposta; sigla/instituição PM; sem disciplina confiável"
"storage/content/militar/pm-ba-soldado-2023-fcc/metadata.json","pedagogical-container","container pedagógico","false","leitura bem-sucedida","Polícia Militar","","PM-BA Soldado 2023","Soldado","FCC","2023","","","local-only","8197738cb259593c649a0bdf48a7008faef3939c8e11631ba2ca8bd2e2ee3a30","892","alta","pedagogical-container; container pedagógico; sigla/instituição PM; sem disciplina confiável"
"storage/content/militar/pm-ba-soldado-2023-fcc/provas/pm-ba-soldado-2023-fcc-prova.pdf","pedagogical-content","prova PDF","true","leitura parcial","Polícia Militar","","pm-ba-soldado-2023-fcc","Soldado","FCC","2023","","","local-only","c92de9d9a85c55979b5c60c689c9fb5b0149c3e79de4f5cd412e016e44103f35","1057903","alta","pedagogical-content; prova PDF; sigla/instituição PM; sem disciplina confiável"
"storage/content/militar/pm-ba-soldado-2023-fcc/questoes/questoes-extraidas.json","pedagogical-content","banco de questões","true","leitura bem-sucedida","Polícia Militar","","pm-ba-soldado-2023-fcc","Soldado","FCC","2023","Língua Portuguesa","","local-only","93bb40d2c34dcdec1264d70dd9edfbecbf76ee8da5cf8b6a497e712d01ba57ff","19281","alta","pedagogical-content; banco de questões; sigla/instituição PM; diretório/estrutura"
"storage/content/militar/pm-pb-soldado-pm-combatente-2023-ibfc/gabaritos/pm-pb-soldado-pm-combatente-2023-ibfc-gabarito-definitivo.pdf","pedagogical-content","gabarito/padrão de resposta","true","leitura parcial","Polícia Militar","","pm-pb-soldado-pm-combatente-2023-ibfc","Soldado","IBFC","2023","","","local-only","905d7f31af510e86b707f4a7c72be42a22be5784e161a1382cabf36a76493487","586715","alta","pedagogical-content; gabarito/padrão de resposta; sigla/instituição PM; sem disciplina confiável"
"storage/content/militar/pm-pb-soldado-pm-combatente-2023-ibfc/metadata.json","pedagogical-container","container pedagógico","false","leitura bem-sucedida","Polícia Militar","","PM-PB Soldado PM Combatente 2023","Soldado","IBFC","2023","","","local-only","6070dd9f14f3314d475de50de3633187f3a66ba3257c51c727cc27c2508b27f0","1067","alta","pedagogical-container; container pedagógico; sigla/instituição PM; sem disciplina confiável"
"storage/content/militar/pm-pb-soldado-pm-combatente-2023-ibfc/provas/pm-pb-soldado-pm-combatente-2023-ibfc-prova.pdf","pedagogical-content","prova PDF","true","leitura parcial","Polícia Militar","","pm-pb-soldado-pm-combatente-2023-ibfc","Soldado","IBFC","2023","","","local-only","4625592f61190266910b2041dad4caf10e95b8b9043ce5c5a8409bb3338b482f","833756","alta","pedagogical-content; prova PDF; sigla/instituição PM; sem disciplina confiável"
"storage/content/militar/pm-pb-soldado-pm-combatente-2023-ibfc/questoes/questoes-extraidas.json","pedagogical-content","banco de questões","true","leitura bem-sucedida","Polícia Militar","","pm-pb-soldado-pm-combatente-2023-ibfc","Soldado","IBFC","2023","Língua Portuguesa","","local-only","ae2b545f39d5ba794ea0bf2c6c5436905e665b07f4fadd5a8f7a18a64d793399","119195","alta","pedagogical-content; banco de questões; sigla/instituição PM; diretório/estrutura"
"storage/content/militar/pm-se-soldado-pm-3a-classe-combatente-2025-selecon/gabaritos/pm-se-soldado-pm-3a-classe-combatente-2025-selecon-gabarito-definitivo.pdf","pedagogical-content","gabarito/padrão de resposta","true","leitura parcial","Polícia Militar","","pm-se-soldado-pm-3a-classe-combatente-2025-selecon","Soldado","Selecon","2025","","","local-only","48b991d79c19046bf3ce2864df3f7490c1ad8e01dcb10fd55b66ffeac0f14df3","19901","alta","pedagogical-content; gabarito/padrão de resposta; sigla/instituição PM; sem disciplina confiável"
"storage/content/militar/pm-se-soldado-pm-3a-classe-combatente-2025-selecon/metadata.json","pedagogical-container","container pedagógico","false","leitura bem-sucedida","Polícia Militar","","PM-SE Soldado PM - 3a Classe - Combatente 2025","Soldado","Selecon","2025","","","local-only","75a1a604f997e4a63c6899e93c21c4780d557c28d04d777693be8adeef99ef0e","1188","alta","pedagogical-container; container pedagógico; sigla/instituição PM; sem disciplina confiável"
"storage/content/militar/pm-se-soldado-pm-3a-classe-combatente-2025-selecon/provas/pm-se-soldado-pm-3a-classe-combatente-2025-selecon-prova.pdf","pedagogical-content","prova PDF","true","leitura parcial","Polícia Militar","","pm-se-soldado-pm-3a-classe-combatente-2025-selecon","Soldado","Selecon","2025","","","local-only","b8bfc095301edb266b8f91b5b7932e3c60e550c937480701d992401277e7fde6","1343469","alta","pedagogical-content; prova PDF; sigla/instituição PM; sem disciplina confiável"
"storage/content/militar/pm-se-soldado-pm-3a-classe-combatente-2025-selecon/questoes/questoes-extraidas.json","pedagogical-content","banco de questões","true","leitura bem-sucedida","Polícia Militar","","pm-se-soldado-pm-3a-classe-combatente-2025-selecon","Soldado","Selecon","2025","Língua Portuguesa","","local-only","21c78e8ba8b1ce7d77fd550f0ad2903f41a77eba7c0ca2603a713b70781e7844","85734","alta","pedagogical-content; banco de questões; sigla/instituição PM; diretório/estrutura"
"storage/content/militar/pmac-oficial-combatente-2023-fgv/metadata.json","pedagogical-container","container pedagógico","false","leitura bem-sucedida","Polícia Militar","","PMAC Aluno Oficial Combatente 2023","Oficial","FGV","2023","","","local-only","812314a2b4cac432b58be53055baedc538d6f030c5df9d2c3bb1f8c31a15fcd0","688","alta","pedagogical-container; container pedagógico; sigla/instituição PM; sem disciplina confiável"
"storage/content/militar/pmac-oficial-combatente-2023-fgv/questoes/questoes-extraidas.json","pedagogical-content","banco de questões","true","leitura bem-sucedida","Polícia Militar","","pmac-oficial-combatente-2023-fgv","Oficial","FGV","2023","Língua Portuguesa","","local-only","ef0f10b2397ae7d28596a1173b1d37574c3ef9ba86728d314acacc494da49927","105021","alta","pedagogical-content; banco de questões; sigla/instituição PM; diretório/estrutura"
"storage/content/militar/pmal-soldado-combatente-2018-cebraspe/gabaritos/pmal-soldado-combatente-2018-cebraspe-gabarito-definitivo.pdf","pedagogical-content","gabarito/padrão de resposta","true","leitura parcial","Polícia Militar","PMAL","pmal-soldado-combatente-2018-cebraspe","Soldado","Cebraspe","2018","","","local-only","2f1c1f8a8adadf1ce09a6a1d953c44dac64dd3b59b9b7d937b9e8a2e6cf5f17b","107009","alta","pedagogical-content; gabarito/padrão de resposta; sigla/instituição PM; sem disciplina confiável"
"storage/content/militar/pmal-soldado-combatente-2018-cebraspe/metadata.json","pedagogical-container","container pedagógico","false","leitura bem-sucedida","Polícia Militar","PMAL","PMAL Soldado Combatente 2018","Soldado","Cebraspe","2018","","","local-only","6e76a689b737f015ae3ea32f02722758bd4965ba4d29aacd8659d4b88f6c324b","999","alta","pedagogical-container; container pedagógico; sigla/instituição PM; sem disciplina confiável"
"storage/content/militar/pmal-soldado-combatente-2018-cebraspe/provas/pmal-soldado-combatente-2018-cebraspe-prova.pdf","pedagogical-content","prova PDF","true","leitura parcial","Polícia Militar","PMAL","pmal-soldado-combatente-2018-cebraspe","Soldado","Cebraspe","2018","","","local-only","f31793d355942a0f6a77cb06b05091cb853d445f2c163a1d34dc1ce0d425ce6c","243251","alta","pedagogical-content; prova PDF; sigla/instituição PM; sem disciplina confiável"
"storage/content/militar/pmal-soldado-combatente-2018-cebraspe/questoes/questoes-extraidas.json","pedagogical-content","banco de questões","true","leitura bem-sucedida","Polícia Militar","PMAL","pmal-soldado-combatente-2018-cebraspe","Soldado","Cebraspe","2018","","","local-only","8e727fd31c0e350f08f0342d246250945e40f91ce23269426e9bb5b702eef18c","139940","alta","pedagogical-content; banco de questões; sigla/instituição PM; sem disciplina confiável"
"storage/content/militar/pmam-oficial-2021-fgv/metadata.json","pedagogical-container","container pedagógico","false","leitura bem-sucedida","Polícia Militar","","PMAM Aluno Oficial PM 2021","Oficial","FGV","2021","","","local-only","72810a5fe744ee2762f804e86a9e2b6a2b34f05a60c0ac876373322e2542570e","643","alta","pedagogical-container; container pedagógico; sigla/instituição PM; sem disciplina confiável"
"storage/content/militar/pmam-oficial-2021-fgv/questoes/questoes-extraidas.json","pedagogical-content","banco de questões","true","leitura bem-sucedida","Polícia Militar","","pmam-oficial-2021-fgv","Oficial","FGV","2021","Língua Portuguesa","","local-only","743bf512cbbb4a235e73a21a6176675fa2dafe15900afc883d7a3b10e4b1e06c","148161","alta","pedagogical-content; banco de questões; sigla/instituição PM; diretório/estrutura"
"storage/content/militar/pmam-soldado-2021-fgv/metadata.json","pedagogical-container","container pedagógico","false","leitura bem-sucedida","Polícia Militar","","PMAM Aluno Soldado PM 2021","Soldado","FGV","2021","","","local-only","17859e50bf90376573acf9050d246100f3d2c0987027af9bf2f5d1683e7b6bb7","643","alta","pedagogical-container; container pedagógico; sigla/instituição PM; sem disciplina confiável"
"storage/content/militar/pmam-soldado-2021-fgv/questoes/questoes-extraidas.json","pedagogical-content","banco de questões","true","leitura bem-sucedida","Polícia Militar","","pmam-soldado-2021-fgv","Soldado","FGV","2021","Língua Portuguesa","","local-only","496be7ba2b1d5314a666bd91cdf66d41316810a2055b4cf1267f9c9ef51b9c50","92698","alta","pedagogical-content; banco de questões; sigla/instituição PM; diretório/estrutura"
"storage/content/militar/pmce-soldado-2021-fgv/metadata.json","pedagogical-container","container pedagógico","false","leitura bem-sucedida","Polícia Militar","PMCE","PMCE Soldado Policial Militar 2021","Soldado","FGV","2021","","","local-only","79708ef9da13681079a7f05c4454afd1e25583bf537f05b355eb2eac7c8abd9d","653","alta","pedagogical-container; container pedagógico; sigla/instituição PM; sem disciplina confiável"
"storage/content/militar/pmce-soldado-2021-fgv/questoes/questoes-extraidas.json","pedagogical-content","banco de questões","true","leitura bem-sucedida","Polícia Militar","PMCE","pmce-soldado-2021-fgv","Soldado","FGV","2021","Língua Portuguesa","","local-only","b60a1ebde48e033f7e4850e2dc4dd109c1945d47a7474e696a11860c6dfc96ed","137898","alta","pedagogical-content; banco de questões; sigla/instituição PM; diretório/estrutura"
"storage/content/militar/pmerj-cfo-2021-fgv/metadata.json","pedagogical-container","container pedagógico","false","leitura bem-sucedida","Polícia Militar","PMERJ","PMERJ Oficial da PM (QOPM) 2021","Oficial","FGV","2021","","","local-only","117d0d41cfcae56f4399e333514ed871b494554a910d2131fad57f574ac62a06","695","alta","pedagogical-container; container pedagógico; sigla/instituição PM; sem disciplina confiável"
"storage/content/militar/pmerj-cfo-2021-fgv/questoes/questoes-extraidas.json","pedagogical-content","banco de questões","true","leitura bem-sucedida","Polícia Militar","PMERJ","pmerj-cfo-2021-fgv","Oficial","FGV","2021","Direito Administrativo","","local-only","ac79f6f3603a7ab5d01848c8f747af0605d1972c5f60b8a080dfa8ee4ef6137c","147675","alta","pedagogical-content; banco de questões; sigla/instituição PM; diretório/estrutura"
"storage/content/militar/pmesp-cabo-2022-fgv-local/metadata.json","pedagogical-container","container pedagógico","false","leitura bem-sucedida","Polícia Militar","PMSP","PMSP Cabo PM 2022","Cabo","FGV","2022","","","local-only","109964b6617b5ae1183025c1c953c173d790112e67dc5ef187b1833879b17639","586","alta","pedagogical-container; container pedagógico; sigla/instituição PM; sem disciplina confiável"
"storage/content/militar/pmesp-cabo-2022-fgv-local/questoes/questoes-extraidas.json","pedagogical-content","banco de questões","true","leitura bem-sucedida","Polícia Militar","PMSP","pmesp-cabo-2022-fgv-local","Cabo","FGV","2022","Língua Portuguesa","","local-only","4e8245e570271679e90b00666d97fa80f8e04fa537863d91f3004a3bb865e677","85855","alta","pedagogical-content; banco de questões; sigla/instituição PM; diretório/estrutura"
"storage/content/militar/pmesp-sargento-2024-fgv/metadata.json","pedagogical-container","container pedagógico","false","leitura bem-sucedida","Polícia Militar","PMSP","PMSP Sargento PM 2024","Sargento","FGV","2024","","","local-only","0426fa5a7bf0b8fb6223d04901b7dabe59a0bf7596c689668cf1bcf12afe7df0","614","alta","pedagogical-container; container pedagógico; sigla/instituição PM; sem disciplina confiável"
"storage/content/militar/pmesp-sargento-2024-fgv/questoes/questoes-extraidas.json","pedagogical-content","banco de questões","true","leitura bem-sucedida","Polícia Militar","PMSP","pmesp-sargento-2024-fgv","Sargento","FGV","2024","Língua Portuguesa","","local-only","fb81c4531631f0b102add42fb180d54c0046f473e85aca2d43bd85d15c9706bf","78003","alta","pedagogical-content; banco de questões; sigla/instituição PM; diretório/estrutura"
"storage/content/militar/pmma-soldado-do-quadro-de-praca-policial-2017-cebraspe/gabaritos/pmma-soldado-do-quadro-de-praca-policial-2017-cebraspe-gabarito-definitivo.pdf","pedagogical-content","gabarito/padrão de resposta","true","leitura parcial","Polícia Militar","PMMA","pmma-soldado-do-quadro-de-praca-policial-2017-cebraspe","Soldado","Cebraspe","2017","Legislação Institucional PMMA","","local-only","90c6d93a89808a8efd466ef530013682e90842952abe9bb62961e55edb46ba88","203176","alta","pedagogical-content; gabarito/padrão de resposta; sigla/instituição PMMA; diretório/estrutura"
"storage/content/militar/pmma-soldado-do-quadro-de-praca-policial-2017-cebraspe/metadata.json","pedagogical-container","container pedagógico","false","leitura bem-sucedida","Polícia Militar","PMMA","PMMA Soldado do Quadro de Praca Policial 2017","Soldado","Cebraspe","2017","Legislação Institucional PMMA","","local-only","35250a946b8d1ba81bf8b350e5b1028a58af72ca67fa01bfa6c235d0708f0f49","1127","alta","pedagogical-container; container pedagógico; sigla/instituição PMMA; diretório/estrutura"
"storage/content/militar/pmma-soldado-do-quadro-de-praca-policial-2017-cebraspe/provas/pmma-soldado-do-quadro-de-praca-policial-2017-cebraspe-prova.pdf","pedagogical-content","prova PDF","true","leitura parcial","Polícia Militar","PMMA","pmma-soldado-do-quadro-de-praca-policial-2017-cebraspe","Soldado","Cebraspe","2017","Legislação Institucional PMMA","","local-only","596875955a179819c9c47dac5d92e7a0e9465f3019687c00486290f104375bc3","598140","alta","pedagogical-content; prova PDF; sigla/instituição PMMA; diretório/estrutura"
"storage/content/militar/pmma-soldado-do-quadro-de-praca-policial-2017-cebraspe/questoes/questoes-extraidas.json","pedagogical-content","banco de questões","true","leitura bem-sucedida","Polícia Militar","PMMA","pmma-soldado-do-quadro-de-praca-policial-2017-cebraspe","Soldado","Cebraspe","2017","Legislação Institucional PMMA","","local-only","5551c88b602b3c331ea0ac18eddf0f1c98f269e03d05d91f105edd7a871a4913","133624","alta","pedagogical-content; banco de questões; sigla/instituição PMMA; diretório/estrutura"
"storage/content/militar/pmpb-cfo-2022-fgv/metadata.json","pedagogical-container","container pedagógico","false","leitura bem-sucedida","Polícia Militar","","PMPB Curso de Formacao de Oficiais PM 2022","Oficial","FGV","2022","","","local-only","82e6502533aa92346587d5cbd8e8d73c0ad2311e12f9bf4a708940c87600deec","719","alta","pedagogical-container; container pedagógico; sigla/instituição PM; sem disciplina confiável"
"storage/content/militar/pmpb-cfo-2022-fgv/questoes/questoes-extraidas.json","pedagogical-content","banco de questões","true","leitura bem-sucedida","Polícia Militar","","pmpb-cfo-2022-fgv","Oficial","FGV","2022","Língua Portuguesa","","local-only","06c0ac595e82af834ffece4de38c1d0bc42b1b42ddd264370296d12ee1746341","134484","alta","pedagogical-content; banco de questões; sigla/instituição PM; diretório/estrutura"
"storage/content/militar/pmpi-soldado-pm-2017-nucepe-uespi/gabaritos/pmpi-soldado-pm-2017-nucepe-uespi-gabarito-definitivo.pdf","pedagogical-content","gabarito/padrão de resposta","true","leitura parcial","Polícia Militar","","pmpi-soldado-pm-2017-nucepe-uespi","Soldado","Nucepe","2017","","","local-only","73ec047792754b5c3791768d624324ec87baa8c4236739a310c5d36760b14aea","263103","alta","pedagogical-content; gabarito/padrão de resposta; sigla/instituição PM; sem disciplina confiável"
"storage/content/militar/pmpi-soldado-pm-2017-nucepe-uespi/metadata.json","pedagogical-container","container pedagógico","false","leitura bem-sucedida","Polícia Militar","","PMPI Soldado PM 2017","Soldado","Nucepe","2017","","","local-only","f42178c0f134f3ad6f01c96fb679cc802270055e32e414212b4ac24de54f82b3","889","alta","pedagogical-container; container pedagógico; sigla/instituição PM; sem disciplina confiável"
"storage/content/militar/pmpi-soldado-pm-2017-nucepe-uespi/provas/pmpi-soldado-pm-2017-nucepe-uespi-prova.pdf","pedagogical-content","prova PDF","true","leitura parcial","Polícia Militar","","pmpi-soldado-pm-2017-nucepe-uespi","Soldado","Nucepe","2017","","","local-only","907319156ccb7cb515cd4cf995305540489a111eb7450ffa8427375fabc9b4f1","859774","alta","pedagogical-content; prova PDF; sigla/instituição PM; sem disciplina confiável"
"storage/content/militar/pmpi-soldado-pm-2017-nucepe-uespi/questoes/questoes-extraidas.json","pedagogical-content","banco de questões","true","leitura bem-sucedida","Polícia Militar","","pmpi-soldado-pm-2017-nucepe-uespi","Soldado","Nucepe","2017","Língua Portuguesa","","local-only","b2e9c2ad9e0d9828459d65c837135209cfc9c8f87007af768089a3daafb6e382","78428","alta","pedagogical-content; banco de questões; sigla/instituição PM; diretório/estrutura"
"storage/content/militar/pmsp-cabo-pm-2022-fgv/gabaritos/pmsp-cabo-pm-2022-fgv-gabarito-definitivo.pdf","pedagogical-content","gabarito/padrão de resposta","true","leitura parcial","Polícia Militar","PMSP","pmsp-cabo-pm-2022-fgv","Cabo","FGV","2022","","","local-only","7f4018b13c6cae19b43f9a9eba9ae913220d6bc4e03996acc1bf824111596a9b","119920","alta","pedagogical-content; gabarito/padrão de resposta; sigla/instituição PM; sem disciplina confiável"
"storage/content/militar/pmsp-cabo-pm-2022-fgv/metadata.json","pedagogical-container","container pedagógico","false","leitura bem-sucedida","Polícia Militar","PMSP","PMSP Cabo PM 2022","Cabo","FGV","2022","","","local-only","19170f3f05e5ea4f8708e2ddd9e42f8c681b0dac158ce8dfe795efed218b23be","885","alta","pedagogical-container; container pedagógico; sigla/instituição PM; sem disciplina confiável"
"storage/content/militar/pmsp-cabo-pm-2022-fgv/provas/pmsp-cabo-pm-2022-fgv-prova.pdf","pedagogical-content","prova PDF","true","leitura parcial","Polícia Militar","PMSP","pmsp-cabo-pm-2022-fgv","Cabo","FGV","2022","","","local-only","03453c29a2a613ea3bb65d8c19b1f7dab25b184e56c2a224a61adf8e15c96001","1236980","alta","pedagogical-content; prova PDF; sigla/instituição PM; sem disciplina confiável"
"storage/content/militar/pmsp-cabo-pm-2022-fgv/questoes/questoes-extraidas.json","pedagogical-content","banco de questões","true","leitura bem-sucedida","Polícia Militar","PMSP","pmsp-cabo-pm-2022-fgv","Cabo","FGV","2022","Língua Portuguesa","","local-only","7ff3b8050735a712fdef31a8af53a16ece64820f57ab92e859fabbd5942f9efc","91350","alta","pedagogical-content; banco de questões; sigla/instituição PM; diretório/estrutura"
"storage/content/militar/pmsp-soldado-2017-vunesp/gabaritos/pmsp-soldado-2017-vunesp-gabarito-definitivo.pdf","pedagogical-content","gabarito/padrão de resposta","true","leitura parcial","Polícia Militar","PMSP","pmsp-soldado-2017-vunesp","Soldado","Vunesp","2017","","","local-only","3410f75703c3ebf29beb357ca96c27872163090e08cadd0d0b5519ed4d48bb7c","31547","alta","pedagogical-content; gabarito/padrão de resposta; sigla/instituição PM; sem disciplina confiável"
"storage/content/militar/pmsp-soldado-2017-vunesp/metadata.json","pedagogical-container","container pedagógico","false","leitura bem-sucedida","Polícia Militar","PMSP","PMSP Soldado PM de 2a Classe 2017","Soldado","Vunesp","2017","","","local-only","395628fe0cf2f8214bedead2116a58ff8d102b9b959eb65e85f8b895653de380","980","alta","pedagogical-container; container pedagógico; sigla/instituição PM; sem disciplina confiável"
"storage/content/militar/pmsp-soldado-2017-vunesp/provas/pmsp-soldado-2017-vunesp-prova.pdf","pedagogical-content","prova PDF","true","leitura parcial","Polícia Militar","PMSP","pmsp-soldado-2017-vunesp","Soldado","Vunesp","2017","","","local-only","124aebedd0eb26e947f17892a9e0a10290a65602da5ab8c659fdae0b4efde852","817212","alta","pedagogical-content; prova PDF; sigla/instituição PM; sem disciplina confiável"
"storage/content/militar/pmsp-soldado-2017-vunesp/questoes/questoes-extraidas.json","pedagogical-content","banco de questões","true","leitura bem-sucedida","Polícia Militar","PMSP","pmsp-soldado-2017-vunesp","Soldado","Vunesp","2017","Língua Portuguesa","","local-only","70a161085890eeb0b91cd4dfc8067276560afb6bc2be55275a287c40c85b4631","65118","alta","pedagogical-content; banco de questões; sigla/instituição PM; diretório/estrutura"
"storage/content/militar/pmsp-soldado-2023-vunesp/gabaritos/pmsp-soldado-2023-vunesp-gabarito-definitivo.pdf","pedagogical-content","gabarito/padrão de resposta","true","leitura parcial","Polícia Militar","PMSP","pmsp-soldado-2023-vunesp","Soldado","Vunesp","2023","","","local-only","fcfeeeb2310f5a8651a686b882465e8fb6f6732cc8e8e081f015490f13748076","307902","alta","pedagogical-content; gabarito/padrão de resposta; sigla/instituição PM; sem disciplina confiável"
"storage/content/militar/pmsp-soldado-2023-vunesp/metadata.json","pedagogical-container","container pedagógico","false","leitura bem-sucedida","Polícia Militar","PMSP","PMSP Soldado PM de 2a Classe 2023","Soldado","Vunesp","2023","","","local-only","b7393fc70ed63f06db670904dee2c8a96e5f4ce453468c3475ce2b9fa92b6482","964","alta","pedagogical-container; container pedagógico; sigla/instituição PM; sem disciplina confiável"
"storage/content/militar/pmsp-soldado-2023-vunesp/provas/pmsp-soldado-2023-vunesp-prova.pdf","pedagogical-content","prova PDF","true","leitura parcial","Polícia Militar","PMSP","pmsp-soldado-2023-vunesp","Soldado","Vunesp","2023","","","local-only","7a0caff4f45204c524a9e4f7b8a5f7cfbde9644470a86f5d7d9f8a755d810008","708243","alta","pedagogical-content; prova PDF; sigla/instituição PM; sem disciplina confiável"
"storage/content/militar/pmsp-soldado-2023-vunesp/questoes/questoes-extraidas.json","pedagogical-content","banco de questões","true","leitura bem-sucedida","Polícia Militar","PMSP","pmsp-soldado-2023-vunesp","Soldado","Vunesp","2023","Língua Portuguesa","","local-only","31ae93c2f0677604484b5a827c7a9dcabb66d972a939e98076015ca8f0026cd2","86786","alta","pedagogical-content; banco de questões; sigla/instituição PM; diretório/estrutura"
"storage/content/militar/pmsp-soldado-2024-fgv/gabaritos/pmsp-soldado-2024-fgv-gabarito-definitivo.pdf","pedagogical-content","gabarito/padrão de resposta","true","leitura parcial","Polícia Militar","PMSP","pmsp-soldado-2024-fgv","Soldado","FGV","2024","","","local-only","ed7030a1c31745a31d1bd6deb53097753246c355184cc1b78acd3d2c49f76115","203121","alta","pedagogical-content; gabarito/padrão de resposta; sigla/instituição PM; sem disciplina confiável"
"storage/content/militar/pmsp-soldado-2024-fgv/metadata.json","pedagogical-container","container pedagógico","false","leitura bem-sucedida","Polícia Militar","PMSP","PMSP Soldado PM de 2a Classe 2024","Soldado","FGV","2024","","","local-only","008da904c9864b3dcb7eaffbb9650d5ae676aca2e52d782dc18d1f2c11145b19","935","alta","pedagogical-container; container pedagógico; sigla/instituição PM; sem disciplina confiável"
"storage/content/militar/pmsp-soldado-2024-fgv/provas/pmsp-soldado-2024-fgv-prova.pdf","pedagogical-content","prova PDF","true","leitura parcial","Polícia Militar","PMSP","pmsp-soldado-2024-fgv","Soldado","FGV","2024","","","local-only","eb52c2f1008da7010fb85d506bde93fa219bb0beb5d99c42f2eff8c152b174ea","517370","alta","pedagogical-content; prova PDF; sigla/instituição PM; sem disciplina confiável"
"storage/content/militar/pmsp-soldado-2024-fgv/questoes/questoes-extraidas.json","pedagogical-content","banco de questões","true","leitura bem-sucedida","Polícia Militar","PMSP","pmsp-soldado-2024-fgv","Soldado","FGV","2024","Língua Portuguesa","","local-only","5f1d5e67131a7fbe3ef72c752fe85e2b2f19341cf03ba65ac7b6cf50e9ad8765","55306","alta","pedagogical-content; banco de questões; sigla/instituição PM; diretório/estrutura"
"storage/content/militar/pmsp-soldado-2025-fgv/gabaritos/pmsp-soldado-2025-fgv-gabarito-definitivo.pdf","pedagogical-content","gabarito/padrão de resposta","true","leitura parcial","Polícia Militar","PMSP","pmsp-soldado-2025-fgv","Soldado","FGV","2025","","","local-only","bbfd6ee1769f86356c83d0f11688dc1830a49a00633f7f81ed9f0fad47ab1843","247722","alta","pedagogical-content; gabarito/padrão de resposta; sigla/instituição PM; sem disciplina confiável"
"storage/content/militar/pmsp-soldado-2025-fgv/metadata.json","pedagogical-container","container pedagógico","false","leitura bem-sucedida","Polícia Militar","PMSP","PMSP Soldado PM de 2a Classe 2025","Soldado","FGV","2025","","","local-only","2a3f2d048095abb100d2c2140ebd17ee7bbe26205a4180eaaf9cb799e189cb3a","953","alta","pedagogical-container; container pedagógico; sigla/instituição PM; sem disciplina confiável"
"storage/content/militar/pmsp-soldado-2025-fgv/provas/pmsp-soldado-2025-fgv-prova.pdf","pedagogical-content","prova PDF","true","leitura parcial","Polícia Militar","PMSP","pmsp-soldado-2025-fgv","Soldado","FGV","2025","","","local-only","05cc4743a181c0f49102759b736bd2e7427b2d922e234f7b384c6097d4dbc65d","816941","alta","pedagogical-content; prova PDF; sigla/instituição PM; sem disciplina confiável"
"storage/content/militar/pmsp-soldado-2025-fgv/questoes/questoes-extraidas.json","pedagogical-content","banco de questões","true","leitura bem-sucedida","Polícia Militar","PMSP","pmsp-soldado-2025-fgv","Soldado","FGV","2025","Língua Portuguesa","","local-only","2207359330d7d023e99eb4e887389e4fe9346f945729462e4233941ca4013da9","57183","alta","pedagogical-content; banco de questões; sigla/instituição PM; diretório/estrutura"
"storage/content/militar/pmto-quadro-de-pracas-da-policia-militar-2025-fgv/gabaritos/pmto-quadro-de-pracas-da-policia-militar-2025-fgv-gabarito-definitivo.pdf","pedagogical-content","gabarito/padrão de resposta","true","leitura parcial","Polícia Militar","PMTO","pmto-quadro-de-pracas-da-policia-militar-2025-fgv","","FGV","2025","","","local-only","c8e504f5460958ce649beff0c7f145696c02b0f81af5721f69fa4a4afae288c6","187841","alta","pedagogical-content; gabarito/padrão de resposta; sigla/instituição PM; sem disciplina confiável"
"storage/content/militar/pmto-quadro-de-pracas-da-policia-militar-2025-fgv/metadata.json","pedagogical-container","container pedagógico","false","leitura bem-sucedida","Polícia Militar","PMTO","PMTO Quadro de Pracas da Policia Militar 2025","","FGV","2025","","","local-only","2ddd7e6b04b572992eb11c8fef22897c81d3eec7aa7bf85b32754c727a011257","1135","alta","pedagogical-container; container pedagógico; sigla/instituição PM; sem disciplina confiável"
"storage/content/militar/pmto-quadro-de-pracas-da-policia-militar-2025-fgv/provas/pmto-quadro-de-pracas-da-policia-militar-2025-fgv-prova.pdf","pedagogical-content","prova PDF","true","leitura parcial","Polícia Militar","PMTO","pmto-quadro-de-pracas-da-policia-militar-2025-fgv","","FGV","2025","","","local-only","fe1c92c1c89fd84f795340b6d499c2a6e23b40a8a89dda6c5d80a131ee5b298d","516691","alta","pedagogical-content; prova PDF; sigla/instituição PM; sem disciplina confiável"
"storage/content/militar/pmto-quadro-de-pracas-da-policia-militar-2025-fgv/questoes/questoes-extraidas.json","pedagogical-content","banco de questões","true","leitura bem-sucedida","Polícia Militar","PMTO","pmto-quadro-de-pracas-da-policia-militar-2025-fgv","","FGV","2025","Língua Portuguesa","","local-only","0766b3d4841de559c9430501f88f746e15989096fd8148a8dc498440bc336016","69734","alta","pedagogical-content; banco de questões; sigla/instituição PM; diretório/estrutura"
"storage/content/oab/10-exame/metadata.json","pedagogical-container","container pedagógico","false","leitura bem-sucedida","OAB","OAB/FGV","10º Exame de Ordem Unificado","","","2026","","","local-only","d867a0bbeb8b91bccdab7a1acc991f017cad5a6fb77a56af4fbc284b1bd8ff98","183","alta","pedagogical-container; container pedagógico; diretório/metadado OAB; sem disciplina confiável"
"storage/content/oab/11-exame/metadata.json","pedagogical-container","container pedagógico","false","leitura bem-sucedida","OAB","OAB/FGV","11º Exame de Ordem Unificado","","","2026","","","local-only","d0b92f8798ceecd024ca90399083b706b2f03745ff5b83e4d4fb53d35aa1f8ad","183","alta","pedagogical-container; container pedagógico; diretório/metadado OAB; sem disciplina confiável"
"storage/content/oab/12-exame/metadata.json","pedagogical-container","container pedagógico","false","leitura bem-sucedida","OAB","OAB/FGV","12º Exame de Ordem Unificado","","","2026","","","local-only","dde5d768fce96dcf79a26ff7133050ae88d55635127e17b2e52e28b0359a731a","2330","alta","pedagogical-container; container pedagógico; diretório/metadado OAB; sem disciplina confiável"
"storage/content/oab/13-exame/metadata.json","pedagogical-container","container pedagógico","false","leitura bem-sucedida","OAB","OAB/FGV","13º Exame de Ordem Unificado","","","2026","","","local-only","9b6522ce1088ec59611a7757cee5a8d73e7df697f28ec5b2dc07d6091c5e7238","2694","alta","pedagogical-container; container pedagógico; diretório/metadado OAB; sem disciplina confiável"
"storage/content/oab/14-exame/metadata.json","pedagogical-container","container pedagógico","false","leitura bem-sucedida","OAB","OAB/FGV","14º Exame de Ordem Unificado","","","2026","","","local-only","a458b63ccb0adb5559003a59ce5bf1292344db7ad89c89b10ef138bea3245651","183","alta","pedagogical-container; container pedagógico; diretório/metadado OAB; sem disciplina confiável"
"storage/content/oab/15-exame/metadata.json","pedagogical-container","container pedagógico","false","leitura bem-sucedida","OAB","OAB/FGV","15º Exame de Ordem Unificado","","","2026","","","local-only","f26a32b4442f4136999018e34d3d897681235c8f56918e137c5c3990f4819868","4594","alta","pedagogical-container; container pedagógico; diretório/metadado OAB; sem disciplina confiável"
"storage/content/oab/15-exame/provas/caderno-de-provas-direito-administrativo-19vvnu.pdf","pedagogical-content","prova PDF","true","leitura parcial","OAB","OAB/FGV","15-exame","","","","Direito Administrativo","","local-only","50b463357aeaee5f1995b559922e13c8c242a0b1bab667ad6cd770b516117254","2644225","alta","pedagogical-content; prova PDF; diretório/metadado OAB; diretório/estrutura"
"storage/content/oab/15-exame/provas/caderno-de-provas-direito-civil-sar2hr.pdf","pedagogical-content","prova PDF","true","leitura parcial","OAB","OAB/FGV","15-exame","","","2014","","","local-only","d105a492b8f7f5da71b1fefd052d05e4e6375d0ac5de7799837fef4c298959b6","2549423","alta","pedagogical-content; prova PDF; diretório/metadado OAB; sem disciplina confiável"
"storage/content/oab/15-exame/provas/caderno-de-provas-direito-constitucional-15wc24.pdf","pedagogical-content","prova PDF","true","leitura parcial","OAB","OAB/FGV","15-exame","","","2014","Direito Constitucional","","local-only","1759b7d09f008571d69fad3e14731d0f762f3868d1ec58c279599e58ed1d30cf","2552525","alta","pedagogical-content; prova PDF; diretório/metadado OAB; diretório/estrutura"
"storage/content/oab/15-exame/provas/caderno-de-provas-direito-do-trabalho-ys2xgc.pdf","pedagogical-content","prova PDF","true","leitura parcial","OAB","OAB/FGV","15-exame","","","2012","","","local-only","42f108e98b0414fee1daf90ca246c4011341724e4eaccddd8163431e262bfcca","2551703","alta","pedagogical-content; prova PDF; diretório/metadado OAB; sem disciplina confiável"
"storage/content/oab/15-exame/provas/caderno-de-provas-direito-empresarial-1yw2i4.pdf","pedagogical-content","prova PDF","true","leitura parcial","OAB","OAB/FGV","15-exame","","","2014","Direito Empresarial","","local-only","fe0cf06b7bc346bfcb47175df4f68d771c22f0374eb76c0d0e4792e7da8c36e7","2560273","alta","pedagogical-content; prova PDF; diretório/metadado OAB; diretório/estrutura"
"storage/content/oab/15-exame/provas/caderno-de-provas-direito-penal-1f7tn6.pdf","pedagogical-content","prova PDF","true","leitura parcial","OAB","OAB/FGV","15-exame","","","2014","Direito Penal","","local-only","64e466c48b5b1c8bc1b9a635fdccd2450e8204288cc80b09d1244db9dfc315dc","2553053","alta","pedagogical-content; prova PDF; diretório/metadado OAB; diretório/estrutura"
"storage/content/oab/15-exame/provas/caderno-de-provas-direito-tributario-uumxfr.pdf","pedagogical-content","prova PDF","true","leitura parcial","OAB","OAB/FGV","15-exame","","","2003","Direito Tributário","","local-only","2add71ba75a30ede177739370b6185b87e244586d799b790ecec5bc7338b2944","2549969","alta","pedagogical-content; prova PDF; diretório/metadado OAB; diretório/estrutura"
"storage/content/oab/16-exame/gabaritos/gabaritos-definitivos-da-prova-objetiva-1-fase-t734op.pdf","pedagogical-content","gabarito/padrão de resposta","true","leitura parcial","OAB","OAB/FGV","16-exame","1ª fase OAB","","2015","","","local-only","5c593b094ad269f599c37cb710850c6bd02aa07d7e4302cbd4071c4be516da95","290831","alta","pedagogical-content; gabarito/padrão de resposta; diretório/metadado OAB; sem disciplina confiável"
"storage/content/oab/16-exame/gabaritos/gabaritos-preliminares-da-prova-objetiva-1-fase-1469zy.pdf","pedagogical-content","gabarito/padrão de resposta","true","leitura parcial","OAB","OAB/FGV","16-exame","1ª fase OAB","","2015","","","local-only","ae0ea0eec03b8c74d12846c2a0baf8f11779ef109e06eac7ae808a334f7ad9d0","342868","alta","pedagogical-content; gabarito/padrão de resposta; diretório/metadado OAB; sem disciplina confiável"
"storage/content/oab/16-exame/metadata.json","pedagogical-container","container pedagógico","false","leitura bem-sucedida","OAB","OAB/FGV","16º Exame de Ordem Unificado","","","2026","","","local-only","a412ac15c17931d95bb0cd2a98153dc37451b4de63285569ecbf9fe9bfe96564","8384","alta","pedagogical-container; container pedagógico; diretório/metadado OAB; sem disciplina confiável"
"storage/content/oab/16-exame/provas/caderno-de-prova-01-18yozo.pdf","pedagogical-content","prova PDF","true","leitura parcial","OAB","OAB/FGV","16-exame","","","2014","","","local-only","47835a26d012b1dddc024857cbe184ab515f1fafed8b78b3e124c54fcf26920d","663191","alta","pedagogical-content; prova PDF; diretório/metadado OAB; sem disciplina confiável"
"storage/content/oab/16-exame/provas/caderno-de-prova-02-95ox0c.pdf","pedagogical-content","prova PDF","true","leitura parcial","OAB","OAB/FGV","16-exame","","","2014","","","local-only","a822ce265bc1b37fa8ab3c5ed1b420f7051a886c9299bd72ffdcb779f682f5b7","652981","alta","pedagogical-content; prova PDF; diretório/metadado OAB; sem disciplina confiável"
"storage/content/oab/16-exame/provas/caderno-de-prova-03-13pdat.pdf","pedagogical-content","prova PDF","true","leitura parcial","OAB","OAB/FGV","16-exame","","","2014","","","local-only","df4d6b30a2ac44717c23e2fc74f0a7594f29d5b14ad1a546b205a70a9ee28efa","665484","alta","pedagogical-content; prova PDF; diretório/metadado OAB; sem disciplina confiável"
"storage/content/oab/16-exame/provas/caderno-de-prova-04-1yfs87.pdf","pedagogical-content","prova PDF","true","leitura parcial","OAB","OAB/FGV","16-exame","","","2014","","","local-only","fc20329f1e596d58cc2bb696fcc1e9d65ba2c063bf28f89e1f62dccd304a9dc1","653622","alta","pedagogical-content; prova PDF; diretório/metadado OAB; sem disciplina confiável"
"storage/content/oab/16-exame/provas/caderno-de-provas-direito-administrativo-edxrv4.pdf","pedagogical-content","prova PDF","true","leitura parcial","OAB","OAB/FGV","16-exame","","","","Direito Administrativo","","local-only","66b49f4d6ceb519961db0f1357cbb7d0f265c24a28fb50899a2f54678af9bad0","687735","alta","pedagogical-content; prova PDF; diretório/metadado OAB; diretório/estrutura"
"storage/content/oab/16-exame/provas/caderno-de-provas-direito-civil-1221zb.pdf","pedagogical-content","prova PDF","true","leitura parcial","OAB","OAB/FGV","16-exame","","","","","","local-only","de725b157c84d817654c41a594b953924d6b195822b98f6d7c5f1f57f57373c9","679414","alta","pedagogical-content; prova PDF; diretório/metadado OAB; sem disciplina confiável"
"storage/content/oab/16-exame/provas/caderno-de-provas-direito-constitucional-rawx81.pdf","pedagogical-content","prova PDF","true","leitura parcial","OAB","OAB/FGV","16-exame","","","2015","Direito Constitucional","","local-only","13e3824b4aa30c053bf64a89279611c9f652a40374b23e310a23ecf7a55fbe58","680700","alta","pedagogical-content; prova PDF; diretório/metadado OAB; diretório/estrutura"
"storage/content/oab/16-exame/provas/caderno-de-provas-direito-do-trabalho-17cl7h.pdf","pedagogical-content","prova PDF","true","leitura parcial","OAB","OAB/FGV","16-exame","","","2014","","","local-only","edab7a2c46d21a2877281f46936188ed6ef5b73cfb160dcf42f4d8a7e55a89a6","678077","alta","pedagogical-content; prova PDF; diretório/metadado OAB; sem disciplina confiável"
"storage/content/oab/16-exame/provas/caderno-de-provas-direito-empresarial-st7h0d.pdf","pedagogical-content","prova PDF","true","leitura parcial","OAB","OAB/FGV","16-exame","","","2012","Direito Empresarial","","local-only","2d03910c3c9f9cdd11ad3c0ab77f175b85b0696e8b3ea004a5431a8ddb5e379d","681229","alta","pedagogical-content; prova PDF; diretório/metadado OAB; diretório/estrutura"
"storage/content/oab/16-exame/provas/caderno-de-provas-direito-penal-1n7nnc.pdf","pedagogical-content","prova PDF","true","leitura parcial","OAB","OAB/FGV","16-exame","","","2011","Direito Penal","","local-only","1e56278a96b038494b1d20e5bf632b55a4fdab512ac68a87f14ae7bd3bdb3193","682133","alta","pedagogical-content; prova PDF; diretório/metadado OAB; diretório/estrutura"
"storage/content/oab/16-exame/provas/caderno-de-provas-direito-tributario-1lodof.pdf","pedagogical-content","prova PDF","true","leitura parcial","OAB","OAB/FGV","16-exame","","","2013","Direito Tributário","","local-only","02abdca1336dc2327c92f14c6eed33b856dac60f72359971ca47a8020ae3c2f0","678978","alta","pedagogical-content; prova PDF; diretório/metadado OAB; diretório/estrutura"
"storage/content/oab/16-exame/questoes/questoes-extraidas.json","pedagogical-content","banco de questões","true","leitura bem-sucedida","OAB","OAB/FGV","16-exame","","FGV","2014","Ética Profissional","16o Exame OAB - Questao 1","local-only","83d9469cd4681513923420490dad5e14d58bde759f1b0cbcc8103d7d9f773838","170904","alta","pedagogical-content; banco de questões; diretório/metadado OAB; diretório/estrutura"
"storage/content/oab/17-exame/gabaritos/gabaritos-definitivos-da-prova-objetiva-1-fase-1avzn9.pdf","pedagogical-content","gabarito/padrão de resposta","true","leitura parcial","OAB","OAB/FGV","17-exame","1ª fase OAB","","2015","","","local-only","28a989d757c603f7e8003d409bb73eb8c80bede2f37786baa56a988af3dd8a75","156243","alta","pedagogical-content; gabarito/padrão de resposta; diretório/metadado OAB; sem disciplina confiável"
"storage/content/oab/17-exame/gabaritos/gabaritos-preliminares-da-prova-objetiva-1-fase-cvnc3q.pdf","pedagogical-content","gabarito/padrão de resposta","true","leitura parcial","OAB","OAB/FGV","17-exame","1ª fase OAB","","2015","","","local-only","d76271f7bf1e5590eff1b63ed58dd5c1e61077adfc8e2dee1c12226fc827358a","110763","alta","pedagogical-content; gabarito/padrão de resposta; diretório/metadado OAB; sem disciplina confiável"
"storage/content/oab/17-exame/metadata.json","pedagogical-container","container pedagógico","false","leitura bem-sucedida","OAB","OAB/FGV","17º Exame de Ordem Unificado","","","2026","","","local-only","ca4c726ad1a7bee4c298242341d33a2aeb48e656d77959451c1c2922192457f5","8935","alta","pedagogical-container; container pedagógico; diretório/metadado OAB; sem disciplina confiável"
"storage/content/oab/17-exame/provas/caderno-de-prova-01-dnzoxi.pdf","pedagogical-content","prova PDF","true","leitura parcial","OAB","OAB/FGV","17-exame","","","1988","","","local-only","633e695fce21d24e7152d1ebc93ada87179d466c9b2471f1baf50ba61dff8c58","623407","alta","pedagogical-content; prova PDF; diretório/metadado OAB; sem disciplina confiável"
"storage/content/oab/17-exame/provas/caderno-de-prova-02-117iv7.pdf","pedagogical-content","prova PDF","true","leitura parcial","OAB","OAB/FGV","17-exame","","","1988","","","local-only","0a25576f33f2cfaf71b1c5a434b8f402be0e1077c14b818ccd5bb7e9929aa563","624397","alta","pedagogical-content; prova PDF; diretório/metadado OAB; sem disciplina confiável"
"storage/content/oab/17-exame/provas/caderno-de-prova-03-1l5nvm.pdf","pedagogical-content","prova PDF","true","leitura parcial","OAB","OAB/FGV","17-exame","","","1988","","","local-only","2f6984b8a29941a650265cb26f8919ae8cfedac803d1c4e1d215bc20913a91b5","624125","alta","pedagogical-content; prova PDF; diretório/metadado OAB; sem disciplina confiável"
"storage/content/oab/17-exame/provas/caderno-de-prova-04-9o2zwt.pdf","pedagogical-content","prova PDF","true","leitura parcial","OAB","OAB/FGV","17-exame","","","2014","","","local-only","00b53bc7d25c21746a73dbc7cc4a0ff644ef94cffc655a049ee838cf1677893a","622019","alta","pedagogical-content; prova PDF; diretório/metadado OAB; sem disciplina confiável"
"storage/content/oab/17-exame/provas/caderno-de-provas-direito-administrativo-p4q5jm.pdf","pedagogical-content","prova PDF","true","leitura parcial","OAB","OAB/FGV","17-exame","","","1993","Direito Administrativo","","local-only","82e46fa924d51f8c0958b475aae59f83dfe5f3e343b844383332677a96b35ba0","680956","alta","pedagogical-content; prova PDF; diretório/metadado OAB; diretório/estrutura"
"storage/content/oab/17-exame/provas/caderno-de-provas-direito-civil-g3lan6.pdf","pedagogical-content","prova PDF","true","leitura parcial","OAB","OAB/FGV","17-exame","","","","","","local-only","68c808c231998699015f1b336500eb6937b02a59daf7242050f7cf7883fff9d4","680835","alta","pedagogical-content; prova PDF; diretório/metadado OAB; sem disciplina confiável"
"storage/content/oab/17-exame/provas/caderno-de-provas-direito-constitucional-aoi9pq.pdf","pedagogical-content","prova PDF","true","leitura parcial","OAB","OAB/FGV","17-exame","","","2015","Direito Constitucional","","local-only","84ee93e799f8bff6440e6463746f0548f71d826e2b4e35be4f640adf3c20a2a1","668699","alta","pedagogical-content; prova PDF; diretório/metadado OAB; diretório/estrutura"
"storage/content/oab/17-exame/provas/caderno-de-provas-direito-do-trabalho-1qmz09.pdf","pedagogical-content","prova PDF","true","leitura parcial","OAB","OAB/FGV","17-exame","","","2015","","","local-only","bc11b4be69b174c0a107adf32f5564b2f51665ef2d3aff1ca9427f056b15bf01","678902","alta","pedagogical-content; prova PDF; diretório/metadado OAB; sem disciplina confiável"
"storage/content/oab/17-exame/provas/caderno-de-provas-direito-empresarial-vxp9dg.pdf","pedagogical-content","prova PDF","true","leitura parcial","OAB","OAB/FGV","17-exame","","","2011","Direito Empresarial","","local-only","ed91cda34c526b1d8cca2398c01c7c5f780cb39718d4147207334c36444bdc6a","679983","alta","pedagogical-content; prova PDF; diretório/metadado OAB; diretório/estrutura"
"storage/content/oab/17-exame/provas/caderno-de-provas-direito-penal-l3b60i.pdf","pedagogical-content","prova PDF","true","leitura parcial","OAB","OAB/FGV","17-exame","","","1990","Direito Penal","","local-only","7f98feb345c2d9ac752682c3ce6a3bd1027213c19f1dd4a0c6c70f05ea441112","691948","alta","pedagogical-content; prova PDF; diretório/metadado OAB; diretório/estrutura"
"storage/content/oab/17-exame/provas/caderno-de-provas-direito-tributario-wdtyaj.pdf","pedagogical-content","prova PDF","true","leitura parcial","OAB","OAB/FGV","17-exame","","","2013","Direito Tributário","","local-only","9fd12b889b30d95e5b381363583ef6763a547f129be998ea7dccfacc0c9bc5d3","680371","alta","pedagogical-content; prova PDF; diretório/metadado OAB; diretório/estrutura"
"storage/content/oab/17-exame/provas/esclarecimento-materiais-e-procedimentos-para-consulta-da-prova-pratico-profissional-166pcv.pdf","pedagogical-content","prova PDF","true","leitura parcial","OAB","OAB/FGV","17-exame","","","2015","","","local-only","33396e27da68f54c8acaafa0821ff0cbc1343ebef456a99eb4073fffcc44440c","30964","alta","pedagogical-content; prova PDF; diretório/metadado OAB; sem disciplina confiável"
"storage/content/oab/17-exame/questoes/questoes-extraidas.json","pedagogical-content","banco de questões","true","leitura bem-sucedida","OAB","OAB/FGV","17-exame","","FGV","1988","Ética Profissional","17o Exame OAB - Questao 1","local-only","085f606c931c5bae41439e29f1be8ae878ab724d1721d538093b9781b3430c17","124564","alta","pedagogical-content; banco de questões; diretório/metadado OAB; diretório/estrutura"
"storage/content/oab/18-exame/gabaritos/gabaritos-preliminares-da-prova-objetiva-1-fase-1ophiw.pdf","pedagogical-content","gabarito/padrão de resposta","true","leitura parcial","OAB","OAB/FGV","18-exame","1ª fase OAB","","2015","","","local-only","9e8ba125aa2d5a10d089bfa2c5449fdc5bfc828d41a0c621150cc49d846ea1e8","123812","alta","pedagogical-content; gabarito/padrão de resposta; diretório/metadado OAB; sem disciplina confiável"
"storage/content/oab/18-exame/metadata.json","pedagogical-container","container pedagógico","false","leitura bem-sucedida","OAB","OAB/FGV","18º Exame de Ordem Unificado","","","2026","","","local-only","8d4015f0c6f9c9270e00f9f677d6e8a12371c43547abe06d3c342cfd72c46408","8017","alta","pedagogical-container; container pedagógico; diretório/metadado OAB; sem disciplina confiável"
"storage/content/oab/18-exame/provas/caderno-de-prova-tipo-1-34r88r.pdf","pedagogical-content","prova PDF","true","leitura parcial","OAB","OAB/FGV","18-exame","","","1988","","","local-only","ddb24aa0e7fcf71931c305449937cd9ec20366be9d8d30b6141fb63ef961c95c","642918","alta","pedagogical-content; prova PDF; diretório/metadado OAB; sem disciplina confiável"
"storage/content/oab/18-exame/provas/caderno-de-prova-tipo-2-109w8g.pdf","pedagogical-content","prova PDF","true","leitura parcial","OAB","OAB/FGV","18-exame","","","2013","","","local-only","9a5419be766dbf0ca6b5c6e3add79274cdda329e9f8d280b0336fb473e0bebfa","407527","alta","pedagogical-content; prova PDF; diretório/metadado OAB; sem disciplina confiável"
"storage/content/oab/18-exame/provas/caderno-de-prova-tipo-3-9ulf4i.pdf","pedagogical-content","prova PDF","true","leitura parcial","OAB","OAB/FGV","18-exame","","","1988","","","local-only","2414570c354f9109da156fe4e6b048a7391c4f38faed4b58d73f11a740f58fe5","635336","alta","pedagogical-content; prova PDF; diretório/metadado OAB; sem disciplina confiável"
"storage/content/oab/18-exame/provas/caderno-de-prova-tipo-4-tcz9px.pdf","pedagogical-content","prova PDF","true","leitura parcial","OAB","OAB/FGV","18-exame","","","1988","","","local-only","2a6f43cd04c70be4cce3a76787d3a96fadce401b11263a11e570f224b0164bd2","407092","alta","pedagogical-content; prova PDF; diretório/metadado OAB; sem disciplina confiável"
"storage/content/oab/18-exame/provas/caderno-de-provas-direito-administrativo-15ofpz.pdf","pedagogical-content","prova PDF","true","leitura parcial","OAB","OAB/FGV","18-exame","","","","Direito Administrativo","","local-only","57cc51fe332720cdac0823fb5f879d41f674122c41f2ae9df6edd43560e79c0f","267502","alta","pedagogical-content; prova PDF; diretório/metadado OAB; diretório/estrutura"
"storage/content/oab/18-exame/provas/caderno-de-provas-direito-civil-1l0rci.pdf","pedagogical-content","prova PDF","true","leitura parcial","OAB","OAB/FGV","18-exame","","","2011","","","local-only","6b7572c71ec375737d77684b544516492c220c7e607ddd2b2f0a17de0275f0e2","270003","alta","pedagogical-content; prova PDF; diretório/metadado OAB; sem disciplina confiável"
"storage/content/oab/18-exame/provas/caderno-de-provas-direito-constitucional-h1cqu7.pdf","pedagogical-content","prova PDF","true","leitura parcial","OAB","OAB/FGV","18-exame","","","","Direito Constitucional","","local-only","d3acd8b63218fc9ab242778fa87e4c1e9f8215f6184f18129cec7c613039d3ae","266238","alta","pedagogical-content; prova PDF; diretório/metadado OAB; diretório/estrutura"
"storage/content/oab/18-exame/provas/caderno-de-provas-direito-do-trabalho-1xvx06.pdf","pedagogical-content","prova PDF","true","leitura parcial","OAB","OAB/FGV","18-exame","","","2009","","","local-only","4c790856800849f99d0092a8c2916a6c90822fc6c7de705cfbea3f7cd0c6c943","265000","alta","pedagogical-content; prova PDF; diretório/metadado OAB; sem disciplina confiável"
"storage/content/oab/18-exame/provas/caderno-de-provas-direito-empresarial-1ys78g.pdf","pedagogical-content","prova PDF","true","leitura parcial","OAB","OAB/FGV","18-exame","","","","Direito Empresarial","","local-only","88055a23b9aef46911be5aecc6d93883ceeee80f8334c002d409f446e0a117c5","273567","alta","pedagogical-content; prova PDF; diretório/metadado OAB; diretório/estrutura"
"storage/content/oab/18-exame/provas/caderno-de-provas-direito-penal-1mai88.pdf","pedagogical-content","prova PDF","true","leitura parcial","OAB","OAB/FGV","18-exame","","","2015","Direito Penal","","local-only","faa5412a247961cee144f0ce71f3539a7d2132093b19b6b0e2f978e55e8e043e","276969","alta","pedagogical-content; prova PDF; diretório/metadado OAB; diretório/estrutura"
"storage/content/oab/18-exame/provas/caderno-de-provas-direito-tributario-y8p7mx.pdf","pedagogical-content","prova PDF","true","leitura parcial","OAB","OAB/FGV","18-exame","","","2012","Direito Tributário","","local-only","d3fe45d0851a4550e58db588ae2002a22d646edb26caab184f0e5ef572a0d459","265048","alta","pedagogical-content; prova PDF; diretório/metadado OAB; diretório/estrutura"
"storage/content/oab/18-exame/questoes/questoes-extraidas.json","pedagogical-content","banco de questões","true","leitura bem-sucedida","OAB","OAB/FGV","18-exame","","FGV","1988","Ética Profissional","18o Exame OAB - Questao 1","local-only","d21d297a88fe8a6ab6e7b8518740bbe7929386ff65ee3579fcfa429e4a568753","131612","alta","pedagogical-content; banco de questões; diretório/metadado OAB; diretório/estrutura"
"storage/content/oab/19-exame/gabaritos/gabaritos-preliminares-da-prova-objetiva-1-fase-atualizado-14pawg.pdf","pedagogical-content","gabarito/padrão de resposta","true","leitura parcial","OAB","OAB/FGV","19-exame","1ª fase OAB","","2016","","","local-only","6165ee651bb868f8bada4908edadd8748670425855920bb4c2632e94afa71935","346387","alta","pedagogical-content; gabarito/padrão de resposta; diretório/metadado OAB; sem disciplina confiável"
"storage/content/oab/19-exame/metadata.json","pedagogical-container","container pedagógico","false","leitura bem-sucedida","OAB","OAB/FGV","19º Exame de Ordem Unificado","","","2026","","","local-only","4e9d974a86d03089a97eb5a81d8ba72bf3d3789cf23e387169913d0560629098","8337","alta","pedagogical-container; container pedagógico; diretório/metadado OAB; sem disciplina confiável"
"storage/content/oab/19-exame/provas/caderno-de-prova-tipo-1-1hvk6o.pdf","pedagogical-content","prova PDF","true","leitura parcial","OAB","OAB/FGV","19-exame","","","2015","","","local-only","1ddb377bd410408f99854f9811fc4d76a981d61ddda08eee020cedf5fe745bf6","675372","alta","pedagogical-content; prova PDF; diretório/metadado OAB; sem disciplina confiável"
"storage/content/oab/19-exame/provas/caderno-de-prova-tipo-2-18a4lo.pdf","pedagogical-content","prova PDF","true","leitura parcial","OAB","OAB/FGV","19-exame","","","2015","","","local-only","625b7f0152a19e06f0aec70663313c16c0f512b9093cb30027b672a8d466daa7","663127","alta","pedagogical-content; prova PDF; diretório/metadado OAB; sem disciplina confiável"
"storage/content/oab/19-exame/provas/caderno-de-prova-tipo-3-oqsrig.pdf","pedagogical-content","prova PDF","true","leitura parcial","OAB","OAB/FGV","19-exame","","","2015","","","local-only","8b640c4c61625985fa251f679892262ea858a72d7da949cf391edd610cc6e311","687810","alta","pedagogical-content; prova PDF; diretório/metadado OAB; sem disciplina confiável"
"storage/content/oab/19-exame/provas/caderno-de-prova-tipo-4-1ico77.pdf","pedagogical-content","prova PDF","true","leitura parcial","OAB","OAB/FGV","19-exame","","","2015","","","local-only","d4080a83fb79357ecd27768ccf56a5ec09a2dbad12ec376ac3490a1babae7ac5","669154","alta","pedagogical-content; prova PDF; diretório/metadado OAB; sem disciplina confiável"
"storage/content/oab/19-exame/provas/caderno-de-provas-direito-administrativo-1uxypj.pdf","pedagogical-content","prova PDF","true","leitura parcial","OAB","OAB/FGV","19-exame","","","2015","Direito Administrativo","","local-only","784f1b49dab8bf8b4bee0392481eae13b32893061bc42024ebcd31889addd92b","684330","alta","pedagogical-content; prova PDF; diretório/metadado OAB; diretório/estrutura"
"storage/content/oab/19-exame/provas/caderno-de-provas-direito-civil-1bmn5x.pdf","pedagogical-content","prova PDF","true","leitura parcial","OAB","OAB/FGV","19-exame","","","2015","","","local-only","1e1142dc305f14fdb9190ad9ff7c7a377c9b5e0fc2954b04fd985427dd6a773f","682393","alta","pedagogical-content; prova PDF; diretório/metadado OAB; sem disciplina confiável"
"storage/content/oab/19-exame/provas/caderno-de-provas-direito-constitucional-o9zw1g.pdf","pedagogical-content","prova PDF","true","leitura parcial","OAB","OAB/FGV","19-exame","","","1988","Direito Constitucional","","local-only","37c1a3c93b8962c52bd9be4942b328690c19e62b1eab8ba487075a96deef7ef6","677565","alta","pedagogical-content; prova PDF; diretório/metadado OAB; diretório/estrutura"
"storage/content/oab/19-exame/provas/caderno-de-provas-direito-do-trabalho-1eo0tm.pdf","pedagogical-content","prova PDF","true","leitura parcial","OAB","OAB/FGV","19-exame","","","2012","","","local-only","f6b87f500173ebd3ae8fbfe6c78d4455ba4c70288035c8e49a83292a91b7a3f6","802592","alta","pedagogical-content; prova PDF; diretório/metadado OAB; sem disciplina confiável"
"storage/content/oab/19-exame/provas/caderno-de-provas-direito-empresarial-1jb92v.pdf","pedagogical-content","prova PDF","true","leitura parcial","OAB","OAB/FGV","19-exame","","","1976","Direito Empresarial","","local-only","23eab65e4a405781f80b965efd5dea31d04ed1fa93daa6c7df3c66eaf387d08c","680714","alta","pedagogical-content; prova PDF; diretório/metadado OAB; diretório/estrutura"
"storage/content/oab/19-exame/provas/caderno-de-provas-direito-penal-q68kux.pdf","pedagogical-content","prova PDF","true","leitura parcial","OAB","OAB/FGV","19-exame","","","2014","Direito Penal","","local-only","46332bc2721efd59123190736bbc088b11cc013da11979426bddff89b8d7b358","693204","alta","pedagogical-content; prova PDF; diretório/metadado OAB; diretório/estrutura"
"storage/content/oab/19-exame/provas/caderno-de-provas-direito-tributario-dm88p5.pdf","pedagogical-content","prova PDF","true","leitura parcial","OAB","OAB/FGV","19-exame","","","","Direito Tributário","","local-only","9b064b79838e0f2096b1696bf76feac7b5da425b654cf3a5a95efa657c7b7e9c","677867","alta","pedagogical-content; prova PDF; diretório/metadado OAB; diretório/estrutura"
"storage/content/oab/19-exame/questoes/questoes-extraidas.json","pedagogical-content","banco de questões","true","leitura bem-sucedida","OAB","OAB/FGV","19-exame","","FGV","2015","Ética Profissional","19o Exame OAB - Questao 1","local-only","5830f197530036162538d727024610b47ca341b93b6efa1f5ea551d72dcec139","126888","alta","pedagogical-content; banco de questões; diretório/metadado OAB; diretório/estrutura"
"storage/content/oab/20-exame/gabaritos/gabaritos-preliminares-da-prova-objetiva-1-fase-9n9ffh.pdf","pedagogical-content","gabarito/padrão de resposta","true","leitura parcial","OAB","OAB/FGV","20-exame","1ª fase OAB","","2016","","","local-only","4cd85a22109423c26b574718f3c8435a3b693dfb1df6438f788b425c4e5b7b32","101462","alta","pedagogical-content; gabarito/padrão de resposta; diretório/metadado OAB; sem disciplina confiável"
"storage/content/oab/20-exame/gabaritos/gabaritos-preliminares-da-prova-objetiva-1-fase-examinandos-de-salvador-ba-1et8zc.pdf","pedagogical-content","gabarito/padrão de resposta","true","leitura parcial","OAB","OAB/FGV","20-exame","1ª fase OAB","","2016","","","local-only","a28138b654faf299ea30de765160b1227850dc1df7fc6517f15d67c689dce2b5","341809","alta","pedagogical-content; gabarito/padrão de resposta; diretório/metadado OAB; sem disciplina confiável"
"storage/content/oab/20-exame/metadata.json","pedagogical-container","container pedagógico","false","leitura bem-sucedida","OAB","OAB/FGV","20º Exame de Ordem Unificado","","","2026","","","local-only","b9f5b17f60d67560c69a7fc4b7a0ca02cb18e898c56daab05bea774c0ef304b1","18995","alta","pedagogical-container; container pedagógico; diretório/metadado OAB; sem disciplina confiável"
"storage/content/oab/20-exame/provas/caderno-de-prova-tipo-1-15xg3w.pdf","pedagogical-content","prova PDF","true","leitura parcial","OAB","OAB/FGV","20-exame","","","2004","","","local-only","98782c13cfcd96416a3f1cbf2176691eaad04cf890802f0d1f01ac7179bc9880","829370","alta","pedagogical-content; prova PDF; diretório/metadado OAB; sem disciplina confiável"
"storage/content/oab/20-exame/provas/caderno-de-prova-tipo-1-reaplicacao-salvador-ba-65x7zi.pdf","pedagogical-content","prova PDF","true","leitura parcial","OAB","OAB/FGV","20-exame","","","2016","","","local-only","5506b0e521a7b1eb22772ee98badd192d093685ce82dbe001b0c72074a152035","1088136","alta","pedagogical-content; prova PDF; diretório/metadado OAB; sem disciplina confiável"
"storage/content/oab/20-exame/provas/caderno-de-prova-tipo-2-maj79k.pdf","pedagogical-content","prova PDF","true","leitura parcial","OAB","OAB/FGV","20-exame","","","2004","","","local-only","6c29b44b68cec8345d2dbb7c6df2e8e2ef07b330898e8522ef053cd0100f8c0e","851975","alta","pedagogical-content; prova PDF; diretório/metadado OAB; sem disciplina confiável"
"storage/content/oab/20-exame/provas/caderno-de-prova-tipo-2-reaplicacao-salvador-ba-1dqk0x.pdf","pedagogical-content","prova PDF","true","leitura parcial","OAB","OAB/FGV","20-exame","","","2016","","","local-only","8e4b8f26a9c698d996890c9c22b8fcc85169a41bb7b9a96fb9fe934782579a4f","1108748","alta","pedagogical-content; prova PDF; diretório/metadado OAB; sem disciplina confiável"
"storage/content/oab/20-exame/provas/caderno-de-prova-tipo-3-bocpwt.pdf","pedagogical-content","prova PDF","true","leitura parcial","OAB","OAB/FGV","20-exame","","","2004","","","local-only","6f1d56ef3ae3dc180cc70fdf2b1299e651b36b7290cf7ce889606118f71e8129","860353","alta","pedagogical-content; prova PDF; diretório/metadado OAB; sem disciplina confiável"
"storage/content/oab/20-exame/provas/caderno-de-prova-tipo-3-reaplicacao-salvador-ba-wre74g.pdf","pedagogical-content","prova PDF","true","leitura parcial","OAB","OAB/FGV","20-exame","","","2014","","","local-only","c9f34a8c1bd862597b452ad11985c695f5b0caa2d756d99fbe80a1139bda804b","1121887","alta","pedagogical-content; prova PDF; diretório/metadado OAB; sem disciplina confiável"
"storage/content/oab/20-exame/provas/caderno-de-prova-tipo-4-1458pu.pdf","pedagogical-content","prova PDF","true","leitura parcial","OAB","OAB/FGV","20-exame","","","2004","","","local-only","8054d379e48943081faf4f855c046766bf9ec1bf7d23d4334ed64f9caf8f223a","1105830","alta","pedagogical-content; prova PDF; diretório/metadado OAB; sem disciplina confiável"
"storage/content/oab/20-exame/provas/caderno-de-prova-tipo-4-reaplicacao-salvador-ba-1aobzd.pdf","pedagogical-content","prova PDF","true","leitura parcial","OAB","OAB/FGV","20-exame","","","2014","","","local-only","ca2bd4d893b00f9aed8f8f24d16355410f35c0b984f0ea2b79f81133e8ff4e3b","1099501","alta","pedagogical-content; prova PDF; diretório/metadado OAB; sem disciplina confiável"
"storage/content/oab/20-exame/provas/caderno-de-provas-direito-administrativo-1vqru8.pdf","pedagogical-content","prova PDF","true","leitura parcial","OAB","OAB/FGV","20-exame","","","2016","Direito Administrativo","","local-only","9712a698b7d88fbbb2f7b09f8a797169e3b78120e907e0b80f451dee63db93d1","709513","alta","pedagogical-content; prova PDF; diretório/metadado OAB; diretório/estrutura"
"storage/content/oab/20-exame/provas/caderno-de-provas-direito-administrativo-reaplicacao-porto-velho-ro-1ghgn2.pdf","pedagogical-content","prova PDF","true","leitura parcial","OAB","OAB/FGV","20-exame","","","","Direito Administrativo","","local-only","6fe045684e43fb982840855571b00efbb3bbf9955f7e903b6f30ec49cbee52b5","1144036","alta","pedagogical-content; prova PDF; diretório/metadado OAB; diretório/estrutura"
"storage/content/oab/20-exame/provas/caderno-de-provas-direito-civil-reaplicacao-porto-velho-ro-4mstai.pdf","pedagogical-content","prova PDF","true","leitura parcial","OAB","OAB/FGV","20-exame","","","","","","local-only","9dcf63408fefda1c6e36227dc0939194efe8b61f58e56f4d4146ad6ec639809b","1142870","alta","pedagogical-content; prova PDF; diretório/metadado OAB; sem disciplina confiável"
"storage/content/oab/20-exame/provas/caderno-de-provas-direito-civil-sniqax.pdf","pedagogical-content","prova PDF","true","leitura parcial","OAB","OAB/FGV","20-exame","","","2015","","","local-only","a804df63cc251c12ae695b6866217c11342be943d43af749c61f02850b2203f1","704954","alta","pedagogical-content; prova PDF; diretório/metadado OAB; sem disciplina confiável"
"storage/content/oab/20-exame/provas/caderno-de-provas-direito-constitucional-reaplicacao-porto-velho-ro-10ewfi.pdf","pedagogical-content","prova PDF","true","leitura parcial","OAB","OAB/FGV","20-exame","","","2016","Direito Constitucional","","local-only","2ac15b044ea53cc27705c32f6776211a026b1cae52af5e90dbfa408a7e18b798","1143675","alta","pedagogical-content; prova PDF; diretório/metadado OAB; diretório/estrutura"
"storage/content/oab/20-exame/provas/caderno-de-provas-direito-constitucional-viwa5u.pdf","pedagogical-content","prova PDF","true","leitura parcial","OAB","OAB/FGV","20-exame","","","1985","Direito Constitucional","","local-only","2ba0019b58320a58c19b224bb37e0af837f52c818cb51648253572fba62f6820","704287","alta","pedagogical-content; prova PDF; diretório/metadado OAB; diretório/estrutura"
"storage/content/oab/20-exame/provas/caderno-de-provas-direito-do-trabalho-144a12.pdf","pedagogical-content","prova PDF","true","leitura parcial","OAB","OAB/FGV","20-exame","","","2015","","","local-only","00db0095547349a234d74b0b404492c9c74e2d6c0b24f4749cae7da121cf73f1","701790","alta","pedagogical-content; prova PDF; diretório/metadado OAB; sem disciplina confiável"
"storage/content/oab/20-exame/provas/caderno-de-provas-direito-do-trabalho-reaplicacao-porto-velho-ro-1xbrxh.pdf","pedagogical-content","prova PDF","true","leitura parcial","OAB","OAB/FGV","20-exame","","","2014","","","local-only","abdc06d9e08b3ca7c6af8c27ae9b670bf2bd5f2afb93ca8b685da37adab63c83","1138655","alta","pedagogical-content; prova PDF; diretório/metadado OAB; sem disciplina confiável"
"storage/content/oab/20-exame/provas/caderno-de-provas-direito-empresarial-4rlub2.pdf","pedagogical-content","prova PDF","true","leitura parcial","OAB","OAB/FGV","20-exame","","","2013","Direito Empresarial","","local-only","30498ed39d6a7a89bc5ebcd2f48f28ef06116bc97190a412b360f632fb47aa12","703638","alta","pedagogical-content; prova PDF; diretório/metadado OAB; diretório/estrutura"
"storage/content/oab/20-exame/provas/caderno-de-provas-direito-empresarial-reaplicacao-porto-velho-ro-shohmj.pdf","pedagogical-content","prova PDF","true","leitura parcial","OAB","OAB/FGV","20-exame","","","2016","Direito Empresarial","","local-only","7fd4df3561ba409f6e2689a0befdc6f1a2ed1fd9542f45f95ca1320a2f38ac14","1141659","alta","pedagogical-content; prova PDF; diretório/metadado OAB; diretório/estrutura"
"storage/content/oab/20-exame/provas/caderno-de-provas-direito-penal-oef0i.pdf","pedagogical-content","prova PDF","true","leitura parcial","OAB","OAB/FGV","20-exame","","","1940","Direito Penal","","local-only","826d55ae6e3dce75d0b52e1aaaefdca7094ec0bbbf7dea149367fa5ba8006a56","710101","alta","pedagogical-content; prova PDF; diretório/metadado OAB; diretório/estrutura"
"storage/content/oab/20-exame/provas/caderno-de-provas-direito-penal-reaplicacao-porto-velho-ro-1v4qt4.pdf","pedagogical-content","prova PDF","true","leitura parcial","OAB","OAB/FGV","20-exame","","","1997","Direito Penal","","local-only","6a32590fadc84cfe128af667ac347c73634f73bf1395dc1da3e58f862a8d544e","1151062","alta","pedagogical-content; prova PDF; diretório/metadado OAB; diretório/estrutura"
"storage/content/oab/20-exame/provas/caderno-de-provas-direito-tributario-1rnh5z.pdf","pedagogical-content","prova PDF","true","leitura parcial","OAB","OAB/FGV","20-exame","","","2014","Direito Tributário","","local-only","78f6c6a646612ec5af5dfb1f75aae0f22f4a31f53557777dfcc6db5c95060caf","701340","alta","pedagogical-content; prova PDF; diretório/metadado OAB; diretório/estrutura"
"storage/content/oab/20-exame/provas/caderno-de-provas-direito-tributario-reaplicacao-porto-velho-ro-sak8p5.pdf","pedagogical-content","prova PDF","true","leitura parcial","OAB","OAB/FGV","20-exame","","","2007","Direito Tributário","","local-only","9d8911a338a08caa3956b69903b37611d5aa082611179201a9e865bc88240fda","1150271","alta","pedagogical-content; prova PDF; diretório/metadado OAB; diretório/estrutura"
"storage/content/oab/20-exame/questoes/questoes-extraidas.json","pedagogical-content","banco de questões","true","leitura bem-sucedida","OAB","OAB/FGV","20-exame","","FGV","2014","Ética Profissional","20o Exame OAB - Questao 1","local-only","bc55cb32cb2011b4e216e97dc10ffa53688905eb3de66bcb6746bff77297c52a","124508","alta","pedagogical-content; banco de questões; diretório/metadado OAB; diretório/estrutura"
"storage/content/oab/2010-2-exame/gabaritos/gabarito-do-caderno-de-prova-01-uwdyvp.pdf","pedagogical-content","gabarito/padrão de resposta","true","leitura parcial","OAB","OAB/FGV","2010-2-exame","","","2010","","","local-only","c5cfa9ac50e78d1d2f3c20cd8e2dc365a8b11abb56de09717fdc9fff6fbf17af","32680","alta","pedagogical-content; gabarito/padrão de resposta; diretório/metadado OAB; sem disciplina confiável"
"storage/content/oab/2010-2-exame/gabaritos/gabarito-do-caderno-de-prova-02-uwxrh2.pdf","pedagogical-content","gabarito/padrão de resposta","true","leitura parcial","OAB","OAB/FGV","2010-2-exame","","","2010","","","local-only","cb53737f5afe1823feaeb0835df5e0e823227d309e2665321b607b1585c96cf0","32626","alta","pedagogical-content; gabarito/padrão de resposta; diretório/metadado OAB; sem disciplina confiável"
"storage/content/oab/2010-2-exame/gabaritos/gabarito-do-caderno-de-prova-03-uxhk2f.pdf","pedagogical-content","gabarito/padrão de resposta","true","leitura parcial","OAB","OAB/FGV","2010-2-exame","","","2010","","","local-only","1685e8cf3037139bc35d14e04632a5a6808789cce426760581ee455d41472f61","32859","alta","pedagogical-content; gabarito/padrão de resposta; diretório/metadado OAB; sem disciplina confiável"
"storage/content/oab/2010-2-exame/gabaritos/gabarito-do-caderno-de-prova-04-uy1cns.pdf","pedagogical-content","gabarito/padrão de resposta","true","leitura parcial","OAB","OAB/FGV","2010-2-exame","","","2010","","","local-only","be80123a42391b1534ca3611f726a9ecc0ef9185a6f29fd40d8b250696a88a8d","32787","alta","pedagogical-content; gabarito/padrão de resposta; diretório/metadado OAB; sem disciplina confiável"
"storage/content/oab/2010-2-exame/metadata.json","pedagogical-container","container pedagógico","false","leitura bem-sucedida","OAB","OAB/FGV","Exame de Ordem Unificado 2010.2","","","2010","","","local-only","810f566217395cc4c6788dfbb4e006fb2b6f02eb4d21c293969487cac0c7c5db","5988","alta","pedagogical-container; container pedagógico; diretório/metadado OAB; sem disciplina confiável"
"storage/content/oab/2010-2-exame/provas/caderno-de-prova-01-1uw61u.pdf","pedagogical-content","prova PDF","true","leitura parcial","OAB","OAB/FGV","2010-2-exame","","","2010","","","local-only","661123ab16fd047da57f335d1c9e6fec5207d6ea7f377da81e01a76585784a17","590483","alta","pedagogical-content; prova PDF; diretório/metadado OAB; sem disciplina confiável"
"storage/content/oab/2010-2-exame/provas/caderno-de-prova-02-1uwpug.pdf","pedagogical-content","prova PDF","true","leitura parcial","OAB","OAB/FGV","2010-2-exame","","","2010","","","local-only","cb5dc4abe4e549fad59648db31308ea8b26d5344d2bef053bce5c1ae5c87958d","590076","alta","pedagogical-content; prova PDF; diretório/metadado OAB; sem disciplina confiável"
"storage/content/oab/2010-2-exame/provas/caderno-de-prova-03-1ux9n1.pdf","pedagogical-content","prova PDF","true","leitura parcial","OAB","OAB/FGV","2010-2-exame","","","2010","","","local-only","fa7b6cfbebce09ba58b84fb9a425cb4c917e97ce2e71e8dc2039269d3927ba21","590990","alta","pedagogical-content; prova PDF; diretório/metadado OAB; sem disciplina confiável"
"storage/content/oab/2010-2-exame/provas/caderno-de-prova-04-1uxtfm.pdf","pedagogical-content","prova PDF","true","leitura parcial","OAB","OAB/FGV","2010-2-exame","","","2010","","","local-only","a71797210b0fcc29e6d3d213d51b0d1eb29968cc07cf9d0a6c5dee65d743331c","589691","alta","pedagogical-content; prova PDF; diretório/metadado OAB; sem disciplina confiável"
"storage/content/oab/2010-2-exame/provas/caderno-de-prova-direito-administrativo-1ws6qe.pdf","pedagogical-content","prova PDF","true","leitura parcial","OAB","OAB/FGV","2010-2-exame","","","2010","Direito Administrativo","","local-only","4c9302066f7621c6f204f0c4a2e1e072c8c18c84c760357cdac3c311933b400f","865569","alta","pedagogical-content; prova PDF; diretório/metadado OAB; diretório/estrutura"
"storage/content/oab/2010-2-exame/provas/caderno-de-prova-direito-civil-dex9z1.pdf","pedagogical-content","prova PDF","true","leitura parcial","OAB","OAB/FGV","2010-2-exame","","","2010","","","local-only","52fdda9c73ebf7f2d51f3540f3258d6ab6ab38157c07c9d63e48194da86e865c","869464","alta","pedagogical-content; prova PDF; diretório/metadado OAB; sem disciplina confiável"
"storage/content/oab/2010-2-exame/provas/caderno-de-prova-direito-constitucional-1lxr7l.pdf","pedagogical-content","prova PDF","true","leitura parcial","OAB","OAB/FGV","2010-2-exame","","","2010","Direito Constitucional","","local-only","2b3ddcaed0450fd85330e71ac0b09127b7179b42f97a1b6c4a779ad800e9689d","858772","alta","pedagogical-content; prova PDF; diretório/metadado OAB; diretório/estrutura"
"storage/content/oab/2010-2-exame/provas/caderno-de-prova-direito-do-trabalho-fmjw4h.pdf","pedagogical-content","prova PDF","true","leitura parcial","OAB","OAB/FGV","2010-2-exame","","","2010","","","local-only","2a09f6c1bfb89a51da658f00d07c9aa815b20b149693e7ff12b60df2ce871e00","864992","alta","pedagogical-content; prova PDF; diretório/metadado OAB; sem disciplina confiável"
"storage/content/oab/2010-2-exame/provas/caderno-de-prova-direito-empresarial-1ptnu8.pdf","pedagogical-content","prova PDF","true","leitura parcial","OAB","OAB/FGV","2010-2-exame","","","2010","Direito Empresarial","","local-only","b5bed309dc6c405844a7e86f09ed1d3ccde97ff65f3c7114fed51a6a196abb18","859787","alta","pedagogical-content; prova PDF; diretório/metadado OAB; diretório/estrutura"
"storage/content/oab/2010-2-exame/provas/caderno-de-prova-direito-penal-10c8zo.pdf","pedagogical-content","prova PDF","true","leitura parcial","OAB","OAB/FGV","2010-2-exame","","","2010","Direito Penal","","local-only","5f26549d0dfb69eafca955edea3e77478fac94cc59c4ed1b6b6cdb6c9a30db01","866511","alta","pedagogical-content; prova PDF; diretório/metadado OAB; diretório/estrutura"
"storage/content/oab/2010-2-exame/provas/caderno-de-prova-direito-tributario-1nxefc.pdf","pedagogical-content","prova PDF","true","leitura parcial","OAB","OAB/FGV","2010-2-exame","","","2010","Direito Tributário","","local-only","a3e3d526f3c2f1fe4a3326f3cc9731d5c3f2ebd5262609e16af28db058637e1b","854298","alta","pedagogical-content; prova PDF; diretório/metadado OAB; diretório/estrutura"
"storage/content/oab/2010-2-exame/questoes/questoes-extraidas.json","pedagogical-content","banco de questões","true","leitura bem-sucedida","OAB","OAB/FGV","2010-2-exame","","FGV","2010","Ética Profissional","2010-2o Exame OAB - Questao 1","local-only","85b1bc3c8b444c756544c78770f4d02ffadde87ecdc1b79857e435e5c0140c94","138788","alta","pedagogical-content; banco de questões; diretório/metadado OAB; diretório/estrutura"
"storage/content/oab/2010-3-exame/metadata.json","pedagogical-container","container pedagógico","false","leitura bem-sucedida","OAB","OAB/FGV","Exame de Ordem Unificado 2010.3","","","2010","","","local-only","6401e777d5d0cf95d0a1e70f96b698b87b6e0ad823ebabd5dcfc55bad22abccc","185","alta","pedagogical-container; container pedagógico; diretório/metadado OAB; sem disciplina confiável"
"storage/content/oab/21-exame/gabaritos/gabaritos-preliminares-da-prova-objetiva-1-fase-rv9qdu.pdf","pedagogical-content","gabarito/padrão de resposta","true","leitura parcial","OAB","OAB/FGV","21-exame","1ª fase OAB","","2016","","","local-only","f40c3d4237168e85b4316ce239bbb68c1469ded3b50e158cb23e4b47fe893f9f","101562","alta","pedagogical-content; gabarito/padrão de resposta; diretório/metadado OAB; sem disciplina confiável"
"storage/content/oab/21-exame/metadata.json","pedagogical-container","container pedagógico","false","leitura bem-sucedida","OAB","OAB/FGV","21º Exame de Ordem Unificado","","","2026","","","local-only","d12474247fe08041fef25a4610a3d27ea82b456267282ab6ab9dc7b48e9dd7ed","8135","alta","pedagogical-container; container pedagógico; diretório/metadado OAB; sem disciplina confiável"
"storage/content/oab/21-exame/provas/caderno-de-prova-tipo-1-l5p1dl.pdf","pedagogical-content","prova PDF","true","leitura parcial","OAB","OAB/FGV","21-exame","","","2000","","","local-only","67bb53063c1fea0a5cef2e1e607f05fb78929b65646b924215158d5994986cb7","1095228","alta","pedagogical-content; prova PDF; diretório/metadado OAB; sem disciplina confiável"
"storage/content/oab/21-exame/provas/caderno-de-prova-tipo-2-1g9l1x.pdf","pedagogical-content","prova PDF","true","leitura parcial","OAB","OAB/FGV","21-exame","","","2000","","","local-only","0121ef561b08cc2c7d329438b4da34052ea983be36df23023a7f793a8d6dfc98","1114862","alta","pedagogical-content; prova PDF; diretório/metadado OAB; sem disciplina confiável"
"storage/content/oab/21-exame/provas/caderno-de-prova-tipo-3-c5mgwq.pdf","pedagogical-content","prova PDF","true","leitura parcial","OAB","OAB/FGV","21-exame","","","2000","","","local-only","0678d41f8fff8daae35331120810912c60d6a00ab7c98e674eeb3e84bb5d869c","3171469","alta","pedagogical-content; prova PDF; diretório/metadado OAB; sem disciplina confiável"
"storage/content/oab/21-exame/provas/caderno-de-prova-tipo-4-172rxv.pdf","pedagogical-content","prova PDF","true","leitura parcial","OAB","OAB/FGV","21-exame","","","2000","","","local-only","165e54df1b10c2b59f1b4619695ceac0848cc3a6d6107192acf4cbd10df46ab5","3129411","alta","pedagogical-content; prova PDF; diretório/metadado OAB; sem disciplina confiável"
"storage/content/oab/21-exame/provas/caderno-de-provas-direito-administrativo-s0c6e9.pdf","pedagogical-content","prova PDF","true","leitura parcial","OAB","OAB/FGV","21-exame","","","","Direito Administrativo","","local-only","bf2fcbd16f5e8fdf2c6e2035aeb2fc48bcac4e527204ff5736ed830c5f5b3e81","682304","alta","pedagogical-content; prova PDF; diretório/metadado OAB; diretório/estrutura"
"storage/content/oab/21-exame/provas/caderno-de-provas-direito-civil-hk4onq.pdf","pedagogical-content","prova PDF","true","leitura parcial","OAB","OAB/FGV","21-exame","","","2009","","","local-only","dce71aea07dbf383f5ef143a961e9272de62d9d6b7492ae027173652daa8cd7c","684326","alta","pedagogical-content; prova PDF; diretório/metadado OAB; sem disciplina confiável"
"storage/content/oab/21-exame/provas/caderno-de-provas-direito-constitucional-16hlwp.pdf","pedagogical-content","prova PDF","true","leitura parcial","OAB","OAB/FGV","21-exame","","","","Direito Constitucional","","local-only","5234b96346cd5b12f8edf7be2d09541fae2bd2af4452d26c4f9f823efcfb49e6","680904","alta","pedagogical-content; prova PDF; diretório/metadado OAB; diretório/estrutura"
"storage/content/oab/21-exame/provas/caderno-de-provas-direito-do-trabalho-186spb.pdf","pedagogical-content","prova PDF","true","leitura parcial","OAB","OAB/FGV","21-exame","","","","","","local-only","cf22602c14fbf94939a021c0492a9062d005f6c55f2629674cf423d054eb4c1f","679261","alta","pedagogical-content; prova PDF; diretório/metadado OAB; sem disciplina confiável"
"storage/content/oab/21-exame/provas/caderno-de-provas-direito-empresarial-1423pp.pdf","pedagogical-content","prova PDF","true","leitura parcial","OAB","OAB/FGV","21-exame","","","2012","Direito Empresarial","","local-only","1c34ece6192c3111e83854ba3bbe95cf0bf5072e2ce94d5664a73d3435be9a1a","681902","alta","pedagogical-content; prova PDF; diretório/metadado OAB; diretório/estrutura"
"storage/content/oab/21-exame/provas/caderno-de-provas-direito-penal-j5l4cg.pdf","pedagogical-content","prova PDF","true","leitura parcial","OAB","OAB/FGV","21-exame","","","1990","Direito Penal","","local-only","40ab4f82c857e8317fe40a5fe1cf9b576fde357bc60052c835525d16da8b8106","688984","alta","pedagogical-content; prova PDF; diretório/metadado OAB; diretório/estrutura"
"storage/content/oab/21-exame/provas/caderno-de-provas-direito-tributario-yctc4.pdf","pedagogical-content","prova PDF","true","leitura parcial","OAB","OAB/FGV","21-exame","","","2014","Direito Tributário","","local-only","d1da92c7008faaad0431b0dae937fa67a77f742ed686a3669dded7f7be76ebb2","676486","alta","pedagogical-content; prova PDF; diretório/metadado OAB; diretório/estrutura"
"storage/content/oab/21-exame/questoes/questoes-extraidas.json","pedagogical-content","banco de questões","true","leitura bem-sucedida","OAB","OAB/FGV","21-exame","","FGV","2000","Ética Profissional","21o Exame OAB - Questao 1","local-only","b8e1dd7ff4a3928ecbfd3dd69f16d146b63065523cc8144dd83c775d6b6fc98d","129055","alta","pedagogical-content; banco de questões; diretório/metadado OAB; diretório/estrutura"
"storage/content/oab/22-exame/gabaritos/gabaritos-preliminares-da-prova-objetiva-1-fase-mzcemy.pdf","pedagogical-content","gabarito/padrão de resposta","true","leitura parcial","OAB","OAB/FGV","22-exame","1ª fase OAB","","2017","","","local-only","1d59a8d095a649912ec53c33e544382ba60d92c9ffaf01a7f3c4cc3b6675a44e","102090","alta","pedagogical-content; gabarito/padrão de resposta; diretório/metadado OAB; sem disciplina confiável"
"storage/content/oab/22-exame/metadata.json","pedagogical-container","container pedagógico","false","leitura bem-sucedida","OAB","OAB/FGV","22º Exame de Ordem Unificado","","","2026","","","local-only","659413fc73fe262d4384579025d02465e17d3529d5bf4848515a46e1e60524ab","8183","alta","pedagogical-container; container pedagógico; diretório/metadado OAB; sem disciplina confiável"
"storage/content/oab/22-exame/provas/caderno-de-prova-tipo-1-13b7mz.pdf","pedagogical-content","prova PDF","true","leitura parcial","OAB","OAB/FGV","22-exame","","","2017","","","local-only","e0eaa59c15289cc5a83c2f88221502a45250cd59c5cfb37be1c3239b4f7c0e80","838411","alta","pedagogical-content; prova PDF; diretório/metadado OAB; sem disciplina confiável"
"storage/content/oab/22-exame/provas/caderno-de-prova-tipo-2-ufp8vd.pdf","pedagogical-content","prova PDF","true","leitura parcial","OAB","OAB/FGV","22-exame","","","2017","","","local-only","d4a66c4c43df54f009c24cb6a871d2680918c720de9ec3006cf5c4e8a379f71e","863448","alta","pedagogical-content; prova PDF; diretório/metadado OAB; sem disciplina confiável"
"storage/content/oab/22-exame/provas/caderno-de-prova-tipo-3-1hz8f5.pdf","pedagogical-content","prova PDF","true","leitura parcial","OAB","OAB/FGV","22-exame","","","2016","","","local-only","3beeb82da07e1af962a3b98ca5e4abd97691a3dc69596666aa2aee660de748eb","873008","alta","pedagogical-content; prova PDF; diretório/metadado OAB; sem disciplina confiável"
"storage/content/oab/22-exame/provas/caderno-de-prova-tipo-4-f45v7w.pdf","pedagogical-content","prova PDF","true","leitura parcial","OAB","OAB/FGV","22-exame","","","2017","","","local-only","0fcab174413faa3255c33ce88eb0c2c90734f4838817c3a86b33f28d361cedaa","853270","alta","pedagogical-content; prova PDF; diretório/metadado OAB; sem disciplina confiável"
"storage/content/oab/22-exame/provas/caderno-de-provas-direito-administrativo-191tz4.pdf","pedagogical-content","prova PDF","true","leitura parcial","OAB","OAB/FGV","22-exame","","","2016","Direito Administrativo","","local-only","7b7032951f9eb3fd3419007245e8335fdddaa936ce1cb7300e3c6502d142d10b","695518","alta","pedagogical-content; prova PDF; diretório/metadado OAB; diretório/estrutura"
"storage/content/oab/22-exame/provas/caderno-de-provas-direito-civil-1h1oj4.pdf","pedagogical-content","prova PDF","true","leitura parcial","OAB","OAB/FGV","22-exame","","","1980","","","local-only","c675a74f2367a9ba2d3b30367d65aa17c46a01c1542b54231fdd4e6e5f5a0e87","690869","alta","pedagogical-content; prova PDF; diretório/metadado OAB; sem disciplina confiável"
"storage/content/oab/22-exame/provas/caderno-de-provas-direito-constitucional-1sjbr2.pdf","pedagogical-content","prova PDF","true","leitura parcial","OAB","OAB/FGV","22-exame","","","","Direito Constitucional","","local-only","8e61a18d3f18618f3236b4350bdf5bdf65181050120eb57c24ab31a388bcdbaa","687028","alta","pedagogical-content; prova PDF; diretório/metadado OAB; diretório/estrutura"
"storage/content/oab/22-exame/provas/caderno-de-provas-direito-do-trabalho-12bkwq.pdf","pedagogical-content","prova PDF","true","leitura parcial","OAB","OAB/FGV","22-exame","","","2014","","","local-only","fe1af37582781f6d2828dcb3b41c0956c55dbb6218b0e69375742ac7cdad241b","686797","alta","pedagogical-content; prova PDF; diretório/metadado OAB; sem disciplina confiável"
"storage/content/oab/22-exame/provas/caderno-de-provas-direito-empresarial-fmwp31.pdf","pedagogical-content","prova PDF","true","leitura parcial","OAB","OAB/FGV","22-exame","","","2009","Direito Empresarial","","local-only","32e08e0b6342397fcf7c6c028606f9783a128c3f0299153ba51aa98014636af3","690477","alta","pedagogical-content; prova PDF; diretório/metadado OAB; diretório/estrutura"
"storage/content/oab/22-exame/provas/caderno-de-provas-direito-penal-gu1b5q.pdf","pedagogical-content","prova PDF","true","leitura parcial","OAB","OAB/FGV","22-exame","","","2017","Direito Penal","","local-only","7691b43e1afaac43ea3105407a75c3281d231e9240759bc73d829fa99a0e3364","695883","alta","pedagogical-content; prova PDF; diretório/metadado OAB; diretório/estrutura"
"storage/content/oab/22-exame/provas/caderno-de-provas-direito-tributario-1x570d.pdf","pedagogical-content","prova PDF","true","leitura parcial","OAB","OAB/FGV","22-exame","","","2015","Direito Tributário","","local-only","864dc896d830a709679d84bac11030b9da01f145f7be33fda7f6a4dd921f692f","686325","alta","pedagogical-content; prova PDF; diretório/metadado OAB; diretório/estrutura"
"storage/content/oab/22-exame/questoes/questoes-extraidas.json","pedagogical-content","banco de questões","true","leitura bem-sucedida","OAB","OAB/FGV","22-exame","","FGV","2017","Ética Profissional","22o Exame OAB - Questao 1","local-only","f15204c9e007b3736d81040eecde06cded8ba6e84a5aee903fbec1931e598845","134758","alta","pedagogical-content; banco de questões; diretório/metadado OAB; diretório/estrutura"
"storage/content/oab/23-exame/gabaritos/gabaritos-preliminares-da-prova-objetiva-1-fase-1ojpwd.pdf","pedagogical-content","gabarito/padrão de resposta","true","leitura parcial","OAB","OAB/FGV","23-exame","1ª fase OAB","","2017","","","local-only","81a1900f356d8cae1da074e2c56258b79eb3e18c51422143e179a3cb3b46bb94","101773","alta","pedagogical-content; gabarito/padrão de resposta; diretório/metadado OAB; sem disciplina confiável"
"storage/content/oab/23-exame/metadata.json","pedagogical-container","container pedagógico","false","leitura bem-sucedida","OAB","OAB/FGV","23º Exame de Ordem Unificado","","","2026","","","local-only","e12754a16590e3abe66243838d685ef5e16090a220d3912437490c004a377e12","8127","alta","pedagogical-container; container pedagógico; diretório/metadado OAB; sem disciplina confiável"
"storage/content/oab/23-exame/provas/caderno-de-prova-tipo-1-1c1xvg.pdf","pedagogical-content","prova PDF","true","leitura parcial","OAB","OAB/FGV","23-exame","","","2017","","","local-only","eb72787e49d6e5e8f93a650abc25e3766a6084b4bd449d52825ab8063b196b14","853921","alta","pedagogical-content; prova PDF; diretório/metadado OAB; sem disciplina confiável"
"storage/content/oab/23-exame/provas/caderno-de-prova-tipo-2-1iefak.pdf","pedagogical-content","prova PDF","true","leitura parcial","OAB","OAB/FGV","23-exame","","","2017","","","local-only","e6ebed0bfdd14324e216f97ee47b7e6114ed70e75b34e4cdb3ad3e8eb03c1ada","1136234","alta","pedagogical-content; prova PDF; diretório/metadado OAB; sem disciplina confiável"
"storage/content/oab/23-exame/provas/caderno-de-prova-tipo-3-ysnkop.pdf","pedagogical-content","prova PDF","true","leitura parcial","OAB","OAB/FGV","23-exame","","","2017","","","local-only","4d80d60f8eb56aff352faa88124112f1bf9cbaf00810a6b2c328a43629c1f549","879083","alta","pedagogical-content; prova PDF; diretório/metadado OAB; sem disciplina confiável"
"storage/content/oab/23-exame/provas/caderno-de-prova-tipo-4-ljdfnt.pdf","pedagogical-content","prova PDF","true","leitura parcial","OAB","OAB/FGV","23-exame","","","2017","","","local-only","20f245cb8e50f365a67656edb4810187eb74f7e1cb259daa3db521ded825a863","863326","alta","pedagogical-content; prova PDF; diretório/metadado OAB; sem disciplina confiável"
"storage/content/oab/23-exame/provas/caderno-de-provas-direito-administrativo-y6jdmh.pdf","pedagogical-content","prova PDF","true","leitura parcial","OAB","OAB/FGV","23-exame","","","","Direito Administrativo","","local-only","3fa7ebff43e864636cd024e55229a07382e8683d3443c2004835db59c784c6d5","687629","alta","pedagogical-content; prova PDF; diretório/metadado OAB; diretório/estrutura"
"storage/content/oab/23-exame/provas/caderno-de-provas-direito-civil-hj8jk8.pdf","pedagogical-content","prova PDF","true","leitura parcial","OAB","OAB/FGV","23-exame","","","2017","","","local-only","0d98c1a5518624148ba89b382ae4c2b0a95f55add35651f7e2f143ebf750d596","687236","alta","pedagogical-content; prova PDF; diretório/metadado OAB; sem disciplina confiável"
"storage/content/oab/23-exame/provas/caderno-de-provas-direito-constitucional-1fuojd.pdf","pedagogical-content","prova PDF","true","leitura parcial","OAB","OAB/FGV","23-exame","","","2005","Direito Constitucional","","local-only","584dd216b9e95fc2d1be668cc7fc91b92af9a9c155638e1c7b36a46995221784","684247","alta","pedagogical-content; prova PDF; diretório/metadado OAB; diretório/estrutura"
"storage/content/oab/23-exame/provas/caderno-de-provas-direito-do-trabalho-1et8my.pdf","pedagogical-content","prova PDF","true","leitura parcial","OAB","OAB/FGV","23-exame","","","2017","","","local-only","6bb8939473d49b9464d0ee78b898aaee74452e2ce5eee9b74aed22e5fcbb4925","685205","alta","pedagogical-content; prova PDF; diretório/metadado OAB; sem disciplina confiável"
"storage/content/oab/23-exame/provas/caderno-de-provas-direito-empresarial-vbdzef.pdf","pedagogical-content","prova PDF","true","leitura parcial","OAB","OAB/FGV","23-exame","","","2014","Direito Empresarial","","local-only","07b0c7b8d2d2a61701fc3e509d50435841c8bcadc9457969b8d65f1a40bf054d","683093","alta","pedagogical-content; prova PDF; diretório/metadado OAB; diretório/estrutura"
"storage/content/oab/23-exame/provas/caderno-de-provas-direito-penal-ahpwjf.pdf","pedagogical-content","prova PDF","true","leitura parcial","OAB","OAB/FGV","23-exame","","","2016","Direito Penal","","local-only","aa3f8fd09a266738cc7b10746013c4273943f5bba3c228abee7be02567ec8f54","685780","alta","pedagogical-content; prova PDF; diretório/metadado OAB; diretório/estrutura"
"storage/content/oab/23-exame/provas/caderno-de-provas-direito-tributario-1sr5xa.pdf","pedagogical-content","prova PDF","true","leitura parcial","OAB","OAB/FGV","23-exame","","","2016","Direito Tributário","","local-only","74092270aec27d08186dc9967273ec98c6fccb9f955021c1b0247d9331ae7c2a","685111","alta","pedagogical-content; prova PDF; diretório/metadado OAB; diretório/estrutura"
"storage/content/oab/23-exame/questoes/questoes-extraidas.json","pedagogical-content","banco de questões","true","leitura bem-sucedida","OAB","OAB/FGV","23-exame","","FGV","1988","Ética Profissional","23o Exame OAB - Questao 1","local-only","d9add0eb423c86d38c5ec507aa86bfb5e856bcb6178caaad9ba5a46d3657b929","134443","alta","pedagogical-content; banco de questões; diretório/metadado OAB; diretório/estrutura"
"storage/content/oab/24-exame/gabaritos/gabaritos-preliminares-da-prova-objetiva-1-fase-9c1rjf.pdf","pedagogical-content","gabarito/padrão de resposta","true","leitura parcial","OAB","OAB/FGV","24-exame","1ª fase OAB","","2017","","","local-only","dfaaf8c97222d2d0a640bc47d64a5a22d5fc513849e700d198f91fe2674762b2","85320","alta","pedagogical-content; gabarito/padrão de resposta; diretório/metadado OAB; sem disciplina confiável"
"storage/content/oab/24-exame/metadata.json","pedagogical-container","container pedagógico","false","leitura bem-sucedida","OAB","OAB/FGV","24º Exame de Ordem Unificado","","","2026","","","local-only","22df2c5366e231db3b6d630c93f0e8ff75f20ca15b455095edbb6714289dc1ac","8229","alta","pedagogical-container; container pedagógico; diretório/metadado OAB; sem disciplina confiável"
"storage/content/oab/24-exame/provas/caderno-de-prova-tipo-1-49qjjq.pdf","pedagogical-content","prova PDF","true","leitura parcial","OAB","OAB/FGV","24-exame","","","2017","","","local-only","1116ed679f548adb8751edef06df79aaf0f571371155b414e6f0112ff9985bf7","1373500","alta","pedagogical-content; prova PDF; diretório/metadado OAB; sem disciplina confiável"
"storage/content/oab/24-exame/provas/caderno-de-prova-tipo-2-111h6i.pdf","pedagogical-content","prova PDF","true","leitura parcial","OAB","OAB/FGV","24-exame","","","2017","","","local-only","838e0404dde518efaf982d13d7b5566835cabd30c3bf6ea1a2c478a9f0e2358a","1019338","alta","pedagogical-content; prova PDF; diretório/metadado OAB; sem disciplina confiável"
"storage/content/oab/24-exame/provas/caderno-de-prova-tipo-3-4odvg5.pdf","pedagogical-content","prova PDF","true","leitura parcial","OAB","OAB/FGV","24-exame","","","2017","","","local-only","7047132ebd3ea2e1de9ec2cb4231886201a096c6f206fd064d8aa4e05b8ae662","1030583","alta","pedagogical-content; prova PDF; diretório/metadado OAB; sem disciplina confiável"
"storage/content/oab/24-exame/provas/caderno-de-prova-tipo-4-6f5zoy.pdf","pedagogical-content","prova PDF","true","leitura parcial","OAB","OAB/FGV","24-exame","","","2017","","","local-only","304567184b90bbfd85c3014d7b7d4e310936b27ee147d822f6833e6571499119","975043","alta","pedagogical-content; prova PDF; diretório/metadado OAB; sem disciplina confiável"
"storage/content/oab/24-exame/provas/caderno-de-provas-direito-administrativo-5ubhw.pdf","pedagogical-content","prova PDF","true","leitura parcial","OAB","OAB/FGV","24-exame","","","2015","Direito Administrativo","","local-only","602fdc80557cae08c2a9c4e5962d6d44cbb1444bc827a7641f4dbdd79ee475a5","689199","alta","pedagogical-content; prova PDF; diretório/metadado OAB; diretório/estrutura"
"storage/content/oab/24-exame/provas/caderno-de-provas-direito-civil-19iftj.pdf","pedagogical-content","prova PDF","true","leitura parcial","OAB","OAB/FGV","24-exame","","","","","","local-only","97156dfa83b9804824c39d1fdde453830772f32220ae1467ed2878e4946f403d","687199","alta","pedagogical-content; prova PDF; diretório/metadado OAB; sem disciplina confiável"
"storage/content/oab/24-exame/provas/caderno-de-provas-direito-constitucional-n0zgmw.pdf","pedagogical-content","prova PDF","true","leitura parcial","OAB","OAB/FGV","24-exame","","","2016","Direito Constitucional","","local-only","e66d27cffe0d2cc4514ed317c9eb5f62d0e37f3f22e40cba188fbf387bec4ff9","687161","alta","pedagogical-content; prova PDF; diretório/metadado OAB; diretório/estrutura"
"storage/content/oab/24-exame/provas/caderno-de-provas-direito-do-trabalho-1yfvfn.pdf","pedagogical-content","prova PDF","true","leitura parcial","OAB","OAB/FGV","24-exame","","","2015","","","local-only","7db3d0a6d5a8a994ef5298c42d6e3edfdd59e8d16c874fbe400c68687270bb1c","688411","alta","pedagogical-content; prova PDF; diretório/metadado OAB; sem disciplina confiável"
"storage/content/oab/24-exame/provas/caderno-de-provas-direito-empresarial-iz0gam.pdf","pedagogical-content","prova PDF","true","leitura parcial","OAB","OAB/FGV","24-exame","","","2016","Direito Empresarial","","local-only","b9bd9f9432f9a1d8fb73edf7115e5099b2ecbd722fc2efdf86030a21e7622f4f","689073","alta","pedagogical-content; prova PDF; diretório/metadado OAB; diretório/estrutura"
"storage/content/oab/24-exame/provas/caderno-de-provas-direito-penal-g2zlgb.pdf","pedagogical-content","prova PDF","true","leitura parcial","OAB","OAB/FGV","24-exame","","","2017","Direito Penal","","local-only","ac42386b90d8c94b23162ed43aff43db749771b64333e590b93ac066ac6e83ac","694309","alta","pedagogical-content; prova PDF; diretório/metadado OAB; diretório/estrutura"
"storage/content/oab/24-exame/provas/caderno-de-provas-direito-tributario-tmwwol.pdf","pedagogical-content","prova PDF","true","leitura parcial","OAB","OAB/FGV","24-exame","","","2017","Direito Tributário","","local-only","7bf40f3d10a945adf57a671a9c1b2d2a5f9a186928c79efe1e190280661c7777","684511","alta","pedagogical-content; prova PDF; diretório/metadado OAB; diretório/estrutura"
"storage/content/oab/24-exame/questoes/questoes-extraidas.json","pedagogical-content","banco de questões","true","leitura bem-sucedida","OAB","OAB/FGV","24-exame","","FGV","1988","Ética Profissional","24o Exame OAB - Questao 1","local-only","133ff0dc45bd6c5f355ce7fdbb16e8aa684d2a719b560bf810682b389d90be65","134338","alta","pedagogical-content; banco de questões; diretório/metadado OAB; diretório/estrutura"
"storage/content/oab/25-exame/gabaritos/gabaritos-preliminares-da-prova-objetiva-1-fase-18qbq1.pdf","pedagogical-content","gabarito/padrão de resposta","true","leitura parcial","OAB","OAB/FGV","25-exame","1ª fase OAB","","2018","","","local-only","61b385746370227a5265509725ba10abb4f07710ef64838acc6661f3c0cf102d","85182","alta","pedagogical-content; gabarito/padrão de resposta; diretório/metadado OAB; sem disciplina confiável"
"storage/content/oab/25-exame/metadata.json","pedagogical-container","container pedagógico","false","leitura bem-sucedida","OAB","OAB/FGV","25º Exame de Ordem Unificado","","","2026","","","local-only","c8e4d924431a7f419808793e1a34071633a7eab44263f2def7ca8c6ff0eba507","16172","alta","pedagogical-container; container pedagógico; diretório/metadado OAB; sem disciplina confiável"
"storage/content/oab/25-exame/provas/caderno-de-prova-tipo-1-1tybaf.pdf","pedagogical-content","prova PDF","true","leitura parcial","OAB","OAB/FGV","25-exame","","","2018","","","local-only","82a15906e1b0ac7b4f36cc756f4b8e194a3bff2bb6ce7a3bffeb0b8ea64b729a","1299791","alta","pedagogical-content; prova PDF; diretório/metadado OAB; sem disciplina confiável"
"storage/content/oab/25-exame/provas/caderno-de-prova-tipo-2-1pw0c6.pdf","pedagogical-content","prova PDF","true","leitura parcial","OAB","OAB/FGV","25-exame","","","2018","","","local-only","708ff9d7301086bf56c4c7912e7afd6dcf94b78ff146fb80a0c09894b65ecaff","1019868","alta","pedagogical-content; prova PDF; diretório/metadado OAB; sem disciplina confiável"
"storage/content/oab/25-exame/provas/caderno-de-prova-tipo-3-1scjjx.pdf","pedagogical-content","prova PDF","true","leitura parcial","OAB","OAB/FGV","25-exame","","","2018","","","local-only","f124aa04cde1562e5e1f578e0cc1f64a6d1d39ecfc73ae302010b78f017afe90","1031727","alta","pedagogical-content; prova PDF; diretório/metadado OAB; sem disciplina confiável"
"storage/content/oab/25-exame/provas/caderno-de-prova-tipo-4-5l4ybe.pdf","pedagogical-content","prova PDF","true","leitura parcial","OAB","OAB/FGV","25-exame","","","2018","","","local-only","144b713a9b64a9ce7e96dbd3a8eea7d13c208f3e6dc93b6aa788bb3eed80be57","976008","alta","pedagogical-content; prova PDF; diretório/metadado OAB; sem disciplina confiável"
"storage/content/oab/25-exame/provas/caderno-de-provas-direito-administrativo-dj21d2.pdf","pedagogical-content","prova PDF","true","leitura parcial","OAB","OAB/FGV","25-exame","","","2017","Direito Administrativo","","local-only","c5f3651e04f6e5980cecb08c9448da79de3b48f13326230de7293ee6881b2a77","275406","alta","pedagogical-content; prova PDF; diretório/metadado OAB; diretório/estrutura"
"storage/content/oab/25-exame/provas/caderno-de-provas-direito-administrativo-porto-alegre-rs-10826q.pdf","pedagogical-content","prova PDF","true","leitura parcial","OAB","OAB/FGV","25-exame","","","2013","Direito Administrativo","","local-only","85de7fe7271c25ed831e528e978e76d68b3f367042e6a2b4ee0e70ddf45228e5","275494","alta","pedagogical-content; prova PDF; diretório/metadado OAB; diretório/estrutura"
"storage/content/oab/25-exame/provas/caderno-de-provas-direito-civil-1wcqbn.pdf","pedagogical-content","prova PDF","true","leitura parcial","OAB","OAB/FGV","25-exame","","","2016","","","local-only","96680ddc17066b919ec679379e74aa7dfeed3097ad41bc6de0649f9c1185d033","272929","alta","pedagogical-content; prova PDF; diretório/metadado OAB; sem disciplina confiável"
"storage/content/oab/25-exame/provas/caderno-de-provas-direito-civil-porto-alegre-rs-se63et.pdf","pedagogical-content","prova PDF","true","leitura parcial","OAB","OAB/FGV","25-exame","","","2010","","","local-only","32ac7df7e685f0957407071bd145eaf64bbab68671d0a94d79b183c44dd8e2f2","274123","alta","pedagogical-content; prova PDF; diretório/metadado OAB; sem disciplina confiável"
"storage/content/oab/25-exame/provas/caderno-de-provas-direito-constitucional-1yv27n.pdf","pedagogical-content","prova PDF","true","leitura parcial","OAB","OAB/FGV","25-exame","","","","Direito Constitucional","","local-only","0fb71deec74c9a33cd257d0d590033713402b1d1e14f070d74d08a5dfb448057","272682","alta","pedagogical-content; prova PDF; diretório/metadado OAB; diretório/estrutura"
"storage/content/oab/25-exame/provas/caderno-de-provas-direito-constitucional-porto-alegre-rs-lj1fuj.pdf","pedagogical-content","prova PDF","true","leitura parcial","OAB","OAB/FGV","25-exame","","","2018","Direito Constitucional","","local-only","1347a9681ccc0ff0b17ca326fcfba03c25fb0a5535b6c57b287085eaf2ac8115","281137","alta","pedagogical-content; prova PDF; diretório/metadado OAB; diretório/estrutura"
"storage/content/oab/25-exame/provas/caderno-de-provas-direito-do-trabalho-1x22dq.pdf","pedagogical-content","prova PDF","true","leitura parcial","OAB","OAB/FGV","25-exame","","","2018","","","local-only","7988a74ce25495d952a525cbe8d83c8036c7d4a7d781a77cb40d69b1ac352e84","277749","alta","pedagogical-content; prova PDF; diretório/metadado OAB; sem disciplina confiável"
"storage/content/oab/25-exame/provas/caderno-de-provas-direito-do-trabalho-porto-alegre-rs-n1vbxj.pdf","pedagogical-content","prova PDF","true","leitura parcial","OAB","OAB/FGV","25-exame","","","2009","","","local-only","23d74a935d0162530572d0b59e916959ae0b6aceb0ae9439fbe9c9777f14e73c","274454","alta","pedagogical-content; prova PDF; diretório/metadado OAB; sem disciplina confiável"
"storage/content/oab/25-exame/provas/caderno-de-provas-direito-empresarial-14yoar.pdf","pedagogical-content","prova PDF","true","leitura parcial","OAB","OAB/FGV","25-exame","","","2012","Direito Empresarial","","local-only","dcdfa4c6b5451a9442d65fb7f52a341ebd866187e6f908fa56bc3581c7d41a76","276421","alta","pedagogical-content; prova PDF; diretório/metadado OAB; diretório/estrutura"
"storage/content/oab/25-exame/provas/caderno-de-provas-direito-empresarial-porto-alegre-rs-4qsfvz.pdf","pedagogical-content","prova PDF","true","leitura parcial","OAB","OAB/FGV","25-exame","","","2016","Direito Empresarial","","local-only","7e2a19bcadbd31bb46b112feedabc1c1344b2305f06e0a8489b6ef3ab29545be","277670","alta","pedagogical-content; prova PDF; diretório/metadado OAB; diretório/estrutura"
"storage/content/oab/25-exame/provas/caderno-de-provas-direito-penal-1kq6ok.pdf","pedagogical-content","prova PDF","true","leitura parcial","OAB","OAB/FGV","25-exame","","","1960","Direito Penal","","local-only","83ba4fd6304a823f94f705e35d5101a4f168be4b77b8e6fd97093d9d1234766c","280918","alta","pedagogical-content; prova PDF; diretório/metadado OAB; diretório/estrutura"
"storage/content/oab/25-exame/provas/caderno-de-provas-direito-penal-porto-alegre-rs-i3r0q9.pdf","pedagogical-content","prova PDF","true","leitura parcial","OAB","OAB/FGV","25-exame","","","1945","Direito Penal","","local-only","289e1d19bd53575b0145278952aebf0a59980c9428ddb80ae79bae7367217618","282343","alta","pedagogical-content; prova PDF; diretório/metadado OAB; diretório/estrutura"
"storage/content/oab/25-exame/provas/caderno-de-provas-direito-tributario-1hjvkm.pdf","pedagogical-content","prova PDF","true","leitura parcial","OAB","OAB/FGV","25-exame","","","","Direito Tributário","","local-only","86a338bd110eb2e81d51f2b333405eb56efc693b8b0d6a9e418e4341a8b2fd71","271864","alta","pedagogical-content; prova PDF; diretório/metadado OAB; diretório/estrutura"
"storage/content/oab/25-exame/provas/caderno-de-provas-direito-tributario-porto-alegre-rs-1jgoh7.pdf","pedagogical-content","prova PDF","true","leitura parcial","OAB","OAB/FGV","25-exame","","","2016","Direito Tributário","","local-only","42bb44276b898cda9716b0fbbacc7cb9a361f847110230d3c9d7ffe006cfdc7d","279246","alta","pedagogical-content; prova PDF; diretório/metadado OAB; diretório/estrutura"
"storage/content/oab/25-exame/questoes/questoes-extraidas.json","pedagogical-content","banco de questões","true","leitura bem-sucedida","OAB","OAB/FGV","25-exame","","FGV","2010","Ética Profissional","25o Exame OAB - Questao 1","local-only","3ccc7a421c16896290758d9e901498a1c024617ce33a5d48443f22d8842e848d","134567","alta","pedagogical-content; banco de questões; diretório/metadado OAB; diretório/estrutura"
"storage/content/oab/26-exame/gabaritos/gabaritos-preliminares-da-prova-objetiva-1-fase-atualizado-em-06.08.2018-1sxrjv.pdf","pedagogical-content","gabarito/padrão de resposta","true","leitura parcial","OAB","OAB/FGV","26-exame","1ª fase OAB","","2018","","","local-only","abc51f7359d4383216aa375f4f3aa30b3861a5772d99ead9f9ad8317c22f1447","85363","alta","pedagogical-content; gabarito/padrão de resposta; diretório/metadado OAB; sem disciplina confiável"
"storage/content/oab/26-exame/metadata.json","pedagogical-container","container pedagógico","false","leitura bem-sucedida","OAB","OAB/FGV","26º Exame de Ordem Unificado","","","2026","","","local-only","3f0be7744d2da8592f84da7af57feb36a22f2f22c80567de5f81fc954d2fccae","8190","alta","pedagogical-container; container pedagógico; diretório/metadado OAB; sem disciplina confiável"
"storage/content/oab/26-exame/provas/caderno-de-prova-tipo-1-8hrwbk.pdf","pedagogical-content","prova PDF","true","leitura parcial","OAB","OAB/FGV","26-exame","","","2012","","","local-only","0a1554c9886075c839ffa455a1c001ee18b58db885a29dce0e0b2facf9e8b1bf","882160","alta","pedagogical-content; prova PDF; diretório/metadado OAB; sem disciplina confiável"
"storage/content/oab/26-exame/provas/caderno-de-prova-tipo-2-y20qzm.pdf","pedagogical-content","prova PDF","true","leitura parcial","OAB","OAB/FGV","26-exame","","","2018","","","local-only","8248e5c20a42baa1ef14c270f1c0b78162e4707ff4aa68e11d55bf655735c0fc","603126","alta","pedagogical-content; prova PDF; diretório/metadado OAB; sem disciplina confiável"
"storage/content/oab/26-exame/provas/caderno-de-prova-tipo-3-1aeey7.pdf","pedagogical-content","prova PDF","true","leitura parcial","OAB","OAB/FGV","26-exame","","","2012","","","local-only","7bf6d50a100aae1fde25a226d2bfdd675945480ca2d0ed3e915b5b6a434e63b3","614961","alta","pedagogical-content; prova PDF; diretório/metadado OAB; sem disciplina confiável"
"storage/content/oab/26-exame/provas/caderno-de-prova-tipo-4-135evz.pdf","pedagogical-content","prova PDF","true","leitura parcial","OAB","OAB/FGV","26-exame","","","2012","","","local-only","efbe00b832d70ce007b4f3bd6c6a8cafed39153cff45b900198c5c57da4162fc","591395","alta","pedagogical-content; prova PDF; diretório/metadado OAB; sem disciplina confiável"
"storage/content/oab/26-exame/provas/caderno-de-provas-direito-administrativo-1s4jjy.pdf","pedagogical-content","prova PDF","true","leitura parcial","OAB","OAB/FGV","26-exame","","","","Direito Administrativo","","local-only","cf8985bae175cad04a79f9903be6107ff570a87e46afcda2a38e77d1e4f55fbd","280671","alta","pedagogical-content; prova PDF; diretório/metadado OAB; diretório/estrutura"
"storage/content/oab/26-exame/provas/caderno-de-provas-direito-civil-9ltbgf.pdf","pedagogical-content","prova PDF","true","leitura parcial","OAB","OAB/FGV","26-exame","","","","","","local-only","a53e7bf98d93b99cd6dadc5b0c95ff1d24b807ae1da7a05c79adcc81395aafe2","280277","alta","pedagogical-content; prova PDF; diretório/metadado OAB; sem disciplina confiável"
"storage/content/oab/26-exame/provas/caderno-de-provas-direito-constitucional-5rajdq.pdf","pedagogical-content","prova PDF","true","leitura parcial","OAB","OAB/FGV","26-exame","","","","Direito Constitucional","","local-only","b6fccd99133765289b11b0295fa3dc587698b41eb58d4514fa001e569a23d087","285488","alta","pedagogical-content; prova PDF; diretório/metadado OAB; diretório/estrutura"
"storage/content/oab/26-exame/provas/caderno-de-provas-direito-do-trabalho-1aiohq.pdf","pedagogical-content","prova PDF","true","leitura parcial","OAB","OAB/FGV","26-exame","","","2017","","","local-only","ccf784a560e8436c68c82b9453ec4fc57835898b1bbc7c456efdc42cbb954c41","283297","alta","pedagogical-content; prova PDF; diretório/metadado OAB; sem disciplina confiável"
"storage/content/oab/26-exame/provas/caderno-de-provas-direito-empresarial-1knu8b.pdf","pedagogical-content","prova PDF","true","leitura parcial","OAB","OAB/FGV","26-exame","","","2017","Direito Empresarial","","local-only","4d5b4ad629dd0f38f8be35c9bb0220537eb6259ebe7b39c1b7165536421047df","281889","alta","pedagogical-content; prova PDF; diretório/metadado OAB; diretório/estrutura"
"storage/content/oab/26-exame/provas/caderno-de-provas-direito-penal-q3hxlz.pdf","pedagogical-content","prova PDF","true","leitura parcial","OAB","OAB/FGV","26-exame","","","2016","Direito Penal","","local-only","5015b338f3432c26b0b0042cb3b6a6d5dde9a8e1ebf08a80a3e28bf57cdafe1f","287057","alta","pedagogical-content; prova PDF; diretório/metadado OAB; diretório/estrutura"
"storage/content/oab/26-exame/provas/caderno-de-provas-direito-tributario-i6gfn5.pdf","pedagogical-content","prova PDF","true","leitura parcial","OAB","OAB/FGV","26-exame","","","2017","Direito Tributário","","local-only","1e900e29c7ac1873c82411b199a0734fc002db2b8aad3cb8851a11edad9f5b3c","280069","alta","pedagogical-content; prova PDF; diretório/metadado OAB; diretório/estrutura"
"storage/content/oab/26-exame/questoes/questoes-extraidas.json","pedagogical-content","banco de questões","true","leitura bem-sucedida","OAB","OAB/FGV","26-exame","","FGV","2012","Ética Profissional","26o Exame OAB - Questao 1","local-only","3da749f8ae9b143fc69222d4e5abe86d5d857434e9cbf7071999afbea9e4b064","135450","alta","pedagogical-content; banco de questões; diretório/metadado OAB; diretório/estrutura"
"storage/content/oab/27-exame/gabaritos/gabaritos-preliminares-da-prova-objetiva-1-fase-retificado-em-19.11.2018-13i9pd.pdf","pedagogical-content","gabarito/padrão de resposta","true","leitura parcial","OAB","OAB/FGV","27-exame","1ª fase OAB","","2018","","","local-only","9a46a136c3b768e4f833dd89208c739421ec6cbe608ff8859d00c337edda93c8","339272","alta","pedagogical-content; gabarito/padrão de resposta; diretório/metadado OAB; sem disciplina confiável"
"storage/content/oab/27-exame/metadata.json","pedagogical-container","container pedagógico","false","leitura bem-sucedida","OAB","OAB/FGV","27º Exame de Ordem Unificado","","","2026","","","local-only","1add09e764d60598a452e3289c7b380d48cb15ec355a311920ae094e2dd9d4e3","8316","alta","pedagogical-container; container pedagógico; diretório/metadado OAB; sem disciplina confiável"
"storage/content/oab/27-exame/provas/caderno-de-prova-tipo-1-n8lbvy.pdf","pedagogical-content","prova PDF","true","leitura parcial","OAB","OAB/FGV","27-exame","","","2018","","","local-only","62455a70a2a73e0960a515e102cee98a10036b1972be375ecf0cfc78b08e3f8e","963413","alta","pedagogical-content; prova PDF; diretório/metadado OAB; sem disciplina confiável"
"storage/content/oab/27-exame/provas/caderno-de-prova-tipo-2-7pcpql.pdf","pedagogical-content","prova PDF","true","leitura parcial","OAB","OAB/FGV","27-exame","","","2018","","","local-only","68090ec80f700d07e04eae2d91db18b4a4cffc53793613a6d1a11db345f6d813","622822","alta","pedagogical-content; prova PDF; diretório/metadado OAB; sem disciplina confiável"
"storage/content/oab/27-exame/provas/caderno-de-prova-tipo-3-2oor9w.pdf","pedagogical-content","prova PDF","true","leitura parcial","OAB","OAB/FGV","27-exame","","","2018","","","local-only","82f909358824c95e7bc2a19676c2e7d8a6feefa0ba4ae715e64376e237f73e04","633552","alta","pedagogical-content; prova PDF; diretório/metadado OAB; sem disciplina confiável"
"storage/content/oab/27-exame/provas/caderno-de-prova-tipo-4-19v5tb.pdf","pedagogical-content","prova PDF","true","leitura parcial","OAB","OAB/FGV","27-exame","","","2018","","","local-only","4874a515c7dc538898b7f2974c84314d709627d0c4eba16c2bd2abdf09a10d6a","610971","alta","pedagogical-content; prova PDF; diretório/metadado OAB; sem disciplina confiável"
"storage/content/oab/27-exame/provas/caderno-de-provas-direito-administrativo-1yux7c.pdf","pedagogical-content","prova PDF","true","leitura parcial","OAB","OAB/FGV","27-exame","","","2018","Direito Administrativo","","local-only","0ce1095ba57bb719c36b3ebfb24157efa6851aa897d96416bf6d74f3e8f64b6b","290461","alta","pedagogical-content; prova PDF; diretório/metadado OAB; diretório/estrutura"
"storage/content/oab/27-exame/provas/caderno-de-provas-direito-civil-9u08je.pdf","pedagogical-content","prova PDF","true","leitura parcial","OAB","OAB/FGV","27-exame","","","2010","","","local-only","b6289276e7e1b3d0a762865828eed0bec3d1ab923f870e9d9e3d93fa1a9c6f05","285868","alta","pedagogical-content; prova PDF; diretório/metadado OAB; sem disciplina confiável"
"storage/content/oab/27-exame/provas/caderno-de-provas-direito-constitucional-1mdcos.pdf","pedagogical-content","prova PDF","true","leitura parcial","OAB","OAB/FGV","27-exame","","","2018","Direito Constitucional","","local-only","6d41b43039262ca935e5bda14bac5a0d3f63e301c14c4af400ba2acfb43aa1fe","286625","alta","pedagogical-content; prova PDF; diretório/metadado OAB; diretório/estrutura"
"storage/content/oab/27-exame/provas/caderno-de-provas-direito-do-trabalho-lb0oyy.pdf","pedagogical-content","prova PDF","true","leitura parcial","OAB","OAB/FGV","27-exame","","","2017","","","local-only","2ed58c7695cdc4f0f14451159227ddf9bc8d71e0ca64c2b3793a0b02cbe2ef3e","286863","alta","pedagogical-content; prova PDF; diretório/metadado OAB; sem disciplina confiável"
"storage/content/oab/27-exame/provas/caderno-de-provas-direito-empresarial-6uvocn.pdf","pedagogical-content","prova PDF","true","leitura parcial","OAB","OAB/FGV","27-exame","","","2015","Direito Empresarial","","local-only","74f58b2cc1a350a366bd84dfb13ea2ce6bde118b25a5a4e5f497c29e3bf816f9","291495","alta","pedagogical-content; prova PDF; diretório/metadado OAB; diretório/estrutura"
"storage/content/oab/27-exame/provas/caderno-de-provas-direito-penal-zvkr8.pdf","pedagogical-content","prova PDF","true","leitura parcial","OAB","OAB/FGV","27-exame","","","2018","Direito Penal","","local-only","1fc5c3a2e4b4cf89a749d7a1260abdaab16886a8af54a32a1f25e6d304b74379","298485","alta","pedagogical-content; prova PDF; diretório/metadado OAB; diretório/estrutura"
"storage/content/oab/27-exame/provas/caderno-de-provas-direito-tributario-18qc4f.pdf","pedagogical-content","prova PDF","true","leitura parcial","OAB","OAB/FGV","27-exame","","","2015","Direito Tributário","","local-only","d963d1fea90f759f645ca6088269c6ffa994319641d4d876377d21fa5072af45","286414","alta","pedagogical-content; prova PDF; diretório/metadado OAB; diretório/estrutura"
"storage/content/oab/27-exame/questoes/questoes-extraidas.json","pedagogical-content","banco de questões","true","leitura bem-sucedida","OAB","OAB/FGV","27-exame","","FGV","2012","Ética Profissional","27o Exame OAB - Questao 1","local-only","634a2341ed175abb3a9ff1349138e320ee80d07bc91b6f618f8e407a0bc9e53a","135620","alta","pedagogical-content; banco de questões; diretório/metadado OAB; diretório/estrutura"
"storage/content/oab/28-exame/gabaritos/gabaritos-preliminares-da-prova-objetiva-1-fase-retificado-em-19.03.2019-166b6o.pdf","pedagogical-content","gabarito/padrão de resposta","true","leitura parcial","OAB","OAB/FGV","28-exame","1ª fase OAB","","2019","","","local-only","4b8bbb4c58afb50d7c957056e1b15a371609c810452534df55cb624466b9bc47","283981","alta","pedagogical-content; gabarito/padrão de resposta; diretório/metadado OAB; sem disciplina confiável"
"storage/content/oab/28-exame/metadata.json","pedagogical-container","container pedagógico","false","leitura bem-sucedida","OAB","OAB/FGV","28º Exame de Ordem Unificado","","","2026","","","local-only","30fedeb6526aeff4cc26aa943b22343bf88869811ca0bb1827488f62966dc1cb","8295","alta","pedagogical-container; container pedagógico; diretório/metadado OAB; sem disciplina confiável"
"storage/content/oab/28-exame/provas/caderno-de-prova-tipo-1-5ejlci.pdf","pedagogical-content","prova PDF","true","leitura parcial","OAB","OAB/FGV","28-exame","","","2019","","","local-only","55814b1a13a9f7cfa2698998ac95a6480e7331d8aa0b766832ed6943b778e5d8","1338368","alta","pedagogical-content; prova PDF; diretório/metadado OAB; sem disciplina confiável"
"storage/content/oab/28-exame/provas/caderno-de-prova-tipo-2-4wwn2u.pdf","pedagogical-content","prova PDF","true","leitura parcial","OAB","OAB/FGV","28-exame","","","2019","","","local-only","1ad0feab33fa28070c6bb073797ec6acc6e49e2baad9413ce3bd3511490aaa21","1054265","alta","pedagogical-content; prova PDF; diretório/metadado OAB; sem disciplina confiável"
"storage/content/oab/28-exame/provas/caderno-de-prova-tipo-3-xocsfv.pdf","pedagogical-content","prova PDF","true","leitura parcial","OAB","OAB/FGV","28-exame","","","2019","","","local-only","f19578e92e905963f219745421518377ea75bafb1b30ab583c4322def50ff9dc","1057736","alta","pedagogical-content; prova PDF; diretório/metadado OAB; sem disciplina confiável"
"storage/content/oab/28-exame/provas/caderno-de-prova-tipo-4-umqj1v.pdf","pedagogical-content","prova PDF","true","leitura parcial","OAB","OAB/FGV","28-exame","","","2019","","","local-only","0f5ec8439aa275bb6d568fc98daaeac7cb8f1406f19c3efdb4128447fcb9088e","1042230","alta","pedagogical-content; prova PDF; diretório/metadado OAB; sem disciplina confiável"
"storage/content/oab/28-exame/provas/caderno-de-provas-direito-administrativo-9zp750.pdf","pedagogical-content","prova PDF","true","leitura parcial","OAB","OAB/FGV","28-exame","","","","Direito Administrativo","","local-only","770269d7c3e72000c050d974b346d38cdf0f58c41779ad4c28a7787b42cf058a","1841594","alta","pedagogical-content; prova PDF; diretório/metadado OAB; diretório/estrutura"
"storage/content/oab/28-exame/provas/caderno-de-provas-direito-civil-fe8wt0.pdf","pedagogical-content","prova PDF","true","leitura parcial","OAB","OAB/FGV","28-exame","","","2019","","","local-only","6a66aab50c6f70e73665c5e3578d6625bb9f61a97b4148015c4fab9c32415441","1839897","alta","pedagogical-content; prova PDF; diretório/metadado OAB; sem disciplina confiável"
"storage/content/oab/28-exame/provas/caderno-de-provas-direito-constitucional-1yx6il.pdf","pedagogical-content","prova PDF","true","leitura parcial","OAB","OAB/FGV","28-exame","","","2018","Direito Constitucional","","local-only","068b2895cdd5a17c16f20479e898fbab3f11b8ddbd57c13f1c86806c3f437f01","1839735","alta","pedagogical-content; prova PDF; diretório/metadado OAB; diretório/estrutura"
"storage/content/oab/28-exame/provas/caderno-de-provas-direito-do-trabalho-1r2aor.pdf","pedagogical-content","prova PDF","true","leitura parcial","OAB","OAB/FGV","28-exame","","","2008","","","local-only","1a7f24ec6c5e3ead63527e788cb0b65d8bd9ee3c59c82a5c55f48ca0020d930c","1843792","alta","pedagogical-content; prova PDF; diretório/metadado OAB; sem disciplina confiável"
"storage/content/oab/28-exame/provas/caderno-de-provas-direito-empresarial-1n2l2q.pdf","pedagogical-content","prova PDF","true","leitura parcial","OAB","OAB/FGV","28-exame","","","2015","Direito Empresarial","","local-only","8483d16d4c61169110666804ab0c0730e227500755705edba7522baca1e4d9f4","1837417","alta","pedagogical-content; prova PDF; diretório/metadado OAB; diretório/estrutura"
"storage/content/oab/28-exame/provas/caderno-de-provas-direito-penal-8yd7j7.pdf","pedagogical-content","prova PDF","true","leitura parcial","OAB","OAB/FGV","28-exame","","","1996","Direito Penal","","local-only","16b086fc61005ad074998eeb5a1eef0078661f66be58d7e39e734552aaef60ae","1843175","alta","pedagogical-content; prova PDF; diretório/metadado OAB; diretório/estrutura"
"storage/content/oab/28-exame/provas/caderno-de-provas-direito-tributario-1uktuz.pdf","pedagogical-content","prova PDF","true","leitura parcial","OAB","OAB/FGV","28-exame","","","2017","Direito Tributário","","local-only","4b897e66b1c3b29609b686059e9bf1b619ae336e4233efa738b6a63349cf2908","1843454","alta","pedagogical-content; prova PDF; diretório/metadado OAB; diretório/estrutura"
"storage/content/oab/28-exame/questoes/questoes-extraidas.json","pedagogical-content","banco de questões","true","leitura bem-sucedida","OAB","OAB/FGV","28-exame","","FGV","1988","Ética Profissional","28o Exame OAB - Questao 1","local-only","c5174036e46fcea5f5a9a5e64992a36a5f585eb94cf3e53ff9bdf7fd57bf4435","136830","alta","pedagogical-content; banco de questões; diretório/metadado OAB; diretório/estrutura"
"storage/content/oab/29-exame/gabaritos/gabaritos-preliminares-da-prova-objetiva-1-fase-fayxg3.pdf","pedagogical-content","gabarito/padrão de resposta","true","leitura parcial","OAB","OAB/FGV","29-exame","1ª fase OAB","","2019","","","local-only","4672182d1168403c2b5c95ab8e58e7268ab66001347e0fdff988b8a57f502b01","85462","alta","pedagogical-content; gabarito/padrão de resposta; diretório/metadado OAB; sem disciplina confiável"
"storage/content/oab/29-exame/metadata.json","pedagogical-container","container pedagógico","false","leitura bem-sucedida","OAB","OAB/FGV","29º Exame de Ordem Unificado","","","2026","","","local-only","22ac310dd70fb4595c9d0ccf88f442158f719cb35d26552b08578edf62a805d0","8206","alta","pedagogical-container; container pedagógico; diretório/metadado OAB; sem disciplina confiável"
"storage/content/oab/29-exame/provas/caderno-de-prova-tipo-1-gajlkk.pdf","pedagogical-content","prova PDF","true","leitura parcial","OAB","OAB/FGV","29-exame","","","2019","","","local-only","30943cf8575db8c8ebb4ef5b9960c00bbe80b6efb6f0ef6e2c1dc6c0218c1039","831410","alta","pedagogical-content; prova PDF; diretório/metadado OAB; sem disciplina confiável"
"storage/content/oab/29-exame/provas/caderno-de-prova-tipo-2-8cy85q.pdf","pedagogical-content","prova PDF","true","leitura parcial","OAB","OAB/FGV","29-exame","","","2019","","","local-only","48652b8002724e0b1111fd00a8efd8ca4b5b05eabab0910cbe50e57c31fcf828","1061336","alta","pedagogical-content; prova PDF; diretório/metadado OAB; sem disciplina confiável"
"storage/content/oab/29-exame/provas/caderno-de-prova-tipo-3-78hsv9.pdf","pedagogical-content","prova PDF","true","leitura parcial","OAB","OAB/FGV","29-exame","","","2019","","","local-only","aa24f3b267bad88e031958dc5ecba4a2328c81ce14a6df10a059ebbea933054b","1075598","alta","pedagogical-content; prova PDF; diretório/metadado OAB; sem disciplina confiável"
"storage/content/oab/29-exame/provas/caderno-de-prova-tipo-4-cd4l9.pdf","pedagogical-content","prova PDF","true","leitura parcial","OAB","OAB/FGV","29-exame","","","2019","","","local-only","f20009b65e803b457db31ed269bf59c885cf27a7c5fcb474632d40a758262e4f","1049056","alta","pedagogical-content; prova PDF; diretório/metadado OAB; sem disciplina confiável"
"storage/content/oab/29-exame/provas/caderno-de-provas-direito-administrativo-3ng1vl.pdf","pedagogical-content","prova PDF","true","leitura parcial","OAB","OAB/FGV","29-exame","","","2018","Direito Administrativo","","local-only","766f0f291f00ea78e37032df528186ba10ee6400f48fd35c8ac158854acfdffa","1740423","alta","pedagogical-content; prova PDF; diretório/metadado OAB; diretório/estrutura"
"storage/content/oab/29-exame/provas/caderno-de-provas-direito-civil-f9okl3.pdf","pedagogical-content","prova PDF","true","leitura parcial","OAB","OAB/FGV","29-exame","","","2019","","","local-only","92f6dda3d117956f6be7187e057e76bd61289c7504e431efe23bc1e87576d3ae","1741438","alta","pedagogical-content; prova PDF; diretório/metadado OAB; sem disciplina confiável"
"storage/content/oab/29-exame/provas/caderno-de-provas-direito-constitucional-1lceft.pdf","pedagogical-content","prova PDF","true","leitura parcial","OAB","OAB/FGV","29-exame","","","","Direito Constitucional","","local-only","57b96b2fd54d0b8b170cce716699bed6c517a45b9c815a7149bd8739851651ee","1741668","alta","pedagogical-content; prova PDF; diretório/metadado OAB; diretório/estrutura"
"storage/content/oab/29-exame/provas/caderno-de-provas-direito-do-trabalho-p4aere.pdf","pedagogical-content","prova PDF","true","leitura parcial","OAB","OAB/FGV","29-exame","","","2018","","","local-only","f2701552b780a2bcb5c56bec03df3ee3af9aca9e4326f11deb0cbde361b64d09","1756161","alta","pedagogical-content; prova PDF; diretório/metadado OAB; sem disciplina confiável"
"storage/content/oab/29-exame/provas/caderno-de-provas-direito-empresarial-v7rzq9.pdf","pedagogical-content","prova PDF","true","leitura parcial","OAB","OAB/FGV","29-exame","","","2013","Direito Empresarial","","local-only","92fe1930899d18e29f77deebe7a53c9e196d23cd029ced53d6ee6cba7e4e39b5","1741106","alta","pedagogical-content; prova PDF; diretório/metadado OAB; diretório/estrutura"
"storage/content/oab/29-exame/provas/caderno-de-provas-direito-penal-1au4t8.pdf","pedagogical-content","prova PDF","true","leitura parcial","OAB","OAB/FGV","29-exame","","","2019","Direito Penal","","local-only","bb4cf7ccb96191198b6400f61cad08fd4bd5b65fca34d8bf11b4f794fde54f10","1748501","alta","pedagogical-content; prova PDF; diretório/metadado OAB; diretório/estrutura"
"storage/content/oab/29-exame/provas/caderno-de-provas-direito-tributario-f8b41f.pdf","pedagogical-content","prova PDF","true","leitura parcial","OAB","OAB/FGV","29-exame","","","2018","Direito Tributário","","local-only","0ab83e4b706931e464822b130e0f48fe41eddd33adcd35997be802091399b4c3","1743055","alta","pedagogical-content; prova PDF; diretório/metadado OAB; diretório/estrutura"
"storage/content/oab/29-exame/questoes/questoes-extraidas.json","pedagogical-content","banco de questões","true","leitura bem-sucedida","OAB","OAB/FGV","29-exame","","FGV","1993","Ética Profissional","29o Exame OAB - Questao 1","local-only","6488a7731d2b27ab073ef2e3afd2484cd2a25953fc877d4e7fa587ab2a7779cb","141345","alta","pedagogical-content; banco de questões; diretório/metadado OAB; diretório/estrutura"
"storage/content/oab/30-exame/gabaritos/gabaritos-preliminares-da-prova-objetiva-1-fase-1le03g.pdf","pedagogical-content","gabarito/padrão de resposta","true","leitura parcial","OAB","OAB/FGV","30-exame","1ª fase OAB","","2019","","","local-only","fecad4f03986c402e0e06b88bf05f45faa3e5bd8a8310921d1c6d012493ee101","97164","alta","pedagogical-content; gabarito/padrão de resposta; diretório/metadado OAB; sem disciplina confiável"
"storage/content/oab/30-exame/metadata.json","pedagogical-container","container pedagógico","false","leitura bem-sucedida","OAB","OAB/FGV","30º Exame de Ordem Unificado","","","2026","","","local-only","3423e421ec7618d7c8e64eff764438dfb4732930c6015f389148085b6d7172cc","8241","alta","pedagogical-container; container pedagógico; diretório/metadado OAB; sem disciplina confiável"
"storage/content/oab/30-exame/provas/caderno-de-prova-tipo-1-1lsa72.pdf","pedagogical-content","prova PDF","true","leitura parcial","OAB","OAB/FGV","30-exame","","","2019","","","local-only","a09217d18cb54568e66985c2759db3cd3513e29029e2a4b2782e2e4d15663ff5","3286678","alta","pedagogical-content; prova PDF; diretório/metadado OAB; sem disciplina confiável"
"storage/content/oab/30-exame/provas/caderno-de-prova-tipo-2-n956uf.pdf","pedagogical-content","prova PDF","true","leitura parcial","OAB","OAB/FGV","30-exame","","","2019","","","local-only","36ef779a3da136ff4e10d8bc2b27cb149d1a557fa4d7b569de1313905eebe0dc","3317959","alta","pedagogical-content; prova PDF; diretório/metadado OAB; sem disciplina confiável"
"storage/content/oab/30-exame/provas/caderno-de-prova-tipo-3-5pmnsc.pdf","pedagogical-content","prova PDF","true","leitura parcial","OAB","OAB/FGV","30-exame","","","2019","","","local-only","bb3cbef64f0fd559358872015091ce340e41d10d135bb127684217d3831c523c","3300564","alta","pedagogical-content; prova PDF; diretório/metadado OAB; sem disciplina confiável"
"storage/content/oab/30-exame/provas/caderno-de-prova-tipo-4-7hamwx.pdf","pedagogical-content","prova PDF","true","leitura parcial","OAB","OAB/FGV","30-exame","","","2019","","","local-only","4af2822a0d864ca25f4f12034c712e473740c1273c9063acafcb69dc09e7671a","3292029","alta","pedagogical-content; prova PDF; diretório/metadado OAB; sem disciplina confiável"
"storage/content/oab/30-exame/provas/caderno-de-provas-direito-administrativo-1vyk4e.pdf","pedagogical-content","prova PDF","true","leitura parcial","OAB","OAB/FGV","30-exame","","","2009","Direito Administrativo","","local-only","7db0bd65e6e6668b0423bd3fc2df2473a6c5f6d90692e64c60a908eb64310854","1884720","alta","pedagogical-content; prova PDF; diretório/metadado OAB; diretório/estrutura"
"storage/content/oab/30-exame/provas/caderno-de-provas-direito-civil-1i3n85.pdf","pedagogical-content","prova PDF","true","leitura parcial","OAB","OAB/FGV","30-exame","","","","","","local-only","53990aaea601abe2c589a48cbb3e09f2ce36679d3181b3c5ae9970cfd7623b2b","1876483","alta","pedagogical-content; prova PDF; diretório/metadado OAB; sem disciplina confiável"
"storage/content/oab/30-exame/provas/caderno-de-provas-direito-constitucional-1j4lun.pdf","pedagogical-content","prova PDF","true","leitura parcial","OAB","OAB/FGV","30-exame","","","2018","Direito Constitucional","","local-only","a88ed396ebd6b3ca8c50f1e4de678f8b740eff54c227be38d6f8dcfede45e5f9","1877142","alta","pedagogical-content; prova PDF; diretório/metadado OAB; diretório/estrutura"
"storage/content/oab/30-exame/provas/caderno-de-provas-direito-do-trabalho-1ilxej.pdf","pedagogical-content","prova PDF","true","leitura parcial","OAB","OAB/FGV","30-exame","","","2018","","","local-only","d8750dbd47054ccefa39b5fbb220ea0cc736bcd9a012531897894121dc148368","1864638","alta","pedagogical-content; prova PDF; diretório/metadado OAB; sem disciplina confiável"
"storage/content/oab/30-exame/provas/caderno-de-provas-direito-empresarial-g6wvnn.pdf","pedagogical-content","prova PDF","true","leitura parcial","OAB","OAB/FGV","30-exame","","","2019","Direito Empresarial","","local-only","9a7865126f0bff97bf008a6221555b3d65ada1444222eef28c558bc278d3d74f","1883674","alta","pedagogical-content; prova PDF; diretório/metadado OAB; diretório/estrutura"
"storage/content/oab/30-exame/provas/caderno-de-provas-direito-penal-1x1q9s.pdf","pedagogical-content","prova PDF","true","leitura parcial","OAB","OAB/FGV","30-exame","","","2017","Direito Penal","","local-only","3bb2f2899095ab7a04afec52d0e00611f2434e96d23dd89cab66922f8df7caec","1891923","alta","pedagogical-content; prova PDF; diretório/metadado OAB; diretório/estrutura"
"storage/content/oab/30-exame/provas/caderno-de-provas-direito-tributario-9axzpg.pdf","pedagogical-content","prova PDF","true","leitura parcial","OAB","OAB/FGV","30-exame","","","","Direito Tributário","","local-only","d1a0473f10fcefa384585e50628bc762b3769402ab13e0f5e6ef7c2df7f9cba0","1880569","alta","pedagogical-content; prova PDF; diretório/metadado OAB; diretório/estrutura"
"storage/content/oab/30-exame/questoes/questoes-extraidas.json","pedagogical-content","banco de questões","true","leitura bem-sucedida","OAB","OAB/FGV","30-exame","","FGV","2019","Ética Profissional","30o Exame OAB - Questao 1","local-only","6820f77c7f380f79c7c51836d718948f0618e5068446e50fa5b70b033aa9aa0e","144183","alta","pedagogical-content; banco de questões; diretório/metadado OAB; diretório/estrutura"
"storage/content/oab/31-exame/gabaritos/gabaritos-preliminares-da-prova-objetiva-1-fase-1erk02.pdf","pedagogical-content","gabarito/padrão de resposta","true","leitura parcial","OAB","OAB/FGV","31-exame","1ª fase OAB","","2020","","","local-only","71ed2fca492631d4eb73e2f3722b65fbb242c2cd677d77b0a87e0df37582bafa","70919","alta","pedagogical-content; gabarito/padrão de resposta; diretório/metadado OAB; sem disciplina confiável"
"storage/content/oab/31-exame/metadata.json","pedagogical-container","container pedagógico","false","leitura bem-sucedida","OAB","OAB/FGV","31º Exame de Ordem Unificado","","","2026","","","local-only","4a7427cff24d783901cbd317ed6d529af65371f01ef646594bc329512199aceb","8215","alta","pedagogical-container; container pedagógico; diretório/metadado OAB; sem disciplina confiável"
"storage/content/oab/31-exame/provas/caderno-de-prova-tipo-1-1ms0lm.pdf","pedagogical-content","prova PDF","true","leitura parcial","OAB","OAB/FGV","31-exame","","","2020","","","local-only","c3d3e8e96f5691d9ff6987ad394166ae2575a08f01b33448f45f394f067974b4","1063219","alta","pedagogical-content; prova PDF; diretório/metadado OAB; sem disciplina confiável"
"storage/content/oab/31-exame/provas/caderno-de-prova-tipo-2-14ld50.pdf","pedagogical-content","prova PDF","true","leitura parcial","OAB","OAB/FGV","31-exame","","","2020","","","local-only","155267d0a69fa59d6658db06da95dff9840dbd22c496c7580003d8c1b94c3b57","1076799","alta","pedagogical-content; prova PDF; diretório/metadado OAB; sem disciplina confiável"
"storage/content/oab/31-exame/provas/caderno-de-prova-tipo-3-xub3jg.pdf","pedagogical-content","prova PDF","true","leitura parcial","OAB","OAB/FGV","31-exame","","","2020","","","local-only","820a3b4ff544031c60062e6341423b1a10b36d1d656315ecc1d1fb5a2b1a9b69","1079792","alta","pedagogical-content; prova PDF; diretório/metadado OAB; sem disciplina confiável"
"storage/content/oab/31-exame/provas/caderno-de-prova-tipo-4-1kcpbi.pdf","pedagogical-content","prova PDF","true","leitura parcial","OAB","OAB/FGV","31-exame","","","2020","","","local-only","b5c649da76412caed0d8210cf31b8aaa6eeec7bc23dc13786f075edc111091ea","1070124","alta","pedagogical-content; prova PDF; diretório/metadado OAB; sem disciplina confiável"
"storage/content/oab/31-exame/provas/caderno-de-provas-direito-administrativo-1i6edv.pdf","pedagogical-content","prova PDF","true","leitura parcial","OAB","OAB/FGV","31-exame","","","","Direito Administrativo","","local-only","f2274b3caaa1d8e856f10baf23ef626bd69f6d62834d781c472a0f01b3e792c9","1946223","alta","pedagogical-content; prova PDF; diretório/metadado OAB; diretório/estrutura"
"storage/content/oab/31-exame/provas/caderno-de-provas-direito-civil-qxd1xx.pdf","pedagogical-content","prova PDF","true","leitura parcial","OAB","OAB/FGV","31-exame","","","2018","","","local-only","155919be2b5d26821ebb55cc5041d5a753af4c6ab40fabafdfec65c2c842ee69","1937177","alta","pedagogical-content; prova PDF; diretório/metadado OAB; sem disciplina confiável"
"storage/content/oab/31-exame/provas/caderno-de-provas-direito-constitucional-1ely8n.pdf","pedagogical-content","prova PDF","true","leitura parcial","OAB","OAB/FGV","31-exame","","","2019","Direito Constitucional","","local-only","bf80882d2b138d0d46ed687a1354ef74f0920db169c4c0e40b5a017104209050","1942152","alta","pedagogical-content; prova PDF; diretório/metadado OAB; diretório/estrutura"
"storage/content/oab/31-exame/provas/caderno-de-provas-direito-do-trabalho-hb3ran.pdf","pedagogical-content","prova PDF","true","leitura parcial","OAB","OAB/FGV","31-exame","","","2018","","","local-only","55d1f4c0ea5365d83a8488d1084a25864a675ccd216d68a4ed57fe2c989a5a0d","1958208","alta","pedagogical-content; prova PDF; diretório/metadado OAB; sem disciplina confiável"
"storage/content/oab/31-exame/provas/caderno-de-provas-direito-penal-cwo9j3.pdf","pedagogical-content","prova PDF","true","leitura parcial","OAB","OAB/FGV","31-exame","","","1991","Direito Penal","","local-only","8d383a1e144ca8124a2621d8e2c956aa268648a31e0b5e413ed938e6ceb721f8","1958537","alta","pedagogical-content; prova PDF; diretório/metadado OAB; diretório/estrutura"
"storage/content/oab/31-exame/provas/caderno-de-provas-direito-tributario-1f97vb.pdf","pedagogical-content","prova PDF","true","leitura parcial","OAB","OAB/FGV","31-exame","","","2018","Direito Tributário","","local-only","8cf2027295a5cb29973ee2abc758fe18d45745d826a1efd0d0047ae67e68ee9c","1942726","alta","pedagogical-content; prova PDF; diretório/metadado OAB; diretório/estrutura"
"storage/content/oab/31-exame/provas/caderno-de-provas-direitoempresarial-1prl0e.pdf","pedagogical-content","prova PDF","true","leitura parcial","OAB","OAB/FGV","31-exame","","","2005","Direito Empresarial","","local-only","fbd3700f063b8c3f5e4cf1cfe7530e61dbcef4355c5c61f7f752165a7a38ac25","1859424","alta","pedagogical-content; prova PDF; diretório/metadado OAB; diretório/estrutura"
"storage/content/oab/31-exame/questoes/questoes-extraidas.json","pedagogical-content","banco de questões","true","leitura bem-sucedida","OAB","OAB/FGV","31-exame","","FGV","2020","Ética Profissional","31o Exame OAB - Questao 1","local-only","21a216838e69383d7248ee689142064ef615f44ac1fb28615c424a53b81e6d63","141008","alta","pedagogical-content; banco de questões; diretório/metadado OAB; diretório/estrutura"
"storage/content/oab/32-exame/gabaritos/gabaritos-preliminares-da-prova-objetiva-1-fase-9lok8x.pdf","pedagogical-content","gabarito/padrão de resposta","true","leitura parcial","OAB","OAB/FGV","32-exame","1ª fase OAB","","2021","","","local-only","21e9b54dc3e4250193828168b9640db3aaf6035e85cb53ba189c011b00eb0cca","590557","alta","pedagogical-content; gabarito/padrão de resposta; diretório/metadado OAB; sem disciplina confiável"
"storage/content/oab/32-exame/metadata.json","pedagogical-container","container pedagógico","false","leitura bem-sucedida","OAB","OAB/FGV","32º Exame de Ordem Unificado","","","2026","","","local-only","1eb0a2f82833c8ea293d360cbd822c07d0f91568ac24d68cf250dd0a9f1b2550","8303","alta","pedagogical-container; container pedagógico; diretório/metadado OAB; sem disciplina confiável"
"storage/content/oab/32-exame/provas/caderno-de-prova-tipo-1-1myk9o.pdf","pedagogical-content","prova PDF","true","leitura parcial","OAB","OAB/FGV","32-exame","","","2011","","","local-only","40bbbfe9258dd2e662234f155cb23a3d0fb343dc490ddfc6ed85e01646e689b1","801338","alta","pedagogical-content; prova PDF; diretório/metadado OAB; sem disciplina confiável"
"storage/content/oab/32-exame/provas/caderno-de-prova-tipo-2-1fk70e.pdf","pedagogical-content","prova PDF","true","leitura parcial","OAB","OAB/FGV","32-exame","","","2021","","","local-only","33b37b105bbb06295f7c76289395fa62ec5b90bc3217e07ad7a1eec7c5ef7b6e","802675","alta","pedagogical-content; prova PDF; diretório/metadado OAB; sem disciplina confiável"
"storage/content/oab/32-exame/provas/caderno-de-prova-tipo-3-1q01vp.pdf","pedagogical-content","prova PDF","true","leitura parcial","OAB","OAB/FGV","32-exame","","","2021","","","local-only","b479bbb70b284e2627b1c4d08b10d3c1febe60ae89e53e2ac395473e3d454e48","813102","alta","pedagogical-content; prova PDF; diretório/metadado OAB; sem disciplina confiável"
"storage/content/oab/32-exame/provas/caderno-de-prova-tipo-4-9n0css.pdf","pedagogical-content","prova PDF","true","leitura parcial","OAB","OAB/FGV","32-exame","","","2011","","","local-only","81ad46cfe59b30ce53e5c332f93a032a00e60e003de7251a9a1d351d8ffdfa62","808078","alta","pedagogical-content; prova PDF; diretório/metadado OAB; sem disciplina confiável"
"storage/content/oab/32-exame/provas/caderno-de-provas-direito-administrativo-qp9rwz.pdf","pedagogical-content","prova PDF","true","leitura parcial","OAB","OAB/FGV","32-exame","","","2016","Direito Administrativo","","local-only","deb6ca24ab9e99895d8cde8bb32843fd3e7991429d0c80a341f3d807274b03e1","1856763","alta","pedagogical-content; prova PDF; diretório/metadado OAB; diretório/estrutura"
"storage/content/oab/32-exame/provas/caderno-de-provas-direito-civil-g2e3i9.pdf","pedagogical-content","prova PDF","true","leitura parcial","OAB","OAB/FGV","32-exame","","","2021","","","local-only","eebbeeffc20d23bb0f0eeecbfd70926d23901588467ce1e4b52394655402a092","1858957","alta","pedagogical-content; prova PDF; diretório/metadado OAB; sem disciplina confiável"
"storage/content/oab/32-exame/provas/caderno-de-provas-direito-constitucional-1lzpq9.pdf","pedagogical-content","prova PDF","true","leitura parcial","OAB","OAB/FGV","32-exame","","","2018","Direito Constitucional","","local-only","056c48815effbbdd7df60c9a57754f3e45d4842025af510c5ce67eb769509e55","1857083","alta","pedagogical-content; prova PDF; diretório/metadado OAB; diretório/estrutura"
"storage/content/oab/32-exame/provas/caderno-de-provas-direito-do-trabalho-10i30n.pdf","pedagogical-content","prova PDF","true","leitura parcial","OAB","OAB/FGV","32-exame","","","2011","","","local-only","c0d43d6e2382d07db479a076bfc2ccd5f28722c219b7f3c21be8768f0de7bad6","1866166","alta","pedagogical-content; prova PDF; diretório/metadado OAB; sem disciplina confiável"
"storage/content/oab/32-exame/provas/caderno-de-provas-direito-empresarial-1sy2qx.pdf","pedagogical-content","prova PDF","true","leitura parcial","OAB","OAB/FGV","32-exame","","","","Direito Empresarial","","local-only","62e99e55ab35a41c79074449224576742085c7d8c6263804db455b232a0183c3","1854422","alta","pedagogical-content; prova PDF; diretório/metadado OAB; diretório/estrutura"
"storage/content/oab/32-exame/provas/caderno-de-provas-direito-penal-vv5nam.pdf","pedagogical-content","prova PDF","true","leitura parcial","OAB","OAB/FGV","32-exame","","","2020","Direito Penal","","local-only","be226aa5b3708cb845a6b108504b13729b75e96ab0526ea6695a856d22cae8b2","1877857","alta","pedagogical-content; prova PDF; diretório/metadado OAB; diretório/estrutura"
"storage/content/oab/32-exame/provas/caderno-de-provas-direito-tributario-5du0fk.pdf","pedagogical-content","prova PDF","true","leitura parcial","OAB","OAB/FGV","32-exame","","","2014","Direito Tributário","","local-only","25d4ccfba301d25cd1984fb794ecda33ae99e2cb3d03578ce340c80fb34a79cf","1844428","alta","pedagogical-content; prova PDF; diretório/metadado OAB; diretório/estrutura"
"storage/content/oab/32-exame/questoes/questoes-extraidas.json","pedagogical-content","banco de questões","true","leitura bem-sucedida","OAB","OAB/FGV","32-exame","","FGV","2011","Ética Profissional","32o Exame OAB - Questao 1","local-only","3e25d4a2891ac76b950ac92dc4df54ecf1aa6da570a78bbd781baa52b2e64e0b","141977","alta","pedagogical-content; banco de questões; diretório/metadado OAB; diretório/estrutura"
"storage/content/oab/33-exame/gabaritos/gabaritos-preliminares-da-prova-objetiva-1-fase-1tizcj.pdf","pedagogical-content","gabarito/padrão de resposta","true","leitura parcial","OAB","OAB/FGV","33-exame","1ª fase OAB","","2021","","","local-only","0e2be0b8aa5ff20693dbbd14fc41ee61a643b937fbf98b25dc9f0d5848a35f38","475460","alta","pedagogical-content; gabarito/padrão de resposta; diretório/metadado OAB; sem disciplina confiável"
"storage/content/oab/33-exame/metadata.json","pedagogical-container","container pedagógico","false","leitura bem-sucedida","OAB","OAB/FGV","33º Exame de Ordem Unificado","","","2026","","","local-only","5ba4ca2d7b5b6b5a54aa92899eb37861629a67a36694596f66add258a1652c19","8282","alta","pedagogical-container; container pedagógico; diretório/metadado OAB; sem disciplina confiável"
"storage/content/oab/33-exame/provas/caderno-de-prova-tipo-1-18f7of.pdf","pedagogical-content","prova PDF","true","leitura parcial","OAB","OAB/FGV","33-exame","","","2021","","","local-only","f3d248892e71cc4bd1fd4bab53eba8c12263a02b355330dc947933e27d7f9afa","876260","alta","pedagogical-content; prova PDF; diretório/metadado OAB; sem disciplina confiável"
"storage/content/oab/33-exame/provas/caderno-de-prova-tipo-2-15dfgu.pdf","pedagogical-content","prova PDF","true","leitura parcial","OAB","OAB/FGV","33-exame","","","2021","","","local-only","ec06a569be87037a20fc0bd70e12a185446ec7be9e58ac9aa8e1e21077dd4060","910249","alta","pedagogical-content; prova PDF; diretório/metadado OAB; sem disciplina confiável"
"storage/content/oab/33-exame/provas/caderno-de-prova-tipo-3-9abch8.pdf","pedagogical-content","prova PDF","true","leitura parcial","OAB","OAB/FGV","33-exame","","","2021","","","local-only","71222c6acf0c61f29b5db6c3001d73d8a0cef073efceeba35bc9949e0b5c2cc4","930610","alta","pedagogical-content; prova PDF; diretório/metadado OAB; sem disciplina confiável"
"storage/content/oab/33-exame/provas/caderno-de-prova-tipo-4-rmxmy4.pdf","pedagogical-content","prova PDF","true","leitura parcial","OAB","OAB/FGV","33-exame","","","2021","","","local-only","a6548cc3b463b0dfaf4149941dd60c81718c672a3a8efaa7b289a0bd187e34c4","912769","alta","pedagogical-content; prova PDF; diretório/metadado OAB; sem disciplina confiável"
"storage/content/oab/33-exame/provas/caderno-de-provas-direito-administrativo-16ekz3.pdf","pedagogical-content","prova PDF","true","leitura parcial","OAB","OAB/FGV","33-exame","","","","Direito Administrativo","","local-only","8957c0936ad85c0eaa2f9be51f8a1dca596c4edc087b918686f4c644b2c04f99","1881722","alta","pedagogical-content; prova PDF; diretório/metadado OAB; diretório/estrutura"
"storage/content/oab/33-exame/provas/caderno-de-provas-direito-civil-oa0htn.pdf","pedagogical-content","prova PDF","true","leitura parcial","OAB","OAB/FGV","33-exame","","","2019","","","local-only","26701a61dd458918e69a33616a8d661897501abe3b9233ccf02c94060ea11fed","1870414","alta","pedagogical-content; prova PDF; diretório/metadado OAB; sem disciplina confiável"
"storage/content/oab/33-exame/provas/caderno-de-provas-direito-constitucional-15tzce.pdf","pedagogical-content","prova PDF","true","leitura parcial","OAB","OAB/FGV","33-exame","","","2018","Direito Constitucional","","local-only","91e1b3488d863e75daf420dbc73d01d6515e5500624796d5c79e1595f0543fd2","1867324","alta","pedagogical-content; prova PDF; diretório/metadado OAB; diretório/estrutura"
"storage/content/oab/33-exame/provas/caderno-de-provas-direito-do-trabalho-1iswlt.pdf","pedagogical-content","prova PDF","true","leitura parcial","OAB","OAB/FGV","33-exame","","","2021","","","local-only","49cd3c2261b8d57f783760f53a44cf86d5dee386a699851be1b1d8960d09eeee","1423496","alta","pedagogical-content; prova PDF; diretório/metadado OAB; sem disciplina confiável"
"storage/content/oab/33-exame/provas/caderno-de-provas-direito-empresarial-1kpmni.pdf","pedagogical-content","prova PDF","true","leitura parcial","OAB","OAB/FGV","33-exame","","","2019","Direito Empresarial","","local-only","1d298576dea50f3177f238bd97d6f89b65b639b65bbccec71ad5f321140d40d7","1862712","alta","pedagogical-content; prova PDF; diretório/metadado OAB; diretório/estrutura"
"storage/content/oab/33-exame/provas/caderno-de-provas-direito-penal-1w28mp.pdf","pedagogical-content","prova PDF","true","leitura parcial","OAB","OAB/FGV","33-exame","","","2017","Direito Penal","","local-only","fd2f7074cc0216252925f9823e65eedfb04a05427b7f9fa19fd7ccb0507e821d","1439087","alta","pedagogical-content; prova PDF; diretório/metadado OAB; diretório/estrutura"
"storage/content/oab/33-exame/provas/caderno-de-provas-direito-tributario-i65xgw.pdf","pedagogical-content","prova PDF","true","leitura parcial","OAB","OAB/FGV","33-exame","","","","Direito Tributário","","local-only","dd8520faeaa4c2d160b3e7f9edc814c229d54c0d1832bf3ec556e180dde57e5b","328828","alta","pedagogical-content; prova PDF; diretório/metadado OAB; diretório/estrutura"
"storage/content/oab/33-exame/questoes/questoes-extraidas.json","pedagogical-content","banco de questões","true","leitura bem-sucedida","OAB","OAB/FGV","33-exame","","FGV","2021","Ética Profissional","33o Exame OAB - Questao 1","local-only","ead7e0b55bb147f2da6df885249d8cd1d5ddefec019eb2c4e193e81aaf0bf372","136757","alta","pedagogical-content; banco de questões; diretório/metadado OAB; diretório/estrutura"
"storage/content/oab/34-exame/gabaritos/gabaritos-preliminares-da-prova-objetiva-1-fase-1agp71.pdf","pedagogical-content","gabarito/padrão de resposta","true","leitura parcial","OAB","OAB/FGV","34-exame","1ª fase OAB","","2022","","","local-only","f297d854029f0b1c16951602b6dac74876a1f6f8e8ddb337e149580c46d90cb6","76291","alta","pedagogical-content; gabarito/padrão de resposta; diretório/metadado OAB; sem disciplina confiável"
"storage/content/oab/34-exame/metadata.json","pedagogical-container","container pedagógico","false","leitura bem-sucedida","OAB","OAB/FGV","34º Exame de Ordem Unificado","","","2026","","","local-only","6b660767631cd15cdb66a60cbb94d855efcad4202d3bd1ec30c69248c2fb444d","8172","alta","pedagogical-container; container pedagógico; diretório/metadado OAB; sem disciplina confiável"
"storage/content/oab/34-exame/provas/caderno-de-prova-tipo-1-1jguo5.pdf","pedagogical-content","prova PDF","true","leitura parcial","OAB","OAB/FGV","34-exame","","","2022","","","local-only","2e5311a24124196d03e5379205deb54a1d9b5727bfb00e0ac443b9965e219ac5","466708","alta","pedagogical-content; prova PDF; diretório/metadado OAB; sem disciplina confiável"
"storage/content/oab/34-exame/provas/caderno-de-prova-tipo-2-jlbjkm.pdf","pedagogical-content","prova PDF","true","leitura parcial","OAB","OAB/FGV","34-exame","","","2022","","","local-only","ae0ef42f0a177a12ae69c1849aaffc77730419f49b73ab296ac12fba1c73dda5","471809","alta","pedagogical-content; prova PDF; diretório/metadado OAB; sem disciplina confiável"
"storage/content/oab/34-exame/provas/caderno-de-prova-tipo-3-xoxh9o.pdf","pedagogical-content","prova PDF","true","leitura parcial","OAB","OAB/FGV","34-exame","","","2022","","","local-only","3499658ac77f98544976497ed3464fe913601b5756c9fc623baf68a149adb0a8","475572","alta","pedagogical-content; prova PDF; diretório/metadado OAB; sem disciplina confiável"
"storage/content/oab/34-exame/provas/caderno-de-prova-tipo-4-8xkmxz.pdf","pedagogical-content","prova PDF","true","leitura parcial","OAB","OAB/FGV","34-exame","","","2022","","","local-only","43c53db6bcea1d69d04e1c0ef601094076825567289a75cfe67592dd5f50c461","481793","alta","pedagogical-content; prova PDF; diretório/metadado OAB; sem disciplina confiável"
"storage/content/oab/34-exame/provas/caderno-de-provas-direito-administrativo-1atduw.pdf","pedagogical-content","prova PDF","true","leitura parcial","OAB","OAB/FGV","34-exame","","","2021","Direito Administrativo","","local-only","5a2a24f1806301c653d22d633e2aad66960bebe853edbe31f90f2921a1cd1a1b","323065","alta","pedagogical-content; prova PDF; diretório/metadado OAB; diretório/estrutura"
"storage/content/oab/34-exame/provas/caderno-de-provas-direito-civil-1h9pe5.pdf","pedagogical-content","prova PDF","true","leitura parcial","OAB","OAB/FGV","34-exame","","","2021","","","local-only","c79ad813ec75539975512dc901f6ee50662bef92673628fa0feb0c491847be60","1645322","alta","pedagogical-content; prova PDF; diretório/metadado OAB; sem disciplina confiável"
"storage/content/oab/34-exame/provas/caderno-de-provas-direito-constitucional-1w79jv.pdf","pedagogical-content","prova PDF","true","leitura parcial","OAB","OAB/FGV","34-exame","","","","Direito Constitucional","","local-only","9e27d7dccd82c58ee189405e2516782e967cc567ef8df713e647d1b39ba1fc6b","1645395","alta","pedagogical-content; prova PDF; diretório/metadado OAB; diretório/estrutura"
"storage/content/oab/34-exame/provas/caderno-de-provas-direito-do-trabalho-1m08fy.pdf","pedagogical-content","prova PDF","true","leitura parcial","OAB","OAB/FGV","34-exame","","","2020","","","local-only","9fb16b6ff325ef6048579f4bec87fbbeb6475f49d647ebbee37c55044c89e939","1650519","alta","pedagogical-content; prova PDF; diretório/metadado OAB; sem disciplina confiável"
"storage/content/oab/34-exame/provas/caderno-de-provas-direito-empresarial-jc6r5q.pdf","pedagogical-content","prova PDF","true","leitura parcial","OAB","OAB/FGV","34-exame","","","2020","Direito Empresarial","","local-only","86bc6300612b1cbe8264a69a01b601f5a3e14e6ee89cf794222711899b277f6d","276181","alta","pedagogical-content; prova PDF; diretório/metadado OAB; diretório/estrutura"
"storage/content/oab/34-exame/provas/caderno-de-provas-direito-penal-vevdr9.pdf","pedagogical-content","prova PDF","true","leitura parcial","OAB","OAB/FGV","34-exame","","","2019","Direito Penal","","local-only","b27dc6e7ccc193675f2d0a20504e684e5cc1dacd290dfa1a0e17e52f5e1937d0","1666332","alta","pedagogical-content; prova PDF; diretório/metadado OAB; diretório/estrutura"
"storage/content/oab/34-exame/provas/caderno-de-provas-direito-tributario-19u313.pdf","pedagogical-content","prova PDF","true","leitura parcial","OAB","OAB/FGV","34-exame","","","2021","Direito Tributário","","local-only","13efec09b9411feeac65b2e8e95bd5a423241262ef33bc0d4c24822002f5ffb3","1641429","alta","pedagogical-content; prova PDF; diretório/metadado OAB; diretório/estrutura"
"storage/content/oab/34-exame/questoes/questoes-extraidas.json","pedagogical-content","banco de questões","true","leitura bem-sucedida","OAB","OAB/FGV","34-exame","","FGV","2022","Ética Profissional","34o Exame OAB - Questao 1","local-only","ab76806f18cc18a6a4d6cea5ae2228ac6794bdc585fffe4678204a147847b262","143690","alta","pedagogical-content; banco de questões; diretório/metadado OAB; diretório/estrutura"
"storage/content/oab/35-exame/gabaritos/gabaritos-definitivos-da-prova-objetiva-1-fase-1u4p9v.pdf","pedagogical-content","gabarito/padrão de resposta","true","leitura parcial","OAB","OAB/FGV","35-exame","1ª fase OAB","","2022","","","local-only","c741b3fe362505e35e23514aabad9760975817f9e9ec6620691b0ba57f180b04","474880","alta","pedagogical-content; gabarito/padrão de resposta; diretório/metadado OAB; sem disciplina confiável"
"storage/content/oab/35-exame/gabaritos/gabaritos-preliminares-da-prova-objetiva-1-fase-4qo4e2.pdf","pedagogical-content","gabarito/padrão de resposta","true","leitura parcial","OAB","OAB/FGV","35-exame","1ª fase OAB","","2022","","","local-only","5b1bbd7513462faddf6cf2acbd119a13d81cc913bed0f6842922f17cc164ff12","80040","alta","pedagogical-content; gabarito/padrão de resposta; diretório/metadado OAB; sem disciplina confiável"
"storage/content/oab/35-exame/metadata.json","pedagogical-container","container pedagógico","false","leitura bem-sucedida","OAB","OAB/FGV","35º Exame de Ordem Unificado","","","2026","","","local-only","a5650230b6fe6dec2d25a06d9044d30d12411207cf8fbb1d906f5b71a416378d","8476","alta","pedagogical-container; container pedagógico; diretório/metadado OAB; sem disciplina confiável"
"storage/content/oab/35-exame/provas/caderno-de-prova-tipo-1-1rapti.pdf","pedagogical-content","prova PDF","true","leitura parcial","OAB","OAB/FGV","35-exame","","","2022","","","local-only","051bbca2d41cbf1a6c94c1eeced1c6b031994b4420f71b92b464ed663c95c2cf","686848","alta","pedagogical-content; prova PDF; diretório/metadado OAB; sem disciplina confiável"
"storage/content/oab/35-exame/provas/caderno-de-prova-tipo-2-meazhj.pdf","pedagogical-content","prova PDF","true","leitura parcial","OAB","OAB/FGV","35-exame","","","2022","","","local-only","a50cd9d1ac7a5a9941f3a8452f0cc61a3cfeadd9fd01c763e7ac6967d53c46cd","820648","alta","pedagogical-content; prova PDF; diretório/metadado OAB; sem disciplina confiável"
"storage/content/oab/35-exame/provas/caderno-de-prova-tipo-3-nvwvch.pdf","pedagogical-content","prova PDF","true","leitura parcial","OAB","OAB/FGV","35-exame","","","2022","","","local-only","733b2ecf8df2b327a8b54a726e18f336219f8b38ac4ad74f43bddad19f3600e7","840593","alta","pedagogical-content; prova PDF; diretório/metadado OAB; sem disciplina confiável"
"storage/content/oab/35-exame/provas/caderno-de-prova-tipo-4-1y2v37.pdf","pedagogical-content","prova PDF","true","leitura parcial","OAB","OAB/FGV","35-exame","","","2022","","","local-only","811b81f2aa5a9caf749e679a051eb8811fc50ef24ab612e33043b20760f79a79","811337","alta","pedagogical-content; prova PDF; diretório/metadado OAB; sem disciplina confiável"
"storage/content/oab/35-exame/provas/caderno-de-provas-direito-administrativo-151bph.pdf","pedagogical-content","prova PDF","true","leitura parcial","OAB","OAB/FGV","35-exame","","","","Direito Administrativo","","local-only","dd28308f1c533ad45cc562725ad7440b0f486f96cfa9c50ec8ddfc09055a9124","1646242","alta","pedagogical-content; prova PDF; diretório/metadado OAB; diretório/estrutura"
"storage/content/oab/35-exame/provas/caderno-de-provas-direito-civil-1js7w3.pdf","pedagogical-content","prova PDF","true","leitura parcial","OAB","OAB/FGV","35-exame","","","","","","local-only","1ae0a3b4e285600fa5ff3a688d7973685ebf04bd24cc6fe03f7c980d3b4d3285","1660522","alta","pedagogical-content; prova PDF; diretório/metadado OAB; sem disciplina confiável"
"storage/content/oab/35-exame/provas/caderno-de-provas-direito-constitucional-ayslrl.pdf","pedagogical-content","prova PDF","true","leitura parcial","OAB","OAB/FGV","35-exame","","","","Direito Constitucional","","local-only","34b34c7a8ed10468a388735f754a807c7d5555cf7d47e0727b842d4509388881","1652761","alta","pedagogical-content; prova PDF; diretório/metadado OAB; diretório/estrutura"
"storage/content/oab/35-exame/provas/caderno-de-provas-direito-do-trabalho-1gv26a.pdf","pedagogical-content","prova PDF","true","leitura parcial","OAB","OAB/FGV","35-exame","","","2021","","","local-only","ce146d5f8443d26b42e5b5ffe884d141c88bb97b5d59135f2626abcef2b420e9","1656835","alta","pedagogical-content; prova PDF; diretório/metadado OAB; sem disciplina confiável"
"storage/content/oab/35-exame/provas/caderno-de-provas-direito-empresarial-l5j3rs.pdf","pedagogical-content","prova PDF","true","leitura parcial","OAB","OAB/FGV","35-exame","","","2020","Direito Empresarial","","local-only","93ebf02db8e710ea3c5111a3ac66c6f51ed0e5e03cad50e3aa057dbbc22842db","280252","alta","pedagogical-content; prova PDF; diretório/metadado OAB; diretório/estrutura"
"storage/content/oab/35-exame/provas/caderno-de-provas-direito-penal-s9kvrg.pdf","pedagogical-content","prova PDF","true","leitura parcial","OAB","OAB/FGV","35-exame","","","2019","Direito Penal","","local-only","f293ee95197ffc8f443947163ce23974369891153a74f539e8177ceead1fc71e","1669293","alta","pedagogical-content; prova PDF; diretório/metadado OAB; diretório/estrutura"
"storage/content/oab/35-exame/provas/caderno-de-provas-direito-tributario-1cx9t0.pdf","pedagogical-content","prova PDF","true","leitura parcial","OAB","OAB/FGV","35-exame","","","2021","Direito Tributário","","local-only","45f91d2e22092a5eb5af8e9e4046877cbe8be314d90188b1136c839c11f1ace3","1656692","alta","pedagogical-content; prova PDF; diretório/metadado OAB; diretório/estrutura"
"storage/content/oab/35-exame/questoes/questoes-extraidas.json","pedagogical-content","banco de questões","true","leitura bem-sucedida","OAB","OAB/FGV","35-exame","","FGV","2022","Ética Profissional","35o Exame OAB - Questao 1","local-only","58d88a740b19a2915efa0f31366c07d0b95f89b5e4b7b74a24d1e4e09fe5463e","177857","alta","pedagogical-content; banco de questões; diretório/metadado OAB; diretório/estrutura"
"storage/content/oab/36-exame/gabaritos/gabaritos-definitivos-da-prova-objetiva-1-fase-1138md.pdf","pedagogical-content","gabarito/padrão de resposta","true","leitura parcial","OAB","OAB/FGV","36-exame","1ª fase OAB","","2022","","","local-only","18cbb6c662e66f18c415551b2b3056b4dc835a0b6acc02934073296ac362da92","243215","alta","pedagogical-content; gabarito/padrão de resposta; diretório/metadado OAB; sem disciplina confiável"
"storage/content/oab/36-exame/gabaritos/gabaritos-preliminares-da-prova-objetiva-1-fase-ip29f5.pdf","pedagogical-content","gabarito/padrão de resposta","true","leitura parcial","OAB","OAB/FGV","36-exame","1ª fase OAB","","2022","","","local-only","2f2605374cec3144f445afed938a127fddbd883ef8909795eaef02dc3457d227","75766","alta","pedagogical-content; gabarito/padrão de resposta; diretório/metadado OAB; sem disciplina confiável"
"storage/content/oab/36-exame/metadata.json","pedagogical-container","container pedagógico","false","leitura bem-sucedida","OAB","OAB/FGV","36º Exame de Ordem Unificado","","","2026","","","local-only","9c4d92cef489f1d4adc1ce26023d12c5b02757efb2b66929195aee4975645b60","8434","alta","pedagogical-container; container pedagógico; diretório/metadado OAB; sem disciplina confiável"
"storage/content/oab/36-exame/provas/caderno-de-prova-tipo-1-16vl03.pdf","pedagogical-content","prova PDF","true","leitura parcial","OAB","OAB/FGV","36-exame","","","2022","","","local-only","40b82f93a29dcd10f2733d355aeb080f1f307c7c5bdf3d48e2f321a16749fe37","527735","alta","pedagogical-content; prova PDF; diretório/metadado OAB; sem disciplina confiável"
"storage/content/oab/36-exame/provas/caderno-de-prova-tipo-2-10xnc6.pdf","pedagogical-content","prova PDF","true","leitura parcial","OAB","OAB/FGV","36-exame","","","2022","","","local-only","14028af44a697394c0ee911150fdc5fd171777b8ed8d9d5f0c215a60df78f940","562789","alta","pedagogical-content; prova PDF; diretório/metadado OAB; sem disciplina confiável"
"storage/content/oab/36-exame/provas/caderno-de-prova-tipo-3-ttft6y.pdf","pedagogical-content","prova PDF","true","leitura parcial","OAB","OAB/FGV","36-exame","","","2022","","","local-only","e5f765dc1f1d2066c857b5cca8f878715558bb183768cafd1cafc14ff763252c","586336","alta","pedagogical-content; prova PDF; diretório/metadado OAB; sem disciplina confiável"
"storage/content/oab/36-exame/provas/caderno-de-prova-tipo-4-ldtu5.pdf","pedagogical-content","prova PDF","true","leitura parcial","OAB","OAB/FGV","36-exame","","","2022","","","local-only","ce6087128d1fb6b6ea0d4f0a3a7b0edeca5b72ec748f33fab12267d19ffdba5b","556216","alta","pedagogical-content; prova PDF; diretório/metadado OAB; sem disciplina confiável"
"storage/content/oab/36-exame/provas/caderno-de-provas-direito-administrativo-bypn8y.pdf","pedagogical-content","prova PDF","true","leitura parcial","OAB","OAB/FGV","36-exame","","","","Direito Administrativo","","local-only","ac58841104396198c5c80e86cd99be4ca390ac911bd4f0f5e0ee1cfc0068c482","1655779","alta","pedagogical-content; prova PDF; diretório/metadado OAB; diretório/estrutura"
"storage/content/oab/36-exame/provas/caderno-de-provas-direito-civil-nlf4em.pdf","pedagogical-content","prova PDF","true","leitura parcial","OAB","OAB/FGV","36-exame","","","2021","","","local-only","96915b0500ddd1600f65262647fc2f1efc850d748cd705cc3594556fa67df3e5","1653561","alta","pedagogical-content; prova PDF; diretório/metadado OAB; sem disciplina confiável"
"storage/content/oab/36-exame/provas/caderno-de-provas-direito-constitucional-zagls9.pdf","pedagogical-content","prova PDF","true","leitura parcial","OAB","OAB/FGV","36-exame","","","","Direito Constitucional","","local-only","2d9bea37108392f138e153c8044f105c33dc5ff3a1f96ad77342f4963ef27c46","1655384","alta","pedagogical-content; prova PDF; diretório/metadado OAB; diretório/estrutura"
"storage/content/oab/36-exame/provas/caderno-de-provas-direito-empresarial-13e59d.pdf","pedagogical-content","prova PDF","true","leitura parcial","OAB","OAB/FGV","36-exame","","","2018","Direito Empresarial","","local-only","a23eab898737b43ef672ba4b2dee4b1d2dd644666625261f8427b0fbd0e5c190","276262","alta","pedagogical-content; prova PDF; diretório/metadado OAB; diretório/estrutura"
"storage/content/oab/36-exame/provas/caderno-de-provas-direito-penal-g0rvr8.pdf","pedagogical-content","prova PDF","true","leitura parcial","OAB","OAB/FGV","36-exame","","","2019","Direito Penal","","local-only","736d04b31711155feee2b436fc564df90fab9b5a223f4f18dbf6441c33b32acf","1658493","alta","pedagogical-content; prova PDF; diretório/metadado OAB; diretório/estrutura"
"storage/content/oab/36-exame/provas/caderno-de-provas-direito-trabalho-3l9xqq.pdf","pedagogical-content","prova PDF","true","leitura parcial","OAB","OAB/FGV","36-exame","","","2022","Direito do Trabalho","","local-only","57701853658789ca5c4e4941ba4960b1a11f8ca1035f97d4dd22fa2ef78b155e","1653088","alta","pedagogical-content; prova PDF; diretório/metadado OAB; diretório/estrutura"
"storage/content/oab/36-exame/provas/caderno-de-provas-direito-tributario-1wnl44.pdf","pedagogical-content","prova PDF","true","leitura parcial","OAB","OAB/FGV","36-exame","","","2021","Direito Tributário","","local-only","ee93a8ea7c067536f5a8770450f4b55f5ff56844eb47203bf0decb3b5b11867d","1643504","alta","pedagogical-content; prova PDF; diretório/metadado OAB; diretório/estrutura"
"storage/content/oab/36-exame/questoes/questoes-extraidas.json","pedagogical-content","banco de questões","true","leitura bem-sucedida","OAB","OAB/FGV","36-exame","","FGV","2022","Ética Profissional","36o Exame OAB - Questao 1","local-only","391da73e6642fcbd47c0870d58cb89ff6d8bfee8e94448deded306376930f4c5","136961","alta","pedagogical-content; banco de questões; diretório/metadado OAB; diretório/estrutura"
"storage/content/oab/37-exame/gabaritos/gabaritos-definitivos-da-prova-objetiva-1-fase-1ftur1.pdf","pedagogical-content","gabarito/padrão de resposta","true","leitura parcial","OAB","OAB/FGV","37-exame","1ª fase OAB","","2023","","","local-only","4d638d4a31cd5c3cd796e2668e5319508318f29e013903b8719a0256b34a1eca","82353","alta","pedagogical-content; gabarito/padrão de resposta; diretório/metadado OAB; sem disciplina confiável"
"storage/content/oab/37-exame/gabaritos/gabaritos-preliminares-da-prova-objetiva-1-fase-uivq1.pdf","pedagogical-content","gabarito/padrão de resposta","true","leitura parcial","OAB","OAB/FGV","37-exame","1ª fase OAB","","2023","","","local-only","1dfdaa03ba9c1c93e6307c04c8090a3d509cf3eb8240721a6524dde9a07b3e90","77817","alta","pedagogical-content; gabarito/padrão de resposta; diretório/metadado OAB; sem disciplina confiável"
"storage/content/oab/37-exame/metadata.json","pedagogical-container","container pedagógico","false","leitura bem-sucedida","OAB","OAB/FGV","37º Exame de Ordem Unificado","","","2026","","","local-only","ee93e51606169b9aee2fc4f5ad538cc5690c1ae2bf8587ee0c881f94d978fcae","8494","alta","pedagogical-container; container pedagógico; diretório/metadado OAB; sem disciplina confiável"
"storage/content/oab/37-exame/provas/caderno-de-prova-tipo-1-13eodq.pdf","pedagogical-content","prova PDF","true","leitura parcial","OAB","OAB/FGV","37-exame","","","2023","","","local-only","59f5d7f6f90c9efc1e1e9a33065b9fd0be06cb2d24cdb9a345c77aa729b279f8","641232","alta","pedagogical-content; prova PDF; diretório/metadado OAB; sem disciplina confiável"
"storage/content/oab/37-exame/provas/caderno-de-prova-tipo-2-v4rbxg.pdf","pedagogical-content","prova PDF","true","leitura parcial","OAB","OAB/FGV","37-exame","","","2023","","","local-only","6a425b18c2045e9c4e185f19fa30c1e4106f050ea52ee2d767cfb83fb86748d7","656830","alta","pedagogical-content; prova PDF; diretório/metadado OAB; sem disciplina confiável"
"storage/content/oab/37-exame/provas/caderno-de-prova-tipo-3-1ptjgk.pdf","pedagogical-content","prova PDF","true","leitura parcial","OAB","OAB/FGV","37-exame","","","2023","","","local-only","1be4a93bfeccd328fe32ed95b131270a9dab832bfbf89438aa9b9ba2bdd0ab78","664089","alta","pedagogical-content; prova PDF; diretório/metadado OAB; sem disciplina confiável"
"storage/content/oab/37-exame/provas/caderno-de-prova-tipo-4-1mmfzo.pdf","pedagogical-content","prova PDF","true","leitura parcial","OAB","OAB/FGV","37-exame","","","2023","","","local-only","5e0b59ec0961f56b712cf73ec1143417c908e24c9477b88cf151645645344a8a","657242","alta","pedagogical-content; prova PDF; diretório/metadado OAB; sem disciplina confiável"
"storage/content/oab/37-exame/provas/caderno-de-provas-direito-administrativo-1831hr.pdf","pedagogical-content","prova PDF","true","leitura parcial","OAB","OAB/FGV","37-exame","","","","Direito Administrativo","","local-only","fa59058ff4bfcb0315568eed4ed57a39924c063ad97bad98a03254fd51c0a2ba","1656892","alta","pedagogical-content; prova PDF; diretório/metadado OAB; diretório/estrutura"
"storage/content/oab/37-exame/provas/caderno-de-provas-direito-civil-b96k0w.pdf","pedagogical-content","prova PDF","true","leitura parcial","OAB","OAB/FGV","37-exame","","","2022","","","local-only","0242d4d989ab8c947d8bd956b470ff418f1d2ffd71fc55743d3d26f4478872b8","1644379","alta","pedagogical-content; prova PDF; diretório/metadado OAB; sem disciplina confiável"
"storage/content/oab/37-exame/provas/caderno-de-provas-direito-constitucional-kiul4n.pdf","pedagogical-content","prova PDF","true","leitura parcial","OAB","OAB/FGV","37-exame","","","","Direito Constitucional","","local-only","3ba0bebf6d68519a6b00d0699a880dfa572633d6573e9f2b65cfdd13ad9d0a6b","1659518","alta","pedagogical-content; prova PDF; diretório/metadado OAB; diretório/estrutura"
"storage/content/oab/37-exame/provas/caderno-de-provas-direito-do-trabalho-1phi1s.pdf","pedagogical-content","prova PDF","true","leitura parcial","OAB","OAB/FGV","37-exame","","","2018","","","local-only","f33c19c27b202d44cfee6b2453231f5206636ae2838221062bba394018c37773","1652864","alta","pedagogical-content; prova PDF; diretório/metadado OAB; sem disciplina confiável"
"storage/content/oab/37-exame/provas/caderno-de-provas-direito-empresarial-piv8cj.pdf","pedagogical-content","prova PDF","true","leitura parcial","OAB","OAB/FGV","37-exame","","","2018","Direito Empresarial","","local-only","6942702e43c520982f54517f9948e52fe438952a589d6f185a9fb3fc3db3d6c2","280870","alta","pedagogical-content; prova PDF; diretório/metadado OAB; diretório/estrutura"
"storage/content/oab/37-exame/provas/caderno-de-provas-direito-penal-g5hmqx.pdf","pedagogical-content","prova PDF","true","leitura parcial","OAB","OAB/FGV","37-exame","","","2020","Direito Penal","","local-only","a631ef8f7950ba403f093a6a170ac06fa48d1b25b135da751c282f95b94afca0","1661181","alta","pedagogical-content; prova PDF; diretório/metadado OAB; diretório/estrutura"
"storage/content/oab/37-exame/provas/caderno-de-provas-direito-tributario-1tfph6.pdf","pedagogical-content","prova PDF","true","leitura parcial","OAB","OAB/FGV","37-exame","","","2021","Direito Tributário","","local-only","554e73328f6106947c60b79838ddd200e65782f2dbed0e7b70466d8616987126","1641643","alta","pedagogical-content; prova PDF; diretório/metadado OAB; diretório/estrutura"
"storage/content/oab/37-exame/questoes/questoes-extraidas.json","pedagogical-content","banco de questões","true","leitura bem-sucedida","OAB","OAB/FGV","37-exame","","FGV","2023","Ética Profissional","37o Exame OAB - Questao 1","local-only","c67cc50d10383f8a9524d4de54fe22e9ded8cc06a96e61a081993eff880f985d","137690","alta","pedagogical-content; banco de questões; diretório/metadado OAB; diretório/estrutura"
"storage/content/oab/38-exame/gabaritos/gabaritos-definitivos-da-prova-objetiva-1-fase-usmjo3.pdf","pedagogical-content","gabarito/padrão de resposta","true","leitura parcial","OAB","OAB/FGV","38-exame","1ª fase OAB","","2023","","","local-only","0f523053c2d2b2878fb90da0f9e6d0924ce213f7b00e71f207751cc7ad311b77","77411","alta","pedagogical-content; gabarito/padrão de resposta; diretório/metadado OAB; sem disciplina confiável"
"storage/content/oab/38-exame/gabaritos/gabaritos-preliminares-da-prova-objetiva-1-fase-1mpipe.pdf","pedagogical-content","gabarito/padrão de resposta","true","leitura parcial","OAB","OAB/FGV","38-exame","1ª fase OAB","","2023","","","local-only","839b67430da567706f53a2754553b6989dd52c55460e6c98f8edc85d89bfb810","675049","alta","pedagogical-content; gabarito/padrão de resposta; diretório/metadado OAB; sem disciplina confiável"
"storage/content/oab/38-exame/metadata.json","pedagogical-container","container pedagógico","false","leitura bem-sucedida","OAB","OAB/FGV","38º Exame de Ordem Unificado","","","2026","","","local-only","7b4589866686e3ae2eb7da14f30c7f9287765a150a4bd8fd7fe8048d835de22a","8849","alta","pedagogical-container; container pedagógico; diretório/metadado OAB; sem disciplina confiável"
"storage/content/oab/38-exame/provas/caderno-de-prova-tipo-1-1nbviw.pdf","pedagogical-content","prova PDF","true","leitura parcial","OAB","OAB/FGV","38-exame","","","1988","","","local-only","f8dd9d365f057c1e8f75748ce80b555b93958fdf8f31a6222ef68ce30e9d333f","1180933","alta","pedagogical-content; prova PDF; diretório/metadado OAB; sem disciplina confiável"
"storage/content/oab/38-exame/provas/caderno-de-prova-tipo-2-1mav4h.pdf","pedagogical-content","prova PDF","true","leitura parcial","OAB","OAB/FGV","38-exame","","","2021","","","local-only","a2b5d1cda88529436c08d20fcd0066be565347fda0ee6035d9ef5a002231f770","1190578","alta","pedagogical-content; prova PDF; diretório/metadado OAB; sem disciplina confiável"
"storage/content/oab/38-exame/provas/caderno-de-prova-tipo-3-7avmbn.pdf","pedagogical-content","prova PDF","true","leitura parcial","OAB","OAB/FGV","38-exame","","","2021","","","local-only","32751b8aef9a05d4a361e9feaed69978d3b8c14654990970cc018ecf5038b5fa","1202995","alta","pedagogical-content; prova PDF; diretório/metadado OAB; sem disciplina confiável"
"storage/content/oab/38-exame/provas/caderno-de-prova-tipo-4-1l5upb.pdf","pedagogical-content","prova PDF","true","leitura parcial","OAB","OAB/FGV","38-exame","","","1988","","","local-only","80591ba4c12a843aa3dfdfea130a17358696a5381b11594fd96a54ca398f6a01","1188878","alta","pedagogical-content; prova PDF; diretório/metadado OAB; sem disciplina confiável"
"storage/content/oab/38-exame/provas/caderno-de-provas-direito-administrativo-1bumpr.pdf","pedagogical-content","prova PDF","true","leitura parcial","OAB","OAB/FGV","38-exame","","","2016","Direito Administrativo","","local-only","4725220d0702b0f5bf654a3c3125c2a334e79fac4945377de77af8d70812ec77","1198613","alta","pedagogical-content; prova PDF; diretório/metadado OAB; diretório/estrutura"
"storage/content/oab/38-exame/provas/caderno-de-provas-direito-civil-5fj6zx.pdf","pedagogical-content","prova PDF","true","leitura parcial","OAB","OAB/FGV","38-exame","","","","","","local-only","0fb6da1664a9a716eff9a6b8299c818c8196a3745fb7afcdd806b79b46434986","1193789","alta","pedagogical-content; prova PDF; diretório/metadado OAB; sem disciplina confiável"
"storage/content/oab/38-exame/provas/caderno-de-provas-direito-constitucional-18w6wa.pdf","pedagogical-content","prova PDF","true","leitura parcial","OAB","OAB/FGV","38-exame","","","","Direito Constitucional","","local-only","f4ec80357e32cae37f04bc9f29c327630c39e8e663071217eb1002596a140bdf","1205689","alta","pedagogical-content; prova PDF; diretório/metadado OAB; diretório/estrutura"
"storage/content/oab/38-exame/provas/caderno-de-provas-direito-do-trabalho-hk3g3g.pdf","pedagogical-content","prova PDF","true","leitura parcial","OAB","OAB/FGV","38-exame","","","2022","","","local-only","9a66729f1a1cb6df819c6ae840f67e4cd3221410e2da0029323fbce2bf97430a","1086550","alta","pedagogical-content; prova PDF; diretório/metadado OAB; sem disciplina confiável"
"storage/content/oab/38-exame/provas/caderno-de-provas-direito-empresarial-fury8p.pdf","pedagogical-content","prova PDF","true","leitura parcial","OAB","OAB/FGV","38-exame","","","2020","Direito Empresarial","","local-only","7e468fa03c8974fa1ce81d1ae8c54bf50cfd8ac421e01689ff7759bbca67fc90","1079870","alta","pedagogical-content; prova PDF; diretório/metadado OAB; diretório/estrutura"
"storage/content/oab/38-exame/provas/caderno-de-provas-direito-penal-1mu7gw.pdf","pedagogical-content","prova PDF","true","leitura parcial","OAB","OAB/FGV","38-exame","","","2017","Direito Penal","","local-only","bdc10dc7f95fc914c68cf2319cf42897660755649dc4d337115db83f64b99925","1227085","alta","pedagogical-content; prova PDF; diretório/metadado OAB; diretório/estrutura"
"storage/content/oab/38-exame/provas/caderno-de-provas-direito-tributario-1cunam.pdf","pedagogical-content","prova PDF","true","leitura parcial","OAB","OAB/FGV","38-exame","","","","Direito Tributário","","local-only","3cc43f7397b079ed74ac5eaff1b45682b91b5046a3418002ee866843ac48bd2c","1208520","alta","pedagogical-content; prova PDF; diretório/metadado OAB; diretório/estrutura"
"storage/content/oab/38-exame/questoes/questoes-extraidas.json","pedagogical-content","banco de questões","true","leitura bem-sucedida","OAB","OAB/FGV","38-exame","","FGV","1988","Ética Profissional","38o Exame OAB - Questao 1","local-only","cfa8200f95e04ca799c62a28945a022bd58c8cf1c2b4d5c94a778b60309b3622","135656","alta","pedagogical-content; banco de questões; diretório/metadado OAB; diretório/estrutura"
"storage/content/oab/39-exame/gabaritos/gabaritos-definitivos-da-prova-objetiva-1-fase-1yuivs.pdf","pedagogical-content","gabarito/padrão de resposta","true","leitura parcial","OAB","OAB/FGV","39-exame","1ª fase OAB","","2023","","","local-only","6a730564fbad529eee715e87a5d6f310c5ac4d0df7a19200ec45cd80b1761b71","86039","alta","pedagogical-content; gabarito/padrão de resposta; diretório/metadado OAB; sem disciplina confiável"
"storage/content/oab/39-exame/gabaritos/gabaritos-preliminares-da-prova-objetiva-1-fase-8lt9zn.pdf","pedagogical-content","gabarito/padrão de resposta","true","leitura parcial","OAB","OAB/FGV","39-exame","1ª fase OAB","","2023","","","local-only","4a0b4513b7623d8e6782b873d14c7f4599870968570eddd354e0ab0ca3e4a8fc","631883","alta","pedagogical-content; gabarito/padrão de resposta; diretório/metadado OAB; sem disciplina confiável"
"storage/content/oab/39-exame/metadata.json","pedagogical-container","container pedagógico","false","leitura bem-sucedida","OAB","OAB/FGV","39º Exame de Ordem Unificado","","","2026","","","local-only","d813e3389fdc02adcd0ec78a361cfc5a3e13d67d51f7be995040dd8a026db262","8368","alta","pedagogical-container; container pedagógico; diretório/metadado OAB; sem disciplina confiável"
"storage/content/oab/39-exame/provas/caderno-de-prova-tipo-1-1pymkz.pdf","pedagogical-content","prova PDF","true","leitura parcial","OAB","OAB/FGV","39-exame","","","2022","","","local-only","15e84147f9a00e2a97eba7d72b252aeb0846190b2d6371658a2b013d920193e8","1108259","alta","pedagogical-content; prova PDF; diretório/metadado OAB; sem disciplina confiável"
"storage/content/oab/39-exame/provas/caderno-de-prova-tipo-2-1vjx7k.pdf","pedagogical-content","prova PDF","true","leitura parcial","OAB","OAB/FGV","39-exame","","","2022","","","local-only","e26371effef064bb594764550e64f135132befa7a8e5cad44e5685aee7aff58f","1104487","alta","pedagogical-content; prova PDF; diretório/metadado OAB; sem disciplina confiável"
"storage/content/oab/39-exame/provas/caderno-de-prova-tipo-3-dyajpx.pdf","pedagogical-content","prova PDF","true","leitura parcial","OAB","OAB/FGV","39-exame","","","1988","","","local-only","b9a66d66dbe8b6f559ee1aa1c5285a354a8b3729024ca19bf499f307e9a537a1","1104818","alta","pedagogical-content; prova PDF; diretório/metadado OAB; sem disciplina confiável"
"storage/content/oab/39-exame/provas/caderno-de-prova-tipo-4-1eaotd.pdf","pedagogical-content","prova PDF","true","leitura parcial","OAB","OAB/FGV","39-exame","","","2019","","","local-only","e84e2ec159c9ae062259efbfd5662daac72cffe8872214a7e9fbb982a17da1bf","1108840","alta","pedagogical-content; prova PDF; diretório/metadado OAB; sem disciplina confiável"
"storage/content/oab/39-exame/provas/caderno-de-provas-direito-administrativo-1djqac.pdf","pedagogical-content","prova PDF","true","leitura parcial","OAB","OAB/FGV","39-exame","","","2022","Direito Administrativo","","local-only","282ecffda4c92ff92d7241f4afcea78c5d5c7b34c6b586212bd5ec73ae3a34eb","1176449","alta","pedagogical-content; prova PDF; diretório/metadado OAB; diretório/estrutura"
"storage/content/oab/39-exame/provas/caderno-de-provas-direito-civil-1nar5n.pdf","pedagogical-content","prova PDF","true","leitura parcial","OAB","OAB/FGV","39-exame","","","2022","","","local-only","e6dc2f58d9b1d32ed9d1a902ecb93ce9caa0abb99a68b67b742984cd9dbaa468","1181739","alta","pedagogical-content; prova PDF; diretório/metadado OAB; sem disciplina confiável"
"storage/content/oab/39-exame/provas/caderno-de-provas-direito-constitucional-18zaa7.pdf","pedagogical-content","prova PDF","true","leitura parcial","OAB","OAB/FGV","39-exame","","","1988","Direito Constitucional","","local-only","69272c4a535a2bb91fd7d3a5ce753d6a17181e7fcc06068e1cecc79934fc9591","1177449","alta","pedagogical-content; prova PDF; diretório/metadado OAB; diretório/estrutura"
"storage/content/oab/39-exame/provas/caderno-de-provas-direito-do-trabalho-164r3l.pdf","pedagogical-content","prova PDF","true","leitura parcial","OAB","OAB/FGV","39-exame","","","2024","","","local-only","05136c200537eed273176ed12c5954ed227a0f0d952ccb2bb31f708afa67c555","744571","alta","pedagogical-content; prova PDF; diretório/metadado OAB; sem disciplina confiável"
"storage/content/oab/39-exame/provas/caderno-de-provas-direito-empresarial-i3q3x5.pdf","pedagogical-content","prova PDF","true","leitura parcial","OAB","OAB/FGV","39-exame","","","1973","Direito Empresarial","","local-only","c504a16f51f27471102bf6b073a1b350bf2d8cd74b7efb129b2d351f1aa37a3a","1089654","alta","pedagogical-content; prova PDF; diretório/metadado OAB; diretório/estrutura"
"storage/content/oab/39-exame/provas/caderno-de-provas-direito-penal-cvz7rh.pdf","pedagogical-content","prova PDF","true","leitura parcial","OAB","OAB/FGV","39-exame","","","2020","Direito Penal","","local-only","0ae34e81bdca604c79afac843eba91bdc69faa0cc2d05457b0df4b794f59958b","1183887","alta","pedagogical-content; prova PDF; diretório/metadado OAB; diretório/estrutura"
"storage/content/oab/39-exame/provas/caderno-de-provas-direito-tributario-1nrwxp.pdf","pedagogical-content","prova PDF","true","leitura parcial","OAB","OAB/FGV","39-exame","","","2022","Direito Tributário","","local-only","e4fb567fbe91fda60ae9075623b06087b50304e2daae4734727a31865b25d347","1190393","alta","pedagogical-content; prova PDF; diretório/metadado OAB; diretório/estrutura"
"storage/content/oab/39-exame/questoes/questoes-extraidas.json","pedagogical-content","banco de questões","true","leitura bem-sucedida","OAB","OAB/FGV","39-exame","","FGV","1988","Ética Profissional","39o Exame OAB - Questao 1","local-only","6a7c42dfd45a36dcd2fd90e09d2dfd5ba264f83329b258d8d2b7256d77df2377","137357","alta","pedagogical-content; banco de questões; diretório/metadado OAB; diretório/estrutura"
"storage/content/oab/4-exame/metadata.json","pedagogical-container","container pedagógico","false","leitura bem-sucedida","OAB","OAB/FGV","4º Exame de Ordem Unificado","","","2026","","","local-only","bb6591fc128589380e8027b0fea24fb9f7394c9875cc3d09e5def17e4443dc77","182","alta","pedagogical-container; container pedagógico; diretório/metadado OAB; sem disciplina confiável"
"storage/content/oab/40-exame/gabaritos/gabaritos-definitivos-da-prova-objetiva-1-fase-666q9e.pdf","pedagogical-content","gabarito/padrão de resposta","true","leitura parcial","OAB","OAB/FGV","40-exame","1ª fase OAB","","2024","","","local-only","dd2c814108d074878fde6b75cc4014ef79dec41b710d4d920d5c88f99ba515b3","244619","alta","pedagogical-content; gabarito/padrão de resposta; diretório/metadado OAB; sem disciplina confiável"
"storage/content/oab/40-exame/gabaritos/gabaritos-preliminares-da-prova-objetiva-1-fase-11gyjn.pdf","pedagogical-content","gabarito/padrão de resposta","true","leitura parcial","OAB","OAB/FGV","40-exame","1ª fase OAB","","2024","","","local-only","1e76d435bff4102e37e27b10982d4bcce66b5a8550059fdf1094a074bef254a7","603863","alta","pedagogical-content; gabarito/padrão de resposta; diretório/metadado OAB; sem disciplina confiável"
"storage/content/oab/40-exame/metadata.json","pedagogical-container","container pedagógico","false","leitura bem-sucedida","OAB","OAB/FGV","40º Exame de Ordem Unificado","","","2026","","","local-only","20b957281a8e9610ae5f13ac2db2659d6834d7a6666948ca87b84c040f6cc42a","8687","alta","pedagogical-container; container pedagógico; diretório/metadado OAB; sem disciplina confiável"
"storage/content/oab/40-exame/provas/caderno-de-prova-tipo-1-v2h0ss.pdf","pedagogical-content","prova PDF","true","leitura parcial","OAB","OAB/FGV","40-exame","","","1988","","","local-only","e1bc9e1e85ea761ebfc2119af2b6e1bddbd9c1e4709c640325d0c8093031009d","341069","alta","pedagogical-content; prova PDF; diretório/metadado OAB; sem disciplina confiável"
"storage/content/oab/40-exame/provas/caderno-de-prova-tipo-2-1u8tfi.pdf","pedagogical-content","prova PDF","true","leitura parcial","OAB","OAB/FGV","40-exame","","","1988","","","local-only","afeed0a87fd1534054bb99a06a686fae1c346c6385bb582fe309dd5105cefb30","1101755","alta","pedagogical-content; prova PDF; diretório/metadado OAB; sem disciplina confiável"
"storage/content/oab/40-exame/provas/caderno-de-prova-tipo-3-1m9zvk.pdf","pedagogical-content","prova PDF","true","leitura parcial","OAB","OAB/FGV","40-exame","","","1988","","","local-only","bfcbb7aef627336fcc27b84d499186997f46832344e1681ed0dcca5b03ca3eca","1117224","alta","pedagogical-content; prova PDF; diretório/metadado OAB; sem disciplina confiável"
"storage/content/oab/40-exame/provas/caderno-de-prova-tipo-4-1wkrzb.pdf","pedagogical-content","prova PDF","true","leitura parcial","OAB","OAB/FGV","40-exame","","","1988","","","local-only","5105c04b22c3009ea58f9816f522feb056277f468ce919c870863d190cc393af","1102422","alta","pedagogical-content; prova PDF; diretório/metadado OAB; sem disciplina confiável"
"storage/content/oab/40-exame/provas/caderno-de-provas-direito-administrativo-1375r6.pdf","pedagogical-content","prova PDF","true","leitura parcial","OAB","OAB/FGV","40-exame","","","2024","Direito Administrativo","","local-only","871906ec83294539e122e9f013f4547a26c9bea40ffba68465d5ab8c904cdfad","508329","alta","pedagogical-content; prova PDF; diretório/metadado OAB; diretório/estrutura"
"storage/content/oab/40-exame/provas/caderno-de-provas-direito-civil-1w4h9u.pdf","pedagogical-content","prova PDF","true","leitura parcial","OAB","OAB/FGV","40-exame","","","2018","","","local-only","f82330cc9202ce53cf3b0adc1d402e5c86854bf540335fa492c0f6818b33a43c","515076","alta","pedagogical-content; prova PDF; diretório/metadado OAB; sem disciplina confiável"
"storage/content/oab/40-exame/provas/caderno-de-provas-direito-constitucional-1dil97.pdf","pedagogical-content","prova PDF","true","leitura parcial","OAB","OAB/FGV","40-exame","","","1988","Direito Constitucional","","local-only","b2fd2f8f0566576028566256a1bdef278a84b834cdc56d7a95670f3b2368215b","520416","alta","pedagogical-content; prova PDF; diretório/metadado OAB; diretório/estrutura"
"storage/content/oab/40-exame/provas/caderno-de-provas-direito-do-trabalho-17epf5.pdf","pedagogical-content","prova PDF","true","leitura parcial","OAB","OAB/FGV","40-exame","","","2024","","","local-only","c6857c29fea702c4f0444bc65af64ced2b738896208c36e205794e1a1ab1d0de","498134","alta","pedagogical-content; prova PDF; diretório/metadado OAB; sem disciplina confiável"
"storage/content/oab/40-exame/provas/caderno-de-provas-direito-empresarial-8dlhhq.pdf","pedagogical-content","prova PDF","true","leitura parcial","OAB","OAB/FGV","40-exame","","","2022","Direito Empresarial","","local-only","0a60465438af6939fdcf3d8edeed92966fd966f74d72b31538ff0506d6b2679d","640330","alta","pedagogical-content; prova PDF; diretório/metadado OAB; diretório/estrutura"
"storage/content/oab/40-exame/provas/caderno-de-provas-direito-penal-1eev3u.pdf","pedagogical-content","prova PDF","true","leitura parcial","OAB","OAB/FGV","40-exame","","","2023","Direito Penal","","local-only","ff610e1606be99016299e4f02dc2b74971022770b62ba6126187b00e2cb5e750","513240","alta","pedagogical-content; prova PDF; diretório/metadado OAB; diretório/estrutura"
"storage/content/oab/40-exame/provas/caderno-de-provas-direito-tributario-1std0g.pdf","pedagogical-content","prova PDF","true","leitura parcial","OAB","OAB/FGV","40-exame","","","2024","Direito Tributário","","local-only","8d57bfc199b86bfaf7fbf57520226f1086377005de26cebe4d01f12b4829ed09","509443","alta","pedagogical-content; prova PDF; diretório/metadado OAB; diretório/estrutura"
"storage/content/oab/40-exame/questoes/questoes-extraidas.json","pedagogical-content","banco de questões","true","leitura bem-sucedida","OAB","OAB/FGV","40-exame","","FGV","1988","Ética Profissional","40o Exame OAB - Questao 1","local-only","b997a5bb61b240d285dd324c1e688ddb6d40265a8213dbf1f6334d904822745b","135871","alta","pedagogical-content; banco de questões; diretório/metadado OAB; diretório/estrutura"
"storage/content/oab/41-exame/gabaritos/gabaritos-definitivos-da-prova-objetiva-1-fase-1agscl.pdf","pedagogical-content","gabarito/padrão de resposta","true","leitura parcial","OAB","OAB/FGV","41-exame","1ª fase OAB","","2024","","","local-only","13df9bd8ab4dcd0c7cef4b152b3162f2f9b3b70b1163358ca3ad5d3a8b9c745e","84844","alta","pedagogical-content; gabarito/padrão de resposta; diretório/metadado OAB; sem disciplina confiável"
"storage/content/oab/41-exame/gabaritos/gabaritos-preliminares-da-prova-objetiva-1-fase-gdwb78.pdf","pedagogical-content","gabarito/padrão de resposta","true","leitura parcial","OAB","OAB/FGV","41-exame","1ª fase OAB","","2024","","","local-only","8207cfd14477c9cd6ffbb7c4579c1328ed698063bb09312781ae1bdca6f8c3f5","255635","alta","pedagogical-content; gabarito/padrão de resposta; diretório/metadado OAB; sem disciplina confiável"
"storage/content/oab/41-exame/metadata.json","pedagogical-container","container pedagógico","false","leitura bem-sucedida","OAB","OAB/FGV","41º Exame de Ordem Unificado","","","2026","","","local-only","0b65457e3714919f4da937f7b84883d2ba166b40eb9bd2598f5b0f3d37861da4","8613","alta","pedagogical-container; container pedagógico; diretório/metadado OAB; sem disciplina confiável"
"storage/content/oab/41-exame/provas/caderno-de-prova-tipo-1-19epxk.pdf","pedagogical-content","prova PDF","true","leitura parcial","OAB","OAB/FGV","41-exame","","","2020","","","local-only","e8d2e14d699ff8ed4c047574def10130ace6dc9c04d8e35fbf048426472b7714","552356","alta","pedagogical-content; prova PDF; diretório/metadado OAB; sem disciplina confiável"
"storage/content/oab/41-exame/provas/caderno-de-prova-tipo-2-9nh7u7.pdf","pedagogical-content","prova PDF","true","leitura parcial","OAB","OAB/FGV","41-exame","","","1988","","","local-only","e61e4c6951544ccd4b2cae8d871d029370082c3509653d01d2c658fe439c901b","549735","alta","pedagogical-content; prova PDF; diretório/metadado OAB; sem disciplina confiável"
"storage/content/oab/41-exame/provas/caderno-de-prova-tipo-3-9n0sub.pdf","pedagogical-content","prova PDF","true","leitura parcial","OAB","OAB/FGV","41-exame","","","1988","","","local-only","8f7d1f64625fb507553294b078fc6a19f302725a8ec0d13087e8cc30a13764b3","552828","alta","pedagogical-content; prova PDF; diretório/metadado OAB; sem disciplina confiável"
"storage/content/oab/41-exame/provas/caderno-de-prova-tipo-4-13yqqo.pdf","pedagogical-content","prova PDF","true","leitura parcial","OAB","OAB/FGV","41-exame","","","1988","","","local-only","303fb0a4a47c03a0353417aecffab455934e817de6666371343f21cb77dd7312","550389","alta","pedagogical-content; prova PDF; diretório/metadado OAB; sem disciplina confiável"
"storage/content/oab/41-exame/provas/caderno-de-provas-direito-administrativo-402my0.pdf","pedagogical-content","prova PDF","true","leitura parcial","OAB","OAB/FGV","41-exame","","","","Direito Administrativo","","local-only","6191aeafbe6f701bd494853d16902749bdae8fc8ab08f7018ec1ce9a6cc755d3","516131","alta","pedagogical-content; prova PDF; diretório/metadado OAB; diretório/estrutura"
"storage/content/oab/41-exame/provas/caderno-de-provas-direito-civil-1o4o4r.pdf","pedagogical-content","prova PDF","true","leitura parcial","OAB","OAB/FGV","41-exame","","","2012","","","local-only","9f9fdf053951099899d00b0ced8d5404a8bf8a01cb866eb4a8870f8f18df46c1","492957","alta","pedagogical-content; prova PDF; diretório/metadado OAB; sem disciplina confiável"
"storage/content/oab/41-exame/provas/caderno-de-provas-direito-constitucional-qkez6x.pdf","pedagogical-content","prova PDF","true","leitura parcial","OAB","OAB/FGV","41-exame","","","","Direito Constitucional","","local-only","29da6f91dd84719eff33f2c927a189bc4e921ce18759f63678a50d2e5fa9c750","518366","alta","pedagogical-content; prova PDF; diretório/metadado OAB; diretório/estrutura"
"storage/content/oab/41-exame/provas/caderno-de-provas-direito-empresarial-172s0s.pdf","pedagogical-content","prova PDF","true","leitura parcial","OAB","OAB/FGV","41-exame","","","2022","Direito Empresarial","","local-only","d7b1c070ddef078faa5a37b3b0fdabb13e256e4c4397bea3a7802606001e83ae","524362","alta","pedagogical-content; prova PDF; diretório/metadado OAB; diretório/estrutura"
"storage/content/oab/41-exame/provas/caderno-de-provas-direito-penal-ksdt00.pdf","pedagogical-content","prova PDF","true","leitura parcial","OAB","OAB/FGV","41-exame","","","2024","Direito Penal","","local-only","b935895e7356941a3e22a0cbd1e74b76bb8ecc1b0f616fc33c1fbd88b70ff453","523283","alta","pedagogical-content; prova PDF; diretório/metadado OAB; diretório/estrutura"
"storage/content/oab/41-exame/provas/caderno-de-provas-direito-tributario-hm4xng.pdf","pedagogical-content","prova PDF","true","leitura parcial","OAB","OAB/FGV","41-exame","","","2020","Direito Tributário","","local-only","de7688d057bd8bac71807188a6e06108b56bb882da6bf99fc2f03b1a0a3d0894","524867","alta","pedagogical-content; prova PDF; diretório/metadado OAB; diretório/estrutura"
"storage/content/oab/41-exame/questoes/questoes-extraidas.json","pedagogical-content","banco de questões","true","leitura bem-sucedida","OAB","OAB/FGV","41-exame","","FGV","1988","Ética Profissional","41o Exame OAB - Questao 1","local-only","6bf5dab530023bc914cfb2948302ab688633d850ccd5a466f3dc7a1dbe32ee21","138428","alta","pedagogical-content; banco de questões; diretório/metadado OAB; diretório/estrutura"
"storage/content/oab/42-exame/gabaritos/gabaritos-definitivos-da-prova-objetiva-1-fase-oz8qn8.pdf","pedagogical-content","gabarito/padrão de resposta","true","leitura parcial","OAB","OAB/FGV","42-exame","1ª fase OAB","","2024","","","local-only","acc91b855bc6769a24eb1b08ed60833f9f1773c0f36ce76315f7d496b0b0385c","273585","alta","pedagogical-content; gabarito/padrão de resposta; diretório/metadado OAB; sem disciplina confiável"
"storage/content/oab/42-exame/gabaritos/gabaritos-preliminares-da-prova-objetiva-1-fase-d8co1o.pdf","pedagogical-content","gabarito/padrão de resposta","true","leitura parcial","OAB","OAB/FGV","42-exame","1ª fase OAB","","2024","","","local-only","f41efff08de623929569678d4a80a2cbe6c78c49e6868714865c05e14b215a1c","674526","alta","pedagogical-content; gabarito/padrão de resposta; diretório/metadado OAB; sem disciplina confiável"
"storage/content/oab/42-exame/metadata.json","pedagogical-container","container pedagógico","false","leitura bem-sucedida","OAB","OAB/FGV","42º Exame de Ordem Unificado","","","2026","","","local-only","13de8233fc81cc7f69054d12d98f8b486aa668874164267a5716dd3eb6ffd6fb","8988","alta","pedagogical-container; container pedagógico; diretório/metadado OAB; sem disciplina confiável"
"storage/content/oab/42-exame/provas/caderno-de-prova-tipo-1-1l67c6.pdf","pedagogical-content","prova PDF","true","leitura parcial","OAB","OAB/FGV","42-exame","","","","","","local-only","e3cfd8806bb51ec5681679f8321e89ede3ca3eba1da462d2d1b131933b9ce238","402439","alta","pedagogical-content; prova PDF; diretório/metadado OAB; sem disciplina confiável"
"storage/content/oab/42-exame/provas/caderno-de-prova-tipo-2-mfr81p.pdf","pedagogical-content","prova PDF","true","leitura parcial","OAB","OAB/FGV","42-exame","","","","","","local-only","3a8b4c469024b9cf3a53c25826f0e9dc970b1230a8f3b322659f569627ee1813","398548","alta","pedagogical-content; prova PDF; diretório/metadado OAB; sem disciplina confiável"
"storage/content/oab/42-exame/provas/caderno-de-prova-tipo-3-1muvj0.pdf","pedagogical-content","prova PDF","true","leitura parcial","OAB","OAB/FGV","42-exame","","","","","","local-only","a904c9abf2415dcd490caae22cda094bde6fddb840cfcaa529c463eabde9eb66","399637","alta","pedagogical-content; prova PDF; diretório/metadado OAB; sem disciplina confiável"
"storage/content/oab/42-exame/provas/caderno-de-prova-tipo-4-1ib9o8.pdf","pedagogical-content","prova PDF","true","leitura parcial","OAB","OAB/FGV","42-exame","","","","","","local-only","b6fb2109e8ecb0b46a9e5d78e038c2c4b054bfe5042f5c1ddbae69e354620db0","398547","alta","pedagogical-content; prova PDF; diretório/metadado OAB; sem disciplina confiável"
"storage/content/oab/42-exame/provas/caderno-de-provas-direito-administrativo-157co2.pdf","pedagogical-content","prova PDF","true","leitura parcial","OAB","OAB/FGV","42-exame","","","2024","Direito Administrativo","","local-only","7f200904eef758eea276a47452892afde33ca86def2896d8515b98e9c4f8c670","509259","alta","pedagogical-content; prova PDF; diretório/metadado OAB; diretório/estrutura"
"storage/content/oab/42-exame/provas/caderno-de-provas-direito-civil-3gfgry.pdf","pedagogical-content","prova PDF","true","leitura parcial","OAB","OAB/FGV","42-exame","","","2024","","","local-only","27e12095f6c58ab143c441d4c34260813d631e0641d8de850189a75b56ff22e1","500238","alta","pedagogical-content; prova PDF; diretório/metadado OAB; sem disciplina confiável"
"storage/content/oab/42-exame/provas/caderno-de-provas-direito-constitucional-d1ziy9.pdf","pedagogical-content","prova PDF","true","leitura parcial","OAB","OAB/FGV","42-exame","","","","Direito Constitucional","","local-only","cfc38a4f641ce620f67013e77b1e0603db5b2745115b1b89ef6fbf5446d58e55","488369","alta","pedagogical-content; prova PDF; diretório/metadado OAB; diretório/estrutura"
"storage/content/oab/42-exame/provas/caderno-de-provas-direito-do-trabalho-1twwac.pdf","pedagogical-content","prova PDF","true","leitura parcial","OAB","OAB/FGV","42-exame","","","2024","","","local-only","d52df00b63e98f0f3516db9de10fd80e5902011d0fa302d7f7e72c238e568ef4","509864","alta","pedagogical-content; prova PDF; diretório/metadado OAB; sem disciplina confiável"
"storage/content/oab/42-exame/provas/caderno-de-provas-direito-empresarial-3gflxd.pdf","pedagogical-content","prova PDF","true","leitura parcial","OAB","OAB/FGV","42-exame","","","2020","Direito Empresarial","","local-only","7a19e5e5cc210449d11e5a882a67f16fb74b8ce9c29ccd7421ad99cc27d2ddaf","491556","alta","pedagogical-content; prova PDF; diretório/metadado OAB; diretório/estrutura"
"storage/content/oab/42-exame/provas/caderno-de-provas-direito-penal-1uveat.pdf","pedagogical-content","prova PDF","true","leitura parcial","OAB","OAB/FGV","42-exame","","","2023","Direito Penal","","local-only","1db664fa012b948f88117b6a584f20452e4daa5128442ab75b8af8be7aaecdbf","513909","alta","pedagogical-content; prova PDF; diretório/metadado OAB; diretório/estrutura"
"storage/content/oab/42-exame/provas/caderno-de-provas-direito-tributario-r6a39c.pdf","pedagogical-content","prova PDF","true","leitura parcial","OAB","OAB/FGV","42-exame","","","","Direito Tributário","","local-only","12d5a0dc0c2d94ebc2b532e4d034b3b5a46842eb30fbfd23b7a3344197dc24fc","488199","alta","pedagogical-content; prova PDF; diretório/metadado OAB; diretório/estrutura"
"storage/content/oab/42-exame/questoes/questoes-extraidas.json","pedagogical-content","banco de questões","true","leitura bem-sucedida","OAB","OAB/FGV","42-exame","","FGV","1988","Ética Profissional","42o Exame OAB - Questao 1","local-only","a0db21bb13c283348589382190504d9ea81d768ac6862b662445ae36687556f8","136841","alta","pedagogical-content; banco de questões; diretório/metadado OAB; diretório/estrutura"
"storage/content/oab/43-exame/gabaritos/gabaritos-definitivos-da-prova-objetiva-1-fase-99gv56.pdf","pedagogical-content","gabarito/padrão de resposta","true","leitura parcial","OAB","OAB/FGV","43-exame","1ª fase OAB","","2025","","","local-only","31e27871a5efb011d71a737e47c690b6126b894c908e8423aa28c5c600792bf4","194143","alta","pedagogical-content; gabarito/padrão de resposta; diretório/metadado OAB; sem disciplina confiável"
"storage/content/oab/43-exame/gabaritos/gabaritos-preliminares-da-prova-objetiva-1-fase-atualizado-em-30-04-2025-dojv0d.pdf","pedagogical-content","gabarito/padrão de resposta","true","leitura parcial","OAB","OAB/FGV","43-exame","1ª fase OAB","","2025","","","local-only","bab505bd1e2c0b0df039b08b1c15e186e628f8fbb748be87f9c28e26f69ee604","410294","alta","pedagogical-content; gabarito/padrão de resposta; diretório/metadado OAB; sem disciplina confiável"
"storage/content/oab/43-exame/metadata.json","pedagogical-container","container pedagógico","false","leitura bem-sucedida","OAB","OAB/FGV","43º Exame de Ordem Unificado","","","2026","","","local-only","9c441bc338d4e164c66a4e3676a569f6ec1d93b880c0042a35bec7724ed85f48","8869","alta","pedagogical-container; container pedagógico; diretório/metadado OAB; sem disciplina confiável"
"storage/content/oab/43-exame/provas/caderno-de-prova-tipo-1-wjxb32.pdf","pedagogical-content","prova PDF","true","leitura parcial","OAB","OAB/FGV","43-exame","","","1988","","","local-only","702d2574165fffee6028134f416b92d6feef59be9fff44abc46eb0f590d302b8","838452","alta","pedagogical-content; prova PDF; diretório/metadado OAB; sem disciplina confiável"
"storage/content/oab/43-exame/provas/caderno-de-prova-tipo-2-42gb3k.pdf","pedagogical-content","prova PDF","true","leitura parcial","OAB","OAB/FGV","43-exame","","","1988","","","local-only","ec1062a9bee3c487e9a5b4f2a832c4f96b9439bd18281464a4ce6c693754b3f8","1186603","alta","pedagogical-content; prova PDF; diretório/metadado OAB; sem disciplina confiável"
"storage/content/oab/43-exame/provas/caderno-de-prova-tipo-3-g7aski.pdf","pedagogical-content","prova PDF","true","leitura parcial","OAB","OAB/FGV","43-exame","","","1988","","","local-only","bea16912a792a74be90ab439a41c634681aa3b22db83e2320f1ce95c0901793a","815185","alta","pedagogical-content; prova PDF; diretório/metadado OAB; sem disciplina confiável"
"storage/content/oab/43-exame/provas/caderno-de-prova-tipo-4-78iugs.pdf","pedagogical-content","prova PDF","true","leitura parcial","OAB","OAB/FGV","43-exame","","","1988","","","local-only","afc4b49ad992202d261b8f4e34cadafb4400c3caed0b75834c43003056be65d0","798560","alta","pedagogical-content; prova PDF; diretório/metadado OAB; sem disciplina confiável"
"storage/content/oab/43-exame/provas/caderno-de-provas-direito-administrativo-gmo2xi.pdf","pedagogical-content","prova PDF","true","leitura parcial","OAB","OAB/FGV","43-exame","","","2014","Direito Administrativo","","local-only","917fb0e910159bd736ebae0cadfa2aa39ad69f9ba18deb00715582436af7fb1f","518731","alta","pedagogical-content; prova PDF; diretório/metadado OAB; diretório/estrutura"
"storage/content/oab/43-exame/provas/caderno-de-provas-direito-civil-18xvwr.pdf","pedagogical-content","prova PDF","true","leitura parcial","OAB","OAB/FGV","43-exame","","","2022","","","local-only","ee22326a552312a923fe28c2a5099571440c9b999981d3ca5e1ad96f953397ed","491065","alta","pedagogical-content; prova PDF; diretório/metadado OAB; sem disciplina confiável"
"storage/content/oab/43-exame/provas/caderno-de-provas-direito-constitucional-1bglgz.pdf","pedagogical-content","prova PDF","true","leitura parcial","OAB","OAB/FGV","43-exame","","","","Direito Constitucional","","local-only","b8741c18a9980b6fdd20130101e0e000d831583e1013f9d6c73efb4f41a7a001","515111","alta","pedagogical-content; prova PDF; diretório/metadado OAB; diretório/estrutura"
"storage/content/oab/43-exame/provas/caderno-de-provas-direito-do-trabalho-148sas.pdf","pedagogical-content","prova PDF","true","leitura parcial","OAB","OAB/FGV","43-exame","","","2019","","","local-only","44a87f955d4cd10d7fe23739bd59bf3993f7973cbf5b28afd5ee7ab602845ba1","508119","alta","pedagogical-content; prova PDF; diretório/metadado OAB; sem disciplina confiável"
"storage/content/oab/43-exame/provas/caderno-de-provas-direito-empresarial-9o7pp5.pdf","pedagogical-content","prova PDF","true","leitura parcial","OAB","OAB/FGV","43-exame","","","2023","Direito Empresarial","","local-only","788c24f653dbda94313213c20c0ef44889d3109a07ac6de89f0448ff0812f7e7","530710","alta","pedagogical-content; prova PDF; diretório/metadado OAB; diretório/estrutura"
"storage/content/oab/43-exame/provas/caderno-de-provas-direito-penal-1791h6.pdf","pedagogical-content","prova PDF","true","leitura parcial","OAB","OAB/FGV","43-exame","","","1995","Direito Penal","","local-only","0e598f919140533ddc06bcebcfcecd2e597871a939d633c73934ae825e0239e3","490620","alta","pedagogical-content; prova PDF; diretório/metadado OAB; diretório/estrutura"
"storage/content/oab/43-exame/provas/caderno-de-provas-direito-tributario-vm5lsm.pdf","pedagogical-content","prova PDF","true","leitura parcial","OAB","OAB/FGV","43-exame","","","2002","Direito Tributário","","local-only","33025e3d3c5c2d5aa5fd272734d863acbd80ca00de8b6392a7f0186ba3db8814","519624","alta","pedagogical-content; prova PDF; diretório/metadado OAB; diretório/estrutura"
"storage/content/oab/43-exame/questoes/questoes-extraidas.json","pedagogical-content","banco de questões","true","leitura bem-sucedida","OAB","OAB/FGV","43-exame","","FGV","1988","Ética Profissional","43o Exame OAB - Questao 1","local-only","5053048b6a98f783ee05809a03a7d8aab64d8bdfd3dca4e73bd0c66a90f93629","139463","alta","pedagogical-content; banco de questões; diretório/metadado OAB; diretório/estrutura"
"storage/content/oab/44-exame/gabaritos/gabaritos-definitivos-da-prova-objetiva-1-fase-1ehcwq.pdf","pedagogical-content","gabarito/padrão de resposta","true","leitura parcial","OAB","OAB/FGV","44-exame","1ª fase OAB","","2025","","","local-only","ae020716059b5913da3ff15b3ab8ed2e86a9658051f891c21f704e1c7f435d12","158882","alta","pedagogical-content; gabarito/padrão de resposta; diretório/metadado OAB; sem disciplina confiável"
"storage/content/oab/44-exame/gabaritos/gabaritos-preliminares-da-prova-objetiva-1-fase-lt9f0s.pdf","pedagogical-content","gabarito/padrão de resposta","true","leitura parcial","OAB","OAB/FGV","44-exame","1ª fase OAB","","2025","","","local-only","77c692a3bfcf4b9d7187306d0d500842d1662bc313bab87d219cc570218d2e78","253404","alta","pedagogical-content; gabarito/padrão de resposta; diretório/metadado OAB; sem disciplina confiável"
"storage/content/oab/44-exame/metadata.json","pedagogical-container","container pedagógico","false","leitura bem-sucedida","OAB","OAB/FGV","44º Exame de Ordem Unificado","","","2026","","","local-only","de69acf0a23708d5fec69e4722dd89f74ebdc0c76935880bb9fd6b14f512f678","8764","alta","pedagogical-container; container pedagógico; diretório/metadado OAB; sem disciplina confiável"
"storage/content/oab/44-exame/provas/caderno-de-prova-tipo-1-bmn0xq.pdf","pedagogical-content","prova PDF","true","leitura parcial","OAB","OAB/FGV","44-exame","","","2024","","","local-only","1fdbbcc9708e795311c520294139ad54d7bd5e6aef48dbd7dca4484db33ba21d","519680","alta","pedagogical-content; prova PDF; diretório/metadado OAB; sem disciplina confiável"
"storage/content/oab/44-exame/provas/caderno-de-prova-tipo-2-rwnkr7.pdf","pedagogical-content","prova PDF","true","leitura parcial","OAB","OAB/FGV","44-exame","","","2024","","","local-only","c032c1c73b4b8feb4353cde756111812cc8ade835211b4c0fc7562f5cfca1f20","520022","alta","pedagogical-content; prova PDF; diretório/metadado OAB; sem disciplina confiável"
"storage/content/oab/44-exame/provas/caderno-de-prova-tipo-3-1asweo.pdf","pedagogical-content","prova PDF","true","leitura parcial","OAB","OAB/FGV","44-exame","","","2024","","","local-only","14e96854d673376a2060de7b4b6fad51bec0ff941ddc8b78c1910ed673a94d65","521248","alta","pedagogical-content; prova PDF; diretório/metadado OAB; sem disciplina confiável"
"storage/content/oab/44-exame/provas/caderno-de-prova-tipo-4-1kws1b.pdf","pedagogical-content","prova PDF","true","leitura parcial","OAB","OAB/FGV","44-exame","","","2024","","","local-only","3c19f446512f8bdf75e6337d47d39c0d1f40a35da46ba64536c70d8b4e1d110e","521435","alta","pedagogical-content; prova PDF; diretório/metadado OAB; sem disciplina confiável"
"storage/content/oab/44-exame/provas/caderno-de-provas-direito-administrativo-7xzvov.pdf","pedagogical-content","prova PDF","true","leitura parcial","OAB","OAB/FGV","44-exame","","","2022","Direito Administrativo","","local-only","7454fec15e9c8641ebcab5e65589faed9a58c3df0afedfb176fe54daa306f0c4","708199","alta","pedagogical-content; prova PDF; diretório/metadado OAB; diretório/estrutura"
"storage/content/oab/44-exame/provas/caderno-de-provas-direito-civil-11y2o9.pdf","pedagogical-content","prova PDF","true","leitura parcial","OAB","OAB/FGV","44-exame","","","2024","","","local-only","abfc1e545a0623d89faa0196b5fd39aec4e3b437c49306274a54067c4a876069","780966","alta","pedagogical-content; prova PDF; diretório/metadado OAB; sem disciplina confiável"
"storage/content/oab/44-exame/provas/caderno-de-provas-direito-constitucional-bmq3a.pdf","pedagogical-content","prova PDF","true","leitura parcial","OAB","OAB/FGV","44-exame","","","","Direito Constitucional","","local-only","782b3a275a4e854aa1dcd4bdc892accfbaa3678de0a0a8cd6fdf4c6f91688725","1143362","alta","pedagogical-content; prova PDF; diretório/metadado OAB; diretório/estrutura"
"storage/content/oab/44-exame/provas/caderno-de-provas-direito-do-trabalho-9htmgy.pdf","pedagogical-content","prova PDF","true","leitura parcial","OAB","OAB/FGV","44-exame","","","2025","","","local-only","a6addcf01c2f2abbf365200dd85cc6334f6d4e705b1e01c7ddaedcbd168bb066","1154126","alta","pedagogical-content; prova PDF; diretório/metadado OAB; sem disciplina confiável"
"storage/content/oab/44-exame/provas/caderno-de-provas-direito-empresarial-1wr9ta.pdf","pedagogical-content","prova PDF","true","leitura parcial","OAB","OAB/FGV","44-exame","","","2022","Direito Empresarial","","local-only","9fcd85de434b8269dccfd8ce2cef4ff49614c8facdc22f6dce83d30c3f57e597","713550","alta","pedagogical-content; prova PDF; diretório/metadado OAB; diretório/estrutura"
"storage/content/oab/44-exame/provas/caderno-de-provas-direito-penal-1xaiqz.pdf","pedagogical-content","prova PDF","true","leitura parcial","OAB","OAB/FGV","44-exame","","","2024","Direito Penal","","local-only","0b9bfbdb5fce2823dda9d8a2d4a7607ed5b85cd66305161d49e352a30d55f7b1","714989","alta","pedagogical-content; prova PDF; diretório/metadado OAB; diretório/estrutura"
"storage/content/oab/44-exame/provas/caderno-de-provas-direito-tributario-195his.pdf","pedagogical-content","prova PDF","true","leitura parcial","OAB","OAB/FGV","44-exame","","","2024","Direito Tributário","","local-only","2763294f14ff12c1a5a1ddd40e2036e004fac56307fa3686b288d4b43bbdeb46","683817","alta","pedagogical-content; prova PDF; diretório/metadado OAB; diretório/estrutura"
"storage/content/oab/44-exame/questoes/questoes-extraidas.json","pedagogical-content","banco de questões","true","leitura bem-sucedida","OAB","OAB/FGV","44-exame","","FGV","2024","Ética Profissional","44o Exame OAB - Questao 1","local-only","bdde5942899712011ee7f1206f0206b5827330998ad3beec137f3ec6a7912d06","137915","alta","pedagogical-content; banco de questões; diretório/metadado OAB; diretório/estrutura"
"storage/content/oab/45-exame/gabaritos/gabaritos-definitivos-da-prova-objetiva-1-fase-iamkq5.pdf","pedagogical-content","gabarito/padrão de resposta","true","leitura parcial","OAB","OAB/FGV","45-exame","1ª fase OAB","","2025","","","local-only","a3c90403f91370714d631063896eac3e96a5cfdd0490e7490e5a4b58b20345a6","85707","alta","pedagogical-content; gabarito/padrão de resposta; diretório/metadado OAB; sem disciplina confiável"
"storage/content/oab/45-exame/gabaritos/gabaritos-preliminares-da-prova-objetiva-1-fase-atualizado-em-22.12.2025-ghhg7q.pdf","pedagogical-content","gabarito/padrão de resposta","true","leitura parcial","OAB","OAB/FGV","45-exame","1ª fase OAB","","2025","","","local-only","648931866fdcf2d7cc1bd1b8170565acfbfa27bd83fd5fba9f33467055d1babe","335844","alta","pedagogical-content; gabarito/padrão de resposta; diretório/metadado OAB; sem disciplina confiável"
"storage/content/oab/45-exame/metadata.json","pedagogical-container","container pedagógico","false","leitura bem-sucedida","OAB","OAB/FGV","45º Exame de Ordem Unificado","","","2026","","","local-only","94dce4cd17654bd035951b019b7e8418c5d2612dc886550f69dd223ddca34835","9130","alta","pedagogical-container; container pedagógico; diretório/metadado OAB; sem disciplina confiável"
"storage/content/oab/45-exame/provas/caderno-de-prova-tipo-1-1e6sag.pdf","pedagogical-content","prova PDF","true","leitura parcial","OAB","OAB/FGV","45-exame","","","","","","local-only","5f0504cb71c90334783c327f8ece43fbcabe83de37884598c1a976fb4025f3f1","405589","alta","pedagogical-content; prova PDF; diretório/metadado OAB; sem disciplina confiável"
"storage/content/oab/45-exame/provas/caderno-de-prova-tipo-2-17lo3v.pdf","pedagogical-content","prova PDF","true","leitura parcial","OAB","OAB/FGV","45-exame","","","","","","local-only","0cdd706bd50b818de724c2f8c79400288cfbb2082060bdc345e3a3b6e070b34c","408780","alta","pedagogical-content; prova PDF; diretório/metadado OAB; sem disciplina confiável"
"storage/content/oab/45-exame/provas/caderno-de-prova-tipo-3-1kg5po.pdf","pedagogical-content","prova PDF","true","leitura parcial","OAB","OAB/FGV","45-exame","","","","","","local-only","7d467f18cd62eb0eb5d15c3c43d7392596a76e58a58c44a88a7e98867e79a328","405325","alta","pedagogical-content; prova PDF; diretório/metadado OAB; sem disciplina confiável"
"storage/content/oab/45-exame/provas/caderno-de-prova-tipo-4-hp2j7m.pdf","pedagogical-content","prova PDF","true","leitura parcial","OAB","OAB/FGV","45-exame","","","","","","local-only","a82b1bb565f157fc2f1722bae2e603df96b9841d9e11a7a6f0fbe0d744cde583","408672","alta","pedagogical-content; prova PDF; diretório/metadado OAB; sem disciplina confiável"
"storage/content/oab/45-exame/provas/caderno-de-provas-direito-administrativo-18f4gb.pdf","pedagogical-content","prova PDF","true","leitura parcial","OAB","OAB/FGV","45-exame","","","","Direito Administrativo","","local-only","8d704afad238dfca6bf487f0a94226881672a62edb87a0cb66a3fb11e95219db","512270","alta","pedagogical-content; prova PDF; diretório/metadado OAB; diretório/estrutura"
"storage/content/oab/45-exame/provas/caderno-de-provas-direito-civil-6ysmi2.pdf","pedagogical-content","prova PDF","true","leitura parcial","OAB","OAB/FGV","45-exame","","","1992","","","local-only","10c23908d7f2900ca6745cc5944e5942ec7ea49cc25637f86cf3a37d6766c2e8","486209","alta","pedagogical-content; prova PDF; diretório/metadado OAB; sem disciplina confiável"
"storage/content/oab/45-exame/provas/caderno-de-provas-direito-constitucional-jo56bf.pdf","pedagogical-content","prova PDF","true","leitura parcial","OAB","OAB/FGV","45-exame","","","","Direito Constitucional","","local-only","072fb81d5a8e1698c647c23f7b241911b80e5e69f8b07f81f28c6b0745d49c71","490071","alta","pedagogical-content; prova PDF; diretório/metadado OAB; diretório/estrutura"
"storage/content/oab/45-exame/provas/caderno-de-provas-direito-do-trabalho-1gjqe9.pdf","pedagogical-content","prova PDF","true","leitura parcial","OAB","OAB/FGV","45-exame","","","2024","","","local-only","a6e5ca2e04a74a38a00cf9ccf4f583521fd6cb553740a3a4c5f7fb6da5817551","500736","alta","pedagogical-content; prova PDF; diretório/metadado OAB; sem disciplina confiável"
"storage/content/oab/45-exame/provas/caderno-de-provas-direito-empresarial-1nc4hy.pdf","pedagogical-content","prova PDF","true","leitura parcial","OAB","OAB/FGV","45-exame","","","2019","Direito Empresarial","","local-only","25f5435e47db80c9b725533678c0139b28fd07c55778a56be9f2c130472511fb","493574","alta","pedagogical-content; prova PDF; diretório/metadado OAB; diretório/estrutura"
"storage/content/oab/45-exame/provas/caderno-de-provas-direito-penal-175dyx.pdf","pedagogical-content","prova PDF","true","leitura parcial","OAB","OAB/FGV","45-exame","","","2025","Direito Penal","","local-only","ed3543c2536bf6131843c0e96d939447e42780dd1887894965416be7fbfb30b1","510682","alta","pedagogical-content; prova PDF; diretório/metadado OAB; diretório/estrutura"
"storage/content/oab/45-exame/provas/caderno-de-provas-direito-tributario-11v67s.pdf","pedagogical-content","prova PDF","true","leitura parcial","OAB","OAB/FGV","45-exame","","","2020","Direito Tributário","","local-only","85096789150e7849f3ca89286acb54fac71c9c9c2947014fcd6aed948aaa6713","517815","alta","pedagogical-content; prova PDF; diretório/metadado OAB; diretório/estrutura"
"storage/content/oab/45-exame/questoes/questoes-extraidas.json","pedagogical-content","banco de questões","true","leitura bem-sucedida","OAB","OAB/FGV","45-exame","","FGV","","Ética Profissional","45o Exame OAB - Questao 1","local-only","82c6aee14ce2bfc9ee0be6e7a1b687a9c01ccaf36797cdf607dcccfaf0d01b37","6696","alta","pedagogical-content; banco de questões; diretório/metadado OAB; diretório/estrutura"
"storage/content/oab/46-exame/gabaritos/gabaritos-definitivos-da-prova-objetiva-1-fase-1kizjh.pdf","pedagogical-content","gabarito/padrão de resposta","true","leitura parcial","OAB","OAB/FGV","46-exame","1ª fase OAB","","2026","","","local-only","c57ac6a6c713f5efa3c3976506cb7f204f734b8ffb34d22cc0d3e23ab6651a5a","103500","alta","pedagogical-content; gabarito/padrão de resposta; diretório/metadado OAB; sem disciplina confiável"
"storage/content/oab/46-exame/gabaritos/gabaritos-preliminares-da-prova-objetiva-1-fase-atualizado-em-04.05.2026-1wy91d.pdf","pedagogical-content","gabarito/padrão de resposta","true","leitura parcial","OAB","OAB/FGV","46-exame","1ª fase OAB","","2026","","","local-only","6546b3934cdc49429f4c98b822c7775f07f5c49e0afb8a9b1c2cba324905bc51","402132","alta","pedagogical-content; gabarito/padrão de resposta; diretório/metadado OAB; sem disciplina confiável"
"storage/content/oab/46-exame/metadata.json","pedagogical-container","container pedagógico","false","leitura bem-sucedida","OAB","OAB/FGV","46º Exame de Ordem Unificado","","","2026","","","local-only","6655e7c45950086b6bcf128bd4a7de24965e0b68d8cebce06d602078d0608ca1","1892","alta","pedagogical-container; container pedagógico; diretório/metadado OAB; sem disciplina confiável"
"storage/content/oab/46-exame/provas/caderno-de-prova-tipo-1-1dfntz.pdf","pedagogical-content","prova PDF","true","leitura parcial","OAB","OAB/FGV","46-exame","","","1989","","","local-only","100b3e057e476afc37a699471d26025758c074e0f8d7c8aa28eaa6ef52b1ecfa","561671","alta","pedagogical-content; prova PDF; diretório/metadado OAB; sem disciplina confiável"
"storage/content/oab/46-exame/provas/caderno-de-prova-tipo-2-1liuy6.pdf","pedagogical-content","prova PDF","true","leitura parcial","OAB","OAB/FGV","46-exame","","","1989","","","local-only","3fa649d5352052663feda7a725e2a89b75816398ab59c3f59b4e6d1287201101","576035","alta","pedagogical-content; prova PDF; diretório/metadado OAB; sem disciplina confiável"
"storage/content/oab/46-exame/provas/caderno-de-prova-tipo-3-18v5bp.pdf","pedagogical-content","prova PDF","true","leitura parcial","OAB","OAB/FGV","46-exame","","","1989","","","local-only","d82559fdd69eb1a6c200b310235a01839d70f4c50b598eec8320c5eba206486a","560445","alta","pedagogical-content; prova PDF; diretório/metadado OAB; sem disciplina confiável"
"storage/content/oab/46-exame/provas/caderno-de-prova-tipo-4-8l7j5p.pdf","pedagogical-content","prova PDF","true","leitura parcial","OAB","OAB/FGV","46-exame","","","1989","","","local-only","8be68b9eae0058ee44000f1479d5b2c5f2b81571655b9eac46ec970e83e6d19d","559136","alta","pedagogical-content; prova PDF; diretório/metadado OAB; sem disciplina confiável"
"storage/content/oab/46-exame/questoes/questoes-extraidas.json","pedagogical-content","banco de questões","true","leitura bem-sucedida","OAB","OAB/FGV","46-exame","","FGV","1989","Ética Profissional","46o Exame OAB - Questao 1","local-only","9651358220d18f47361c0a7cb1a46e2a2503d0a9581f1654184c1f24165fb634","138716","alta","pedagogical-content; banco de questões; diretório/metadado OAB; diretório/estrutura"
"storage/content/oab/47-exame/metadata.json","pedagogical-container","container pedagógico","false","leitura bem-sucedida","OAB","OAB/FGV","47º Exame de Ordem Unificado","","","2026","","","local-only","5fd60c0887eb4faf2fcc2c83210a1b7539a4efedeadb71eac01671de65bfc36f","183","alta","pedagogical-container; container pedagógico; diretório/metadado OAB; sem disciplina confiável"
"storage/content/oab/5-exame/metadata.json","pedagogical-container","container pedagógico","false","leitura bem-sucedida","OAB","OAB/FGV","5º Exame de Ordem Unificado","","","2026","","","local-only","32e93b550dff88602eadfa2a9983c1e372def1e57338a52c3d1c9c3a79c7b114","182","alta","pedagogical-container; container pedagógico; diretório/metadado OAB; sem disciplina confiável"
"storage/content/oab/6-exame/metadata.json","pedagogical-container","container pedagógico","false","leitura bem-sucedida","OAB","OAB/FGV","6º Exame de Ordem Unificado","","","2026","","","local-only","29db704ac35b8905caa8fcaa42f8c829c1c9d20fb172cf4608486e5c110041aa","182","alta","pedagogical-container; container pedagógico; diretório/metadado OAB; sem disciplina confiável"
"storage/content/oab/7-exame/gabaritos/gabaritos-preliminares-da-prova-objetiva-1-fase-9rqav3.pdf","pedagogical-content","gabarito/padrão de resposta","true","leitura parcial","OAB","OAB/FGV","7-exame","1ª fase OAB","","2012","","","local-only","33c61f294d8794ab40b54dee1f07655512cc862759a4396b27aefecd6c269986","96585","alta","pedagogical-content; gabarito/padrão de resposta; diretório/metadado OAB; sem disciplina confiável"
"storage/content/oab/7-exame/metadata.json","pedagogical-container","container pedagógico","false","leitura bem-sucedida","OAB","OAB/FGV","7º Exame de Ordem Unificado","","","2026","","","local-only","24c4d2485c13789eb12c31f353bb5907f49739294a199af574db6add33c4dcaa","1483","alta","pedagogical-container; container pedagógico; diretório/metadado OAB; sem disciplina confiável"
"storage/content/oab/7-exame/provas/caderno-de-prova-01-5noo95.pdf","pedagogical-content","prova PDF","true","leitura parcial","OAB","OAB/FGV","7-exame","","","1994","","","local-only","6502b7272b7dbf0b8bf95460ad7dc3dacf250ac34620f9de5746bf5e072f1735","793203","alta","pedagogical-content; prova PDF; diretório/metadado OAB; sem disciplina confiável"
"storage/content/oab/7-exame/provas/caderno-de-prova-02-1j1xvk.pdf","pedagogical-content","prova PDF","true","leitura parcial","OAB","OAB/FGV","7-exame","","","1994","","","local-only","9989cfb08b8dfed163e91bc7e0b7624c6466165bfbc986dac5a06607267e6cfe","791693","alta","pedagogical-content; prova PDF; diretório/metadado OAB; sem disciplina confiável"
"storage/content/oab/7-exame/provas/caderno-de-prova-03-1j4qj9.pdf","pedagogical-content","prova PDF","true","leitura parcial","OAB","OAB/FGV","7-exame","","","1994","","","local-only","674751c3052ff940f1da5412f4afe7e7ebc3e7b7d7075608aaa52d50bfe9a73b","790821","alta","pedagogical-content; prova PDF; diretório/metadado OAB; sem disciplina confiável"
"storage/content/oab/7-exame/provas/caderno-de-prova-04-9qlh4z.pdf","pedagogical-content","prova PDF","true","leitura parcial","OAB","OAB/FGV","7-exame","","","1994","","","local-only","6a5af15a634ec6983bad673ebaa7ed7ed13b7e2d8186b69be8bd4508345c836f","791307","alta","pedagogical-content; prova PDF; diretório/metadado OAB; sem disciplina confiável"
"storage/content/oab/7-exame/questoes/questoes-extraidas.json","pedagogical-content","banco de questões","true","leitura bem-sucedida","OAB","OAB/FGV","7-exame","","FGV","1994","Ética Profissional","7o Exame OAB - Questao 1","local-only","3447ce8f013aa80d6aa48ff6bc0ee2b677ecb2cb0d93d65809ed6d7562e0f314","106438","alta","pedagogical-content; banco de questões; diretório/metadado OAB; diretório/estrutura"
"storage/content/oab/8-exame/metadata.json","pedagogical-container","container pedagógico","false","leitura bem-sucedida","OAB","OAB/FGV","8º Exame de Ordem Unificado","","","2026","","","local-only","ecddecd4aa2da783988f839f49ca62db6d89c715736842eee3b649d4f901bc3d","182","alta","pedagogical-container; container pedagógico; diretório/metadado OAB; sem disciplina confiável"
"storage/content/oab/9-exame/metadata.json","pedagogical-container","container pedagógico","false","leitura bem-sucedida","OAB","OAB/FGV","9º Exame de Ordem Unificado","","","2026","","","local-only","7e0de0f20e78a4bb8cce6c8ae4a2b6e3034111ab6e21b2bba35424c65bc9b559","182","alta","pedagogical-container; container pedagógico; diretório/metadado OAB; sem disciplina confiável"
"material-provas/fgv/provas PM/aluno_oficial_da_pmns101_tipo_1.pdf","pedagogical-content","prova PDF","true","leitura parcial","","","","Oficial","FGV","2021","","","local-only","43b4afe4797181c585aa0776f3fd953b7e5cd49d796495b6d0e0d88ac58b043c","1282141","alta","pedagogical-content; prova PDF; sem evidência confiável; sem disciplina confiável"
"material-provas/fgv/provas PM/aluno_oficial_da_pmns101_tipo_2.pdf","pedagogical-content","prova PDF","true","leitura parcial","","","","Oficial","FGV","2021","","","local-only","2dacf47955b4c88b9f4f616e640141515e1d7a51de87acb32e4333bb9cd41562","1282000","alta","pedagogical-content; prova PDF; sem evidência confiável; sem disciplina confiável"
"material-provas/fgv/provas PM/aluno_oficial_da_pmns101_tipo_3.pdf","pedagogical-content","prova PDF","true","leitura parcial","","","","Oficial","FGV","2021","","","local-only","d8c2e2548bec545e444b9bfd45b75c4ef98c486c9e1cea5687f31b4177b24927","1275497","alta","pedagogical-content; prova PDF; sem evidência confiável; sem disciplina confiável"
"material-provas/fgv/provas PM/aluno_oficial_da_pmns101_tipo_4.pdf","pedagogical-content","prova PDF","true","leitura parcial","","","","Oficial","FGV","2021","","","local-only","8cf0afa9e763ce2242f3c656d64664952b68547d2538550d01536ffb32a89436","1282739","alta","pedagogical-content; prova PDF; sem evidência confiável; sem disciplina confiável"
"material-provas/fgv/provas PM/aluno_oficial_da_pm_discursivansd101_tipo_1.pdf","pedagogical-content","prova PDF","true","leitura parcial","Polícia Militar","","","Oficial","FGV","2010","Redação","","local-only","f06317fc73f762a8bfc7f76baa3c868a3ed15dda9bad65496501cd5b4d0d8b31","870370","alta","pedagogical-content; prova PDF; sigla/instituição PM; diretório/estrutura"
"material-provas/fgv/provas PM/aluno_soldado_da_pmnm001_tipo_1.pdf","pedagogical-content","prova PDF","true","leitura parcial","","","","Soldado","FGV","2021","","","local-only","85b447f1f18c2f910d0da57939a71a0197c9ab804f30feed56384dde3e3fa698","1328349","alta","pedagogical-content; prova PDF; sem evidência confiável; sem disciplina confiável"
"material-provas/fgv/provas PM/aluno_soldado_da_pmnm001_tipo_2.pdf","pedagogical-content","prova PDF","true","leitura parcial","","","","Soldado","FGV","2021","","","local-only","e45f9861e644f0c6d85da195b20cf2ca478f4dbde0988fe68fb00f1a1e388a4b","1335792","alta","pedagogical-content; prova PDF; sem evidência confiável; sem disciplina confiável"
"material-provas/fgv/provas PM/aluno_soldado_da_pmnm001_tipo_3.pdf","pedagogical-content","prova PDF","true","leitura parcial","","","","Soldado","FGV","2021","","","local-only","2bdee98f88a61f6453dd9c71a5c8e1010785ba7c2ff9f7daa1221970191085bf","1335923","alta","pedagogical-content; prova PDF; sem evidência confiável; sem disciplina confiável"
"material-provas/fgv/provas PM/aluno_soldado_da_pmnm001_tipo_4.pdf","pedagogical-content","prova PDF","true","leitura parcial","","","","Soldado","FGV","2021","","","local-only","e8c7740b236954a6ff8126877a3b4c4c7f4e30e3514e00f5399d463c383d1b3d","1335701","alta","pedagogical-content; prova PDF; sem evidência confiável; sem disciplina confiável"
"material-provas/fgv/provas PM/aluno_soldado_da_pm_discursivanmd001_tipo_1.pdf","pedagogical-content","prova PDF","true","leitura parcial","Polícia Militar","","","Soldado","FGV","2022","Redação","","local-only","5c8a295e2225a3e61f898e720dc8dededc862d6a256c9aa24b792b591bafa8f3","768451","alta","pedagogical-content; prova PDF; sigla/instituição PM; diretório/estrutura"
"material-provas/fgv/provas PM/anexo-sem-titulo-00306-4.pdf","pedagogical-content","prova PDF","true","leitura parcial","","","","","FGV","2020","","","local-only","398f060edb019f9aaa8f7b653a6d68c0b50148224e152e10cf87931c11c01454","786017","alta","pedagogical-content; prova PDF; sem evidência confiável; sem disciplina confiável"
"material-provas/fgv/provas PM/anexo-sem-titulo-00312-1.pdf","pedagogical-content","prova PDF","true","leitura parcial","","","","","FGV","2020","","","local-only","f719aa6b53254996e80d043dfe6e753b4a4b390809843b1e7a7005338b281175","792185","alta","pedagogical-content; prova PDF; sem evidência confiável; sem disciplina confiável"
"material-provas/fgv/provas PM/anexo-sem-titulo-00318-2.pdf","pedagogical-content","prova PDF","true","leitura parcial","","","","","FGV","2020","","","local-only","663bc1358d629319e8adf1517582689daed5ff84b3f3838fa13197e36c38c524","785859","alta","pedagogical-content; prova PDF; sem evidência confiável; sem disciplina confiável"
"material-provas/fgv/provas PM/anexo-sem-titulo-00324-3.pdf","pedagogical-content","prova PDF","true","leitura parcial","","","","","FGV","2020","","","local-only","72eca15d758521c31f374e3f62ffbe9f608999f505a03f8d417b5d374f07002c","792839","alta","pedagogical-content; prova PDF; sem evidência confiável; sem disciplina confiável"
"material-provas/fgv/provas PM/cabo-pmcnm001-tipo-1.pdf","pedagogical-content","prova PDF","true","leitura parcial","","","","Cabo","FGV","2015","","","local-only","03453c29a2a613ea3bb65d8c19b1f7dab25b184e56c2a224a61adf8e15c96001","1236980","alta","pedagogical-content; prova PDF; sem evidência confiável; sem disciplina confiável"
"material-provas/fgv/provas PM/cabo-pmcnm001-tipo-2.pdf","pedagogical-content","prova PDF","true","leitura parcial","","","","Cabo","FGV","2015","","","local-only","a76bf14a99847c246fa252f5805cb82d45078c2598d475f842c4111c45525b95","1237895","alta","pedagogical-content; prova PDF; sem evidência confiável; sem disciplina confiável"
"material-provas/fgv/provas PM/cabo-pmcnm001-tipo-3.pdf","pedagogical-content","prova PDF","true","leitura parcial","","","","Cabo","FGV","2015","","","local-only","a1e26b1c6002622e81da75677ef3c1a4fb9f976ece41bd0c4f4d61e8eb2dab5b","1238634","alta","pedagogical-content; prova PDF; sem evidência confiável; sem disciplina confiável"
"material-provas/fgv/provas PM/cabo-pmcnm001-tipo-4.pdf","pedagogical-content","prova PDF","true","leitura parcial","","","","Cabo","FGV","2015","","","local-only","10a3099072dfe56b32b882f4746588969d80b7e25e451fe3765d4b985089aca4","1240316","alta","pedagogical-content; prova PDF; sem evidência confiável; sem disciplina confiável"
"material-provas/fgv/provas PM/cns101-aluno-oficial-combatentecns101-tipo-1.pdf","pedagogical-content","prova PDF","true","leitura parcial","","","","Oficial","FGV","1903","","","local-only","7c34ec77da09edec4b273172c3f3658e63d5a71b8e5b351535700ba9e9fe748b","1222700","alta","pedagogical-content; prova PDF; sem evidência confiável; sem disciplina confiável"
"material-provas/fgv/provas PM/cns101-aluno-oficial-combatentecns101-tipo-2.pdf","pedagogical-content","prova PDF","true","leitura parcial","","","","Oficial","FGV","1962","","","local-only","5cdb34158405758f9785c1f8f75471e33852ec0734ab2df58d22c38b3806b09d","1219606","alta","pedagogical-content; prova PDF; sem evidência confiável; sem disciplina confiável"
"material-provas/fgv/provas PM/curso-de-formacao-de-oficiais-combatentes-da-pmpbcfopb-22-tipo-1.pdf","pedagogical-content","prova PDF","true","leitura parcial","","","","Oficial","FGV","2021","","","local-only","896473842287c8fa52d81d820bbd4d33391fd9d690641fefbfc314395cfa6557","815913","alta","pedagogical-content; prova PDF; sem evidência confiável; sem disciplina confiável"
"material-provas/fgv/provas PM/curso-de-formacao-de-oficiais-combatentes-da-pmpbcfopb-22-tipo-2.pdf","pedagogical-content","prova PDF","true","leitura parcial","","","","Oficial","FGV","2021","","","local-only","baa67f5e5984b026a374d16a6d4211ffa578f2eba2704c683e4461ccb20300d4","815697","alta","pedagogical-content; prova PDF; sem evidência confiável; sem disciplina confiável"
"material-provas/fgv/provas PM/curso-de-formacao-de-oficiais-combatentes-da-pmpbcfopb-22-tipo-3.pdf","pedagogical-content","prova PDF","true","leitura parcial","","","","Oficial","FGV","2021","","","local-only","acff3825b1d9d368aaa6cc33606366d787a33829164294ba08c392e44d28877a","815979","alta","pedagogical-content; prova PDF; sem evidência confiável; sem disciplina confiável"
"material-provas/fgv/provas PM/curso-de-formacao-de-oficiais-combatentes-da-pmpbcfopb-22-tipo-4.pdf","pedagogical-content","prova PDF","true","leitura parcial","","","","Oficial","FGV","2021","","","local-only","2a4e56251f4fd7a56657c66eebb68b07f0e07840bb5df407e70e7ef4cfbe7e3a","811429","alta","pedagogical-content; prova PDF; sem evidência confiável; sem disciplina confiável"
"material-provas/fgv/provas PM/delegado-objetivacns100-tipo-1.pdf","pedagogical-content","prova PDF","true","leitura parcial","Polícia Civil","","","Delegado","FGV","2023","","","local-only","8dc6b30dcf3cc415cae4d486cfbef8d11bf5312abe68e694fd1e8742b4850e6d","1213772","alta","pedagogical-content; prova PDF; sigla/cargo policial civil; sem disciplina confiável"
"material-provas/fgv/provas PM/delegado-objetivacns100-tipo-2.pdf","pedagogical-content","prova PDF","true","leitura parcial","Polícia Civil","","","Delegado","FGV","2023","","","local-only","c41e6f8655b965e8bbf640624f1470dfd4ae3b267c855c465bd3c038deb5469e","1213540","alta","pedagogical-content; prova PDF; sigla/cargo policial civil; sem disciplina confiável"
"material-provas/fgv/provas PM/delegado-objetivacns100-tipo-3.pdf","pedagogical-content","prova PDF","true","leitura parcial","Polícia Civil","","","Delegado","FGV","2023","","","local-only","e5a88b84dcc5c17e84727de24e345c5995b76f0e3e9b61ebeaf5178ac432ec1d","1213291","alta","pedagogical-content; prova PDF; sigla/cargo policial civil; sem disciplina confiável"
"material-provas/fgv/provas PM/delegado-objetivacns100-tipo-4.pdf","pedagogical-content","prova PDF","true","leitura parcial","Polícia Civil","","","Delegado","FGV","2023","","","local-only","d137260d9ee8783f6cb43d3817f9ae0713312c3428928d8aeb892fee37b94ed2","1214618","alta","pedagogical-content; prova PDF; sigla/cargo policial civil; sem disciplina confiável"
"material-provas/fgv/provas PM/inspetor_de_policia_de_6a_classeinspetor_tipo_1_revisada.pdf","pedagogical-content","prova PDF","true","leitura parcial","Polícia Civil","","","Inspetor","FGV","1973","","","local-only","b0c31db40b63de591c5e7e77f92d0822c1cfc636336b95616fbcb7997591aa5d","1092947","alta","pedagogical-content; prova PDF; sigla/cargo policial civil; sem disciplina confiável"
"material-provas/fgv/provas PM/inspetor_de_policia_de_6a_classeinspetor_tipo_2_revisada.pdf","pedagogical-content","prova PDF","true","leitura parcial","Polícia Civil","","","Inspetor","FGV","1973","","","local-only","23a7018275307395e9bdce57867573b3664c3bbc5a72702a8e36fb4b33f0f21b","1093454","alta","pedagogical-content; prova PDF; sigla/cargo policial civil; sem disciplina confiável"
"material-provas/fgv/provas PM/inspetor_de_policia_de_6a_classeinspetor_tipo_3_revisada.pdf","pedagogical-content","prova PDF","true","leitura parcial","Polícia Civil","","","Inspetor","FGV","2019","","","local-only","60fc0ff375ef560e890503207a608f1ee26d6035d1161e6af3f5e5fe593261e6","1092331","alta","pedagogical-content; prova PDF; sigla/cargo policial civil; sem disciplina confiável"
"material-provas/fgv/provas PM/inspetor_de_policia_de_6a_classeinspetor_tipo_4_revisada.pdf","pedagogical-content","prova PDF","true","leitura parcial","Polícia Civil","","","Inspetor","FGV","1973","","","local-only","085737c358ed12509cc42a8a3702e34662da658fec565c90fc6b6f35657f11cb","1092584","alta","pedagogical-content; prova PDF; sigla/cargo policial civil; sem disciplina confiável"
"material-provas/fgv/provas PM/investigador_policial_de_3a_classeinvest_tipo_1_revisada.pdf","pedagogical-content","prova PDF","true","leitura parcial","Polícia Civil","","","Investigador","FGV","2021","","","local-only","3bb95022826819db6e61636d0b87767827f7c6286aae28b205e95c47461b07dd","1024394","alta","pedagogical-content; prova PDF; sigla/cargo policial civil; sem disciplina confiável"
"material-provas/fgv/provas PM/investigador_policial_de_3a_classeinvest_tipo_2_revisada.pdf","pedagogical-content","prova PDF","true","leitura parcial","Polícia Civil","","","Investigador","FGV","2013","","","local-only","aab0d87d6d728d1a7e4b3ef2e9173f110efc2529fb36bc1c17ba1bfbb6467f19","1022857","alta","pedagogical-content; prova PDF; sigla/cargo policial civil; sem disciplina confiável"
"material-provas/fgv/provas PM/investigador_policial_de_3a_classeinvest_tipo_3_revisada.pdf","pedagogical-content","prova PDF","true","leitura parcial","Polícia Civil","","","Investigador","FGV","2021","","","local-only","4fa632dcbbb4a6a21ec1471fadca98869d88df16ea24aa8650042d43cf123b67","1022727","alta","pedagogical-content; prova PDF; sigla/cargo policial civil; sem disciplina confiável"
"material-provas/fgv/provas PM/investigador_policial_de_3a_classeinvest_tipo_4_revisada.pdf","pedagogical-content","prova PDF","true","leitura parcial","Polícia Civil","","","Investigador","FGV","2013","","","local-only","851961cce3cca38e8b1858bf7ec740019ee826d74986daf482d7a0183b328ff2","1023968","alta","pedagogical-content; prova PDF; sigla/cargo policial civil; sem disciplina confiável"
"material-provas/fgv/provas PM/ns001_-_delegado_de_policia_-_4a_classe_prova_objetivans001_tipo_1.pdf","pedagogical-content","prova PDF","true","leitura parcial","Polícia Civil","","","Delegado","FGV","2021","","","local-only","0a52be892b45fdc3f633bc1811a1152c2ae6f8fa11441e4f9a9735bf01f27142","1268169","alta","pedagogical-content; prova PDF; sigla/cargo policial civil; sem disciplina confiável"
"material-provas/fgv/provas PM/ns001_-_delegado_de_policia_-_4a_classe_prova_objetivans001_tipo_2.pdf","pedagogical-content","prova PDF","true","leitura parcial","Polícia Civil","","","Delegado","FGV","2021","","","local-only","0a28d9ed3395182986f7df4b75275b882066c2a1aa4770fbeef460335bb03af2","1267507","alta","pedagogical-content; prova PDF; sigla/cargo policial civil; sem disciplina confiável"
"material-provas/fgv/provas PM/ns001_-_delegado_de_policia_-_4a_classe_prova_objetivans001_tipo_3.pdf","pedagogical-content","prova PDF","true","leitura parcial","Polícia Civil","","","Delegado","FGV","2021","","","local-only","a02cfafb1dab5b461c2050f101a7e5109bb240a2af3a3b625ea9e35f74cfe9da","1268933","alta","pedagogical-content; prova PDF; sigla/cargo policial civil; sem disciplina confiável"
"material-provas/fgv/provas PM/ns001_-_delegado_de_policia_-_4a_classe_prova_objetivans001_tipo_4.pdf","pedagogical-content","prova PDF","true","leitura parcial","Polícia Civil","","","Delegado","FGV","2021","","","local-only","aa5ee6a268ea7d2ceccf11e54205e161f654e9a86f730de6515d71936f71c2fb","1268944","alta","pedagogical-content; prova PDF; sigla/cargo policial civil; sem disciplina confiável"
"material-provas/fgv/provas PM/ns002_-_delegado_de_policia_-_4a_classe_prova_discursivans002_tipo_1.pdf","pedagogical-content","prova PDF","true","leitura parcial","Polícia Civil","","","Delegado","FGV","2021","Redação","","local-only","247bd87e3d7ae65bb787900d23a274df14ea6c46aa546b9988444f48706f30d1","944619","alta","pedagogical-content; prova PDF; sigla/cargo policial civil; diretório/estrutura"
"material-provas/fgv/provas PM/oficial-da-policia-militarof-pm-tipo-1.pdf","pedagogical-content","prova PDF","true","leitura parcial","Polícia Militar","","","Oficial","FGV","1995","","","local-only","b22b97e63bf9331487e104b29ff214fbf91787e7da17f71e181dd7a321144bb6","546724","alta","pedagogical-content; prova PDF; sigla/instituição PM; sem disciplina confiável"
"material-provas/fgv/provas PM/oficial-da-policia-militarof-pm-tipo-2.pdf","pedagogical-content","prova PDF","true","leitura parcial","Polícia Militar","","","Oficial","FGV","2013","","","local-only","3b23c30aa129a472cbbccc41ab9c0fffc33e39a890b0b7c7d722aec1099ad3f1","533858","alta","pedagogical-content; prova PDF; sigla/instituição PM; sem disciplina confiável"
"material-provas/fgv/provas PM/oficial-da-policia-militarof-pm-tipo-3.pdf","pedagogical-content","prova PDF","true","leitura parcial","Polícia Militar","","","Oficial","FGV","1995","","","local-only","9a9d0cac766c3c413c2aa17212fdfd10b7279b5a01c9d9e838f1b64a697b8da2","556554","alta","pedagogical-content; prova PDF; sigla/instituição PM; sem disciplina confiável"
"material-provas/fgv/provas PM/oficial-da-policia-militarof-pm-tipo-4.pdf","pedagogical-content","prova PDF","true","leitura parcial","Polícia Militar","","","Oficial","FGV","2023","","","local-only","44c6ac47f60ebcdf930d5c5afa1af13fa13114dff1a7b9ee9844a2315a6aa5a4","558388","alta","pedagogical-content; prova PDF; sigla/instituição PM; sem disciplina confiável"
"material-provas/fgv/provas PM/pcam2021e01_gabarito_definitivo.pdf","pedagogical-content","gabarito/padrão de resposta","true","leitura parcial","","","PM pcam2021","","FGV","2021","","","local-only","1b9b7aff287219efde78779bb2ebdc6ef72442db5b6b58fa549eb33dc8d96a90","89013","alta","pedagogical-content; gabarito/padrão de resposta; sem evidência confiável; sem disciplina confiável"
"material-provas/fgv/provas PM/pcrj2021e1_gabarito_definitivo.pdf","pedagogical-content","gabarito/padrão de resposta","true","leitura parcial","","","PM pcrj2021","","FGV","2021","","","local-only","525309012d9098b766df98841e7853a8b8fdc5a40eb41f573ec458cb07cadac8","93241","alta","pedagogical-content; gabarito/padrão de resposta; sem evidência confiável; sem disciplina confiável"
"material-provas/fgv/provas PM/pcrj2021e2_gabarito_definitivo.pdf","pedagogical-content","gabarito/padrão de resposta","true","leitura parcial","","","PM pcrj2021","","FGV","2021","","","local-only","bbb352ded42cc3ef9ec4cd923a4f12c94163d865d76d8becece4ba4506a925e7","93749","alta","pedagogical-content; gabarito/padrão de resposta; sem evidência confiável; sem disciplina confiável"
"material-provas/fgv/provas PM/pcrn-delegado-de-policia-civil-substituto-deleg-01-tipo-1.pdf","pedagogical-content","prova PDF","true","leitura parcial","Polícia Civil","PCRN","","Delegado","FGV","2019","","","local-only","36dbd5299eaacc939e1582072b63dfcb9dc3ef369effc97549ad5f0689c652a3","697279","alta","pedagogical-content; prova PDF; sigla/cargo policial civil; sem disciplina confiável"
"material-provas/fgv/provas PM/pcrn-delegado-de-policia-civil-substituto-deleg-01-tipo-2.pdf","pedagogical-content","prova PDF","true","leitura parcial","Polícia Civil","PCRN","","Delegado","FGV","1988","","","local-only","c292ddbbcff82e99f2e89df3f30da7e419b8a80f44ba0642bbd03235efffd9f0","698021","alta","pedagogical-content; prova PDF; sigla/cargo policial civil; sem disciplina confiável"
"material-provas/fgv/provas PM/pcrn-delegado-de-policia-civil-substituto-deleg-01-tipo-3.pdf","pedagogical-content","prova PDF","true","leitura parcial","Polícia Civil","PCRN","","Delegado","FGV","2020","","","local-only","dc18c7fb60b84c39cd8e47d19b233be760a27a076032d83a797aa3a3cecf3c1c","704878","alta","pedagogical-content; prova PDF; sigla/cargo policial civil; sem disciplina confiável"
"material-provas/fgv/provas PM/pcrn-delegado-de-policia-civil-substituto-deleg-01-tipo-4 (1).pdf","pedagogical-content","prova PDF","true","leitura parcial","Polícia Civil","PCRN","","Delegado","FGV","2020","","","local-only","e891aafacb565c58ba93d3f1d81623cfefffd6633cd7fb403f1b08a21f84a10d","698141","alta","pedagogical-content; prova PDF; sigla/cargo policial civil; sem disciplina confiável"
"material-provas/fgv/provas PM/pcrn-delegado-de-policia-civil-substituto-deleg-01-tipo-4.pdf","pedagogical-content","prova PDF","true","leitura parcial","Polícia Civil","PCRN","","Delegado","FGV","2020","","","local-only","e891aafacb565c58ba93d3f1d81623cfefffd6633cd7fb403f1b08a21f84a10d","698141","alta","pedagogical-content; prova PDF; sigla/cargo policial civil; sem disciplina confiável"
"material-provas/fgv/provas PM/pcrn-delegado-de-policia-civil-substituto-deleg-02-tipo-1-discursiva.pdf","pedagogical-content","prova PDF","true","leitura parcial","Polícia Civil","PCRN","","Delegado","FGV","2021","Redação","","local-only","a5ed03b88f5110578ba2e91f2fc4da2b7df31d4fdc1c82ecc7811320c5f9c51d","317347","alta","pedagogical-content; prova PDF; sigla/cargo policial civil; diretório/estrutura"
"material-provas/fgv/provas PM/pcrn_gabarito_definitivo.pdf","pedagogical-content","gabarito/padrão de resposta","true","leitura parcial","Polícia Civil","PCRN","","","FGV","2021","","","local-only","c80dcd8fd2d207e556ef1c0cd9ea8ac0ddb644b0f8f68d49ae73a36a38424f2e","668502","alta","pedagogical-content; gabarito/padrão de resposta; sigla/cargo policial civil; sem disciplina confiável"
"material-provas/fgv/provas PM/pcscdelegado2024_gabarito_definitivo_20240220.pdf","pedagogical-content","gabarito/padrão de resposta","true","leitura parcial","Polícia Civil","PCSC","PM pcscdelegado2024","Delegado","FGV","2023","","","local-only","f634b847fa4c0b754c2d4259fc19fa9b03a465594c23274282c07a0f58073d5c","561780","alta","pedagogical-content; gabarito/padrão de resposta; sigla/cargo policial civil; sem disciplina confiável"
"material-provas/fgv/provas PM/pm-sargentocnm001-tipo-1.pdf","pedagogical-content","prova PDF","true","leitura parcial","Polícia Militar","","","Sargento","FGV","2025","","","local-only","a986cb4bccf95a49d9a53611f4706adbd0502681763c7c5891b2396b161e82d9","475149","alta","pedagogical-content; prova PDF; sigla/instituição PM; sem disciplina confiável"
"material-provas/fgv/provas PM/pm-sargentocnm001-tipo-2.pdf","pedagogical-content","prova PDF","true","leitura parcial","Polícia Militar","","","Sargento","FGV","2025","","","local-only","27bcd3e8eaf206b17cc4424cf201fbb033a316993762b13fd2243cced3d0586f","474512","alta","pedagogical-content; prova PDF; sigla/instituição PM; sem disciplina confiável"
"material-provas/fgv/provas PM/pm-sargentocnm001-tipo-3.pdf","pedagogical-content","prova PDF","true","leitura parcial","Polícia Militar","","","Sargento","FGV","2025","","","local-only","96da808dd1cc67d07efd4282f6f560505fed3e13ad620ca01b9635df56d3bd8d","474842","alta","pedagogical-content; prova PDF; sigla/instituição PM; sem disciplina confiável"
"material-provas/fgv/provas PM/pm-sargentocnm001-tipo-4.pdf","pedagogical-content","prova PDF","true","leitura parcial","Polícia Militar","","","Sargento","FGV","2025","","","local-only","bfd6fc5cde6900f99a4101bcef75ac5cdb47447ed99032821bc63ec5fb7fa0c5","475237","alta","pedagogical-content; prova PDF; sigla/instituição PM; sem disciplina confiável"
"material-provas/fgv/provas PM/pmac2023-gabaritos-definitivo-final-para-publicacao-1.pdf","pedagogical-content","gabarito/padrão de resposta","true","leitura parcial","","","PM pmac2023","","FGV","2023","","","local-only","5b54545bde9c3a3bd09c91cea70e0ae29df3c421a167bcfc3a27b3d1d2c327c6","457097","alta","pedagogical-content; gabarito/padrão de resposta; sem evidência confiável; sem disciplina confiável"
"material-provas/fgv/provas PM/pmam2021_gabarito_definitivo_retificado_26.04.2022.pdf","pedagogical-content","gabarito/padrão de resposta","true","leitura parcial","","","PM pmam2021","","FGV","2022","","","local-only","5db6fab43d026a564df77f5fdc339655c52416af4d72702c7e47092d68eeca48","381032","alta","pedagogical-content; gabarito/padrão de resposta; sem evidência confiável; sem disciplina confiável"
"material-provas/fgv/provas PM/pmce2021_gabarito_definitivo.pdf","pedagogical-content","gabarito/padrão de resposta","true","leitura parcial","","","PM pmce2021","","FGV","2021","","","local-only","324b41b889d366d47287251641ea86cfe94584f2a450a11031f4d71599494c67","176652","alta","pedagogical-content; gabarito/padrão de resposta; sem evidência confiável; sem disciplina confiável"
"material-provas/fgv/provas PM/pmce2021_soldado_da_pm-ce_pmce01_tipo_1.pdf","pedagogical-content","prova PDF","true","leitura parcial","Polícia Militar","PMCE","PM pmce2021","Soldado","FGV","2021","","","local-only","86e9d52e497d924a46c26987c3a8bb37c96703b0950eb5dde7c0d7179c2a72f6","411682","alta","pedagogical-content; prova PDF; sigla/instituição PM; sem disciplina confiável"
"material-provas/fgv/provas PM/pmce2021_soldado_da_pm-ce_pmce01_tipo_2.pdf","pedagogical-content","prova PDF","true","leitura parcial","Polícia Militar","PMCE","PM pmce2021","Soldado","FGV","2021","","","local-only","566b69297028b525f7788c91d86f25e1f994d42c94ef417d24f5922337c951c5","411639","alta","pedagogical-content; prova PDF; sigla/instituição PM; sem disciplina confiável"
"material-provas/fgv/provas PM/pmce2021_soldado_da_pm-ce_pmce01_tipo_3.pdf","pedagogical-content","prova PDF","true","leitura parcial","Polícia Militar","PMCE","PM pmce2021","Soldado","FGV","2021","","","local-only","244e6a30b5835e79413c0f6f7625e103ccbbc37c9f942e323c9308797a004c24","411424","alta","pedagogical-content; prova PDF; sigla/instituição PM; sem disciplina confiável"
"material-provas/fgv/provas PM/pmce2021_soldado_da_pm-ce_pmce01_tipo_4.pdf","pedagogical-content","prova PDF","true","leitura parcial","Polícia Militar","PMCE","PM pmce2021","Soldado","FGV","2021","","","local-only","adad017701a07b004891781550b0ff2a2cd248d1eb5adf601770d8cc82906426","411205","alta","pedagogical-content; prova PDF; sigla/instituição PM; sem disciplina confiável"
"material-provas/fgv/provas PM/pmerj-cfo-prova-discursiva.pdf","pedagogical-content","prova PDF","true","leitura parcial","Polícia Militar","PMERJ","","Oficial","FGV","1988","Redação","","local-only","4a11d49045304892536e8ba73552745c1efbd061c3af4255fd9660513c9bef80","309542","alta","pedagogical-content; prova PDF; sigla/instituição PM; diretório/estrutura"
"material-provas/fgv/provas PM/pmerj-gabarito-definitivo-para-publicacao-oficial-da-pm.pdf","pedagogical-content","gabarito/padrão de resposta","true","leitura parcial","Polícia Militar","PMERJ","","Oficial","FGV","","","","local-only","7d695a5b79f05b51a64e884ee48e380ac94fa4af7bd97dbabab6cb9f30431cb6","195064","alta","pedagogical-content; gabarito/padrão de resposta; sigla/instituição PM; sem disciplina confiável"
"material-provas/fgv/provas PM/pmerj-gabarito-definitivo.pdf","pedagogical-content","gabarito/padrão de resposta","true","leitura parcial","Polícia Militar","PMERJ","","","FGV","2024","","","local-only","154d08acaccc1d8d20ed6637c4dd0346726d6144e34a0cf1ed81c6be2fe1b606","144592","alta","pedagogical-content; gabarito/padrão de resposta; sigla/instituição PM; sem disciplina confiável"
"material-provas/fgv/provas PM/pmerj2021-curso-de-formacao-de-oficiais-da-pmerj-pmcfo01-tipo-1.pdf","pedagogical-content","prova PDF","true","leitura parcial","Polícia Militar","PMERJ","PM pmerj2021","Oficial","FGV","2021","","","local-only","6624711931f560e6535ee562bb46b766f83023bcf6dc637ea4de422c28e8b461","517987","alta","pedagogical-content; prova PDF; sigla/instituição PM; sem disciplina confiável"
"material-provas/fgv/provas PM/pmerj2021-curso-de-formacao-de-oficiais-da-pmerj-pmcfo01-tipo-2.pdf","pedagogical-content","prova PDF","true","leitura parcial","Polícia Militar","PMERJ","PM pmerj2021","Oficial","FGV","2021","","","local-only","6e28637eb5c581d849d95a83f196f45379ece6dd846be7b680b2c9a69b1ef922","515986","alta","pedagogical-content; prova PDF; sigla/instituição PM; sem disciplina confiável"
"material-provas/fgv/provas PM/pmerj2021-curso-de-formacao-de-oficiais-da-pmerj-pmcfo01-tipo-3.pdf","pedagogical-content","prova PDF","true","leitura parcial","Polícia Militar","PMERJ","PM pmerj2021","Oficial","FGV","2021","","","local-only","337be455df243f04f7199a9feddd444f9b589614d436fbdb3f7510f2937f244e","517503","alta","pedagogical-content; prova PDF; sigla/instituição PM; sem disciplina confiável"
"material-provas/fgv/provas PM/pmerj2021-curso-de-formacao-de-oficiais-da-pmerj-pmcfo01-tipo-4.pdf","pedagogical-content","prova PDF","true","leitura parcial","Polícia Militar","PMERJ","PM pmerj2021","Oficial","FGV","2021","","","local-only","598aefc0a205e8554aaff76676301349d3445a3de5727f72d2f17596b961f570","517658","alta","pedagogical-content; prova PDF; sigla/instituição PM; sem disciplina confiável"
"material-provas/fgv/provas PM/pmerj2021_gabarito_definitivo.pdf","pedagogical-content","gabarito/padrão de resposta","true","leitura parcial","","","PM pmerj2021","","FGV","2021","","","local-only","b8881ed36217537a7b191ab7c44c38239a5f8b19155a9ec86c7eac1173d482d1","89219","alta","pedagogical-content; gabarito/padrão de resposta; sem evidência confiável; sem disciplina confiável"
"material-provas/fgv/provas PM/pmesp-sargento-2024-gabaritos-para-publicacao.pdf","pedagogical-content","gabarito/padrão de resposta","true","leitura parcial","Polícia Militar","","PM pmesp-sargento-2024","Sargento","FGV","2024","","","local-only","ad5d8169257dbe0591a77807a26ab1df827215c10f0be1b8a6cc6cc40ddd3b2b","182714","alta","pedagogical-content; gabarito/padrão de resposta; sigla/instituição PM; sem disciplina confiável"
"material-provas/fgv/provas PM/pmesp2022_gabarito_definitivo.pdf","pedagogical-content","gabarito/padrão de resposta","true","leitura parcial","","","PM pmesp2022","","FGV","2022","","","local-only","5e1409c1cb96b8fb8f352f17b6fa1b026bccfda87ac8d792b0ef22acf86a3d07","85908","alta","pedagogical-content; gabarito/padrão de resposta; sem evidência confiável; sem disciplina confiável"
"material-provas/fgv/provas PM/pmespcabo2022_gabarito_definitivo.pdf","pedagogical-content","gabarito/padrão de resposta","true","leitura parcial","","","PM pmespcabo2022","Cabo","FGV","2022","","","local-only","7f4018b13c6cae19b43f9a9eba9ae913220d6bc4e03996acc1bf824111596a9b","119920","alta","pedagogical-content; gabarito/padrão de resposta; sem evidência confiável; sem disciplina confiável"
"material-provas/fgv/provas PM/pmpb2021_gabarito_definitivo.pdf","pedagogical-content","gabarito/padrão de resposta","true","leitura parcial","","","PM pmpb2021","","FGV","2021","","","local-only","cae01f890a89717a27625f4cb52241863bad7dfe7e40dbb911c19e7d88bb3c49","104692","alta","pedagogical-content; gabarito/padrão de resposta; sem evidência confiável; sem disciplina confiável"
"material-provas/fgv/provas PM/soldado-policial-militar-classe-cpm-sel-tipo-1.pdf","pedagogical-content","prova PDF","true","leitura parcial","","","","Soldado","FGV","2004","Direito Penal Militar","","local-only","2dce8e57bc55c4980e05468162572812174925c611f4d5628215dfafead76153","1025773","alta","pedagogical-content; prova PDF; sem evidência confiável; diretório/estrutura"
"material-provas/fgv/provas PM/soldado-policial-militar-classe-cpm-sel-tipo-1_0.pdf","pedagogical-content","prova PDF","true","leitura parcial","","","","Soldado","FGV","","Direito Penal Militar","","local-only","aec274acb69c97c3e9a8608188b808056f2a8fc1f953d07239a7482682b6cd27","250307","alta","pedagogical-content; prova PDF; sem evidência confiável; diretório/estrutura"
"material-provas/fgv/provas PM/soldado-policial-militar-classe-cpm-sel-tipo-2.pdf","pedagogical-content","prova PDF","true","leitura parcial","","","","Soldado","FGV","2014","Direito Penal Militar","","local-only","996f717f24682fa6548036c9e18896a8c8b62873add89332b90f7ffdfee96b28","1025352","alta","pedagogical-content; prova PDF; sem evidência confiável; diretório/estrutura"
"material-provas/fgv/provas PM/soldado-policial-militar-classe-cpm-sel-tipo-3.pdf","pedagogical-content","prova PDF","true","leitura parcial","","","","Soldado","FGV","2017","Direito Penal Militar","","local-only","d979661f32df712ebb5b2ea993ee954c5321c0cc104931e7626aa2d4f6222f1b","1025439","alta","pedagogical-content; prova PDF; sem evidência confiável; diretório/estrutura"
"material-provas/fgv/provas PM/soldado-policial-militar-classe-cpm-sel-tipo-4.pdf","pedagogical-content","prova PDF","true","leitura parcial","","","","Soldado","FGV","1988","Direito Penal Militar","","local-only","2b36b011584fa1758421976641a1363df9b6dfeed87f4fe233e6454afbf3bd4d","1026938","alta","pedagogical-content; prova PDF; sem evidência confiável; diretório/estrutura"
"material-provas/fgv/provas PM/soldado_pm_de_2a_classe_do_quadro_de_pracas_de_policia_militar_qppmcnm001_tipo_1.pdf","pedagogical-content","prova PDF","true","leitura parcial","Polícia Militar","","","Soldado","FGV","2017","","","local-only","d2b4a9e4859920025e1dc024a83a126b1a0781a0620dfde15797c99ea2da5525","1780964","alta","pedagogical-content; prova PDF; sigla/instituição PM; sem disciplina confiável"
"material-provas/fgv/provas PM/soldado_pm_de_2a_classe_do_quadro_de_pracas_de_policia_militar_qppmcnm001_tipo_2.pdf","pedagogical-content","prova PDF","true","leitura parcial","Polícia Militar","","","Soldado","FGV","2017","","","local-only","828ff0a4d0acf383fd4d92983f99a3b08d09bbfc152517d51c2a2ce94bb201e6","1780170","alta","pedagogical-content; prova PDF; sigla/instituição PM; sem disciplina confiável"
"material-provas/fgv/provas PM/soldado_pm_de_2a_classe_do_quadro_de_pracas_de_policia_militar_qppmcnm001_tipo_3.pdf","pedagogical-content","prova PDF","true","leitura parcial","Polícia Militar","","","Soldado","FGV","2017","","","local-only","dffe077befb1efbdebe43a9647515d1876fdcb1a8949572e52ba92fadb3d59c2","1788469","alta","pedagogical-content; prova PDF; sigla/instituição PM; sem disciplina confiável"
"material-provas/fgv/provas PM/soldado_pm_de_2a_classe_do_quadro_de_pracas_de_policia_militar_qppmcnm001_tipo_4.pdf","pedagogical-content","prova PDF","true","leitura parcial","Polícia Militar","","","Soldado","FGV","2017","","","local-only","93c9fffb6fd830d21011fc6c72c39742c0b226168173a0f1c415deb1014c362b","1780882","alta","pedagogical-content; prova PDF; sigla/instituição PM; sem disciplina confiável"
"flashcards-apkg/amostra-combo-pf-prf.apkg","pedagogical-content","deck Anki","true","leitura bem-sucedida","PRF","PRF","","","","","","","local-only","2fc534aa197afea6486f449ca34bd76b5818c228847f840556cbe3c2afec4991","6085085","alta","pedagogical-content; deck Anki; sigla PRF; sem disciplina confiável"
"flashcards-apkg/amostra-detran-df.apkg","pedagogical-content","deck Anki","true","leitura bem-sucedida","DETRAN","DETRAN","","","","","","","local-only","62151e936a7624d2426396b49fcb911cbadfa40d9fa9e10dd4f0a3154bddc386","3285016","alta","pedagogical-content; deck Anki; sigla DETRAN; sem disciplina confiável"
"flashcards-apkg/amostra-gmf.apkg","pedagogical-content","deck Anki","true","leitura bem-sucedida","Guarda Municipal","","","","","","","","local-only","072f0c8c412cbc1d3ac140f1d43500fd3dab80ff1c28ddfd1117083f089c4221","4420508","alta","pedagogical-content; deck Anki; nome/sigla GM; sem disciplina confiável"
"flashcards-apkg/amostra-pcal.apkg","pedagogical-content","deck Anki","true","leitura bem-sucedida","","","","","","","","","local-only","96d851c67cf7d3033b56d833b95d939d901e9d50ff2cc14997483d57dfa53186","4377883","alta","pedagogical-content; deck Anki; sem evidência confiável; sem disciplina confiável"
"flashcards-apkg/amostra-pcba.apkg","pedagogical-content","deck Anki","true","leitura bem-sucedida","","","","","","","","","local-only","86c0730bc8722148275461cfc2d40efe6c862cce4b26e5dc89aea9415822d30d","3199562","alta","pedagogical-content; deck Anki; sem evidência confiável; sem disciplina confiável"
"flashcards-apkg/amostra-pcce.apkg","pedagogical-content","deck Anki","true","leitura bem-sucedida","","","","","","","","","local-only","62ce8b2a3277a48763212294799c0a9fa2c5305d588f3a7abbb6af4e01a78019","3654977","alta","pedagogical-content; deck Anki; sem evidência confiável; sem disciplina confiável"
"flashcards-apkg/amostra-pcdf-agente-custodia.apkg","pedagogical-content","deck Anki","true","leitura bem-sucedida","Polícia Civil","PCDF","","Agente","","","","","local-only","8f5b3cf9e1bdf5e7df2750af025a28a3481c563848831d06d0a3820182634c97","2565431","alta","pedagogical-content; deck Anki; sigla/cargo policial civil; sem disciplina confiável"
"flashcards-apkg/amostra-pcgo.apkg","pedagogical-content","deck Anki","true","leitura bem-sucedida","","","","","","","","","local-only","dfd1d0a6ff31b0d5bf01a3eee721d270a8a5ec3ab6b9a5c71a7a54895046e426","3458653","alta","pedagogical-content; deck Anki; sem evidência confiável; sem disciplina confiável"
"flashcards-apkg/amostra-pcmg.apkg","pedagogical-content","deck Anki","true","leitura bem-sucedida","","","","","","","","","local-only","9d28224d721ca9c4325ef667f1c14bf0d1c4fc71bf155fc7dd27d07473767dc4","3180393","alta","pedagogical-content; deck Anki; sem evidência confiável; sem disciplina confiável"
"flashcards-apkg/amostra-pcpi.apkg","pedagogical-content","deck Anki","true","leitura bem-sucedida","","","","","","","","","local-only","d7eb234d033c6663fd0b87182856a7b281d83a28efbc2382753aaf49c54bbd99","3449339","alta","pedagogical-content; deck Anki; sem evidência confiável; sem disciplina confiável"
"flashcards-apkg/amostra-pcsp.apkg","pedagogical-content","deck Anki","true","leitura bem-sucedida","","","","","","","","","local-only","07952c40675f8f07009ea33ec54dfdb88dabadcb33e2b40dfc42ca54441cd74c","2534715","alta","pedagogical-content; deck Anki; sem evidência confiável; sem disciplina confiável"
"flashcards-apkg/amostra-pf.apkg","pedagogical-content","deck Anki","true","leitura bem-sucedida","","","","","","","","","local-only","058916dcd5b1bd37f2be97f3187033985ae8e9fc7ac4ecb3702e9edb1bf976d9","4768746","alta","pedagogical-content; deck Anki; sem evidência confiável; sem disciplina confiável"
"flashcards-apkg/amostra-pmal.apkg","pedagogical-content","deck Anki","true","leitura bem-sucedida","","","","","","","","","local-only","68037039e4581da68bc5a54639d6506ff235176c7574d08543282a23b60452b8","3219299","alta","pedagogical-content; deck Anki; sem evidência confiável; sem disciplina confiável"
"flashcards-apkg/amostra-pmba.apkg","pedagogical-content","deck Anki","true","leitura bem-sucedida","","","","","","","","","local-only","2207967aa50b59a290bd4849282b440d82b3bb7d2d036cc15bfd44f330da0ea1","1803763","alta","pedagogical-content; deck Anki; sem evidência confiável; sem disciplina confiável"
"flashcards-apkg/amostra-pmce.apkg","pedagogical-content","deck Anki","true","leitura bem-sucedida","","","","","","","","","local-only","c92683231221bc196a98297e764c225516797315c5919e27aa1af4730e895f07","1719670","alta","pedagogical-content; deck Anki; sem evidência confiável; sem disciplina confiável"
"flashcards-apkg/amostra-pmdf.apkg","pedagogical-content","deck Anki","true","leitura bem-sucedida","","","","","","","","","local-only","2455aa58df6ace92829ab729d00c4345900cfb8d63dad38aa1671d4fff4cdf62","2994459","alta","pedagogical-content; deck Anki; sem evidência confiável; sem disciplina confiável"
"flashcards-apkg/amostra-pmerj.apkg","pedagogical-content","deck Anki","true","leitura bem-sucedida","","","","","","","","","local-only","65f1c48a3561cb4b2bb8b1bc6a443122103cb59d3e15c5adaa9009c6e39b285a","2756383","alta","pedagogical-content; deck Anki; sem evidência confiável; sem disciplina confiável"
"flashcards-apkg/amostra-pmes.apkg","pedagogical-content","deck Anki","true","leitura bem-sucedida","","","","","","","","","local-only","75df73cf3891bc6eb29dd025bdc91bd94c51893c169d22eedacfe7e2db7d53c1","1247878","alta","pedagogical-content; deck Anki; sem evidência confiável; sem disciplina confiável"
"flashcards-apkg/amostra-pmmg-cfo.apkg","pedagogical-content","deck Anki","true","leitura bem-sucedida","Polícia Militar","PMMG","","Oficial","","","","","local-only","379bd3bc6e41a054089bacf8fd98f339458613c6b8150cc58fe66930c41e8749","5749846","alta","pedagogical-content; deck Anki; sigla/instituição PM; sem disciplina confiável"
"flashcards-apkg/amostra-pmmg.apkg","pedagogical-content","deck Anki","true","leitura bem-sucedida","","","","","","","","","local-only","e9d5a4e4add55d97fee8dda94bfe5dedbf660c58665b7886f80e7974fea59cc4","1297526","alta","pedagogical-content; deck Anki; sem evidência confiável; sem disciplina confiável"
"flashcards-apkg/amostra-pmpe.apkg","pedagogical-content","deck Anki","true","leitura bem-sucedida","","","","","","","","","local-only","f83a403f413e758aec089346c18290278277780d965d8c32c8c7e086657cd939","1225972","alta","pedagogical-content; deck Anki; sem evidência confiável; sem disciplina confiável"
"flashcards-apkg/amostra-pmrn.apkg","pedagogical-content","deck Anki","true","leitura bem-sucedida","","","","","","","","","local-only","ce02b90c3fa39f49644132ee438949fa08a87ed197d0a89a902cedd71a1c470f","2324927","alta","pedagogical-content; deck Anki; sem evidência confiável; sem disciplina confiável"
"flashcards-apkg/amostra-ppba.apkg","pedagogical-content","deck Anki","true","leitura bem-sucedida","","","","","","","","","local-only","6806892f5604bada8ed0773b7359a1e14fd65665e8120a285d232fb0fafc7761","3426177","alta","pedagogical-content; deck Anki; sem evidência confiável; sem disciplina confiável"
"flashcards-apkg/amostra-ppce.apkg","pedagogical-content","deck Anki","true","leitura bem-sucedida","","","","","","","","","local-only","24411ced65bafe4d3c42ada1b33c9cc19c79c8317973055f7c652f4857c6295f","3834702","alta","pedagogical-content; deck Anki; sem evidência confiável; sem disciplina confiável"
"flashcards-apkg/amostra-ppgo.apkg","pedagogical-content","deck Anki","true","leitura bem-sucedida","","","","","","","","","local-only","db714e6cc31af68a5178c96d9d2b703c1b1e28b3b9857f5fb503d1bc4b52ae92","2681183","alta","pedagogical-content; deck Anki; sem evidência confiável; sem disciplina confiável"
"flashcards-apkg/amostra-ppmg.apkg","pedagogical-content","deck Anki","true","leitura bem-sucedida","","","","","","","","","local-only","1319485afda3df2a411fb725e425de467cb0ceab951a46373e174bca8e1c3b66","2360212","alta","pedagogical-content; deck Anki; sem evidência confiável; sem disciplina confiável"
"flashcards-apkg/amostra-pppi.apkg","pedagogical-content","deck Anki","true","leitura bem-sucedida","","","","","","","","","local-only","61ab88df91e36f273ef9ff650a2ae8e79b4f8ace6f145e48f5a18dafb34453e6","4373509","alta","pedagogical-content; deck Anki; sem evidência confiável; sem disciplina confiável"
"flashcards-apkg/amostra-prf.apkg","pedagogical-content","deck Anki","true","leitura bem-sucedida","PRF","PRF","","","","","","","local-only","499f7606754d36ee854b5d01088f203b41bbac39bc92869fab4e6f7a9c238db2","3173961","alta","pedagogical-content; deck Anki; sigla PRF; sem disciplina confiável"