"path","fileClass","contentType","isPedagogicalContent","extractionStatus","objectiveCanonical","institution","contestCanonical","position","banca","year","disciplineCanonical","subjectCanonical","interfaceConnection","hash","size","classificationConfidence","classificationEvidence"
"src/admin/AdminLayout.jsx","source-code","arquivo técnico","false","leitura bem-sucedida","","","","","","","","","unknown","83d279e34df00b2738fc9f676b0e9e7ba3112de29431b18b4ee332c3ec9a7e0a","20565","média","source-code; arquivo técnico; sem evidência confiável; sem disciplina confiável"
"src/admin/index.js","source-code","arquivo técnico","false","leitura bem-sucedida","","","","","","","","","unknown","f6cb2168941cad2ecc37d17d17a3126ef14a562e0731013677488d9adb15d0fe","45","média","source-code; arquivo técnico; sem evidência confiável; sem disciplina confiável"
"src/ai/AIChat.jsx","source-code","arquivo técnico","false","leitura bem-sucedida","","","","","","","","","unknown","1d7c51b6283657507b56ee3429c43597467db598f50fc62bc015559592f4d53f","10382","média","source-code; arquivo técnico; sem evidência confiável; sem disciplina confiável"
"src/ai/index.js","source-code","arquivo técnico","false","leitura bem-sucedida","","","","","","","","","unknown","cb248f0ab3b660d9fe52574d162227350539ba8eb7c1e3ec85bf4c505fab691f","44","média","source-code; arquivo técnico; sem evidência confiável; sem disciplina confiável"
"src/ai/tutorPrompt.js","source-code","arquivo técnico","false","leitura bem-sucedida","","","","","","","","","unknown","a00116b79ce0dff1b7d5e7bcf246b4c505426bbc3ee7f18456ca5b009629a09a","16461","média","source-code; arquivo técnico; sem evidência confiável; sem disciplina confiável"
"src/App.css","source-code","arquivo técnico","false","leitura bem-sucedida","","","","","","","","","unknown","6e25a776d3e8102da5bacb3cb99f4a5fc662a2e01e6143140671a556d28c3d5c","2891","média","source-code; arquivo técnico; sem evidência confiável; sem disciplina confiável"
"src/App.jsx","source-code","arquivo técnico","false","leitura bem-sucedida","","","","","","","","","unknown","7ba08d84f20fe14204595efcc0922126e9d962a036837f2878abc3f73806cc8e","2806","média","source-code; arquivo técnico; sem evidência confiável; sem disciplina confiável"
"src/assets/hero.png","visual-asset","asset visual","false","somente inventariado","","","","","","","","","unknown","881ffbcaafc212e49addad08846a5b82761355fa20624253af3477ba33262c5c","13057","média","visual-asset; asset visual; sem evidência confiável; sem disciplina confiável"
"src/assets/react.svg","visual-asset","asset visual","false","leitura bem-sucedida","","","","","","2000","","","unknown","35ef61ed53b323ae94a16a8ec659b3d0af3880698791133f23b084085ab1c2e5","4126","média","visual-asset; asset visual; sem evidência confiável; sem disciplina confiável"
"src/assets/vite.svg","visual-asset","asset visual","false","leitura bem-sucedida","","","","","","2000","","","unknown","5be21acd42eb7b896e517f4e0f0f11eb5c5d9e54fbbcebe9453f033008fcca6f","8709","média","visual-asset; asset visual; sem evidência confiável; sem disciplina confiável"
"src/charts/AppCharts.jsx","source-code","arquivo técnico","false","leitura bem-sucedida","","","","","","","","","unknown","ae3ce27b21423993ca71156e81b40a5321c3fa336aba2c2be3eb9c39eca53522","5028","média","source-code; arquivo técnico; sem evidência confiável; sem disciplina confiável"
"src/charts/index.js","source-code","arquivo técnico","false","leitura bem-sucedida","","","","","","","","","unknown","5a5162db5c8df38d18b111520a226a5c1c54436556ffc0386c136077963625bc","152","média","source-code; arquivo técnico; sem evidência confiável; sem disciplina confiável"
"src/components/animata/container/AnnouncementRibbon.jsx","source-code","arquivo técnico","false","leitura bem-sucedida","","","","","","","","","unknown","ee38551ff22d24d62f35169a92e64eab99e37468be761ce12a482e1026e6636a","1588","média","source-code; arquivo técnico; sem evidência confiável; sem disciplina confiável"
"src/components/animata/container/Marquee.jsx","source-code","arquivo técnico","false","leitura bem-sucedida","","","","","","","","","unknown","72e80eea1029d9788eb4015b672a6600027e8ed9218d8d4eddfaa2b8465526aa","775","média","source-code; arquivo técnico; sem evidência confiável; sem disciplina confiável"
"src/components/animata/text/AnimatedGradientText.jsx","source-code","arquivo técnico","false","leitura bem-sucedida","","","","","","","","","unknown","6707d8013142cc8534f6cb21e4cb32c870a0c3483d67e09aadfc48e430d6a45f","208","média","source-code; arquivo técnico; sem evidência confiável; sem disciplina confiável"
"src/components/animata/text/Counter.jsx","source-code","arquivo técnico","false","leitura bem-sucedida","","","","","","","","","unknown","cff514744208dbe31ad28ab9997a8ea5cb5b0e20c9eec7fba64c319bedc06e05","1538","média","source-code; arquivo técnico; sem evidência confiável; sem disciplina confiável"
"src/components/AppUI.jsx","source-code","arquivo técnico","false","leitura bem-sucedida","","","","","","","","","unknown","c4c671c8d87eb396a41f0ac11e70c0461409171211eca35d7cab1dd7da3a6333","13294","média","source-code; arquivo técnico; sem evidência confiável; sem disciplina confiável"
"src/components/AprovaLoading.jsx","source-code","arquivo técnico","false","leitura bem-sucedida","","","","","","","","","unknown","51e48754a92a57753932bc1d2c97c1384b58b7ddaeb98678b1a9423af93f2797","2768","média","source-code; arquivo técnico; sem evidência confiável; sem disciplina confiável"
"src/components/auth/AuthLayout.jsx","source-code","arquivo técnico","false","leitura bem-sucedida","","","","","","","","","unknown","88ace1ba808d484da3d592d6a56e5a6a877b6777b716c5d2e913f6c7819c59a4","1602","média","source-code; arquivo técnico; sem evidência confiável; sem disciplina confiável"
"src/components/auth/ForgotPasswordForm.jsx","source-code","arquivo técnico","false","leitura bem-sucedida","","","","","","","Informática","","unknown","c11d3b803b46f8da2893b5d506fd5294f2ecbaa7650499ddcb2799903efad7f6","3510","média","source-code; arquivo técnico; sem evidência confiável; diretório/estrutura"
"src/components/auth/LoginForm.jsx","source-code","arquivo técnico","false","leitura bem-sucedida","","","","","","","","","unknown","db3c0eab066437f6c72fe88c9ec589dbe17e9f7449ff562dbd0ab5b48d6c8597","4387","média","source-code; arquivo técnico; sem evidência confiável; sem disciplina confiável"
"src/components/auth/RegisterForm.jsx","source-code","arquivo técnico","false","leitura bem-sucedida","","","","","","","","","unknown","0d87fa306095550818065b97c44650b75afd2ddd7a8271b347409bcce801e879","6503","média","source-code; arquivo técnico; sem evidência confiável; sem disciplina confiável"
"src/components/AuthLayout.jsx","source-code","arquivo técnico","false","leitura bem-sucedida","","","","","","","","","unknown","b16bf66af65f3ed784aba69975cfc13fda0346cf40ba34a9a834041eb95b4b64","3606","média","source-code; arquivo técnico; sem evidência confiável; sem disciplina confiável"
"src/components/BrandLogo.jsx","source-code","arquivo técnico","false","leitura bem-sucedida","","","","","","","","","unknown","6823f9de5a40a5c34d14935d7ad2c3a8d8e4f01d1941cf307ad646365a99387f","1242","média","source-code; arquivo técnico; sem evidência confiável; sem disciplina confiável"
"src/components/DashboardPreview.jsx","source-code","arquivo técnico","false","leitura bem-sucedida","","","","","","","","","unknown","6cad408dfb0b8d1d6c427c630889b8b75702d66293a1a1f4538c2ee0cc5e0b43","3957","média","source-code; arquivo técnico; sem evidência confiável; sem disciplina confiável"
"src/components/FAQ.jsx","source-code","arquivo técnico","false","leitura bem-sucedida","","","","","","","","","unknown","d1f8f27ba26c136b212fa2749ec4fe192afaa290084f6fc4f88e1b01b6356e89","2425","média","source-code; arquivo técnico; sem evidência confiável; sem disciplina confiável"
"src/components/Features.jsx","source-code","arquivo técnico","false","leitura bem-sucedida","","","","","","","","","unknown","1c504201a08467c89de23ba05ff92a88f66f8449e24030a81f699a126d5c2831","4380","média","source-code; arquivo técnico; sem evidência confiável; sem disciplina confiável"
"src/components/Footer.jsx","source-code","arquivo técnico","false","leitura bem-sucedida","","","","","","2026","","","unknown","a6ea81c5a47d4e96a6bb3e711a9045eae1d1548fd614d1c5418f3ca72f62838a","1950","média","source-code; arquivo técnico; sem evidência confiável; sem disciplina confiável"
"src/components/Hero.jsx","source-code","arquivo técnico","false","leitura bem-sucedida","","","","","","","","","unknown","5a65371d0cb46527424ae2217becefcfb908a5d434809f361dc10704eb940f67","5326","média","source-code; arquivo técnico; sem evidência confiável; sem disciplina confiável"
"src/components/HowItWorks.jsx","source-code","arquivo técnico","false","leitura bem-sucedida","","","","","","","","","unknown","415f73f0e290ddac8140b6b5516d8f555fe6bcb3f683199cb7e9089b4a50e01b","2253","média","source-code; arquivo técnico; sem evidência confiável; sem disciplina confiável"
"src/components/HtmlFrameViewer.jsx","source-code","arquivo técnico","false","leitura bem-sucedida","","","","","","","","","unknown","09f7c42e59630e0fe06b472826dc2e3c8d43eb85b9b943907733ceb465b81d0b","3152","média","source-code; arquivo técnico; sem evidência confiável; sem disciplina confiável"
"src/components/index.js","source-code","arquivo técnico","false","leitura bem-sucedida","","","","","","","","","unknown","ab2055301e1729210e43f25009fa3206b41efdac53c7266eb1a0b988192cde28","415","média","source-code; arquivo técnico; sem evidência confiável; sem disciplina confiável"
"src/components/Iridescence.css","source-code","arquivo técnico","false","leitura bem-sucedida","","","","","","","","","unknown","2d9f1505e948ca32e727d86b1cbd39eeeb0063e1d831fb14f1f023775f25e27c","142","média","source-code; arquivo técnico; sem evidência confiável; sem disciplina confiável"
"src/components/Iridescence.jsx","source-code","arquivo técnico","false","leitura bem-sucedida","","","","","","","","","unknown","53127afc9096119addee48c87b9964eda4d8e5437c53cf78d9078f08c883b485","3787","média","source-code; arquivo técnico; sem evidência confiável; sem disciplina confiável"
"src/components/kibo-ui/avatar-stack/index.jsx","source-code","arquivo técnico","false","leitura bem-sucedida","","","","","","","","","unknown","d437232e3b2e62a4d308373e4f83511ca569a08918edd4f5b28262444d9a9380","773","média","source-code; arquivo técnico; sem evidência confiável; sem disciplina confiável"
"src/components/landing/AiPreview.jsx","source-code","arquivo técnico","false","leitura bem-sucedida","","","","","","","","","unknown","bcd9c99f75402f1f6b18decd091141cdf2caea5cca006a91cef243d94cfb2467","3797","média","source-code; arquivo técnico; sem evidência confiável; sem disciplina confiável"
"src/components/landing/Carousel3DSection.jsx","source-code","arquivo técnico","false","leitura bem-sucedida","","","","","","","","","unknown","366b50abd6296461a991ffcfab9faa066e084770037b370189cd70d480625504","2498","média","source-code; arquivo técnico; sem evidência confiável; sem disciplina confiável"
"src/components/landing/DashboardPreview.jsx","source-code","arquivo técnico","false","leitura bem-sucedida","","","","","","2026","","","unknown","3c92dccc90bb9eef626bfc3895990129c41f0e51e2b2077ccb79407d939ae657","5628","média","source-code; arquivo técnico; sem evidência confiável; sem disciplina confiável"
"src/components/landing/FAQ.jsx","source-code","arquivo técnico","false","leitura bem-sucedida","","","","","","","","","unknown","800d4a072c379c96573f3cad0d9908da9749853b3a3a9fc90ff0694f7f7a2204","2050","média","source-code; arquivo técnico; sem evidência confiável; sem disciplina confiável"
"src/components/landing/FeaturesGrid.jsx","source-code","arquivo técnico","false","leitura bem-sucedida","","","","","","","","","unknown","d9036e2faac09ae921d69fbb43330900d97e8acc284805a828ed6e598631bab4","2275","média","source-code; arquivo técnico; sem evidência confiável; sem disciplina confiável"
"src/components/landing/FlashcardsFlipStack.jsx","source-code","arquivo técnico","false","leitura bem-sucedida","","","","","","","","","unknown","1a01ccc4d344572c55ab4f8f1420116d02b090b57d41b618e544fd62400dd575","5466","média","source-code; arquivo técnico; sem evidência confiável; sem disciplina confiável"
"src/components/landing/Footer.jsx","source-code","arquivo técnico","false","leitura bem-sucedida","","","","","","2026","","","unknown","b995030f0accfd62b62b71f76ac399f0f4699ccea1c33bdf85b820df0b387396","1187","média","source-code; arquivo técnico; sem evidência confiável; sem disciplina confiável"
"src/components/landing/Hero.jsx","source-code","arquivo técnico","false","leitura bem-sucedida","","","","","","","","","unknown","002043a579fc88ac4e8080f3c73381dd1ad1ccee9c323523c39e96a560b8118b","9826","média","source-code; arquivo técnico; sem evidência confiável; sem disciplina confiável"
"src/components/landing/HeroVideoSection.jsx","source-code","arquivo técnico","false","leitura bem-sucedida","","","","","","","","","unknown","44fbe1d6bbac2933349ef053f9d2750d46e46a95bd3aa7898259673584ada525","748","média","source-code; arquivo técnico; sem evidência confiável; sem disciplina confiável"
"src/components/landing/HowItWorks.jsx","source-code","arquivo técnico","false","leitura bem-sucedida","","","","","","","","","unknown","8d2387db57de16df439416b10333d5d248e206880ed816d340a0ef31ec2a190f","1666","média","source-code; arquivo técnico; sem evidência confiável; sem disciplina confiável"
"src/components/landing/Pricing.jsx","source-code","arquivo técnico","false","leitura bem-sucedida","","","","","","","","","unknown","5cd455b0399482f5fdc25b1bc034e8a054e6d58ea187f3c1d7da689305682065","3404","média","source-code; arquivo técnico; sem evidência confiável; sem disciplina confiável"
"src/components/landing/Stats.jsx","source-code","arquivo técnico","false","leitura bem-sucedida","","","","","","","","","unknown","a7ec4f2e336b44b0a9d035211b36421b43069a9618416dfedb8ba72c4e488967","1713","média","source-code; arquivo técnico; sem evidência confiável; sem disciplina confiável"
"src/components/landing/StudyNotifications.jsx","source-code","arquivo técnico","false","leitura bem-sucedida","","","","","","","","","unknown","9f05706daf39b24fabc1585e8cc2d73213dbac2fc93133906c8bc862c750db32","1522","média","source-code; arquivo técnico; sem evidência confiável; sem disciplina confiável"
"src/components/landing/Testimonials.jsx","source-code","arquivo técnico","false","leitura bem-sucedida","","","","","","2024","","","unknown","88a5f775a0f10ffe48e173a3109b68c95ee78fd5748b241a201793bbf31a34a0","4482","média","source-code; arquivo técnico; sem evidência confiável; sem disciplina confiável"
"src/components/landing/TrustSection.jsx","source-code","arquivo técnico","false","leitura bem-sucedida","Tribunais","","","","","","","","unknown","6743bf8f104a224f28273eb397d22ea9f6ec7c40f3532320e47564d15f46c16a","2081","média","source-code; arquivo técnico; termos de tribunais; sem disciplina confiável"
"src/components/Navbar.jsx","source-code","arquivo técnico","false","leitura bem-sucedida","","","","","","","","","unknown","7e3a16e6408fd1daf5dfaf9acfd2c0e2467b987cddb99d80ae2d9bb5a05231ca","2399","média","source-code; arquivo técnico; sem evidência confiável; sem disciplina confiável"
"src/components/payment/PaymentCheckout.jsx","source-code","arquivo técnico","false","leitura bem-sucedida","","","","","","","","","unknown","a73da6e466c96b6c6021d95dfc99c5e84ed69fd22c370657589dacf33fcbe447","12246","média","source-code; arquivo técnico; sem evidência confiável; sem disciplina confiável"
"src/components/PdfFrameViewer.jsx","source-code","arquivo técnico","false","leitura bem-sucedida","","","","","","","","","unknown","def8bd610f27f989d13b0435b72637c3ff5f72c9a5c3ba4c35e2940ddcf63986","2507","média","source-code; arquivo técnico; sem evidência confiável; sem disciplina confiável"
"src/components/Pricing.jsx","source-code","arquivo técnico","false","leitura bem-sucedida","","","","","","","","","unknown","af8519cc84d70ccda975304f52bfeac67028bfa49db66d32d218e612e9f430e6","3625","média","source-code; arquivo técnico; sem evidência confiável; sem disciplina confiável"
"src/components/ShimmerCTA.jsx","source-code","arquivo técnico","false","leitura bem-sucedida","","","","","","","","","unknown","dc0be9a68bcc42994a7d569ba58db976420c9e17bb2b65efff204a0fe71cc1c1","892","média","source-code; arquivo técnico; sem evidência confiável; sem disciplina confiável"
"src/components/SlideArrowButton.jsx","source-code","arquivo técnico","false","leitura bem-sucedida","","","","","","","","","unknown","258143caa7389e4b18e889666a460ec45357a8e5bc552c13a3a229a1b107e25c","756","média","source-code; arquivo técnico; sem evidência confiável; sem disciplina confiável"
"src/components/SplashGate/SplashGate.jsx","source-code","arquivo técnico","false","leitura bem-sucedida","","","","","","","","","unknown","118d6ea95727663a220ce421145a0e0d4b3ee7551253c264fe137836c3dc025c","2437","média","source-code; arquivo técnico; sem evidência confiável; sem disciplina confiável"
"src/components/SplashScreen/SplashScreen.css","source-code","arquivo técnico","false","leitura bem-sucedida","","","","","","","","","unknown","71b917da5f03f6481955b3726a2d46b56b26fb31ad4b692e26dd3d3c409689cb","4081","média","source-code; arquivo técnico; sem evidência confiável; sem disciplina confiável"
"src/components/SplashScreen/SplashScreen.jsx","source-code","arquivo técnico","false","leitura bem-sucedida","","","","","","","","","unknown","e3a4aa2412d48be64146f30a0c717fc65843d35d181d480fbd1b8fc8cce4e136","982","média","source-code; arquivo técnico; sem evidência confiável; sem disciplina confiável"
"src/components/StudyCards.jsx","source-code","arquivo técnico","false","leitura bem-sucedida","","","","","","","","","unknown","75e9d725cec091fec0a06b8b0e947eca4be2814579ff77377f98e977f8176726","2811","média","source-code; arquivo técnico; sem evidência confiável; sem disciplina confiável"
"src/components/taf/ExercicioCard.jsx","source-code","arquivo técnico","false","leitura bem-sucedida","","","","","","","","","unknown","22b7a45f182529cd86b41c6f0edcd78e5dc4d6841f02d5fe8b58e53698a5b973","6723","média","source-code; arquivo técnico; sem evidência confiável; sem disciplina confiável"
"src/components/ThemeSwitch.jsx","source-code","arquivo técnico","false","leitura bem-sucedida","","","","","","","","","unknown","fcba3ff48f20779feebfccc0d371358c1fd0493c5f262b16d061cf50a60d1c86","542","média","source-code; arquivo técnico; sem evidência confiável; sem disciplina confiável"
"src/components/TourButton.jsx","source-code","arquivo técnico","false","leitura bem-sucedida","","","","","","","","","unknown","cb10d3d844764e76d87fcf3f5a43e77648b52f70a3d8767bf3507c9ef94dc2e2","1370","média","source-code; arquivo técnico; sem evidência confiável; sem disciplina confiável"
"src/components/ui/alert.jsx","source-code","arquivo técnico","false","leitura bem-sucedida","","","","","","","","","unknown","45011893709512d7c3ac898417dd87bc7e1d16036b23ad9fd8d4959b8cb647b8","1842","média","source-code; arquivo técnico; sem evidência confiável; sem disciplina confiável"
"src/components/ui/animated-list.jsx","source-code","arquivo técnico","false","leitura bem-sucedida","","","","","","","","","unknown","7e7e2e6e811384c1d684b9f9397940c05cae1f3fe07db5ba63aaaee496bb9bc6","1624","média","source-code; arquivo técnico; sem evidência confiável; sem disciplina confiável"
"src/components/ui/AnimatedTabs.jsx","source-code","arquivo técnico","false","leitura bem-sucedida","","","","","","","","","unknown","031050944d00c61617c7185cc837eea36b7bab064892109b12576f8e25896e09","2378","média","source-code; arquivo técnico; sem evidência confiável; sem disciplina confiável"
"src/components/ui/button.jsx","source-code","arquivo técnico","false","leitura bem-sucedida","","","","","","","","","unknown","04f3836d6f57be0ad357f815bc831da19960f5190b2409c993605fe4468d4517","3289","média","source-code; arquivo técnico; sem evidência confiável; sem disciplina confiável"
"src/components/ui/card.jsx","source-code","arquivo técnico","false","leitura bem-sucedida","","","","","","","","","unknown","7ca136e75388ab7293023be40f5de2ce125fb76b67704586c10c02ac9834d3ec","2379","média","source-code; arquivo técnico; sem evidência confiável; sem disciplina confiável"
"src/components/ui/checkbox.jsx","source-code","arquivo técnico","false","leitura bem-sucedida","","","","","","","","","unknown","de8c00b30f6d308fa0b193a2898a784110e86b0d96989e1d10b57c4a95debf53","1283","média","source-code; arquivo técnico; sem evidência confiável; sem disciplina confiável"
"src/components/ui/dialog.jsx","source-code","arquivo técnico","false","leitura bem-sucedida","","","","","","","","","unknown","7254cb6ecb5f986630307f5159f110b0773ac274c16a6121d0aeb969cf764b4d","3528","média","source-code; arquivo técnico; sem evidência confiável; sem disciplina confiável"
"src/components/ui/input.jsx","source-code","arquivo técnico","false","leitura bem-sucedida","","","","","","","","","unknown","1992a79c43a605c8edf4675078f057eb61651d50cb99cd509149ebf1718b1bc4","908","média","source-code; arquivo técnico; sem evidência confiável; sem disciplina confiável"
"src/components/ui/iphone.jsx","source-code","arquivo técnico","false","leitura bem-sucedida","","","","","","2000","","","unknown","dec4a6e33c89e89d27a34348e186a9269213bcf860e6982e89d2e83fb38f2e7f","5423","média","source-code; arquivo técnico; sem evidência confiável; sem disciplina confiável"
"src/components/ui/label.jsx","source-code","arquivo técnico","false","leitura bem-sucedida","","","","","","","","","unknown","9dbdd19945bff342e39f253c048486fddd1f8517c3b76a6e69912b4fd9d75a23","522","média","source-code; arquivo técnico; sem evidência confiável; sem disciplina confiável"
"src/components/ui/separator.jsx","source-code","arquivo técnico","false","leitura bem-sucedida","","","","","","","","","unknown","2fc30c6dc53e5b3a75330014012b162ffb24236d307ecab85f7e0d4dcb70767d","542","média","source-code; arquivo técnico; sem evidência confiável; sem disciplina confiável"
"src/components/ui/shimmer-button.jsx","source-code","arquivo técnico","false","leitura bem-sucedida","","","","","","","","","unknown","18173b686ce63f0a902f19a98c20e26ef92c79b04398c497ef3c15a86ffdc669","2138","média","source-code; arquivo técnico; sem evidência confiável; sem disciplina confiável"
"src/components/ui/tabs.jsx","source-code","arquivo técnico","false","leitura bem-sucedida","","","","","","","","","unknown","88aca00f962ba559cbbf7360fc11ac7108ad0be4e2c4fabdaaf2524a1052c929","3301","média","source-code; arquivo técnico; sem evidência confiável; sem disciplina confiável"
"src/config/features.js","source-code","arquivo técnico","false","leitura bem-sucedida","","","","","","","","","unknown","0b0226da04ce97ef92c07dfab0622a3a4a59c74a16afa73a86e8825ac22a730a","38","média","source-code; arquivo técnico; sem evidência confiável; sem disciplina confiável"
"src/contexts/AppProviders.jsx","source-code","arquivo técnico","false","leitura bem-sucedida","","","","","","","","","unknown","c9b69fa12f043d1e3ca5de596b93e07dabafd5d7d1113911d1e949030779ac8a","491","média","source-code; arquivo técnico; sem evidência confiável; sem disciplina confiável"
"src/contexts/index.js","source-code","arquivo técnico","false","leitura bem-sucedida","","","","","","","","","unknown","03cf0432eb0b02fd8783fc3701f65f615001694d314b485567a8850dc9766439","397","média","source-code; arquivo técnico; sem evidência confiável; sem disciplina confiável"
"src/contexts/NotificationContext.jsx","source-code","arquivo técnico","false","leitura bem-sucedida","","","","","","","","","unknown","892d01e2864069c6a8f7a3865b770fbe6fc3d4f9ac62b31ab5ac11f7f93aa63d","1468","média","source-code; arquivo técnico; sem evidência confiável; sem disciplina confiável"
"src/contexts/PreferencesContext.jsx","source-code","arquivo técnico","false","leitura bem-sucedida","","","","","","","","","unknown","d47aa54853c855e96fca1b6c5c8a71bf11346e37fe3ef9f76ad7e3941fd81f68","967","média","source-code; arquivo técnico; sem evidência confiável; sem disciplina confiável"
"src/contexts/RouterContext.jsx","source-code","arquivo técnico","false","leitura bem-sucedida","","","","","","","","","unknown","597423214618006a953445feff5abdc1a277dfb3c8a319cc85cce76df97a242e","1194","média","source-code; arquivo técnico; sem evidência confiável; sem disciplina confiável"
"src/contexts/ThemeContext.jsx","source-code","arquivo técnico","false","leitura bem-sucedida","","","","","","","","","unknown","68e29d3354c9ccc9b6b199a02f8d6918eff8e5acbfd389d4f2a4099dda2397ca","918","média","source-code; arquivo técnico; sem evidência confiável; sem disciplina confiável"
"src/contexts/UserContext.jsx","source-code","arquivo técnico","false","leitura bem-sucedida","","","","","","","","","unknown","06b18c17510f09bb5f4dbf6e4acc250527b3dc654aba2cf36f03d20b62acc332","20109","média","source-code; arquivo técnico; sem evidência confiável; sem disciplina confiável"
"src/data/apostilas/administracao-financeira-orcamentaria.js","pedagogical-content","apostila/módulo","true","leitura bem-sucedida","Concursos Fiscais","","","","","2026","","orçamento como lei, plano financeiro e instrumento de controle democrático","direct-ui-connection","3e920926ecbccee0cef2400133807a2673a4cccc194d5aee67dcc8872239ec2e","201372","alta","pedagogical-content; apostila/módulo; área fiscal; sem disciplina confiável"
"src/data/apostilas/administracao-publica-gestao-publica.js","pedagogical-content","apostila/módulo","true","leitura bem-sucedida","","","","","","2026","Direito Administrativo","diferença entre Estado, governo e Administração, separando função política de execução administrativa","direct-ui-connection","e50787241be711ef59e61c36c7a8645e95ebe8c1b9563b6ddbb9f446ba036548","213908","alta","pedagogical-content; apostila/módulo; sem evidência confiável; diretório/estrutura"
"src/data/apostilas/arquivologia.js","pedagogical-content","apostila/módulo","true","leitura bem-sucedida","Concursos Administrativos","","","","","2026","","arquivo como conjunto org[caractere ilegivel]nico de documentos produzidos por atividade institucional","direct-ui-connection","63683ef5f482f632c8d7abe858b45858fe06a57ea2666ff43587672e696133fb","198447","alta","pedagogical-content; apostila/módulo; área administrativa; sem disciplina confiável"
"src/data/apostilas/atendimento-publico-qualidade-servico-publico.js","pedagogical-content","apostila/módulo","true","leitura bem-sucedida","","","","","","2026","","atendimento como expressão concreta de cidadania, eficiência e respeito","direct-ui-connection","bd3c9980e8a481f774f875336d3b27fd61688078ab9a0f25e5e482bdd149c04e","201655","alta","pedagogical-content; apostila/módulo; sem evidência confiável; sem disciplina confiável"
"src/data/apostilas/atualidades-avancada.js","pedagogical-content","apostila/módulo","true","leitura bem-sucedida","OAB","OAB/FGV","","","","2026","Atualidades","leitura cr[caractere ilegivel]tica de fatos","direct-ui-connection","7f02e269e69967757f985e3e87561d5ee9e255c868e6c50d105649d9d73bc204","120919","alta","pedagogical-content; apostila/módulo; diretório/metadado OAB; diretório/estrutura"
"src/data/apostilas/atualidades.js","pedagogical-content","apostila/módulo","true","leitura bem-sucedida","","","","Soldado","","2026","Atualidades","M[caractere ilegivel]todo de estudo","direct-ui-connection","cfd238277511543068087f9fd8c0a4c2832e1cb31e9f4ae90cb542aca5b7f0b8","492552","alta","pedagogical-content; apostila/módulo; sem evidência confiável; diretório/estrutura"
"src/data/apostilas/banco-repertorios-redacao.js","pedagogical-content","redação","true","leitura bem-sucedida","OAB","OAB/FGV","","","","2026","Redação","Constitui[caractere ilegivel][caractere ilegivel]o, cidadania e dignidade humana","direct-ui-connection","25c32c8a56ee48aa81d558e95ad75ae4faa675d2ef3cc287be679e08d02a3d11","228143","alta","pedagogical-content; redação; diretório/metadado OAB; diretório/estrutura"
"src/data/apostilas/banco-temas-redacao-policial.js","pedagogical-content","redação","true","leitura bem-sucedida","OAB","OAB/FGV","","","","2026","Redação","Viol[caractere ilegivel]ncia urbana, preven[caractere ilegivel][caractere ilegivel]o e responsabilidade compartilhada","direct-ui-connection","a835f8a37877c51009dfa363f43485d7e56fda18f01a532bb8c7ab16e4eccbda","243473","alta","pedagogical-content; redação; diretório/metadado OAB; diretório/estrutura"
"src/data/apostilas/biologia-enem.js","pedagogical-content","apostila/módulo","true","leitura bem-sucedida","ENEM","INEP","","","","2026","Biologia","Citologia, membranas e metabolismo celular","direct-ui-connection","6277ac6251678fbd60b43ad3a584530caa3aedb816290748fece2c19116a3faf","173868","alta","pedagogical-content; apostila/módulo; diretório/metadado ENEM; diretório/estrutura"
"src/data/apostilas/caderno-erros-inteligente.js","pedagogical-content","apostila/módulo","true","leitura bem-sucedida","OAB","OAB/FGV","","","","2026","","Erro conceitual, erro de atenção e erro de estratégia","direct-ui-connection","d193741dda77abe02ccb952fb198825ec7bbe54c2b90adbe985fb7334595515a","218042","alta","pedagogical-content; apostila/módulo; diretório/metadado OAB; sem disciplina confiável"
"src/data/apostilas/ciencias-humanas-simulados.js","pedagogical-content","simulado","true","leitura bem-sucedida","ENEM","INEP","","","","2026","","Simulado 1: fontes hist[caractere ilegivel]ricas e cartografia","direct-ui-connection","c6b46dc77261dc412a9a91bbce2a831a3bc0db15e33dd2ada4a75bfea3757516","175967","alta","pedagogical-content; simulado; diretório/metadado ENEM; sem disciplina confiável"
"src/data/apostilas/ciencias-natureza-simulados.js","pedagogical-content","simulado","true","leitura bem-sucedida","ENEM","INEP","","","","2026","","Simulado 1: m[caractere ilegivel]todo cient[caractere ilegivel]fico e gr[caractere ilegivel]ficos","direct-ui-connection","5d4f570ed9cd8dc2dbd146708df856a683e735af55f52a1cfbf7a8a4d6c287d2","177303","alta","pedagogical-content; simulado; diretório/metadado ENEM; sem disciplina confiável"
"src/data/apostilas/comentarios-questoes-ia.js","pedagogical-content","banco de questões","true","leitura bem-sucedida","OAB","OAB/FGV","","","","2026","","O que um comentário de IA precisa ter","direct-ui-connection","cb41deabf7edd1585b3a4137b91e442de3649ac4fe7699fc721f7e03ead9c781","210059","alta","pedagogical-content; banco de questões; diretório/metadado OAB; sem disciplina confiável"
"src/data/apostilas/contabilidade-publica-basica.js","pedagogical-content","apostila/módulo","true","leitura bem-sucedida","Concursos Fiscais","","","","","2026","","registro, evidencia[caractere ilegivel][caractere ilegivel]o e controle do patrim[caractere ilegivel]nio p[caractere ilegivel]blico e atos relevantes","direct-ui-connection","108b6ff63c01b359bc63f304d6c56e97d5660493d2ec13f3ff6a75d71be822b4","202774","alta","pedagogical-content; apostila/módulo; área fiscal; sem disciplina confiável"
"src/data/apostilas/criminologia-seguranca-publica-avancada.js","pedagogical-content","apostila/módulo","true","leitura bem-sucedida","Tribunais","","","","","1988","Criminologia e Segurança Pública","Fundamentos da Criminologia","direct-ui-connection","8deb071a9ba5d3c5889174cbc9ebd4638b0a14f044f841d331d7f3269610ba33","313648","alta","pedagogical-content; apostila/módulo; termos de tribunais; diretório/estrutura"
"src/data/apostilas/criminologia-simulados-comentados.js","pedagogical-content","simulado","true","leitura bem-sucedida","Guarda Municipal","","","","","2026","Criminologia e Segurança Pública","criminologia estuda crime, criminoso, v[caractere ilegivel]tima e controle social com m[caractere ilegivel]todo emp[caractere ilegivel]rico e interdisciplinar","direct-ui-connection","0186b8b9a732f06a5777efed58e2daafdfa77d14780dbeb1c0b45b7889a23597","179720","alta","pedagogical-content; simulado; nome/sigla GM; diretório/estrutura"
"src/data/apostilas/ctb-codigo-transito-brasileiro.js","pedagogical-content","apostila/módulo","true","leitura bem-sucedida","Tribunais","","","","","1997","","Sistema Nacional de Tr[caractere ilegivel]nsito","direct-ui-connection","294e98e6d4d6ea2d926b207200679af99dc5eb539090ebfd6f262a7edcbf1b33","238969","alta","pedagogical-content; apostila/módulo; termos de tribunais; sem disciplina confiável"
"src/data/apostilas/ctb-simulados-comentados.js","pedagogical-content","simulado","true","leitura bem-sucedida","PRF","PRF","","","","2026","","[caractere ilegivel]rg[caractere ilegivel]os de tr[caractere ilegivel]nsito possuem compet[caractere ilegivel]ncias espec[caractere ilegivel]ficas de normatiza[caractere ilegivel][caractere ilegivel]o, fiscaliza[caractere ilegivel][caractere ilegivel]o, julgamento e educa[caractere ilegivel][caractere ilegivel]o","direct-ui-connection","4aea5ed43db8a1bcb0d1f70eb1210b815d4e2a91a55fa68a5a7c4f7391f881a6","176606","alta","pedagogical-content; simulado; sigla PRF; sem disciplina confiável"
"src/data/apostilas/direito-administrativo-avancado.js","pedagogical-content","apostila/módulo","true","leitura bem-sucedida","OAB","OAB/FGV","","","","2026","Direito Administrativo","l[caractere ilegivel]gica da Administra[caractere ilegivel][caractere ilegivel]o P[caractere ilegivel]blica","direct-ui-connection","a4769572cd6a445a91966d1baf1143e2f023c3cbf9e37e1a680dd12ffcecafae","129819","alta","pedagogical-content; apostila/módulo; diretório/metadado OAB; diretório/estrutura"
"src/data/apostilas/direito-administrativo.js","pedagogical-content","apostila/módulo","true","leitura bem-sucedida","","","","Soldado","","2026","Direito Administrativo","Organiza[caractere ilegivel][caractere ilegivel]o administrativa","direct-ui-connection","f524c3b4078eb32c39ccf4bdfbc84bcdf045ae9ff41f4234ae864cb1fc858aef","493215","alta","pedagogical-content; apostila/módulo; sem evidência confiável; diretório/estrutura"
"src/data/apostilas/direito-ambiental-avancado.js","pedagogical-content","apostila/módulo","true","leitura bem-sucedida","OAB","OAB/FGV","","","","2026","Direito Ambiental","Meio ambiente e princípios ambientais","direct-ui-connection","68a7a5418abd667792d90f4edf9076105a9608e8c7ae29a9114c58a4d6380ea8","143402","alta","pedagogical-content; apostila/módulo; diretório/metadado OAB; diretório/estrutura"
"src/data/apostilas/direito-ambiental.js","pedagogical-content","apostila/módulo","true","leitura bem-sucedida","","","","","","1988","Direito Ambiental","Meio ambiente na Constitui[caractere ilegivel][caractere ilegivel]o e princ[caractere ilegivel]pios ambientais","direct-ui-connection","f8925b46b6129044b5f9558aa270fdbe84ac045d6647199896f4a8758d2fcdd8","226184","alta","pedagogical-content; apostila/módulo; sem evidência confiável; diretório/estrutura"
"src/data/apostilas/direito-civil-avancado.js","pedagogical-content","apostila/módulo","true","leitura bem-sucedida","OAB","OAB/FGV","","","","2026","Direito Civil","Pessoa natural, personalidade, capacidade e direitos da personalidade","direct-ui-connection","73fb4c375946dc15cb15dfb6454ed14361cc0a345b0c3231ee56079e26db4d4b","159332","alta","pedagogical-content; apostila/módulo; diretório/metadado OAB; diretório/estrutura"
"src/data/apostilas/direito-civil.js","pedagogical-content","apostila/módulo","true","leitura bem-sucedida","","","","","","2026","Direito Civil","Lei de Introdu[caractere ilegivel][caractere ilegivel]o [caractere ilegivel]s Normas do Direito Brasileiro","direct-ui-connection","4d5fd30d21b7ece0241cddeb4e9c00c5c314d8429798535252e430844eb37114","490993","alta","pedagogical-content; apostila/módulo; sem evidência confiável; diretório/estrutura"
"src/data/apostilas/direito-constitucional-avancado.js","pedagogical-content","apostila/módulo","true","leitura bem-sucedida","OAB","OAB/FGV","","","","2026","Direito Constitucional","base do sistema constitucional","direct-ui-connection","68226b663acf70a8398ff28b326a99c5d37cad76929054e21fae24e6c26eb0bd","132905","alta","pedagogical-content; apostila/módulo; diretório/metadado OAB; diretório/estrutura"
"src/data/apostilas/direito-constitucional.js","pedagogical-content","apostila/módulo","true","leitura bem-sucedida","","","","Soldado","","2026","Direito Constitucional","Teoria constitucional","direct-ui-connection","181dc33928da76e5cee58f2202bb31174a3516a53e0a5b96eb0ce91bc76ba9e3","489569","alta","pedagogical-content; apostila/módulo; sem evidência confiável; diretório/estrutura"
"src/data/apostilas/direito-consumidor-avancado.js","pedagogical-content","apostila/módulo","true","leitura bem-sucedida","OAB","OAB/FGV","","","","2026","Direito do Consumidor","Relação de consumo e vulnerabilidade","direct-ui-connection","fcd7150151771d4931b26a25379ef39678a9e490aacc8378617e2a8095a152bb","147724","alta","pedagogical-content; apostila/módulo; diretório/metadado OAB; diretório/estrutura"
"src/data/apostilas/direito-consumidor.js","pedagogical-content","apostila/módulo","true","leitura bem-sucedida","OAB","OAB/FGV","","","","2026","Direito do Consumidor","Elementos da rela[caractere ilegivel][caractere ilegivel]o de consumo","direct-ui-connection","23c55f323976dc26186f9afe05be43269e770d9f9b9109938f8ca9ca155ff5f8","304598","alta","pedagogical-content; apostila/módulo; diretório/metadado OAB; diretório/estrutura"
"src/data/apostilas/direito-digital-lgpd-avancado.js","pedagogical-content","apostila/módulo","true","leitura bem-sucedida","OAB","OAB/FGV","","","","2026","Direito Digital/LGPD","Fundamentos do Direito Digital","direct-ui-connection","40f42aa3f7f091ddbc89383ecde05258fe2999fba35404d953cf59c247b23a42","144539","alta","pedagogical-content; apostila/módulo; diretório/metadado OAB; diretório/estrutura"
"src/data/apostilas/direito-digital-lgpd-crimes-ciberneticos.js","pedagogical-content","apostila/módulo","true","leitura bem-sucedida","Tribunais","","","","","2026","Direito Penal","No[caractere ilegivel][caractere ilegivel]es iniciais de Direito Digital","direct-ui-connection","edae1e8c8dd5d17917e99a783c80212432b29f58cf1a4cb7c5080a0d3c60e4a3","275724","alta","pedagogical-content; apostila/módulo; termos de tribunais; diretório/estrutura"
"src/data/apostilas/direito-eleitoral-avancado.js","pedagogical-content","apostila/módulo","true","leitura bem-sucedida","OAB","OAB/FGV","","","","1990","Direito Eleitoral","Direitos políticos e alistamento","direct-ui-connection","57eb2e9495907b7ea538fab9ff381f6ea85401466eb84e534f09f2bc801860a8","145388","alta","pedagogical-content; apostila/módulo; diretório/metadado OAB; diretório/estrutura"
"src/data/apostilas/direito-eleitoral.js","pedagogical-content","apostila/módulo","true","leitura bem-sucedida","Tribunais","","","","","2026","Direito Eleitoral","Direitos pol[caractere ilegivel]ticos, soberania popular, alistamento e voto","direct-ui-connection","f8135c89f0d31b38f95064a475c66702e2a678960b4f585be36376259d826d40","267680","alta","pedagogical-content; apostila/módulo; termos de tribunais; diretório/estrutura"
"src/data/apostilas/direito-empresarial-avancado.js","pedagogical-content","apostila/módulo","true","leitura bem-sucedida","OAB","OAB/FGV","","","","2026","Direito Empresarial","Empresa, empresário e estabelecimento","direct-ui-connection","ea32f32ccd27c8efdc9695b46b00e075448ddec3a6ca2db44b09fb146b0dd367","146767","alta","pedagogical-content; apostila/módulo; diretório/metadado OAB; diretório/estrutura"
"src/data/apostilas/direito-empresarial.js","pedagogical-content","apostila/módulo","true","leitura bem-sucedida","OAB","OAB/FGV","","","","2026","Direito Empresarial","Empres[caractere ilegivel]rio e empresa","direct-ui-connection","51fa2136e830a363c402ad6aa5e0f81b6b486836ca648876d84850f83d0798d8","305234","alta","pedagogical-content; apostila/módulo; diretório/metadado OAB; diretório/estrutura"
"src/data/apostilas/direito-financeiro-avancado.js","pedagogical-content","apostila/módulo","true","leitura bem-sucedida","OAB","OAB/FGV","","","","2026","Direito Financeiro","Atividade financeira do Estado","direct-ui-connection","ba6166179e46ff4425e574eae3cb353989249a00b7e6135fb23bbad4aa327c3b","142820","alta","pedagogical-content; apostila/módulo; diretório/metadado OAB; diretório/estrutura"
"src/data/apostilas/direito-financeiro.js","pedagogical-content","apostila/módulo","true","leitura bem-sucedida","OAB","OAB/FGV","","","","2026","Direito Financeiro","Direito Financeiro: conceito, objeto, fontes e autonomia","direct-ui-connection","7795a8ad3bf18f3af05920d3f4a2a3babe767b0aefcdd68e1b4aaa0b0c578e5d","286147","alta","pedagogical-content; apostila/módulo; diretório/metadado OAB; diretório/estrutura"
"src/data/apostilas/direito-internacional-avancado.js","pedagogical-content","apostila/módulo","true","leitura bem-sucedida","OAB","OAB/FGV","","","","2026","Direito Internacional","Fontes do Direito Internacional","direct-ui-connection","c5d694f1e64c842c921c31d2f236ee8334e949344cef7293c4b22af7d7092069","149113","alta","pedagogical-content; apostila/módulo; diretório/metadado OAB; diretório/estrutura"
"src/data/apostilas/direito-internacional.js","pedagogical-content","apostila/módulo","true","leitura bem-sucedida","Tribunais","","","","","2026","Direito Internacional","Fontes, sujeitos e princ[caractere ilegivel]pios do Direito Internacional P[caractere ilegivel]blico","direct-ui-connection","0440f5567a95b9591c6abb5c8772097d348c5d02e08cbf2e0ee76fe065ad71bd","261720","alta","pedagogical-content; apostila/módulo; termos de tribunais; diretório/estrutura"
"src/data/apostilas/direito-penal-militar-avancado.js","pedagogical-content","apostila/módulo","true","leitura bem-sucedida","Corpo de Bombeiros","","","","","2026","Direito Penal Militar","hierarquia, disciplina, regularidade das institui[caractere ilegivel][caractere ilegivel]es militares e prote[caractere ilegivel][caractere ilegivel]o do servi[caractere ilegivel]o","direct-ui-connection","b639c4122fdf25483be172f9bb90f9a52b2c9cc351f036a8a75f4fd0c049581f","158342","alta","pedagogical-content; apostila/módulo; sigla/instituição CBM; diretório/estrutura"
"src/data/apostilas/direito-penal-militar.js","pedagogical-content","apostila/módulo","true","leitura bem-sucedida","","","","Soldado","","2026","Direito Penal Militar","Conceito de crime militar","direct-ui-connection","ed811f01dc4ea91bc331501234b33f75ea60719f9c79fefe0e464f1e01ecc853","508446","alta","pedagogical-content; apostila/módulo; sem evidência confiável; diretório/estrutura"
"src/data/apostilas/direito-penal-parte-especial-avancado.js","pedagogical-content","apostila/módulo","true","leitura bem-sucedida","OAB","OAB/FGV","","","","2026","Direito Penal","vida humana como bem jur[caractere ilegivel]dico, diferen[caractere ilegivel]a entre matar, induzir, auxiliar e criar situa[caractere ilegivel][caractere ilegivel]o de risco extremo","direct-ui-connection","fa824683da2892d063e9faa8b27e40610e5597783e41b55f5b048ff78255b880","167876","alta","pedagogical-content; apostila/módulo; diretório/metadado OAB; diretório/estrutura"
"src/data/apostilas/direito-penal-parte-geral-avancado.js","pedagogical-content","apostila/módulo","true","leitura bem-sucedida","OAB","OAB/FGV","","","","2026","Direito Penal","limites do poder punitivo","direct-ui-connection","69fce4d54011e256e61fa8143162e386c76694f2e54df0bc3b0f880d7b8bbc3f","123047","alta","pedagogical-content; apostila/módulo; diretório/metadado OAB; diretório/estrutura"
"src/data/apostilas/direito-penal-parte-geral.js","pedagogical-content","apostila/módulo","true","leitura bem-sucedida","","","","Soldado","","2026","Direito Penal","Princ[caractere ilegivel]pios penais","direct-ui-connection","75d1d4df2660ccaa47d62a0dab3d35a2e539d636dee7a3c1945f0c82441a4526","481228","alta","pedagogical-content; apostila/módulo; sem evidência confiável; diretório/estrutura"
"src/data/apostilas/direito-previdenciario-avancado.js","pedagogical-content","apostila/módulo","true","leitura bem-sucedida","OAB","OAB/FGV","","","","2026","Direito Previdenciário","Seguridade Social e Previdência","direct-ui-connection","4a8bbf4c5aaa6639ea5b9e12c48a3d6c90fe1527fb83def5a479445ace018654","146239","alta","pedagogical-content; apostila/módulo; diretório/metadado OAB; diretório/estrutura"
"src/data/apostilas/direito-previdenciario.js","pedagogical-content","apostila/módulo","true","leitura bem-sucedida","OAB","OAB/FGV","","","","2026","Direito Previdenciário","Seguridade Social, Previdência Social e RGPS","direct-ui-connection","1dc8417edf406d7f291ef3a4fa9b8c693cf90948e3e5ae96bc5002b0bda05385","275055","alta","pedagogical-content; apostila/módulo; diretório/metadado OAB; diretório/estrutura"
"src/data/apostilas/direito-processual-civil-avancado.js","pedagogical-content","apostila/módulo","true","leitura bem-sucedida","OAB","OAB/FGV","","","","2026","Direito Processual Civil","Princ[caractere ilegivel]pios processuais, acesso [caractere ilegivel] justi[caractere ilegivel]a e coopera[caractere ilegivel][caractere ilegivel]o","direct-ui-connection","8fddca330c0f053c7f5393c2ac22247729df888e3aedb4325976b92d52504d5e","155304","alta","pedagogical-content; apostila/módulo; diretório/metadado OAB; diretório/estrutura"
"src/data/apostilas/direito-processual-civil.js","pedagogical-content","apostila/módulo","true","leitura bem-sucedida","","","","","","2026","Direito Processual Civil","Princ[caractere ilegivel]pios processuais civis","direct-ui-connection","e9983ce9bab68cef96eeaf5d8659402f2f7c43b1a6682e46f9bcbea326e16fac","493371","alta","pedagogical-content; apostila/módulo; sem evidência confiável; diretório/estrutura"
"src/data/apostilas/direito-processual-penal-avancado.js","pedagogical-content","apostila/módulo","true","leitura bem-sucedida","OAB","OAB/FGV","","","","2026","Direito Processual Penal","procedimento investigativo, informatividade, sigilo, contraditório diferido e justa causa","direct-ui-connection","b3868d80f8bbd7b993f423c46841e08636a23bbe1c5fe85ad1a8b8bd3b0f2022","159509","alta","pedagogical-content; apostila/módulo; diretório/metadado OAB; diretório/estrutura"
"src/data/apostilas/direito-processual-penal-militar-avancado.js","pedagogical-content","apostila/módulo","true","leitura bem-sucedida","Corpo de Bombeiros","","","","","2026","Direito Processual Penal Militar","apura[caractere ilegivel][caractere ilegivel]o de crime militar, documenta[caractere ilegivel][caractere ilegivel]o, preserva[caractere ilegivel][caractere ilegivel]o de prova e relat[caractere ilegivel]rio","direct-ui-connection","b2bd2a99b137f6bdf35a0e2d48a0c1f62a4a86b9be940d1cb1f95673eb3d5b25","158101","alta","pedagogical-content; apostila/módulo; sigla/instituição CBM; diretório/estrutura"
"src/data/apostilas/direito-processual-penal-militar.js","pedagogical-content","apostila/módulo","true","leitura bem-sucedida","","","","Soldado","","2026","Direito Processual Penal Militar","Inqu[caractere ilegivel]rito Policial Militar","direct-ui-connection","da1a5d1dc873c9c99fadd42baac50bc66a33034c9433f85357795c949dc4e023","504311","alta","pedagogical-content; apostila/módulo; sem evidência confiável; diretório/estrutura"
"src/data/apostilas/direito-processual-penal.js","pedagogical-content","apostila/módulo","true","leitura bem-sucedida","","","","Soldado","","2026","Direito Processual Penal","Princ[caractere ilegivel]pios processuais","direct-ui-connection","df7d7807848f38400056a06eee971f30e6006c41def8959c519b57fcf8c6e00b","488335","alta","pedagogical-content; apostila/módulo; sem evidência confiável; diretório/estrutura"
"src/data/apostilas/direito-processual-trabalho-avancado.js","pedagogical-content","apostila/módulo","true","leitura bem-sucedida","OAB","OAB/FGV","","","","2026","","Compet[caractere ilegivel]ncia da Justi[caractere ilegivel]a do Trabalho","direct-ui-connection","6ffa2733bb35ddc324a4f99d1bf3bd0eb18ca1400b4fd1f678ddc5a29802181d","152959","alta","pedagogical-content; apostila/módulo; diretório/metadado OAB; sem disciplina confiável"
"src/data/apostilas/direito-processual-trabalho.js","pedagogical-content","apostila/módulo","true","leitura bem-sucedida","OAB","OAB/FGV","","","","2026","","Princ[caractere ilegivel]pios processuais trabalhistas","direct-ui-connection","8ef6563396cdcc3be99a2acc6e3fd6a8ca26f41cd218ccbaa0e1a03092c9932a","275803","alta","pedagogical-content; apostila/módulo; diretório/metadado OAB; sem disciplina confiável"
"src/data/apostilas/direito-trabalho-avancado.js","pedagogical-content","apostila/módulo","true","leitura bem-sucedida","OAB","OAB/FGV","","","","2026","Direito do Trabalho","Relação de emprego e trabalho autônomo","direct-ui-connection","2f22421166d8fb5919c91a3a3773037170f6b01a4dbce725bc8a1951c35013f8","155852","alta","pedagogical-content; apostila/módulo; diretório/metadado OAB; diretório/estrutura"
"src/data/apostilas/direito-trabalho.js","pedagogical-content","apostila/módulo","true","leitura bem-sucedida","OAB","OAB/FGV","","","","2026","Direito do Trabalho","Princ[caractere ilegivel]pios trabalhistas","direct-ui-connection","52d0b79a9fe1cb9a045165bdfa050c30870362b4c17a494db24d52d3a668e8dd","269331","alta","pedagogical-content; apostila/módulo; diretório/metadado OAB; diretório/estrutura"
"src/data/apostilas/direito-tributario-avancado.js","pedagogical-content","apostila/módulo","true","leitura bem-sucedida","OAB","OAB/FGV","","","","2026","Direito Tributário","Sistema tribut[caractere ilegivel]rio e esp[caractere ilegivel]cies tribut[caractere ilegivel]rias","direct-ui-connection","4ff7b24f7bb5b2f6eaa68be736ec4ca76aa54f5b4e1a709d5a0e83e400480e09","151651","alta","pedagogical-content; apostila/módulo; diretório/metadado OAB; diretório/estrutura"
"src/data/apostilas/direito-tributario.js","pedagogical-content","apostila/módulo","true","leitura bem-sucedida","Tribunais","","","","","2026","Direito Tributário","Sistema Tribut[caractere ilegivel]rio Nacional e conceito de tributo","direct-ui-connection","bdcd6d1fd082b1aa9e66633a28363c073ce02f78e74d96659c79b1f840f50d9b","293161","alta","pedagogical-content; apostila/módulo; termos de tribunais; diretório/estrutura"
"src/data/apostilas/direitos-humanos-atividade-policial-casos-praticos.js","pedagogical-content","apostila/módulo","true","leitura bem-sucedida","PRF","PRF","","","","2026","Direitos Humanos","abordagem leg[caractere ilegivel]tima precisa de base objetiva, urbanidade, busca limitada e registro quando necess[caractere ilegivel]rio","direct-ui-connection","b42e3ca794ee9845aa3e5788698cb6b5caeea3762ba76c7a60d7cfe3285d9caf","179602","alta","pedagogical-content; apostila/módulo; sigla PRF; diretório/estrutura"
"src/data/apostilas/direitos-humanos-avancado.js","pedagogical-content","apostila/módulo","true","leitura bem-sucedida","OAB","OAB/FGV","","","","2026","Direitos Humanos","fundamentos dos direitos humanos","direct-ui-connection","dde56e2f3e6c93a33eb57cbfd462355c6a721ed473ac846ac05e5213945dec89","136247","alta","pedagogical-content; apostila/módulo; diretório/metadado OAB; diretório/estrutura"
"src/data/apostilas/direitos-humanos.js","pedagogical-content","apostila/módulo","true","leitura bem-sucedida","","","","Soldado","","2026","Direitos Humanos","Teoria geral dos direitos humanos","direct-ui-connection","bb20aad712d963ac6fda023eb7f37ef20fb5940319fa214db714461950dd9e4e","501737","alta","pedagogical-content; apostila/módulo; sem evidência confiável; diretório/estrutura"
"src/data/apostilas/eca-avancado.js","pedagogical-content","apostila/módulo","true","leitura bem-sucedida","OAB","OAB/FGV","","","","2026","","Proteção integral e prioridade absoluta","direct-ui-connection","a8f40c0bfd18e3cc41325271c64413e2b779cfb0cd3c7d1a9a0ca887fc554872","140801","alta","pedagogical-content; apostila/módulo; diretório/metadado OAB; sem disciplina confiável"
"src/data/apostilas/eca.js","pedagogical-content","apostila/módulo","true","leitura bem-sucedida","OAB","OAB/FGV","","","","2026","","Princ[caractere ilegivel]pios estruturantes do ECA","direct-ui-connection","6e17203bc120961b87684c844bafd5754de43189598e5a17f401e354933539ba","223722","alta","pedagogical-content; apostila/módulo; diretório/metadado OAB; sem disciplina confiável"
"src/data/apostilas/etica-profissional-oab.js","pedagogical-content","apostila/módulo","true","leitura bem-sucedida","OAB","OAB/FGV","","","","2026","","Regras deontol[caractere ilegivel]gicas fundamentais","direct-ui-connection","285850b1d42c5fe4edf29e0dcdef60cc6e997c8778b2cdc06292bd92e454a2a0","300646","alta","pedagogical-content; apostila/módulo; diretório/metadado OAB; sem disciplina confiável"
"src/data/apostilas/etica.js","pedagogical-content","apostila/módulo","true","leitura bem-sucedida","","","","Soldado","","2026","","Teoria da [caractere ilegivel]tica","direct-ui-connection","8e10abbb7b7bf4f2446890900deb789b1a4cb250433df5e50fa6607b0fcf8e29","499035","alta","pedagogical-content; apostila/módulo; sem evidência confiável; sem disciplina confiável"
"src/data/apostilas/filosofia-direito.js","pedagogical-content","apostila/módulo","true","leitura bem-sucedida","","","","","","2026","Filosofia","Conceito de Filosofia do Direito, dogm[caractere ilegivel]tica jur[caractere ilegivel]dica e pensamento cr[caractere ilegivel]tico","direct-ui-connection","027896412b4353b1f2d4a8bc17e3ccce0efb94f3c9259929b40538e4a46f163e","245446","alta","pedagogical-content; apostila/módulo; sem evidência confiável; diretório/estrutura"
"src/data/apostilas/filosofia-enem.js","pedagogical-content","apostila/módulo","true","leitura bem-sucedida","ENEM","INEP","","","","2026","Filosofia","Origem da filosofia e passagem do mito ao logos","direct-ui-connection","9887cd1f3b2d54162795142997624c72e8d811746f1c9453e13d0fd71c3f4896","177381","alta","pedagogical-content; apostila/módulo; diretório/metadado ENEM; diretório/estrutura"
"src/data/apostilas/fisica-enem.js","pedagogical-content","apostila/módulo","true","leitura bem-sucedida","ENEM","INEP","","","","2026","Física","Cinem[caractere ilegivel]tica, gr[caractere ilegivel]ficos e movimento","direct-ui-connection","701112ad462c5abee1a665ee1180336dfdd898ad8725bb9ce44b8a7bab40b6c6","171971","alta","pedagogical-content; apostila/módulo; diretório/metadado ENEM; diretório/estrutura"
"src/data/apostilas/flashcards-premium-disciplina.js","pedagogical-content","flashcards","true","leitura bem-sucedida","OAB","OAB/FGV","","","","2026","","Como criar flashcards que ensinam","direct-ui-connection","23df97a06d5c317b8517c070d05a7bfeb058070965f19d46ac4b150cb826ad18","213422","alta","pedagogical-content; flashcards; diretório/metadado OAB; sem disciplina confiável"
"src/data/apostilas/geografia-enem.js","pedagogical-content","apostila/módulo","true","leitura bem-sucedida","ENEM","INEP","","","","2026","Geografia","Cartografia, escala e orienta[caractere ilegivel][caractere ilegivel]o espacial","direct-ui-connection","5011f4aecdf45b002a0034c8e20e5db6284b156d9a75fa0425738bd6be820028","180274","alta","pedagogical-content; apostila/módulo; diretório/metadado ENEM; diretório/estrutura"
"src/data/apostilas/gestao-pessoas-servico-publico.js","pedagogical-content","apostila/módulo","true","leitura bem-sucedida","","","","","","2026","","gestão de pessoas como alinhamento entre servidores, competências e entrega pública","direct-ui-connection","5c708984fd6c376eb324114902be5d6738bd34cbc881c6f2fa44a5226e56688b","201845","alta","pedagogical-content; apostila/módulo; sem evidência confiável; sem disciplina confiável"
"src/data/apostilas/governanca-integridade-compliance-publico.js","pedagogical-content","apostila/módulo","true","leitura bem-sucedida","","","","","","2026","","direção, monitoramento e avaliação para entregar valor público com controle","direct-ui-connection","5c10ff397d3b1a1850588b332f1d87ca9877e66f04893fb3e29634d9aef19262","198093","alta","pedagogical-content; apostila/módulo; sem evidência confiável; sem disciplina confiável"
"src/data/apostilas/guarda-municipal-base-de-estudos.js","pedagogical-content","apostila/módulo","true","leitura bem-sucedida","Guarda Municipal","","","","","2026","","guarda municipal protege bens, servi[caractere ilegivel]os e instala[caractere ilegivel][caractere ilegivel]es, com atua[caractere ilegivel][caractere ilegivel]o preventiva e comunit[caractere ilegivel]ria conforme legisla[caractere ilegivel][caractere ilegivel]o","direct-ui-connection","1dc172ca834de9f52839fec23dc19c0c1e56fbed7dd6daa56f92655511d22de3","174761","alta","pedagogical-content; apostila/módulo; nome/sigla GM; sem disciplina confiável"
"src/data/apostilas/historia-enem.js","pedagogical-content","apostila/módulo","true","leitura bem-sucedida","ENEM","INEP","","","","2026","História","Tempo hist[caractere ilegivel]rico, fontes e mem[caractere ilegivel]ria","direct-ui-connection","063e6c0efb9c30dd069dd0556a4902768c99aebf313544dc4649d4d54a377203","181434","alta","pedagogical-content; apostila/módulo; diretório/metadado ENEM; diretório/estrutura"
"src/data/apostilas/index.js","pedagogical-container","apostila/módulo","false","leitura bem-sucedida","","","","","","","","","direct-ui-connection","171c027ab4a6ed039f145feb629c1402353b57f8d209cabc7ee242a3a1ab719b","23460","alta","pedagogical-container; apostila/módulo; sem evidência confiável; sem disciplina confiável"
"src/data/apostilas/informatica-avancada.js","pedagogical-content","apostila/módulo","true","leitura bem-sucedida","OAB","OAB/FGV","","","","2026","Informática","base computacional","direct-ui-connection","c0d497314984f9daffe4d95b4bbb358eadb0163c2ce2d99d80db3890926fbe93","118468","alta","pedagogical-content; apostila/módulo; diretório/metadado OAB; diretório/estrutura"
"src/data/apostilas/informatica.js","pedagogical-content","apostila/módulo","true","leitura bem-sucedida","","","","Soldado","","2026","Informática","Conceitos b[caractere ilegivel]sicos de inform[caractere ilegivel]tica","direct-ui-connection","7d085f08a01f0b6182101c038e7902b44a22511e6311291592f5a58bd2750a54","470102","alta","pedagogical-content; apostila/módulo; sem evidência confiável; diretório/estrutura"
"src/data/apostilas/legislacao-institucional-pmma-avancada.js","pedagogical-content","apostila/módulo","true","leitura bem-sucedida","Polícia Militar","PMMA","","Soldado","","2026","Legislação Institucional PMMA","Estatuto dos Policiais Militares do Maranh[caractere ilegivel]o","direct-ui-connection","df1cf53e586d80ab302e93a97582293ff2acfbf71535129264f61be24dff8389","382677","alta","pedagogical-content; apostila/módulo; sigla/instituição PMMA; diretório/estrutura"
"src/data/apostilas/legislacao-institucional-pmma-simulados-comentados.js","pedagogical-content","simulado","true","leitura bem-sucedida","Polícia Militar","PMMA","","","","2026","Legislação Institucional PMMA","estrutura militar estadual, valores, obediência legal e dever funcional","direct-ui-connection","d67f8d6fe80b50a81c99d29342ac23c1f7cd7b041c0ff6ae7ed8bfb78be57c47","158119","alta","pedagogical-content; simulado; sigla/instituição PMMA; diretório/estrutura"
"src/data/apostilas/legislacao-institucional-pmma.js","pedagogical-content","apostila/módulo","true","leitura bem-sucedida","Polícia Militar","PMMA","","Soldado","","2026","Legislação Institucional PMMA","Legisla[caractere ilegivel][caractere ilegivel]o institucional","direct-ui-connection","5d0c0160c17dd84c5b8973b24476409091defd319c4baedf1cd4c23b0440b86c","502724","alta","pedagogical-content; apostila/módulo; sigla/instituição PMMA; diretório/estrutura"
"src/data/apostilas/legislacao-penal-especial-avancada.js","pedagogical-content","apostila/módulo","true","leitura bem-sucedida","OAB","OAB/FGV","","","","2026","Direito Penal","tratamento penal mais rigoroso, equipara[caractere ilegivel][caractere ilegivel]es constitucionais e consequ[caractere ilegivel]ncias processuais","direct-ui-connection","32fa7f8f57f07dfa5d5354eb1078e9863d705b34f333b79ace84a5fa2c6ee98b","163668","alta","pedagogical-content; apostila/módulo; diretório/metadado OAB; diretório/estrutura"
"src/data/apostilas/legislacao-penal-especial.js","pedagogical-content","apostila/módulo","true","leitura bem-sucedida","","","","Soldado","","2026","Direito Penal","Lei de Drogas","direct-ui-connection","008f116adc397ba2a8a9a0a3764897cab3b3325ff1735054148d72178966ccd6","506801","alta","pedagogical-content; apostila/módulo; sem evidência confiável; diretório/estrutura"
"src/data/apostilas/legislacao-pmma-questoes-por-artigo.js","pedagogical-content","banco de questões","true","leitura bem-sucedida","Polícia Militar","PMMA","","","","2026","Legislação Institucional PMMA","miss[caractere ilegivel]o, hierarquia e disciplina formam a base da organiza[caractere ilegivel][caractere ilegivel]o militar estadual","direct-ui-connection","defffbf5856262c897bf01b30b7d7e2f1d6af53f0b974838000878b46c51bb89","174080","alta","pedagogical-content; banco de questões; sigla/instituição PMMA; diretório/estrutura"
"src/data/apostilas/licitacoes-contratos-modulo-exclusivo.js","pedagogical-content","apostila/módulo","true","leitura bem-sucedida","","","","","","2026","Direito Administrativo","licitação como instrumento para contratar solução vantajosa e controlar risco","direct-ui-connection","fc722dedc2d1564ce032b2e9d6e9f917734d1f56394765c5dc1e2dd590df4c45","204693","alta","pedagogical-content; apostila/módulo; sem evidência confiável; diretório/estrutura"
"src/data/apostilas/linguagens-enem.js","pedagogical-content","apostila/módulo","true","leitura bem-sucedida","ENEM","INEP","","","","2026","","Interpretação de textos verbais e não verbais","direct-ui-connection","68c03ea6fec7e20fd2f049cb69fe9bb57afa00b73f74f2cc767e439987303fc7","180549","alta","pedagogical-content; apostila/módulo; diretório/metadado ENEM; sem disciplina confiável"
"src/data/apostilas/mapas-mentais-textuais-disciplina.js","pedagogical-content","mapa mental","true","leitura bem-sucedida","OAB","OAB/FGV","","","","2026","","Portugu[caractere ilegivel]s: interpreta[caractere ilegivel][caractere ilegivel]o, gram[caractere ilegivel]tica e reda[caractere ilegivel][caractere ilegivel]o","direct-ui-connection","83393ea5a3cc4b2ce72de51832385868e67eef2dce9dc2270c98945952a2c822","220294","alta","pedagogical-content; mapa mental; diretório/metadado OAB; sem disciplina confiável"
"src/data/apostilas/matematica-basica.js","pedagogical-content","apostila/módulo","true","leitura bem-sucedida","","","","Soldado","","2026","Raciocínio Lógico-Matemático","Aritm[caractere ilegivel]tica b[caractere ilegivel]sica","direct-ui-connection","88f06b75dbb0f9aede61263ae1155cbd188561436f4cee3be816476e744952c9","444185","alta","pedagogical-content; apostila/módulo; sem evidência confiável; diretório/estrutura"
"src/data/apostilas/matematica-enem.js","pedagogical-content","apostila/módulo","true","leitura bem-sucedida","ENEM","INEP","","","","2026","Raciocínio Lógico-Matemático","Raz[caractere ilegivel]o, propor[caractere ilegivel][caractere ilegivel]o, escala e regra de tr[caractere ilegivel]s","direct-ui-connection","68c69166ac526631c5929b1616dc8f7728382520f6bf01d82afe840827deb310","178592","alta","pedagogical-content; apostila/módulo; diretório/metadado ENEM; diretório/estrutura"
"src/data/apostilas/matematica-raciocinio-logico-avancado.js","pedagogical-content","apostila/módulo","true","leitura bem-sucedida","OAB","OAB/FGV","","","","2026","Raciocínio Lógico-Matemático","l[caractere ilegivel]gica proposicional","direct-ui-connection","0adba67c21d778748c91d1c1a25b01d225eeadb7b20183933f1f60f3a4ac3136","121050","alta","pedagogical-content; apostila/módulo; diretório/metadado OAB; diretório/estrutura"
"src/data/apostilas/oab-1fase-direito-administrativo.js","pedagogical-content","apostila/módulo","true","leitura bem-sucedida","OAB","OAB/FGV","","1ª fase OAB","","1994","Direito Administrativo","Princípios administrativos e regime jurídico","direct-ui-connection","8bc43a765fa369bcd55392707dd27c4cbb106bcd1580d8a890911b8e6d4b291f","150205","alta","pedagogical-content; apostila/módulo; diretório/metadado OAB; diretório/estrutura"
"src/data/apostilas/oab-1fase-direito-civil.js","pedagogical-content","apostila/módulo","true","leitura bem-sucedida","OAB","OAB/FGV","","1ª fase OAB","","1994","Direito Civil","LINDB e aplicação da lei civil","direct-ui-connection","41e3af61f1a6a5202960b32b77ff138f13af9847fe8d41f544585e5ebbe8014a","141733","alta","pedagogical-content; apostila/módulo; diretório/metadado OAB; diretório/estrutura"
"src/data/apostilas/oab-1fase-direito-constitucional.js","pedagogical-content","apostila/módulo","true","leitura bem-sucedida","OAB","OAB/FGV","","1ª fase OAB","","1994","Direito Constitucional","Princípios fundamentais e interpretação constitucional","direct-ui-connection","1258ffba0da2ebc4707b62e1a02a91b75e14733ee079aaaa2567556bd93f061f","152336","alta","pedagogical-content; apostila/módulo; diretório/metadado OAB; diretório/estrutura"
"src/data/apostilas/oab-1fase-direito-penal.js","pedagogical-content","apostila/módulo","true","leitura bem-sucedida","OAB","OAB/FGV","","1ª fase OAB","","1994","Direito Penal","Princ[caractere ilegivel]pios penais e lei penal","direct-ui-connection","2cf62ed0911be43d67ba2ccb7da56aeb1f2a99d3be115e2e60fd1acb5088d527","141492","alta","pedagogical-content; apostila/módulo; diretório/metadado OAB; diretório/estrutura"
"src/data/apostilas/oab-1fase-etica-comentada.js","pedagogical-content","apostila/módulo","true","leitura bem-sucedida","OAB","OAB/FGV","","1ª fase OAB","","1994","","Inscri[caractere ilegivel][caractere ilegivel]o, atividade privativa e atos de advocacia","direct-ui-connection","daf9f379d4e89b49bc8d309df37857f29d8b88494d89f2ea37d446b8e7ced45d","156787","alta","pedagogical-content; apostila/módulo; diretório/metadado OAB; sem disciplina confiável"
"src/data/apostilas/oab-1fase-processo-civil.js","pedagogical-content","apostila/módulo","true","leitura bem-sucedida","OAB","OAB/FGV","","1ª fase OAB","","1994","Direito Processual Civil","Jurisdi[caractere ilegivel][caractere ilegivel]o, a[caractere ilegivel][caractere ilegivel]o e pressupostos processuais","direct-ui-connection","b1885db95b55586ef6d68341f6b410c4750855b7060ac1ba45bb1e9cb0e2e394","143301","alta","pedagogical-content; apostila/módulo; diretório/metadado OAB; diretório/estrutura"
"src/data/apostilas/oab-1fase-processo-penal.js","pedagogical-content","apostila/módulo","true","leitura bem-sucedida","OAB","OAB/FGV","","1ª fase OAB","","1994","Direito Processual Penal","Inquérito policial e investigação","direct-ui-connection","176037aeebc06f5960e36b8469ee008ade69725addd3f74d9336f7dac381ab28","139371","alta","pedagogical-content; apostila/módulo; diretório/metadado OAB; diretório/estrutura"
"src/data/apostilas/oab-1fase-simulado-completo.js","pedagogical-content","simulado","true","leitura bem-sucedida","OAB","OAB/FGV","","1ª fase OAB","","1994","","Ética profissional e Estatuto da Advocacia no simulado","direct-ui-connection","fec6cc8ef5fa80ce6f907419f5ed8cd6722c75972a8d019ab61be95629e56510","160326","alta","pedagogical-content; simulado; diretório/metadado OAB; sem disciplina confiável"
"src/data/apostilas/oab-1fase-trabalho-processo-trabalho.js","pedagogical-content","apostila/módulo","true","leitura bem-sucedida","OAB","OAB/FGV","","1ª fase OAB","","1994","","Relação de emprego e contrato de trabalho","direct-ui-connection","c5f07a0bba28466283afc13a9929d0abfb15c266bec3da99d41fcb08d19d1ee1","145142","alta","pedagogical-content; apostila/módulo; diretório/metadado OAB; sem disciplina confiável"
"src/data/apostilas/oab-2fase-espelhos-correcao.js","pedagogical-content","redação","true","leitura bem-sucedida","OAB","OAB/FGV","","2ª fase OAB","","1994","","Como o espelho distribui pontos","direct-ui-connection","8ea190acc793d01d738cbd39e7408fc6928ca66e7c878ab218382cb2ed886d5c","141702","alta","pedagogical-content; redação; diretório/metadado OAB; sem disciplina confiável"
"src/data/apostilas/oab-2fase-pecas-praticas.js","pedagogical-content","redação","true","leitura bem-sucedida","OAB","OAB/FGV","","2ª fase OAB","","1994","","Diagnóstico da peça e leitura do problema","direct-ui-connection","1a545bbe55d00788bcabec566064a8c7392c816f1c8541af054564cbb3ba16b3","146630","alta","pedagogical-content; redação; diretório/metadado OAB; sem disciplina confiável"
"src/data/apostilas/oab-2fase-treino-discursivas.js","pedagogical-content","apostila/módulo","true","leitura bem-sucedida","OAB","OAB/FGV","","2ª fase OAB","","1994","Redação","Método IRAC adaptado à OAB","direct-ui-connection","e500c0d5cc1e449c0e4d387d5e7f1236666ffc4faf9552629dbb157282257d55","140949","alta","pedagogical-content; apostila/módulo; diretório/metadado OAB; diretório/estrutura"
"src/data/apostilas/ordem-publica-defesa-social-seguranca-cidada.js","pedagogical-content","apostila/módulo","true","leitura bem-sucedida","Guarda Municipal","","","","","2026","","tranquilidade, salubridade, paz social, direitos e preven[caractere ilegivel][caractere ilegivel]o","direct-ui-connection","bf398d53801477e86204c796d0af6c3ac105a97a521770d4c893fe82077a1c40","156211","alta","pedagogical-content; apostila/módulo; nome/sigla GM; sem disciplina confiável"
"src/data/apostilas/organizacao-judiciaria.js","pedagogical-content","apostila/módulo","true","leitura bem-sucedida","","","","","","2026","","organiza[caractere ilegivel][caractere ilegivel]o do Judici[caractere ilegivel]rio como fun[caractere ilegivel][caractere ilegivel]o estatal de solu[caractere ilegivel][caractere ilegivel]o de conflitos e controle de direitos","direct-ui-connection","fda0ef7d6ee5c9415e08e7f3f42af45d54d3608fdfa889679c734148c332b8c2","200294","alta","pedagogical-content; apostila/módulo; sem evidência confiável; sem disciplina confiável"
"src/data/apostilas/plano-estudo-por-objetivo.js","pedagogical-content","apostila/módulo","true","leitura bem-sucedida","OAB","OAB/FGV","","","","2026","","Onboarding do aluno","direct-ui-connection","b04b8659709dd4c1f515a431fde2d74400a2db34c5c41b6a083cd94886f3d256","207342","alta","pedagogical-content; apostila/módulo; diretório/metadado OAB; sem disciplina confiável"
"src/data/apostilas/pmma-caderno-de-erros-inteligente.js","pedagogical-content","apostila/módulo","true","leitura bem-sucedida","Polícia Militar","PMMA","","","","2026","Legislação Institucional PMMA","todo erro por comando nasce de não separar o que a questão pergunta do que ela informa","direct-ui-connection","3ff61f80ddd8f1faed3fb19284cb74f8c05fb84f5338ec799c61a02b1b8b35ea","167802","alta","pedagogical-content; apostila/módulo; sigla/instituição PMMA; diretório/estrutura"
"src/data/apostilas/pmma-revisao-de-vespera.js","pedagogical-content","apostila/módulo","true","leitura bem-sucedida","Polícia Militar","PMMA","","","","2026","Legislação Institucional PMMA","v[caractere ilegivel]spera serve para consolidar pontos de alto retorno, n[caractere ilegivel]o para tentar estudar tudo do zero","direct-ui-connection","b7c81ba2d1a2c6a471df13faf9094a9225dadfa015f0c3482a10f528559df10a","173899","alta","pedagogical-content; apostila/módulo; sigla/instituição PMMA; diretório/estrutura"
"src/data/apostilas/pmma-simulado-final-completo.js","pedagogical-content","simulado","true","leitura bem-sucedida","Polícia Militar","PMMA","","","","2026","Legislação Institucional PMMA","interpreta[caractere ilegivel][caractere ilegivel]o, coes[caractere ilegivel]o, pontua[caractere ilegivel][caractere ilegivel]o e reescrita precisam preservar sentido e comando","direct-ui-connection","13fed641744510b0bca4f33a2efa532f12f5ee004e44ec18e883dd46fa9204ae","171355","alta","pedagogical-content; simulado; sigla/instituição PMMA; diretório/estrutura"
"src/data/apostilas/policia-comunitaria-mediacao-conflitos.js","pedagogical-content","apostila/módulo","true","leitura bem-sucedida","Guarda Municipal","","","","","2026","Criminologia e Segurança Pública","aproximação, confiança, corresponsabilidade e prevenção orientada ao problema","direct-ui-connection","8718a7ff25f61654e8fe3733f70ff9c98b019d09cdb23a9e29f6dd4ab7732792","156581","alta","pedagogical-content; apostila/módulo; nome/sigla GM; diretório/estrutura"
"src/data/apostilas/policia-penal-base-de-estudos.js","pedagogical-content","apostila/módulo","true","leitura bem-sucedida","Polícia Penal","","","","","2026","Direito Penal","polícia penal atua na segurança dos estabelecimentos penais e custódia legal","direct-ui-connection","c6b97366e9b87988838138e33eecece76ca20d2f2e87a481f2867266ff2cdccb","173965","alta","pedagogical-content; apostila/módulo; sigla/instituição PP; diretório/estrutura"
"src/data/apostilas/portugues-avancado.js","pedagogical-content","apostila/módulo","true","leitura bem-sucedida","OAB","OAB/FGV","","","","2026","Língua Portuguesa","leitura estrat[caractere ilegivel]gica","direct-ui-connection","f887ee4062b601c9d0f022700b4c6bddc3ec4b3350d4d37e5fb24030655232ed","121562","alta","pedagogical-content; apostila/módulo; diretório/metadado OAB; diretório/estrutura"
"src/data/apostilas/portugues-pmma-interpretacao.js","pedagogical-content","apostila/módulo","true","leitura bem-sucedida","Polícia Militar","PMMA","","Soldado","","2026","Legislação Institucional PMMA","Interpreta[caractere ilegivel][caractere ilegivel]o de texto","direct-ui-connection","9c55d04f4e9f9ca7a4d6c59265337ec9d394843df29bb0ff8aec1165046eb92c","449214","alta","pedagogical-content; apostila/módulo; sigla/instituição PMMA; diretório/estrutura"
"src/data/apostilas/portugues-pmma-ortografia-morfologia.js","pedagogical-content","apostila/módulo","true","leitura bem-sucedida","Polícia Militar","PMMA","","Soldado","","2026","Legislação Institucional PMMA","Ortografia","direct-ui-connection","210ea3f58b9d5e5c9dbef640f3d6890afd7092d0d3683cd72207a10636017adf","444873","alta","pedagogical-content; apostila/módulo; sigla/instituição PMMA; diretório/estrutura"
"src/data/apostilas/portugues-pmma-sintaxe.js","pedagogical-content","apostila/módulo","true","leitura bem-sucedida","Polícia Militar","PMMA","","Soldado","","2026","Legislação Institucional PMMA","Concord[caractere ilegivel]ncia verbal","direct-ui-connection","c7d5b3e8c77f58b8cb781768ebda78118dbb7f97aae4b8f1879b6d854c306ccf","458815","alta","pedagogical-content; apostila/módulo; sigla/instituição PMMA; diretório/estrutura"
"src/data/apostilas/prf-base-de-estudos.js","pedagogical-content","apostila/módulo","true","leitura bem-sucedida","PRF","PRF","","","","2026","","PRF atua na seguran[caractere ilegivel]a p[caractere ilegivel]blica e vi[caractere ilegivel]ria em rodovias e [caractere ilegivel]reas de interesse federal conforme compet[caractere ilegivel]ncia","direct-ui-connection","ab19f5d9d523302ef568479b34fb741b4f2e9ea6a6ef3db5635d3abc3a88232c","172673","alta","pedagogical-content; apostila/módulo; sigla PRF; sem disciplina confiável"
"src/data/apostilas/quimica-enem.js","pedagogical-content","apostila/módulo","true","leitura bem-sucedida","ENEM","INEP","","","","2026","Química","Mat[caractere ilegivel]ria, propriedades e separa[caractere ilegivel][caractere ilegivel]o de misturas","direct-ui-connection","8c2c1a0e842ed2f261547128883ba27cad3e87e197ff4be7eb0f69fa92812a0b","176019","alta","pedagogical-content; apostila/módulo; diretório/metadado ENEM; diretório/estrutura"
"src/data/apostilas/raciocinio-logico.js","pedagogical-content","apostila/módulo","true","leitura bem-sucedida","","","","Soldado","","2026","Raciocínio Lógico-Matemático","L[caractere ilegivel]gica proposicional","direct-ui-connection","508b674cc9d3321e59c4bcbedd3aea5bece60b03f572218ccc4b711b0980c9a2","467552","alta","pedagogical-content; apostila/módulo; sem evidência confiável; diretório/estrutura"
"src/data/apostilas/README.md","source-code","arquivo técnico","false","leitura bem-sucedida","","","","","","","","","unknown","ed7fa86c4d423f5ca7998c389aa6205dede363b45e0957302b6640843000e1d7","5867","média","source-code; arquivo técnico; sem evidência confiável; sem disciplina confiável"
"src/data/apostilas/redacao-concursos-policiais.js","pedagogical-content","redação","true","leitura bem-sucedida","OAB","OAB/FGV","","","","2026","Redação","montagem do texto dissertativo para banca policial","direct-ui-connection","6a62bc30cd042932ed1ea9dd6521a42cd45c758de70373d016e78d8dd1906c60","138368","alta","pedagogical-content; redação; diretório/metadado OAB; diretório/estrutura"
"src/data/apostilas/redacao-enem.js","pedagogical-content","redação","true","leitura bem-sucedida","ENEM","INEP","","","","2026","Redação","Compet[caractere ilegivel]ncias da reda[caractere ilegivel][caractere ilegivel]o e leitura da proposta","direct-ui-connection","643590b87ddd28556dc6de7d2b1ae0fbf79a9d74770cefd7508e5b7c6ec5b47e","182920","alta","pedagogical-content; redação; diretório/metadado ENEM; diretório/estrutura"
"src/data/apostilas/redacao.js","pedagogical-content","redação","true","leitura bem-sucedida","","","","Soldado","","2026","Redação","Estrutura textual","direct-ui-connection","4dfd4f0a807f33e243a30fe65bb7302fd078c98673b77b5a580d16e7b70106b4","487854","alta","pedagogical-content; redação; sem evidência confiável; diretório/estrutura"
"src/data/apostilas/regimentos-internos-tribunais.js","pedagogical-content","apostila/módulo","true","leitura bem-sucedida","","","","","","2026","","m[caractere ilegivel]todo para transformar artigos regimentais em mapa de compet[caractere ilegivel]ncia e procedimento","direct-ui-connection","64d987091980e18ba2b919012f764bfcae70eb04b0e2cc3034bd4a4271a702b2","198678","alta","pedagogical-content; apostila/módulo; sem evidência confiável; sem disciplina confiável"
"src/data/apostilas/revisao-24h-prova.js","pedagogical-content","apostila/módulo","true","leitura bem-sucedida","OAB","OAB/FGV","","","","2026","","Objetivo real das [caractere ilegivel]ltimas 24 horas","direct-ui-connection","704cba15d84bc9d3c1467ac0b6dabf3910332335a44f07472c08835621e2903d","208225","alta","pedagogical-content; apostila/módulo; diretório/metadado OAB; sem disciplina confiável"
"src/data/apostilas/revisao-7-dias-prova.js","pedagogical-content","apostila/módulo","true","leitura bem-sucedida","OAB","OAB/FGV","","","","2026","","Diagnóstico da semana final","direct-ui-connection","3f5e941643de9ea7371270420d719ddd857cb80335ceef1875ae8a74003e2a94","209404","alta","pedagogical-content; apostila/módulo; diretório/metadado OAB; sem disciplina confiável"
"src/data/apostilas/revisao-enem-vespera.js","pedagogical-content","apostila/módulo","true","leitura bem-sucedida","ENEM","INEP","","","","2026","","Plano de revis[caractere ilegivel]o das [caractere ilegivel]ltimas 48 horas","direct-ui-connection","1d3bfa275bfbcd3c609d9f488876b0faae1a8d03c6f7aa2dc69229888fee59d6","174549","alta","pedagogical-content; apostila/módulo; diretório/metadado ENEM; sem disciplina confiável"
"src/data/apostilas/seguranca-publica-avancada-simulados.js","pedagogical-content","simulado","true","leitura bem-sucedida","PRF","PRF","","","","2026","","seguran[caractere ilegivel]a p[caractere ilegivel]blica como dever do Estado e responsabilidade de todos, com [caractere ilegivel]rg[caractere ilegivel]os e compet[caractere ilegivel]ncias distintos","direct-ui-connection","600b94000557e8d3d1973e15321506bf681448b5291089b590bd92001fb726f3","187000","alta","pedagogical-content; simulado; sigla PRF; sem disciplina confiável"
"src/data/apostilas/simulados-por-banca.js","pedagogical-content","simulado","true","leitura bem-sucedida","OAB","OAB/FGV","","","","2026","","Por que banca muda estratégia","direct-ui-connection","e3fafd6cf148bf594c16685718c53607e977874ddc7f8f9a7a4886bf0382cc35","206086","alta","pedagogical-content; simulado; diretório/metadado OAB; sem disciplina confiável"
"src/data/apostilas/simulados-por-concurso.js","pedagogical-content","simulado","true","leitura bem-sucedida","OAB","OAB/FGV","","","","2026","","Simulado PMMA","direct-ui-connection","a012e782fd019c40095343df1bc86468637d01537e36231b03d4ae1e7ca8f511","210571","alta","pedagogical-content; simulado; diretório/metadado OAB; sem disciplina confiável"
"src/data/apostilas/simulados-por-nivel.js","pedagogical-content","simulado","true","leitura bem-sucedida","OAB","OAB/FGV","","","","2026","","Nível iniciante","direct-ui-connection","18833b30941b0060f4fa1f034f3c421fc461cb09b2ddf531f62fd67b891357a1","203865","alta","pedagogical-content; simulado; diretório/metadado OAB; sem disciplina confiável"
"src/data/apostilas/sociologia-enem.js","pedagogical-content","apostila/módulo","true","leitura bem-sucedida","ENEM","INEP","","","","2026","Sociologia","Imagina[caractere ilegivel][caractere ilegivel]o sociol[caractere ilegivel]gica e fato social","direct-ui-connection","0fa8be44cfd8a697e5fb1274de13d6588e5c116da351bf7bc11b62a00fb8aaba","175444","alta","pedagogical-content; apostila/módulo; diretório/metadado ENEM; diretório/estrutura"
"src/data/apostilas/taf.js","pedagogical-content","TAF","true","leitura bem-sucedida","","","","Soldado","","2026","","Teste de Aptid[caractere ilegivel]o F[caractere ilegivel]sica","direct-ui-connection","1614dcf17b1c9d6b2c162010210332a0b5d1c484296acaf7c3551efa87f2987f","480833","alta","pedagogical-content; TAF; sem evidência confiável; sem disciplina confiável"
"src/data/apostilas/uso-diferenciado-da-forca-atuacao-policial.js","pedagogical-content","apostila/módulo","true","leitura bem-sucedida","Guarda Municipal","","","","","2026","","for[caractere ilegivel]a como meio excepcional, progressivo, controlado e justific[caractere ilegivel]vel","direct-ui-connection","767a72c5e509f404ba911461394c8c7124ab1fe8dbdca0378be7e22bdc59c856","157985","alta","pedagogical-content; apostila/módulo; nome/sigla GM; sem disciplina confiável"
"src/data/index.js","source-code","arquivo técnico","false","leitura bem-sucedida","","","","","","","","","unknown","ab7e1dec4298ca9abc08a77fbe7228c86dbf863d61928026838782223ca5ff0a","597","média","source-code; arquivo técnico; sem evidência confiável; sem disciplina confiável"
"src/data/mockBiblioteca.js","mock","mock","false","leitura bem-sucedida","","","","","","","","","mock-rendered","9ddc71b6145e6007919adfb4297db6052e49a5df0c7f8c6cca67b684797f4f0c","491","média","mock; mock; sem evidência confiável; sem disciplina confiável"
"src/data/mockFlashcards.js","mock","mock","false","leitura bem-sucedida","","","","","","","","","mock-rendered","e993b5f435f174efaec507ba971fe5186f6be9fdcb839c2f536f2a1bbec9dd18","497","média","mock; mock; sem evidência confiável; sem disciplina confiável"
"src/data/mockLeis.js","mock","mock","false","leitura bem-sucedida","","","","","","1988","","","mock-rendered","53e2485accd8c28085b43aa5b02513a90b2e06a096d768bb21c9df8a1cae03be","6772","média","mock; mock; sem evidência confiável; sem disciplina confiável"
"src/data/mockMapas.js","mock","mock","false","leitura bem-sucedida","","","","","","","","","mock-rendered","550272617dd31548c83abc6fa03e0abc8b64cd78562e9a74890fb76cba606730","419","média","mock; mock; sem evidência confiável; sem disciplina confiável"
"src/data/mockNotificacoes.js","mock","mock","false","leitura bem-sucedida","","","","","","2026","","","mock-rendered","75b560aa9bb96ff574c6218a424380f9f49ef894bdff53a157ba174c11302060","327","média","mock; mock; sem evidência confiável; sem disciplina confiável"
"src/data/mockPlano.js","mock","mock","false","leitura bem-sucedida","","","","","","","","","mock-rendered","2fe2a3d6dd8035d112115ea53c077b9fe2f0f6d2a05d11e2ef23da896f2853c0","563","média","mock; mock; sem evidência confiável; sem disciplina confiável"
"src/data/mockQuestoes.js","mock","mock","false","leitura bem-sucedida","","","","","","2021","","","mock-rendered","1a6c669859f91c41660830ba0cf189b90ac0216807b90c6f1fa164fdb7f24ef2","1418","média","mock; mock; sem evidência confiável; sem disciplina confiável"
"src/data/mockRanking.js","mock","mock","false","leitura bem-sucedida","","","","","","","","","mock-rendered","eb8a49f3ad73f89c3f02fa990f198308e87864bd73cf3eb9f59046c139df0504","286","média","mock; mock; sem evidência confiável; sem disciplina confiável"
"src/data/mockRedacoes.js","mock","mock","false","leitura bem-sucedida","","","","","","2026","","","mock-rendered","7d22648d62a01e7529fb56e20af9c07ec508324f320d0bd6dfa140b4f20ed7d5","488","média","mock; mock; sem evidência confiável; sem disciplina confiável"
"src/data/mockSimulados.js","mock","mock","false","leitura bem-sucedida","","","","","","","","","mock-rendered","ddf7ef397bb4d2d0bc361894b070a2aa0be01d35c44c23f4d32ea6caff1a074f","2630","média","mock; mock; sem evidência confiável; sem disciplina confiável"
"src/data/mockTAF.js","mock","mock","false","leitura bem-sucedida","","","","","","2026","","","mock-rendered","1e89060d6d2ea56ffdcbefcc6a68728d37242ff09cbdb358eb2ba241757fa7df","6687","média","mock; mock; sem evidência confiável; sem disciplina confiável"
"src/data/mockUsers.js","mock","mock","false","leitura bem-sucedida","","","","","","2026","","","mock-rendered","dbe16d7454941bdc64e233e3a707ee707915150ec7f68283756653de1215b303","916","média","mock; mock; sem evidência confiável; sem disciplina confiável"
"src/data/taf_exercicios.json","mock","mock","false","leitura bem-sucedida","","","","","","","","","direct-ui-connection","22757a28cb515cfa98e0530ef05bf25097a39373e49be5373d87f81a2ef0ff21","16759","média","mock; mock; sem evidência confiável; sem disciplina confiável"
"src/forms/AppForms.jsx","source-code","arquivo técnico","false","leitura bem-sucedida","","","","","","","","","unknown","c79ce0fba0e7aa6ae4d2841db149ed9a5db4bcb57fab30878fee209455acdf5b","5888","média","source-code; arquivo técnico; sem evidência confiável; sem disciplina confiável"
"src/forms/index.js","source-code","arquivo técnico","false","leitura bem-sucedida","","","","","","","","","unknown","1dc677941acbe669fde58f440cee0d8ab92a79fc69e7ccad2a56da0d19213ef5","69","média","source-code; arquivo técnico; sem evidência confiável; sem disciplina confiável"
"src/hooks/index.js","source-code","arquivo técnico","false","leitura bem-sucedida","","","","","","","","","unknown","5158b5f910435bfefc006595ae5660a7591088e78899781ffd3862ab442ba4a8","368","média","source-code; arquivo técnico; sem evidência confiável; sem disciplina confiável"
"src/hooks/useAI.js","source-code","arquivo técnico","false","leitura bem-sucedida","","","","","","","","","unknown","d5eb42bf0ff16faabbf5b2265bf7671c24cba896e08260cb3b63900a3d5c2e58","735","média","source-code; arquivo técnico; sem evidência confiável; sem disciplina confiável"
"src/hooks/useAsyncData.js","source-code","arquivo técnico","false","leitura bem-sucedida","","","","","","","","","unknown","9a29a26a2dc17079159c90708c6df016ab0d86c0acc086d004f15aa70af6fb27","654","média","source-code; arquivo técnico; sem evidência confiável; sem disciplina confiável"
"src/hooks/useDebounce.js","source-code","arquivo técnico","false","leitura bem-sucedida","","","","","","","","","unknown","5c2923095eb5fa2e5625aeef3380c79f07e96ee61c0e908b8822fe7e12cd251f","315","média","source-code; arquivo técnico; sem evidência confiável; sem disciplina confiável"
"src/hooks/useLocalStorage.js","source-code","arquivo técnico","false","leitura bem-sucedida","","","","","","","","","unknown","58aeded230f0f69463b13907723ac3a7532843c410cd9af73aae5f2e0bb9b312","611","média","source-code; arquivo técnico; sem evidência confiável; sem disciplina confiável"
"src/hooks/useMediaQuery.js","source-code","arquivo técnico","false","leitura bem-sucedida","","","","","","","","","unknown","a97c8ae20f0b0b612043d825a2c325317782a9dc07dbe4411feeb87b4904f564","490","média","source-code; arquivo técnico; sem evidência confiável; sem disciplina confiável"
"src/hooks/useOnboarding.js","source-code","arquivo técnico","false","leitura bem-sucedida","","","","","","","","","unknown","41bae11d73ebda33d8129bd1bb3d658cc3e2745d6de1bd7d9b6cf5007138960d","851","média","source-code; arquivo técnico; sem evidência confiável; sem disciplina confiável"
"src/hooks/useQuestoes.js","source-code","arquivo técnico","false","leitura bem-sucedida","","","","","","","","","unknown","18d7914c55a792c43e8a2ba43ca94b89db982550c5c5feec8199d58283bc6939","1558","média","source-code; arquivo técnico; sem evidência confiável; sem disciplina confiável"
"src/hooks/useTimer.js","source-code","arquivo técnico","false","leitura bem-sucedida","","","","","","","","","unknown","3b746ce71de06b90b5710f70ac923e4d784ff92c97e481e4e835e619ec1e6be3","1082","média","source-code; arquivo técnico; sem evidência confiável; sem disciplina confiável"
"src/index.css","source-code","arquivo técnico","false","leitura bem-sucedida","","","","","","","","","unknown","1a5fe30ac3503ebfa46b36188fd5d92e569887d82c791b84e19cd4e82d108a16","514300","média","source-code; arquivo técnico; sem evidência confiável; sem disciplina confiável"
"src/landing-light.css","source-code","arquivo técnico","false","leitura bem-sucedida","","","","","","","","","unknown","6d800c0ab9e4219e13aaf8fe427891e980edefd3d031d7f53cbeecb931072b39","112374","média","source-code; arquivo técnico; sem evidência confiável; sem disciplina confiável"
"src/layouts/AppShell.jsx","source-code","arquivo técnico","false","leitura bem-sucedida","","","","","","","","","unknown","2aee9802742b88bd593779711354f5b5d575210bc704f2b889e0daf1286cc6b9","21663","média","source-code; arquivo técnico; sem evidência confiável; sem disciplina confiável"
"src/layouts/index.js","source-code","arquivo técnico","false","leitura bem-sucedida","","","","","","","","","unknown","25b2425ee9947a1aaa5aa7ea213b6d9fbde8e00bc4edf1250494c8c0591a2bd7","80","média","source-code; arquivo técnico; sem evidência confiável; sem disciplina confiável"
"src/layouts/navigation.js","source-code","arquivo técnico","false","leitura bem-sucedida","","","","","","","","","unknown","46d3e5e991f9cb284b19656c54a8f0aa804906620bd669b62a52a5b062ba01e3","1645","média","source-code; arquivo técnico; sem evidência confiável; sem disciplina confiável"
"src/lib/initApp.js","source-code","arquivo técnico","false","leitura bem-sucedida","","","","","","","","","unknown","a85af34baf7fb368e00f31149fa8df8cd06e1ebc731eac3393abf355a3099182","480","média","source-code; arquivo técnico; sem evidência confiável; sem disciplina confiável"
"src/lib/supabase.js","source-code","arquivo técnico","false","leitura bem-sucedida","","","","","","","","","unknown","04e49dbc256100a7e1713353948dae70f4d21c9c8ff109d310928648c259814b","1987","média","source-code; arquivo técnico; sem evidência confiável; sem disciplina confiável"
"src/lib/utils.js","source-code","arquivo técnico","false","leitura bem-sucedida","","","","","","","","","unknown","5ba0ae526d768600bbfb4a4d345c47f6208cb941adbf456de80804a4cf938350","137","média","source-code; arquivo técnico; sem evidência confiável; sem disciplina confiável"
"src/lib/zodConfig.js","source-code","arquivo técnico","false","leitura bem-sucedida","","","","","","","","","unknown","8641262756f2a4de758bb69920049c72e372c1f9d6ff92b921e73daf4ee6abb1","98","média","source-code; arquivo técnico; sem evidência confiável; sem disciplina confiável"
"src/main.jsx","source-code","arquivo técnico","false","leitura bem-sucedida","","","","","","","","","unknown","2f146bc45b75c4d6684ea8fa4e3c7db22c1c3b37895f0122349888e0c47d6f5e","975","média","source-code; arquivo técnico; sem evidência confiável; sem disciplina confiável"
"src/modals/AppModal.jsx","source-code","arquivo técnico","false","leitura bem-sucedida","","","","","","","","","unknown","79512d101cf5fce4597125cd132539721cde8befce0eb60bc24447edfade155f","2980","média","source-code; arquivo técnico; sem evidência confiável; sem disciplina confiável"
"src/modals/index.js","source-code","arquivo técnico","false","leitura bem-sucedida","","","","","","","","","unknown","0a372324a60389b4eeee816ce1c511f0bbca583110b153c88739dc07f3045dd7","50","média","source-code; arquivo técnico; sem evidência confiável; sem disciplina confiável"
"src/pages/Ajuda/index.jsx","source-code","arquivo técnico","false","leitura bem-sucedida","","","","","","","","","unknown","ac212eef58c243cf44991db6f7681c92b2207b4856655e3b1c50d9c0a6e742c0","4125","média","source-code; arquivo técnico; sem evidência confiável; sem disciplina confiável"
"src/pages/AuthCallback.jsx","source-code","arquivo técnico","false","leitura bem-sucedida","","","","","","","","","unknown","3b8c82baa8aaeac5497a9f56deea5cd804e4b9a7eed5d39439e88532f8d23f30","2556","média","source-code; arquivo técnico; sem evidência confiável; sem disciplina confiável"
"src/pages/Biblioteca/ApostilaChapterReader.jsx","source-code","arquivo técnico","false","leitura bem-sucedida","","","","","","","","","unknown","f4b3a48b365ad13d34ce6730615ad85cb60aa54fa7fad687c04d224734e33bbf","31184","média","source-code; arquivo técnico; sem evidência confiável; sem disciplina confiável"
"src/pages/Biblioteca/index.js","source-code","arquivo técnico","false","leitura bem-sucedida","","","","","","","","","unknown","3d1d8d6d5d97d2012dd98e8724dec926056b6ed2a6f73cbbe50bf81af39538d6","86","média","source-code; arquivo técnico; sem evidência confiável; sem disciplina confiável"
"src/pages/Biblioteca/index.jsx","source-code","arquivo técnico","false","leitura bem-sucedida","","","","","","","","","unknown","1755adb010b14bb61c1f181ea80c72b4e63c15f4ff0528f8f32814e1ff90f764","11149","média","source-code; arquivo técnico; sem evidência confiável; sem disciplina confiável"
"src/pages/Biblioteca/MaterialCard.jsx","source-code","arquivo técnico","false","leitura bem-sucedida","","","","","","","","","unknown","094f6c38f854d72c020781b9e055b9234bb6deb334eebf9726e36bb758f86dfd","7714","média","source-code; arquivo técnico; sem evidência confiável; sem disciplina confiável"
"src/pages/CadernoErros/index.js","source-code","arquivo técnico","false","leitura bem-sucedida","","","","","","","","","unknown","70aa147f0b6123c854d31500c9cd83f16fabdd02dca8fc77d93c6254bad299bf","39","média","source-code; arquivo técnico; sem evidência confiável; sem disciplina confiável"
"src/pages/CadernoErros/index.jsx","source-code","arquivo técnico","false","leitura bem-sucedida","","","","","","","","","unknown","86aa3efb9675c4cab469c0067c872acbddd6c324aaa53ad3587c20e42dfcc37b","9064","média","source-code; arquivo técnico; sem evidência confiável; sem disciplina confiável"
"src/pages/Checkout/CardBrick.jsx","source-code","arquivo técnico","false","leitura bem-sucedida","","","","","","","","","unknown","e4967e644657d94bfacdba9dc0ead2bae65ca5ae45862667707e6a8cea9c520e","6147","média","source-code; arquivo técnico; sem evidência confiável; sem disciplina confiável"
"src/pages/Checkout/index.jsx","source-code","arquivo técnico","false","leitura bem-sucedida","","","","","","","","","unknown","825ca3fd8a36b4cbceda748c1ed8a8948b873e4e0551c9138c838493ef02fc70","19787","média","source-code; arquivo técnico; sem evidência confiável; sem disciplina confiável"
"src/pages/Checkout/PixPanel.jsx","source-code","arquivo técnico","false","leitura bem-sucedida","","","","","","","","","unknown","7fecbfa42e525842a2c439d1bb2f083b02dac39da7f580292d4a1233aede728b","5894","média","source-code; arquivo técnico; sem evidência confiável; sem disciplina confiável"
"src/pages/Dashboard/index.js","source-code","arquivo técnico","false","leitura bem-sucedida","","","","","","","","","unknown","70aa147f0b6123c854d31500c9cd83f16fabdd02dca8fc77d93c6254bad299bf","39","média","source-code; arquivo técnico; sem evidência confiável; sem disciplina confiável"
"src/pages/Dashboard/index.jsx","source-code","arquivo técnico","false","leitura bem-sucedida","","","","","","","","","unknown","f5f2780411207c7e280d84f8e58c44233a62e68470cb58acecfd98d3891caf3a","26529","média","source-code; arquivo técnico; sem evidência confiável; sem disciplina confiável"
"src/pages/Flashcards/DeckCard.jsx","source-code","arquivo técnico","false","leitura bem-sucedida","","","","","","","","","unknown","ece10495322e7664844900880d364bae45baa0bb2fcdcfd9fdf362db6b56bcb1","806","média","source-code; arquivo técnico; sem evidência confiável; sem disciplina confiável"
"src/pages/Flashcards/index.js","source-code","arquivo técnico","false","leitura bem-sucedida","","","","","","","","","unknown","38e798d7522bac7d05d141146ed1905f271c9d0946aa4676fde1938f77d15fc7","78","média","source-code; arquivo técnico; sem evidência confiável; sem disciplina confiável"
"src/pages/Flashcards/index.jsx","source-code","arquivo técnico","false","leitura bem-sucedida","","","","","","","","","unknown","7b1858a54e9629fcef5dcdb4e3c21a4e09a8dd6d9152639305dfc31954cd3f9c","16302","média","source-code; arquivo técnico; sem evidência confiável; sem disciplina confiável"
"src/pages/ForgotPassword.jsx","source-code","arquivo técnico","false","leitura bem-sucedida","","","","","","","Informática","","unknown","edd65bebfe4a1bb589b72e44baeeb7cb3a1b851708045ac9e5e59c90ededcb0b","388","média","source-code; arquivo técnico; sem evidência confiável; diretório/estrutura"
"src/pages/Home.jsx","source-code","arquivo técnico","false","leitura bem-sucedida","","","","","","","","","unknown","7e869bc72ec2ac8db679dabb00f5b64165958f1f8e9c930b8552d5e135466f45","7458","média","source-code; arquivo técnico; sem evidência confiável; sem disciplina confiável"
"src/pages/IA/index.js","source-code","arquivo técnico","false","leitura bem-sucedida","","","","","","","","","unknown","70aa147f0b6123c854d31500c9cd83f16fabdd02dca8fc77d93c6254bad299bf","39","média","source-code; arquivo técnico; sem evidência confiável; sem disciplina confiável"
"src/pages/IA/index.jsx","source-code","arquivo técnico","false","leitura bem-sucedida","","","","","","","","","unknown","ece75a31e198534764e2baf65131bd508553f6c155b911743a2ca72d09a977cb","1521","média","source-code; arquivo técnico; sem evidência confiável; sem disciplina confiável"
"src/pages/index.js","source-code","arquivo técnico","false","leitura bem-sucedida","","","","","","","","","unknown","6ca6ad06a1bb2c4b757d1fd1a49481a95075c991bdb01ac63e8b2475614c3785","842","média","source-code; arquivo técnico; sem evidência confiável; sem disciplina confiável"
"src/pages/InternalApp.jsx","source-code","arquivo técnico","false","leitura bem-sucedida","","","","","","","","","unknown","1d5d6857ad3675b04578a579ece01f0cfb2dbc388ef2c249740262dbf1b89db1","10217","média","source-code; arquivo técnico; sem evidência confiável; sem disciplina confiável"
"src/pages/LeisSecas/index.js","source-code","arquivo técnico","false","leitura bem-sucedida","","","","","","","","","unknown","70aa147f0b6123c854d31500c9cd83f16fabdd02dca8fc77d93c6254bad299bf","39","média","source-code; arquivo técnico; sem evidência confiável; sem disciplina confiável"
"src/pages/LeisSecas/index.jsx","source-code","arquivo técnico","false","leitura bem-sucedida","","","","","","","","","unknown","8d02e45f3299ee422ccc11a23a401186bc2d96ea905839977480528c9b24a3c1","28247","média","source-code; arquivo técnico; sem evidência confiável; sem disciplina confiável"
"src/pages/Login.jsx","source-code","arquivo técnico","false","leitura bem-sucedida","","","","","","","","","unknown","1e27e186fd66822a135b5a8c684e9a03246e8d6484e7e862586b7047d828bc16","544","média","source-code; arquivo técnico; sem evidência confiável; sem disciplina confiável"
"src/pages/MapasMentais/index.js","source-code","arquivo técnico","false","leitura bem-sucedida","","","","","","","","","unknown","70aa147f0b6123c854d31500c9cd83f16fabdd02dca8fc77d93c6254bad299bf","39","média","source-code; arquivo técnico; sem evidência confiável; sem disciplina confiável"
"src/pages/MapasMentais/index.jsx","source-code","arquivo técnico","false","leitura bem-sucedida","","","","","","2026","","","unknown","c53d0d63750f99d88b89bddb1f4e12d20621a26f200e44997b2393f1963abb06","50024","média","source-code; arquivo técnico; sem evidência confiável; sem disciplina confiável"
"src/pages/Militar/index.jsx","source-code","arquivo técnico","false","leitura bem-sucedida","","","","","","","","","unknown","97834f7cff06703df238e3ac983db590ce4d457e3f0e1667fe2f63d9f3c02544","11291","média","source-code; arquivo técnico; sem evidência confiável; sem disciplina confiável"
"src/pages/OAB/index.jsx","source-code","arquivo técnico","false","leitura bem-sucedida","OAB","OAB/FGV","","","","2010","","","unknown","b5a4107eda8829fc9fc5336ba6757900c6c728e84327cde3597d64ef30bf387d","19675","média","source-code; arquivo técnico; diretório/metadado OAB; sem disciplina confiável"
"src/pages/Onboarding.jsx","source-code","arquivo técnico","false","leitura bem-sucedida","","","","","","","","","unknown","0f8e1f0205628aab10d41beb393977ae7ba6137c4b0dd2cfcd2f243d03459e80","26580","média","source-code; arquivo técnico; sem evidência confiável; sem disciplina confiável"
"src/pages/Perfil/index.js","source-code","arquivo técnico","false","leitura bem-sucedida","","","","","","","","","unknown","70aa147f0b6123c854d31500c9cd83f16fabdd02dca8fc77d93c6254bad299bf","39","média","source-code; arquivo técnico; sem evidência confiável; sem disciplina confiável"
"src/pages/Perfil/index.jsx","source-code","arquivo técnico","false","leitura bem-sucedida","","","","","","","","","unknown","f76db09914cde58243d5c489639e90333cc92df539b7876fa088524e13a041cc","21363","média","source-code; arquivo técnico; sem evidência confiável; sem disciplina confiável"
"src/pages/Plano/index.js","source-code","arquivo técnico","false","leitura bem-sucedida","","","","","","","","","unknown","70aa147f0b6123c854d31500c9cd83f16fabdd02dca8fc77d93c6254bad299bf","39","média","source-code; arquivo técnico; sem evidência confiável; sem disciplina confiável"
"src/pages/Plano/index.jsx","source-code","arquivo técnico","false","leitura bem-sucedida","","","","","","","","","unknown","bc5e266ec2949b411394a63bd672b8cbde6b7df264cdc8716611a18bad65c9c7","51244","média","source-code; arquivo técnico; sem evidência confiável; sem disciplina confiável"
"src/pages/Questoes/index.js","source-code","arquivo técnico","false","leitura bem-sucedida","","","","","","","","","unknown","811f5be3d15149d20a6b74513d84157bd98056a6644bc0a2e81914e417022dc0","86","média","source-code; arquivo técnico; sem evidência confiável; sem disciplina confiável"
"src/pages/Questoes/index.jsx","source-code","arquivo técnico","false","leitura bem-sucedida","","","","","","","","","unknown","d87755c27dd0698176ddf82b133d5b159391c679ffefb76b66688993ee665fed","19417","média","source-code; arquivo técnico; sem evidência confiável; sem disciplina confiável"
"src/pages/Questoes/QuestionCard.jsx","source-code","arquivo técnico","false","leitura bem-sucedida","","","","","","","","","unknown","5898ea18dbf57ca368a8fbd1fc163f19bd28e832b748a0099ba6eca49855ea20","7323","média","source-code; arquivo técnico; sem evidência confiável; sem disciplina confiável"
"src/pages/Redacao/index.js","source-code","arquivo técnico","false","leitura bem-sucedida","","","","","","","Redação","","unknown","70aa147f0b6123c854d31500c9cd83f16fabdd02dca8fc77d93c6254bad299bf","39","média","source-code; arquivo técnico; sem evidência confiável; diretório/estrutura"
"src/pages/Redacao/index.jsx","source-code","arquivo técnico","false","leitura bem-sucedida","","","","","","","Redação","","unknown","b5fac85d84e42bcf4bdbc2f4f47b09ea87b8c6c90deb3c585a95da0dec327b15","2712","média","source-code; arquivo técnico; sem evidência confiável; diretório/estrutura"
"src/pages/Register.jsx","source-code","arquivo técnico","false","leitura bem-sucedida","","","","","","","","","unknown","ab0128e48ba656693b686b8b9a82ba6a7c5fa02daa92438ae185769224b773bb","356","média","source-code; arquivo técnico; sem evidência confiável; sem disciplina confiável"
"src/pages/ResetPassword.jsx","source-code","arquivo técnico","false","leitura bem-sucedida","","","","","","","Informática","","unknown","975928197763bc7225abe13062e30812d0e984f7ab0f74b8f51ff115c29a9b25","4325","média","source-code; arquivo técnico; sem evidência confiável; diretório/estrutura"
"src/pages/Revisao/index.js","source-code","arquivo técnico","false","leitura bem-sucedida","","","","","","","","","unknown","70aa147f0b6123c854d31500c9cd83f16fabdd02dca8fc77d93c6254bad299bf","39","média","source-code; arquivo técnico; sem evidência confiável; sem disciplina confiável"
"src/pages/Revisao/index.jsx","source-code","arquivo técnico","false","leitura bem-sucedida","","","","","","","","","unknown","b6033b259ed4abf4c5aa7cb4269b7829ad0fa7fcde49e133a734459c18f921d4","10654","média","source-code; arquivo técnico; sem evidência confiável; sem disciplina confiável"
"src/pages/Simulados/index.js","source-code","arquivo técnico","false","leitura bem-sucedida","","","","","","","","","unknown","70aa147f0b6123c854d31500c9cd83f16fabdd02dca8fc77d93c6254bad299bf","39","média","source-code; arquivo técnico; sem evidência confiável; sem disciplina confiável"
"src/pages/Simulados/index.jsx","source-code","arquivo técnico","false","leitura bem-sucedida","","","","","","","","","unknown","447610ea2a8a406957b6a33799a93ad2cfa064f4b7a21a24a1347eb905a8856f","12556","média","source-code; arquivo técnico; sem evidência confiável; sem disciplina confiável"
"src/pages/TAF/index.js","source-code","arquivo técnico","false","leitura bem-sucedida","","","","","","","","","unknown","70aa147f0b6123c854d31500c9cd83f16fabdd02dca8fc77d93c6254bad299bf","39","média","source-code; arquivo técnico; sem evidência confiável; sem disciplina confiável"
"src/pages/TAF/index.jsx","source-code","arquivo técnico","false","leitura bem-sucedida","","","","","","","","","unknown","02a1a60b0ac55efef81005bf196d87857ab593fc85382b14a4e1927d86622b97","23139","média","source-code; arquivo técnico; sem evidência confiável; sem disciplina confiável"
"src/pages/UnifiedApp.jsx","source-code","arquivo técnico","false","leitura bem-sucedida","","","","","","","","","unknown","7b9b777b6a21aed04732a7a80f3012e9c67ce88354a679d83ec286ce03e61876","1198","média","source-code; arquivo técnico; sem evidência confiável; sem disciplina confiável"
"src/registry/magicui/animated-list.jsx","source-code","arquivo técnico","false","leitura bem-sucedida","","","","","","","","","unknown","a2c57806e00a71f85a3c6e9d9bd75666894c613d119fc4c25c5034b80eb2375b","80","média","source-code; arquivo técnico; sem evidência confiável; sem disciplina confiável"
"src/registry/magicui/hero-video-dialog.jsx","source-code","arquivo técnico","false","leitura bem-sucedida","","","","","","","","","unknown","260f9d302b1f1fc95732161a1b8ae289022c3c3d962db862db6b36782f1ac0c8","4523","média","source-code; arquivo técnico; sem evidência confiável; sem disciplina confiável"
"src/registry/magicui/iphone.jsx","source-code","arquivo técnico","false","leitura bem-sucedida","","","","","","","","","unknown","63ff1bb591a9248a94d6c0a27075b610b7b207c30e65b01052547650121dcf24","2565","média","source-code; arquivo técnico; sem evidência confiável; sem disciplina confiável"
"src/registry/magicui/safari.jsx","source-code","arquivo técnico","false","leitura bem-sucedida","","","","","","","","","unknown","5bce010966153a46b581a4f492a915150143c3de99dcd38bb71af99c5900715a","598","média","source-code; arquivo técnico; sem evidência confiável; sem disciplina confiável"
"src/services/adminService.js","source-code","arquivo técnico","false","leitura bem-sucedida","","","","","","","","","unknown","042a69aee4a644ab3a94f6b50500fb2765b85ba147e6b050abbf83103abf8a32","2608","média","source-code; arquivo técnico; sem evidência confiável; sem disciplina confiável"
"src/services/aiService.js","source-code","arquivo técnico","false","leitura bem-sucedida","","","","","","","","","unknown","2a3e7ff0977369fbd1ad291e581761c537624acb6acd7e22c742f496b0635e17","11715","média","source-code; arquivo técnico; sem evidência confiável; sem disciplina confiável"
"src/services/bibliotecaService.js","source-code","arquivo técnico","false","leitura bem-sucedida","","","","","","2010","","","unknown","854a9174afba28f83a1f8313b5e24789cde9efac6b39716c3f5e0b1514fecc9d","3525","média","source-code; arquivo técnico; sem evidência confiável; sem disciplina confiável"
"src/services/contentAccessService.js","source-code","arquivo técnico","false","leitura bem-sucedida","","","","","","","","","unknown","d1ad8b6427fc279dc306cef1d74a2ccd0cd6d42977fdb685a8cf676eae6fa2e7","1295","média","source-code; arquivo técnico; sem evidência confiável; sem disciplina confiável"
"src/services/flashcardsService.js","source-code","arquivo técnico","false","leitura bem-sucedida","","","","","","","","","unknown","2614018465e8e0de5283acd3cdd2a4a9b40fbf993cc0e702f32fa7fe18bbcb8d","7441","média","source-code; arquivo técnico; sem evidência confiável; sem disciplina confiável"
"src/services/index.js","source-code","arquivo técnico","false","leitura bem-sucedida","","","","","","","","","unknown","b6f663bd7536be8679fe9ca94277416dfc81403978d59f6813d8a76f2751ea4e","804","média","source-code; arquivo técnico; sem evidência confiável; sem disciplina confiável"
"src/services/leisService.js","source-code","arquivo técnico","false","leitura bem-sucedida","","","","","","","","","unknown","81b7b247fa54bab8caed2fa118ae20f096ede59264ad495b01c42b687462bae4","12540","média","source-code; arquivo técnico; sem evidência confiável; sem disciplina confiável"
"src/services/militarService.js","source-code","arquivo técnico","false","leitura bem-sucedida","","","","","","","","","unknown","57dbcea128f16e24eab62b1596dd79eb902965a981ba8d83bbf41f84d5f2a497","4594","média","source-code; arquivo técnico; sem evidência confiável; sem disciplina confiável"
"src/services/miscService.js","source-code","arquivo técnico","false","leitura bem-sucedida","","","","","","2026","","","unknown","01e9c49898f24d39443df060753eecd724ce26877675d35fa692d0ad42edc3c1","3505","média","source-code; arquivo técnico; sem evidência confiável; sem disciplina confiável"
"src/services/oabService.js","source-code","arquivo técnico","false","leitura bem-sucedida","OAB","OAB/FGV","","","","2010","","","unknown","c2b3e238aa6a02f550d6dc5e82c3de20046e5c2b951e5428a8defc3fdecc476b","12707","média","source-code; arquivo técnico; diretório/metadado OAB; sem disciplina confiável"
"src/services/paymentService.js","source-code","arquivo técnico","false","leitura bem-sucedida","Tribunais","","","","","","","","unknown","fd22ba8b7d2003009e874069bfe1376fe1939bd414f3c63d72383f7fccccd51e","6815","média","source-code; arquivo técnico; termos de tribunais; sem disciplina confiável"
"src/services/planoService.js","source-code","arquivo técnico","false","leitura bem-sucedida","","","","","","","","","unknown","686ff91b7244cc4082a1fcf16ae93684bf9d68a8a78661f6ffd0294290289181","12773","média","source-code; arquivo técnico; sem evidência confiável; sem disciplina confiável"
"src/services/questoesService.js","source-code","arquivo técnico","false","leitura bem-sucedida","","","","","","2000","","","unknown","9b742616cb061f799a013d9c24d2ee8d5c8dec16d524baea90204777785a90eb","39734","média","source-code; arquivo técnico; sem evidência confiável; sem disciplina confiável"
"src/services/redacaoService.js","source-code","arquivo técnico","false","leitura bem-sucedida","","","","","","","Redação","","unknown","70721ba393ce02ecc13aac81ec2dce574793f14b329c3958447ef32b763a0c21","1227","média","source-code; arquivo técnico; sem evidência confiável; diretório/estrutura"
"src/services/revisaoService.js","source-code","arquivo técnico","false","leitura bem-sucedida","","","","","","","","","unknown","a6ed0d7475f9f0bc82c6aeebf88d90ca5e37c26339d462cf4c386c09ab8eac8e","8445","média","source-code; arquivo técnico; sem evidência confiável; sem disciplina confiável"
"src/services/simuladosService.js","source-code","arquivo técnico","false","leitura bem-sucedida","","","","","","","","","unknown","e667881d68626ac7084b9bea85fe7ee0a65ef5a77f751c3396a47fb1a99b75b7","4798","média","source-code; arquivo técnico; sem evidência confiável; sem disciplina confiável"
"src/services/tafService.js","source-code","arquivo técnico","false","leitura bem-sucedida","","","","","","2000","","","unknown","d49f44649aecd360e34c294b126aa9cc87f097ea2dde8e6a8eb9d1c945f90bbf","5382","média","source-code; arquivo técnico; sem evidência confiável; sem disciplina confiável"
"src/stores/index.js","source-code","arquivo técnico","false","leitura bem-sucedida","","","","","","2021","","","unknown","42f1ef17b17ed3fe24d5c51b8f3bd9bf6ed1e641526ecd2abaa94097d132b631","34765","média","source-code; arquivo técnico; sem evidência confiável; sem disciplina confiável"
"src/tables/DataTable.jsx","source-code","arquivo técnico","false","leitura bem-sucedida","","","","","","","","","unknown","cc0bd927c2c04d6ca929bc8791ccd0462f16634f73ec181f25eddf35c4f0c0ee","1760","média","source-code; arquivo técnico; sem evidência confiável; sem disciplina confiável"
"src/tables/index.js","source-code","arquivo técnico","false","leitura bem-sucedida","","","","","","","","","unknown","4754a4832ffd6d23c5674cbec7ba0c2462c0aa77bcf3ffbd3800a72a0a0913b7","55","média","source-code; arquivo técnico; sem evidência confiável; sem disciplina confiável"
"src/tours/ajudaTour.js","source-code","arquivo técnico","false","leitura bem-sucedida","","","","","","","","","unknown","56df4c02719730c1a55a960067ccd5e28c14be58264821a45b90550e9e75b4ab","569","média","source-code; arquivo técnico; sem evidência confiável; sem disciplina confiável"
"src/tours/appTour.js","source-code","arquivo técnico","false","leitura bem-sucedida","","","","","","","","","unknown","acb453c3aa8e491a7f6d7ca075284f986d95d5d47c12411c8a1cc1325313501c","1233","média","source-code; arquivo técnico; sem evidência confiável; sem disciplina confiável"
"src/tours/aprovinhoTour.js","source-code","arquivo técnico","false","leitura bem-sucedida","","","","","","","","","unknown","ada0f01171f0412e7dcdb3d1ac39d79a7fcd6b603d0b10b245da82df32e7527a","639","média","source-code; arquivo técnico; sem evidência confiável; sem disciplina confiável"
"src/tours/dashboardTour.js","source-code","arquivo técnico","false","leitura bem-sucedida","","","","","","","","","unknown","603774405285ded269ea19c579384c8c4989dbf3e09b2aaa71ed0cfd70221017","1013","média","source-code; arquivo técnico; sem evidência confiável; sem disciplina confiável"
"src/tours/flashcardsTour.js","source-code","arquivo técnico","false","leitura bem-sucedida","","","","","","","","","unknown","9361d6e4fcddf96ba1595ce51d24076127d3b21ec0bd45f4c8adac0be46491c7","930","média","source-code; arquivo técnico; sem evidência confiável; sem disciplina confiável"
"src/tours/leisTour.js","source-code","arquivo técnico","false","leitura bem-sucedida","","","","","","","","","unknown","ca113ef11edb805d0d668969c5ceb8f5b6949890e92ec8e8059ca30d06262aa4","881","média","source-code; arquivo técnico; sem evidência confiável; sem disciplina confiável"
"src/tours/mapasTour.js","source-code","arquivo técnico","false","leitura bem-sucedida","","","","","","","","","unknown","ec9fffef5b6e70a07e3869ba83be17bb1d0a9a7b72c3c6a0afbf68adf803aec8","841","média","source-code; arquivo técnico; sem evidência confiável; sem disciplina confiável"
"src/tours/onboardingManager.js","source-code","arquivo técnico","false","leitura bem-sucedida","","","","","","","","","unknown","932f6d0843f44cc6e2152d5c7f1b163f7acfe5fd65b1768fbbc0857786913b22","6884","média","source-code; arquivo técnico; sem evidência confiável; sem disciplina confiável"
"src/tours/perfilTour.js","source-code","arquivo técnico","false","leitura bem-sucedida","","","","","","","","","unknown","ed32ffe301c6daeeb90dcebb7e110ccb2c54987ba5bd88628ff3fd134905f663","908","média","source-code; arquivo técnico; sem evidência confiável; sem disciplina confiável"
"src/tours/questoesTour.js","source-code","arquivo técnico","false","leitura bem-sucedida","","","","","","","","","unknown","bee9ad9f9e8c8695accfe52da86010548ecfc7a511b9a40e5936f56b7e6388ac","1020","média","source-code; arquivo técnico; sem evidência confiável; sem disciplina confiável"
"src/tours/redacaoTour.js","source-code","arquivo técnico","false","leitura bem-sucedida","","","","","","","Redação","","unknown","2f4a2c0cf2262a7e969a1de2b01e7d8913a1df3ae65e2794036365bc0fd702bc","745","média","source-code; arquivo técnico; sem evidência confiável; diretório/estrutura"
"src/tours/simuladosTour.js","source-code","arquivo técnico","false","leitura bem-sucedida","","","","","","","","","unknown","8673dc6bb376c7eacb856792ef73487d3dd6903da51ceca5be31a9011481500f","778","média","source-code; arquivo técnico; sem evidência confiável; sem disciplina confiável"
"src/tours/studiesTour.js","source-code","arquivo técnico","false","leitura bem-sucedida","","","","","","","","","unknown","a79dea80b93717a2ec9242eea24f667374f178973506aeae07ff616658dc277e","1131","média","source-code; arquivo técnico; sem evidência confiável; sem disciplina confiável"
"src/tours/tourUtils.js","source-code","arquivo técnico","false","leitura bem-sucedida","","","","","","","","","unknown","b809f373e28b70ebebaa977b66e713d83b626ff2a14b43e563456300a63d6614","667","média","source-code; arquivo técnico; sem evidência confiável; sem disciplina confiável"
"src/utils/calculators.js","source-code","arquivo técnico","false","leitura bem-sucedida","","","","","","","","","unknown","f4dbbd821f3bd421d041283a04fe269ebde04132a9a5a07d90bde1dc61e5823a","675","média","source-code; arquivo técnico; sem evidência confiável; sem disciplina confiável"
"src/utils/formatters.js","source-code","arquivo técnico","false","leitura bem-sucedida","","","","","","","","","unknown","85c71dc3b22e2d4e34ae7908a1e2bab672214d62f58efc754739e90ce766cfa8","407","média","source-code; arquivo técnico; sem evidência confiável; sem disciplina confiável"
"src/utils/index.js","source-code","arquivo técnico","false","leitura bem-sucedida","","","","","","","","","unknown","b82dfab4b29a41da6346da2c068ab994159e1caeee7f87a7cd884ac55b2b2358","246","média","source-code; arquivo técnico; sem evidência confiável; sem disciplina confiável"
"src/utils/textEncoding.js","source-code","arquivo técnico","false","leitura bem-sucedida","","","","","","","","","unknown","a960661111fb8406115cc1448a2b25faf0eed5aad406432f0e20e282ac5ac146","2390","média","source-code; arquivo técnico; sem evidência confiável; sem disciplina confiável"
"public/aprova-demo.mp4","visual-asset","asset visual","false","somente inventariado","","","","","","","","","unknown","5b02d4fab00b63d2e25c071da0daf63ccc68413bea2d136db7e1757f1a7693b6","10589176","média","visual-asset; asset visual; sem evidência confiável; sem disciplina confiável"
"public/aprova-logo-dark.svg","visual-asset","logo/asset visual","false","leitura bem-sucedida","","","","","","2000","","","unknown","8bfb163669e2c6c4c5b5fbfcc0b6a910a10b3282d34c7770febf9d0bcc4fc08d","369","média","visual-asset; logo/asset visual; sem evidência confiável; sem disciplina confiável"
"public/aprova-logo-light.svg","visual-asset","logo/asset visual","false","leitura bem-sucedida","","","","","","2000","","","unknown","afa7cf9abf8cc2df415afd148e60c517dabc84ddbf9aa10863c4dfcb7007dd8b","363","média","visual-asset; logo/asset visual; sem evidência confiável; sem disciplina confiável"
"public/brand/vemaprovar-logo-color.png","visual-asset","logo/asset visual","false","somente inventariado","","","","","","","","","unknown","9e24f94ce4e939e5d1582ab68d90779c44cf15c67b91b298c6297bea713878f2","13772","média","visual-asset; logo/asset visual; sem evidência confiável; sem disciplina confiável"
"public/brand/vemaprovar-logo-white.png","visual-asset","logo/asset visual","false","somente inventariado","","","","","","","","","unknown","309f99e90494ee5bcad0a6827c30a173e2b8635a2b8971bad6a0f9da4e69118b","192331","média","visual-asset; logo/asset visual; sem evidência confiável; sem disciplina confiável"
"public/brand/vemaprovar-monograma-white.png","visual-asset","logo/asset visual","false","somente inventariado","","","","","","","","","unknown","6878aaaf9d025cef20f2bdbf283aeff3dd73fa11bba6080821ed5870c3ce22f7","82139","média","visual-asset; logo/asset visual; sem evidência confiável; sem disciplina confiável"
"public/brand/vemaprovar-monograma.png","visual-asset","logo/asset visual","false","somente inventariado","","","","","","","","","unknown","c87e75e67b0c53dfa27fe169485c6c900312c59769dae3e71708eeecc4671004","161674","média","visual-asset; logo/asset visual; sem evidência confiável; sem disciplina confiável"
"public/branding/icon-192.png","visual-asset","logo/asset visual","false","somente inventariado","","","","","","","","","unknown","cc979113b34717903374a0bc20c83da131f5d187b1f032d29bb7ef2571ac5084","16648","média","visual-asset; logo/asset visual; sem evidência confiável; sem disciplina confiável"
"public/branding/icon-512-maskable.png","visual-asset","logo/asset visual","false","somente inventariado","","","","","","","","","unknown","4eb5b745557f3f405e34c4801dac9ad858331fe7af153b41c8a0a49e07bd73b0","62722","média","visual-asset; logo/asset visual; sem evidência confiável; sem disciplina confiável"
"public/branding/icon-512.png","visual-asset","logo/asset visual","false","somente inventariado","","","","","","","","","unknown","a9d40233ef59283395d5b258bd22014640ad1c4f813c737eb710fa8da3358c7b","70593","média","visual-asset; logo/asset visual; sem evidência confiável; sem disciplina confiável"
"public/branding/vemaprovar-logo-completa.png","visual-asset","logo/asset visual","false","somente inventariado","","","","","","","","","unknown","feeeab69ad0b11939a0ab13460f4e1a5c2ea70034c96831b0f2ea00a82029e3b","366313","média","visual-asset; logo/asset visual; sem evidência confiável; sem disciplina confiável"
"public/branding/vemaprovar-logo-sem-slogan.png","visual-asset","logo/asset visual","false","somente inventariado","","","","","","","","","unknown","10bf6ebbdfad4da34d446e142729bb345736daf9416fb04ed9869b13601a6bff","157341","média","visual-asset; logo/asset visual; sem evidência confiável; sem disciplina confiável"
"public/branding/vemaprovar-simbolo-va.png","visual-asset","logo/asset visual","false","somente inventariado","","","","","","","","","unknown","bde37828fe62df97fa56fafa0d9d9b8a5ffddbe15713ab81892dc2479ebac4f2","84864","média","visual-asset; logo/asset visual; sem evidência confiável; sem disciplina confiável"
"public/favicon.png","visual-asset","logo/asset visual","false","somente inventariado","","","","","","","","","unknown","bd56654c985588940b7719b55e590bc04231502ac324b31f8b954e7cffe6a077","1805","média","visual-asset; logo/asset visual; sem evidência confiável; sem disciplina confiável"
"public/favicon.svg","visual-asset","logo/asset visual","false","leitura bem-sucedida","","","","","","2000","","","unknown","d6b14f1aed61164f6491f769a5882a894513654e299b39aebcbd6634a800231d","285","média","visual-asset; logo/asset visual; sem evidência confiável; sem disciplina confiável"
"public/icons.svg","visual-asset","logo/asset visual","false","leitura bem-sucedida","","","","","","2000","","","unknown","b45fa506195cfcdef406ba9f0c77b36ddc1a7c224040926ec70abc2fdea7b93a","5031","média","visual-asset; logo/asset visual; sem evidência confiável; sem disciplina confiável"
"public/logo-light-readable.svg","visual-asset","logo/asset visual","false","leitura bem-sucedida","","","","","","2000","","","unknown","afa7cf9abf8cc2df415afd148e60c517dabc84ddbf9aa10863c4dfcb7007dd8b","363","média","visual-asset; logo/asset visual; sem evidência confiável; sem disciplina confiável"
"public/logos/concursos/cbm-mt.png","visual-asset","logo/asset visual","false","somente inventariado","Corpo de Bombeiros","","","","","","","","unknown","390681e2b9480ec8de3f53b69d2621f949458d38cff39451f5a5682c60f80304","983289","média","visual-asset; logo/asset visual; sigla/instituição CBM; sem disciplina confiável"
"public/logos/concursos/oab.png","visual-asset","logo/asset visual","false","somente inventariado","OAB","OAB/FGV","","","","","","","unknown","053f04133a53b57ae5c6560bebbc9ba892cdfed33ae13347d6170dfcff853f03","34687","média","visual-asset; logo/asset visual; diretório/metadado OAB; sem disciplina confiável"
"public/logos/concursos/pc-ma.png","visual-asset","logo/asset visual","false","somente inventariado","Polícia Civil","","","","","","","","unknown","647161baa6a360cd3f220313be6671228c08f6fe3f6edcc0daf4279ee55be075","29845","média","visual-asset; logo/asset visual; sigla/cargo policial civil; sem disciplina confiável"
"public/logos/concursos/pm-ma.png","visual-asset","logo/asset visual","false","somente inventariado","Polícia Militar","PMMA","","","","","","","unknown","e4462e59ca72efc173b0031628c52b1fec9f10bca0e439a7070764bbd89fd890","156241","média","visual-asset; logo/asset visual; sigla/instituição PMMA; sem disciplina confiável"
"public/logos/concursos/policia-penal.png","visual-asset","logo/asset visual","false","somente inventariado","","","","","","","Direito Penal","","unknown","8e9801e1dd5bc15825a27f290126ca107e82a0cfff6be6d662497e5d31816238","56954","média","visual-asset; logo/asset visual; sem evidência confiável; diretório/estrutura"
"public/logos/concursos/prf.png","visual-asset","logo/asset visual","false","somente inventariado","PRF","PRF","","","","","","","unknown","901ad7135749bdd3db8f2cfd45a85d4472ac9e94e9219b902bf849a0921f1544","28280","média","visual-asset; logo/asset visual; sigla PRF; sem disciplina confiável"
"public/manifest.mobile.webmanifest","configuration","configuração","false","leitura bem-sucedida","","","","","","","","","unknown","9f6b08341a6a028d46845f564198bf7ba8ab1a38fe379e82f863bf69b0e97c6f","975","média","configuration; configuração; sem evidência confiável; sem disciplina confiável"
"public/manifest.webmanifest","configuration","configuração","false","leitura bem-sucedida","","","","","","","","","unknown","ec38b0b17d2e4dd2a7b6bb23b6ceb7e2e7923f1feb6a768eda56c0a7982b1852","992","média","configuration; configuração; sem evidência confiável; sem disciplina confiável"
"public/og-image.png","visual-asset","asset visual","false","somente inventariado","","","","","","","","","unknown","afce55ad55f28e9cd0bbc9556bef78d970e0e23008637ad393fc3a2a025cfb80","158783","média","visual-asset; asset visual; sem evidência confiável; sem disciplina confiável"
"public/pwa/apple-touch-icon.png","visual-asset","logo/asset visual","false","somente inventariado","","","","","","","","","unknown","410869ce49b2d454d2a4056eca6409aaa24cf4156fecac68763bed055dc1f5da","5937","média","visual-asset; logo/asset visual; sem evidência confiável; sem disciplina confiável"
"public/pwa/pwa-192.png","visual-asset","asset visual","false","somente inventariado","","","","","","","","","unknown","d77f781548066d6c50a17904fa760cab29dc42dd69ce3a12f82d62ab68369f08","6443","média","visual-asset; asset visual; sem evidência confiável; sem disciplina confiável"
"public/pwa/pwa-512.png","visual-asset","asset visual","false","somente inventariado","","","","","","","","","unknown","6f474e6cdf24e9345e698d1adc1a8916c987bc81bc628ff866859ebd608fea89","25907","média","visual-asset; asset visual; sem evidência confiável; sem disciplina confiável"
"public/screenshots/iphone-landing-reference.png","visual-asset","asset visual","false","somente inventariado","","","","","","","","","unknown","e82bc19ab2224d4fb54996a8024f9ac904188b393d6c7a2dd557fd752c9ab46e","681936","média","visual-asset; asset visual; sem evidência confiável; sem disciplina confiável"
"public/screenshots/mobile-site.svg","visual-asset","asset visual","false","leitura bem-sucedida","","","","","","2000","","","unknown","3ab950583d4f8812e4a3c750449a4a58f3f24a08668b9b466a766fcd321b1516","3967","média","visual-asset; asset visual; sem evidência confiável; sem disciplina confiável"
"public/splash/android/android-1080x1920.png","visual-asset","asset visual","false","somente inventariado","","","","","","","","","unknown","8935542aad22ed6ddf1d14c587343c4a87cd7cb55cf41ec14b526402a896623c","1410068","média","visual-asset; asset visual; sem evidência confiável; sem disciplina confiável"
"public/splash/android/android-1440x2560.png","visual-asset","asset visual","false","somente inventariado","","","","","","","","","unknown","29f317abc5054fad20feb1f99da97cd23498483a0ae2850628be22157abf825c","1875101","média","visual-asset; asset visual; sem evidência confiável; sem disciplina confiável"
"public/splash/android/android-720x1280.png","visual-asset","asset visual","false","somente inventariado","","","","","","","","","unknown","0e21ea798bd2016425c203dce1f8c4d32bed694fe52b3eda8f1177af6e039e20","732608","média","visual-asset; asset visual; sem evidência confiável; sem disciplina confiável"
"public/splash/apple/iphone-13-pro-max-1284x2778.png","visual-asset","asset visual","false","somente inventariado","","","","","","","","","unknown","3cf1844f8b273ca4613dfc3ed0197148ccc47893ed0f09f728ed12a4e224f4e9","1664784","média","visual-asset; asset visual; sem evidência confiável; sem disciplina confiável"
"public/splash/apple/iphone-14-13-1170x2532.png","visual-asset","asset visual","false","somente inventariado","","","","","","","","","unknown","94a334611fc570f7c1572c24630642d777762e01a8f7b1f1dc021a12ae1e2e6a","1531107","média","visual-asset; asset visual; sem evidência confiável; sem disciplina confiável"
"public/splash/apple/iphone-15-pro-1179x2556.png","visual-asset","asset visual","false","somente inventariado","","","","","","","","","unknown","fce52a3dd72b32fcd65d4b40c51b53109cb72e33a514b48a5c6d16536e02a1de","1543400","média","visual-asset; asset visual; sem evidência confiável; sem disciplina confiável"
"public/splash/apple/iphone-15-pro-max-1290x2796.png","visual-asset","asset visual","false","somente inventariado","","","","","","","","","unknown","058cddd4cb3733691067c33586c4dd7f9327dbc0c642a50511e0e827fac5c0a8","1670024","média","visual-asset; asset visual; sem evidência confiável; sem disciplina confiável"
"public/splash/apple/iphone-x-1125x2436.png","visual-asset","asset visual","false","somente inventariado","","","","","","","","","unknown","21913a6f4c637e74c96704c97b12ec607ab49e321b4622ebbf9bb3b0d709186f","1480447","média","visual-asset; asset visual; sem evidência confiável; sem disciplina confiável"
"public/splash/apple/iphone-xr-828x1792.png","visual-asset","asset visual","false","somente inventariado","","","","","","","","","unknown","216cef02df1e19927143fd6d2a3cf9dcd6d7dd03381fdca5bd495c467ab96afe","1062639","média","visual-asset; asset visual; sem evidência confiável; sem disciplina confiável"
"public/splash/apple/iphone-xs-max-1242x2688.png","visual-asset","asset visual","false","somente inventariado","","","","","","","","","unknown","881d1c4319bbdac57ec79bae9a07714fa58e141ae142f76ec43d136f4f45e130","1615048","média","visual-asset; asset visual; sem evidência confiável; sem disciplina confiável"
"public/splash/splash-design-9x16.png","visual-asset","asset visual","false","somente inventariado","","","","","","","","","unknown","4b3a22a282bc4e8ff2cea036d03875b23f9f7ee3ce35aff90879be07cc25879a","1143058","média","visual-asset; asset visual; sem evidência confiável; sem disciplina confiável"
"public/sw.js","source-code","arquivo técnico","false","leitura bem-sucedida","","","","","","","","","unknown","776fb2e4de93cae9c32b29efaf104583a4f5ca737b93ec95478c1b8894721b11","2337","média","source-code; arquivo técnico; sem evidência confiável; sem disciplina confiável"
"public/thumbnail-demo.png","visual-asset","asset visual","false","somente inventariado","","","","","","","","","unknown","c510a5e6f0c15b004046f54a700ab78122919880b582038696ae500e96548de9","46815","média","visual-asset; asset visual; sem evidência confiável; sem disciplina confiável"
"storage/content/cebraspe-local/cebraspe-local-preview.json","import-artifact","artefato de importação","false","leitura bem-sucedida","","","cebraspe-local-preview.json","","Cebraspe","","","","local-only","37517e5f3dc66819f61f5a7bb8ace1921282415f10551d2defa5c3eb0985b570","3","média","import-artifact; artefato de importação; sem evidência confiável; sem disciplina confiável"
"storage/content/cebraspe-local/cebraspe-local-report.json","import-artifact","artefato de importação","false","leitura bem-sucedida","","","cebraspe-local-report.json","","Cebraspe","","","","local-only","ace81c352447b2f9747ef4114005edc68cb3fa0c6d61227b6316fd048f98bb48","244","média","import-artifact; artefato de importação; sem evidência confiável; sem disciplina confiável"
"storage/content/concursos-militares/pci/report.json","import-artifact","artefato de importação","false","leitura bem-sucedida","Polícia Civil","","pci","","FGV","2026","","","local-only","680bed709aec5d27d90c3afe46545ce7ff692e5d69352a70fbb1beea79c06e0d","102562","média","import-artifact; artefato de importação; sigla/cargo policial civil; sem disciplina confiável"
"storage/content/concursos-militares/pci/test-preview.json","import-artifact","artefato de importação","false","leitura bem-sucedida","Corpo de Bombeiros","","pci","","","2019","Raciocínio Lógico-Matemático","Matemática - CBM/MG 2019","local-only","b3082f4e4a647ae1fcd69c01ea983f3f1be3e78a56db89def8447b88815e1797","3489","média","import-artifact; artefato de importação; sigla/instituição CBM; diretório/estrutura"
"storage/content/fgv-local/fgv-local-preview.json","import-artifact","artefato de importação","false","leitura bem-sucedida","","","fgv-local-preview.json","Oficial","FGV","2021","Direito Administrativo","PMERJ Oficial da PM (QOPM) 2021 - Q1","local-only","478e9070df5f174298918a06977ee70cda81ec7fcaf74e2f1c2a5765c6079d47","1680333","média","import-artifact; artefato de importação; sem evidência confiável; diretório/estrutura"
"storage/content/fgv-local/fgv-local-report.json","import-artifact","artefato de importação","false","leitura bem-sucedida","","","fgv-local-report.json","Oficial","FGV","2021","Direito Administrativo","PMERJ Oficial da PM (QOPM) 2021 - Q1","local-only","02c72f3b212d398839af00b2693a18b050918d0d3c37269faf8bbaa6a9e40a99","17688","média","import-artifact; artefato de importação; sem evidência confiável; diretório/estrutura"
"storage/content/leis/cdc/artigos.json","pedagogical-content","lei/legislação","true","leitura bem-sucedida","","","cdc","","","1965","Direito do Consumidor","","local-only","bc93b2b1c3c3b0771fe30827939adfe08c1daef0044e4998a7484a3c0fd77e39","247617","alta","pedagogical-content; lei/legislação; sem evidência confiável; diretório/estrutura"
"storage/content/leis/cdc/meta.json","pedagogical-content","lei/legislação","true","leitura bem-sucedida","","","cdc","","","","Direito do Consumidor","","local-only","8117084f33f19c3e05a0454c88cee9eb2825a034b1041b0c1f3de63bbfeaaa00","235","alta","pedagogical-content; lei/legislação; sem evidência confiável; diretório/estrutura"
"storage/content/leis/cdc/texto.txt","pedagogical-content","lei/legislação","true","leitura bem-sucedida","","","cdc","","","1966","Direito do Consumidor","","local-only","4a92ed20eb47584a16c6579668bbacf55a95105f4432d394695bf9bd88264aab","117247","alta","pedagogical-content; lei/legislação; sem evidência confiável; diretório/estrutura"
"storage/content/leis/cf88/artigos.json","pedagogical-content","lei/legislação","true","leitura bem-sucedida","","","cf88","","","1988","Direito Constitucional","","local-only","050a46271d450468a2be92bf940922c0cbd1acbc9b86c6807a01fa305341ebf1","1447042","alta","pedagogical-content; lei/legislação; sem evidência confiável; diretório/estrutura"
"storage/content/leis/cf88/meta.json","pedagogical-content","lei/legislação","true","leitura bem-sucedida","","","cf88","","","1988","Direito Constitucional","","local-only","64134862714e61040766447b744eaf5f91f83293ee7dca0040fa5d7076462a2f","261","alta","pedagogical-content; lei/legislação; sem evidência confiável; diretório/estrutura"
"storage/content/leis/cf88/texto.txt","pedagogical-content","lei/legislação","true","leitura bem-sucedida","","","cf88","","","1988","Direito Constitucional","","local-only","f91674fb8132f1367ca90a9b9e66a8c7743fbef1422592dd8d35a53db65939e6","919935","alta","pedagogical-content; lei/legislação; sem evidência confiável; diretório/estrutura"
"storage/content/leis/clt/artigos.json","pedagogical-content","lei/legislação","true","leitura bem-sucedida","","","clt","","","1943","Direito do Trabalho","","local-only","11e0902f8b4d94574ae3fb8876a0776e1d89117bd825b6c5dff2a6200eaa7edb","1663445","alta","pedagogical-content; lei/legislação; sem evidência confiável; diretório/estrutura"
"storage/content/leis/clt/meta.json","pedagogical-content","lei/legislação","true","leitura bem-sucedida","","","clt","","","","Direito do Trabalho","","local-only","bf1dbd36aeb7a40dfb57e9737154fc952286a6157a49adc7b18e4bf0063b0906","240","alta","pedagogical-content; lei/legislação; sem evidência confiável; diretório/estrutura"
"storage/content/leis/clt/texto.txt","pedagogical-content","lei/legislação","true","leitura bem-sucedida","","","clt","","","1943","Direito do Trabalho","","local-only","7bb298cde660a4bd7933b258d9b128cf20f6ea04f46fd9f070c8f253186f066c","1500502","alta","pedagogical-content; lei/legislação; sem evidência confiável; diretório/estrutura"
"storage/content/leis/codigo-civil/artigos.json","pedagogical-content","lei/legislação","true","leitura bem-sucedida","","","codigo-civil","","","2015","","","local-only","88f87f3f596cd5985c83690063f000f20778100f36b823749da28643c2925227","1672460","alta","pedagogical-content; lei/legislação; sem evidência confiável; sem disciplina confiável"
"storage/content/leis/codigo-civil/meta.json","pedagogical-content","lei/legislação","true","leitura bem-sucedida","","","codigo-civil","","","2002","Direito Civil","","local-only","d2b7ff5d03da870c9a981b3db8190acc6ab0f8bc2c6b7040d7be65501786a767","228","alta","pedagogical-content; lei/legislação; sem evidência confiável; diretório/estrutura"
"storage/content/leis/codigo-civil/texto.txt","pedagogical-content","lei/legislação","true","leitura bem-sucedida","","","codigo-civil","","","2002","","","local-only","58902377924af4757bfe48b698c5b8b7e1baab5d1435df7e35491a03bb0ea3cf","660778","alta","pedagogical-content; lei/legislação; sem evidência confiável; sem disciplina confiável"
"storage/content/leis/codigo-etica-oab/artigos.json","pedagogical-content","lei/legislação","true","leitura bem-sucedida","OAB","OAB/FGV","codigo-etica-oab","","","2000","Ética Profissional","","local-only","71d10b6c3303cb77bca7bae7731bbace419889c447832055624646ed30166aec","59519","alta","pedagogical-content; lei/legislação; diretório/metadado OAB; diretório/estrutura"
"storage/content/leis/codigo-etica-oab/meta.json","pedagogical-content","lei/legislação","true","leitura bem-sucedida","OAB","OAB/FGV","codigo-etica-oab","","","","Ética Profissional","","local-only","e78c5f7a0c7666fd5e9e9f259c41d7a25eb278c40689da6531f4b1268b713711","273","alta","pedagogical-content; lei/legislação; diretório/metadado OAB; diretório/estrutura"
"storage/content/leis/codigo-etica-oab/texto.txt","pedagogical-content","lei/legislação","true","leitura bem-sucedida","OAB","OAB/FGV","codigo-etica-oab","","","1994","Ética Profissional","","local-only","b3c8b1005aed89b6fe49c822023245595c046a636d43c43be140abfe1419bfd8","28905","alta","pedagogical-content; lei/legislação; diretório/metadado OAB; diretório/estrutura"
"storage/content/leis/codigo-penal/artigos.json","pedagogical-content","lei/legislação","true","leitura bem-sucedida","","","codigo-penal","","","1984","Direito Penal","","local-only","6be08fd0645eb0a98eb1d2b0a700f09c76fadf53516e2d141606f34c9de6d869","498602","alta","pedagogical-content; lei/legislação; sem evidência confiável; diretório/estrutura"
"storage/content/leis/codigo-penal/meta.json","pedagogical-content","lei/legislação","true","leitura bem-sucedida","","","codigo-penal","","","","Direito Penal","","local-only","36ca84d8ced98a069d2c7bae059c28a5cda9bb41c8b8278074cc62510a745ec6","231","alta","pedagogical-content; lei/legislação; sem evidência confiável; diretório/estrutura"
"storage/content/leis/codigo-penal/texto.txt","pedagogical-content","lei/legislação","true","leitura bem-sucedida","","","codigo-penal","","","1940","Direito Penal","","local-only","8803ebe4686e2d2ae4981393381808c822b6e9146579c932b68170dfe54fd174","295627","alta","pedagogical-content; lei/legislação; sem evidência confiável; diretório/estrutura"
"storage/content/leis/cpc/artigos.json","pedagogical-content","lei/legislação","true","leitura bem-sucedida","","","cpc","","","2006","Direito Processual Civil","","local-only","f0a4f6ceddd125f1533d6218e2000531d926e16f0a2fcbffaba5850bc34e7082","1430645","alta","pedagogical-content; lei/legislação; sem evidência confiável; diretório/estrutura"
"storage/content/leis/cpc/meta.json","pedagogical-content","lei/legislação","true","leitura bem-sucedida","","","cpc","","","2018","Direito Processual Civil","","local-only","247736ded22b8cea3fa42c42ea3838d2f10d03b459775253baa99de086caa810","236","alta","pedagogical-content; lei/legislação; sem evidência confiável; diretório/estrutura"
"storage/content/leis/cpc/texto.txt","pedagogical-content","lei/legislação","true","leitura bem-sucedida","","","cpc","","","2015","Direito Processual Civil","","local-only","0c0bc3481e9b6dbef9713e997f8831fa88926af1c8b247e96573f902edc117a9","611370","alta","pedagogical-content; lei/legislação; sem evidência confiável; diretório/estrutura"
"storage/content/leis/cpp/artigos.json","pedagogical-content","lei/legislação","true","leitura bem-sucedida","","","cpp","","","1973","Direito Processual Penal","","local-only","6e1c03e188c16e3a8e73aa377d2a1280ef12a0e95ed178007388de09701ac99a","830513","alta","pedagogical-content; lei/legislação; sem evidência confiável; diretório/estrutura"
"storage/content/leis/cpp/meta.json","pedagogical-content","lei/legislação","true","leitura bem-sucedida","","","cpp","","","","Direito Processual Penal","","local-only","b7c75c541ab94b23288c75c112301b2834c17a9b332b8c3be6b94bccfb80a211","235","alta","pedagogical-content; lei/legislação; sem evidência confiável; diretório/estrutura"
"storage/content/leis/cpp/texto.txt","pedagogical-content","lei/legislação","true","leitura bem-sucedida","","","cpp","","","1941","Direito Processual Penal","","local-only","5256d3129f6051e4e0a3a51340c97fc4884b109ea2c5422a62d3df984927940d","528951","alta","pedagogical-content; lei/legislação; sem evidência confiável; diretório/estrutura"
"storage/content/leis/ctn/artigos.json","pedagogical-content","lei/legislação","true","leitura bem-sucedida","","","ctn","","","1965","Direito Tributário","","local-only","183f6c818d2e0e7d2d4e8b8b6e277ce515e81a972018569ee60cc315f025ebd6","243868","alta","pedagogical-content; lei/legislação; sem evidência confiável; diretório/estrutura"
"storage/content/leis/ctn/meta.json","pedagogical-content","lei/legislação","true","leitura bem-sucedida","","","ctn","","","","Direito Tributário","","local-only","b18b868c3961cea0ef9304fa1a804bff966e70c97936d6f4be05a67c1adad81a","228","alta","pedagogical-content; lei/legislação; sem evidência confiável; diretório/estrutura"
"storage/content/leis/ctn/texto.txt","pedagogical-content","lei/legislação","true","leitura bem-sucedida","","","ctn","","","1966","Direito Tributário","","local-only","4a92ed20eb47584a16c6579668bbacf55a95105f4432d394695bf9bd88264aab","117247","alta","pedagogical-content; lei/legislação; sem evidência confiável; diretório/estrutura"
"storage/content/leis/estatuto-oab/artigos.json","pedagogical-content","lei/legislação","true","leitura bem-sucedida","OAB","OAB/FGV","estatuto-oab","","","2022","Ética Profissional","","local-only","5dc58800e446c7ba6b462daa1f420620711c586ee4eeea3d1deccce1ba987ca6","190747","alta","pedagogical-content; lei/legislação; diretório/metadado OAB; diretório/estrutura"
"storage/content/leis/estatuto-oab/meta.json","pedagogical-content","lei/legislação","true","leitura bem-sucedida","OAB","OAB/FGV","estatuto-oab","","","","Ética Profissional","","local-only","6f817b7b700c471f299b7b2c0ef6076ea918b2921ad3db54123a4866a04b4bc7","239","alta","pedagogical-content; lei/legislação; diretório/metadado OAB; diretório/estrutura"
"storage/content/leis/estatuto-oab/texto.txt","pedagogical-content","lei/legislação","true","leitura bem-sucedida","OAB","OAB/FGV","estatuto-oab","","","1994","Ética Profissional","","local-only","639c48be0a4338c36154aa326fe97747826fe88b5b9616f7a59a15e6c07a7e5b","96788","alta","pedagogical-content; lei/legislação; diretório/metadado OAB; diretório/estrutura"
"storage/content/leis/index.json","pedagogical-content","lei/legislação","true","leitura bem-sucedida","","","index.json","","","1988","Direito Constitucional","","local-only","3d50e71d9025b633a377dc04d4c01c858db8c0c5f0d095c41c29cd9e4b7dc875","9669742","alta","pedagogical-content; lei/legislação; sem evidência confiável; diretório/estrutura"
"storage/content/leis/regulamento-oab/artigos.json","pedagogical-content","lei/legislação","true","leitura bem-sucedida","OAB","OAB/FGV","regulamento-oab","","","2000","Ética Profissional","","local-only","7e627aa04a5107a8b6943f4bff66ccee8ffbe8f6f9d894ee46a25c37ab46c1a1","240741","alta","pedagogical-content; lei/legislação; diretório/metadado OAB; diretório/estrutura"
"storage/content/leis/regulamento-oab/meta.json","pedagogical-content","lei/legislação","true","leitura bem-sucedida","OAB","OAB/FGV","regulamento-oab","","","","Ética Profissional","","local-only","e8e5a0376416ced5bc0aa371d33ed10befaa9ffb0a0dce81c90e4e13b5b7e2d2","262","alta","pedagogical-content; lei/legislação; diretório/metadado OAB; diretório/estrutura"
"storage/content/leis/regulamento-oab/texto.txt","pedagogical-content","lei/legislação","true","leitura bem-sucedida","OAB","OAB/FGV","regulamento-oab","","","1994","Ética Profissional","","local-only","0392ef58fbdd3fd969ce5e92826918c3981b7067b2f7f2c327d70a8e1fb1ddb7","126184","alta","pedagogical-content; lei/legislação; diretório/metadado OAB; diretório/estrutura"
"storage/content/militar/cbmal-soldado-combatente-2018-cebraspe/gabaritos/cbmal-soldado-combatente-2018-cebraspe-gabarito-definitivo.pdf","pedagogical-content","gabarito/padrão de resposta","true","leitura parcial","Corpo de Bombeiros","CBMAL","cbmal-soldado-combatente-2018-cebraspe","Soldado","Cebraspe","2018","","","local-only","0f8feae5b46d55923a48300bec63a9886e59c264cdd3cd6f23c5589f3a563a90","94988","alta","pedagogical-content; gabarito/padrão de resposta; sigla/instituição CBM; sem disciplina confiável"
"storage/content/militar/cbmal-soldado-combatente-2018-cebraspe/metadata.json","pedagogical-container","container pedagógico","false","leitura bem-sucedida","Corpo de Bombeiros","CBMAL","CBMAL Soldado Combatente 2018","Soldado","Cebraspe","2018","","","local-only","4e7c4f71fc47a79654cd18c547fbc45cbd43986e78d0862884c8592d7c3a0b92","1028","alta","pedagogical-container; container pedagógico; sigla/instituição CBM; sem disciplina confiável"
"storage/content/militar/cbmal-soldado-combatente-2018-cebraspe/provas/cbmal-soldado-combatente-2018-cebraspe-prova.pdf","pedagogical-content","prova PDF","true","leitura parcial","Corpo de Bombeiros","CBMAL","cbmal-soldado-combatente-2018-cebraspe","Soldado","Cebraspe","2018","","","local-only","4012ce09f37c40855d9493a733b86a7d870f5e55ad976c2f15eb09fc295af021","506321","alta","pedagogical-content; prova PDF; sigla/instituição CBM; sem disciplina confiável"
"storage/content/militar/cbmal-soldado-combatente-2018-cebraspe/questoes/questoes-extraidas.json","pedagogical-content","banco de questões","true","leitura bem-sucedida","Corpo de Bombeiros","CBMAL","cbmal-soldado-combatente-2018-cebraspe","Soldado","Cebraspe","2018","","","local-only","2fa58f9c8d752d482eba93bc9915fcd8d4d59b85e7bc7fb654915dfd04a8d2b6","71221","alta","pedagogical-content; banco de questões; sigla/instituição CBM; sem disciplina confiável"
"storage/content/militar/cbmam-soldado-bombeiro-militar-2021-fgv/gabaritos/cbmam-soldado-bombeiro-militar-2021-fgv-gabarito-definitivo.pdf","pedagogical-content","gabarito/padrão de resposta","true","leitura parcial","Corpo de Bombeiros","CBMAM","cbmam-soldado-bombeiro-militar-2021-fgv","Soldado","FGV","2021","","","local-only","c11232162e0e65c0caef1e476d6fdbde12fcd61fc37a4b3f26dcf9dcc12e9b8b","153749","alta","pedagogical-content; gabarito/padrão de resposta; sigla/instituição CBM; sem disciplina confiável"
"storage/content/militar/cbmam-soldado-bombeiro-militar-2021-fgv/metadata.json","pedagogical-container","container pedagógico","false","leitura bem-sucedida","Corpo de Bombeiros","CBMAM","CBMAM Soldado Bombeiro Militar 2021","Soldado","FGV","2021","","","local-only","1a89946d65e2ce903690e01b13c8d6bccfa0f1c0464b6943e0d71e336167d458","999","alta","pedagogical-container; container pedagógico; sigla/instituição CBM; sem disciplina confiável"
"storage/content/militar/cbmam-soldado-bombeiro-militar-2021-fgv/provas/cbmam-soldado-bombeiro-militar-2021-fgv-prova.pdf","pedagogical-content","prova PDF","true","leitura parcial","Corpo de Bombeiros","CBMAM","cbmam-soldado-bombeiro-militar-2021-fgv","Soldado","FGV","2021","","","local-only","dad9b497efa08140122679ade76ab692e227f15fae0620b1742c303ba8da5a47","1449766","alta","pedagogical-content; prova PDF; sigla/instituição CBM; sem disciplina confiável"
"storage/content/militar/cbmam-soldado-bombeiro-militar-2021-fgv/questoes/questoes-extraidas.json","pedagogical-content","banco de questões","true","leitura bem-sucedida","Corpo de Bombeiros","CBMAM","cbmam-soldado-bombeiro-militar-2021-fgv","Soldado","FGV","2021","","","local-only","1f1ba86d233ac5d3e5ac46ab3553decfdf764fcdc22a608a4ff94bddde7a70bb","96948","alta","pedagogical-content; banco de questões; sigla/instituição CBM; sem disciplina confiável"
"storage/content/militar/pcam-delegado-2021-fgv/metadata.json","pedagogical-container","container pedagógico","false","leitura bem-sucedida","Polícia Civil","","PCAM Delegado de Policia - 4a Classe 2021","Delegado","FGV","2021","","","local-only","cfbcafdc636a2722787fb7fa58a263ba809d6d0a5c0b161d05dbd37b59d8c1fd","725","alta","pedagogical-container; container pedagógico; sigla/cargo policial civil; sem disciplina confiável"
"storage/content/militar/pcam-delegado-2021-fgv/questoes/questoes-extraidas.json","pedagogical-content","banco de questões","true","leitura bem-sucedida","Polícia Civil","","pcam-delegado-2021-fgv","Delegado","FGV","2021","Direito Constitucional","","local-only","65c6016d791d859650c1baf07950a6a0987c953e0dbd234da2b1df32c2014d4c","194431","alta","pedagogical-content; banco de questões; sigla/cargo policial civil; diretório/estrutura"
"storage/content/militar/pcrj-inspetor-2021-fgv/metadata.json","pedagogical-container","container pedagógico","false","leitura bem-sucedida","Polícia Civil","PCRJ","PCRJ Inspetor de Policia de 6a Classe 2021","Inspetor","FGV","2021","","","local-only","54ad020439a9c55f693fd19096554832fa0522e64cd5cacfa464982928c73af1","706","alta","pedagogical-container; container pedagógico; sigla/cargo policial civil; sem disciplina confiável"
"storage/content/militar/pcrj-inspetor-2021-fgv/questoes/questoes-extraidas.json","pedagogical-content","banco de questões","true","leitura bem-sucedida","Polícia Civil","PCRJ","pcrj-inspetor-2021-fgv","Inspetor","FGV","2021","Língua Portuguesa","","local-only","98325b5b18ac31af183dd01777d859e6a77d6d5598a48eef8398be60bf3fa8f7","196410","alta","pedagogical-content; banco de questões; sigla/cargo policial civil; diretório/estrutura"
"storage/content/militar/pcrj-investigador-2021-fgv/metadata.json","pedagogical-container","container pedagógico","false","leitura bem-sucedida","Polícia Civil","PCRJ","PCRJ Investigador Policial de 3a Classe 2021","Investigador","FGV","2021","","","local-only","0d49257b2f712150db480d639603f468df43b75cea312cd9ec483912be3a1f37","710","alta","pedagogical-container; container pedagógico; sigla/cargo policial civil; sem disciplina confiável"
"storage/content/militar/pcrj-investigador-2021-fgv/questoes/questoes-extraidas.json","pedagogical-content","banco de questões","true","leitura bem-sucedida","Polícia Civil","PCRJ","pcrj-investigador-2021-fgv","Investigador","FGV","2021","Língua Portuguesa","","local-only","cd7066fa6e9920a6b5b40e9c92cbcb69743a9911c0d4929db15478f3aa404a45","172593","alta","pedagogical-content; banco de questões; sigla/cargo policial civil; diretório/estrutura"
"storage/content/militar/pcrn-delegado-2021-fgv/metadata.json","pedagogical-container","container pedagógico","false","leitura bem-sucedida","Polícia Civil","PCRN","PCRN Delegado de Policia Civil Substituto 2021","Delegado","FGV","2021","","","local-only","4e9dd98c16242866b6ae45fae38e7ea05d8674b48f89761cf0cd9651f6f44121","710","alta","pedagogical-container; container pedagógico; sigla/cargo policial civil; sem disciplina confiável"
"storage/content/militar/pcrn-delegado-2021-fgv/questoes/questoes-extraidas.json","pedagogical-content","banco de questões","true","leitura bem-sucedida","Polícia Civil","PCRN","pcrn-delegado-2021-fgv","Delegado","FGV","2021","Direito Constitucional","","local-only","8f1771fe27fd806e2e6a93235850de1ef8df6bad51711ed747b7f7f875a993b7","196581","alta","pedagogical-content; banco de questões; sigla/cargo policial civil; diretório/estrutura"
"storage/content/militar/pcsc-delegado-2024-fgv/metadata.json","pedagogical-container","container pedagógico","false","leitura bem-sucedida","Polícia Civil","PCSC","PCSC Delegado de Policia Substituto 2024","Delegado","FGV","2024","","","local-only","46744ed5b65554c002db2635f6aecec0b669b07e3561856fc274c294aec74a66","665","alta","pedagogical-container; container pedagógico; sigla/cargo policial civil; sem disciplina confiável"
"storage/content/militar/pcsc-delegado-2024-fgv/questoes/questoes-extraidas.json","pedagogical-content","banco de questões","true","leitura bem-sucedida","Polícia Civil","PCSC","pcsc-delegado-2024-fgv","Delegado","FGV","2024","Língua Portuguesa","","local-only","2f78d1f06549a9ef67dd1e5642be0ae126ec903b0b74011938d822fa2673abd3","195544","alta","pedagogical-content; banco de questões; sigla/cargo policial civil; diretório/estrutura"
"storage/content/militar/pm-ba-soldado-2023-fcc/gabaritos/pm-ba-soldado-2023-fcc-gabarito-definitivo.pdf","pedagogical-content","gabarito/padrão de resposta","true","leitura parcial","Polícia Militar","","pm-ba-soldado-2023-fcc","Soldado","FCC","2023","","","local-only","fc9aac79958d1fc799d15e03d2813aea75fd830e496c1dba72b3b93538c9c90e","138285","alta","pedagogical-content; gabarito/padrão de resposta; sigla/instituição PM; sem disciplina confiável"
"storage/content/militar/pm-ba-soldado-2023-fcc/metadata.json","pedagogical-container","container pedagógico","false","leitura bem-sucedida","Polícia Militar","","PM-BA Soldado 2023","Soldado","FCC","2023","","","local-only","8197738cb259593c649a0bdf48a7008faef3939c8e11631ba2ca8bd2e2ee3a30","892","alta","pedagogical-container; container pedagógico; sigla/instituição PM; sem disciplina confiável"
"storage/content/militar/pm-ba-soldado-2023-fcc/provas/pm-ba-soldado-2023-fcc-prova.pdf","pedagogical-content","prova PDF","true","leitura parcial","Polícia Militar","","pm-ba-soldado-2023-fcc","Soldado","FCC","2023","","","local-only","c92de9d9a85c55979b5c60c689c9fb5b0149c3e79de4f5cd412e016e44103f35","1057903","alta","pedagogical-content; prova PDF; sigla/instituição PM; sem disciplina confiável"
"storage/content/militar/pm-ba-soldado-2023-fcc/questoes/questoes-extraidas.json","pedagogical-content","banco de questões","true","leitura bem-sucedida","Polícia Militar","","pm-ba-soldado-2023-fcc","Soldado","FCC","2023","Língua Portuguesa","","local-only","93bb40d2c34dcdec1264d70dd9edfbecbf76ee8da5cf8b6a497e712d01ba57ff","19281","alta","pedagogical-content; banco de questões; sigla/instituição PM; diretório/estrutura"
"storage/content/militar/pm-pb-soldado-pm-combatente-2023-ibfc/gabaritos/pm-pb-soldado-pm-combatente-2023-ibfc-gabarito-definitivo.pdf","pedagogical-content","gabarito/padrão de resposta","true","leitura parcial","Polícia Militar","","pm-pb-soldado-pm-combatente-2023-ibfc","Soldado","IBFC","2023","","","local-only","905d7f31af510e86b707f4a7c72be42a22be5784e161a1382cabf36a76493487","586715","alta","pedagogical-content; gabarito/padrão de resposta; sigla/instituição PM; sem disciplina confiável"
"storage/content/militar/pm-pb-soldado-pm-combatente-2023-ibfc/metadata.json","pedagogical-container","container pedagógico","false","leitura bem-sucedida","Polícia Militar","","PM-PB Soldado PM Combatente 2023","Soldado","IBFC","2023","","","local-only","6070dd9f14f3314d475de50de3633187f3a66ba3257c51c727cc27c2508b27f0","1067","alta","pedagogical-container; container pedagógico; sigla/instituição PM; sem disciplina confiável"
"storage/content/militar/pm-pb-soldado-pm-combatente-2023-ibfc/provas/pm-pb-soldado-pm-combatente-2023-ibfc-prova.pdf","pedagogical-content","prova PDF","true","leitura parcial","Polícia Militar","","pm-pb-soldado-pm-combatente-2023-ibfc","Soldado","IBFC","2023","","","local-only","4625592f61190266910b2041dad4caf10e95b8b9043ce5c5a8409bb3338b482f","833756","alta","pedagogical-content; prova PDF; sigla/instituição PM; sem disciplina confiável"
"storage/content/militar/pm-pb-soldado-pm-combatente-2023-ibfc/questoes/questoes-extraidas.json","pedagogical-content","banco de questões","true","leitura bem-sucedida","Polícia Militar","","pm-pb-soldado-pm-combatente-2023-ibfc","Soldado","IBFC","2023","Língua Portuguesa","","local-only","ae2b545f39d5ba794ea0bf2c6c5436905e665b07f4fadd5a8f7a18a64d793399","119195","alta","pedagogical-content; banco de questões; sigla/instituição PM; diretório/estrutura"
"storage/content/militar/pm-se-soldado-pm-3a-classe-combatente-2025-selecon/gabaritos/pm-se-soldado-pm-3a-classe-combatente-2025-selecon-gabarito-definitivo.pdf","pedagogical-content","gabarito/padrão de resposta","true","leitura parcial","Polícia Militar","","pm-se-soldado-pm-3a-classe-combatente-2025-selecon","Soldado","Selecon","2025","","","local-only","48b991d79c19046bf3ce2864df3f7490c1ad8e01dcb10fd55b66ffeac0f14df3","19901","alta","pedagogical-content; gabarito/padrão de resposta; sigla/instituição PM; sem disciplina confiável"
"storage/content/militar/pm-se-soldado-pm-3a-classe-combatente-2025-selecon/metadata.json","pedagogical-container","container pedagógico","false","leitura bem-sucedida","Polícia Militar","","PM-SE Soldado PM - 3a Classe - Combatente 2025","Soldado","Selecon","2025","","","local-only","75a1a604f997e4a63c6899e93c21c4780d557c28d04d777693be8adeef99ef0e","1188","alta","pedagogical-container; container pedagógico; sigla/instituição PM; sem disciplina confiável"
"storage/content/militar/pm-se-soldado-pm-3a-classe-combatente-2025-selecon/provas/pm-se-soldado-pm-3a-classe-combatente-2025-selecon-prova.pdf","pedagogical-content","prova PDF","true","leitura parcial","Polícia Militar","","pm-se-soldado-pm-3a-classe-combatente-2025-selecon","Soldado","Selecon","2025","","","local-only","b8bfc095301edb266b8f91b5b7932e3c60e550c937480701d992401277e7fde6","1343469","alta","pedagogical-content; prova PDF; sigla/instituição PM; sem disciplina confiável"
"storage/content/militar/pm-se-soldado-pm-3a-classe-combatente-2025-selecon/questoes/questoes-extraidas.json","pedagogical-content","banco de questões","true","leitura bem-sucedida","Polícia Militar","","pm-se-soldado-pm-3a-classe-combatente-2025-selecon","Soldado","Selecon","2025","Língua Portuguesa","","local-only","21c78e8ba8b1ce7d77fd550f0ad2903f41a77eba7c0ca2603a713b70781e7844","85734","alta","pedagogical-content; banco de questões; sigla/instituição PM; diretório/estrutura"
"storage/content/militar/pmac-oficial-combatente-2023-fgv/metadata.json","pedagogical-container","container pedagógico","false","leitura bem-sucedida","Polícia Militar","","PMAC Aluno Oficial Combatente 2023","Oficial","FGV","2023","","","local-only","812314a2b4cac432b58be53055baedc538d6f030c5df9d2c3bb1f8c31a15fcd0","688","alta","pedagogical-container; container pedagógico; sigla/instituição PM; sem disciplina confiável"
"storage/content/militar/pmac-oficial-combatente-2023-fgv/questoes/questoes-extraidas.json","pedagogical-content","banco de questões","true","leitura bem-sucedida","Polícia Militar","","pmac-oficial-combatente-2023-fgv","Oficial","FGV","2023","Língua Portuguesa","","local-only","ef0f10b2397ae7d28596a1173b1d37574c3ef9ba86728d314acacc494da49927","105021","alta","pedagogical-content; banco de questões; sigla/instituição PM; diretório/estrutura"
"storage/content/militar/pmal-soldado-combatente-2018-cebraspe/gabaritos/pmal-soldado-combatente-2018-cebraspe-gabarito-definitivo.pdf","pedagogical-content","gabarito/padrão de resposta","true","leitura parcial","Polícia Militar","PMAL","pmal-soldado-combatente-2018-cebraspe","Soldado","Cebraspe","2018","","","local-only","2f1c1f8a8adadf1ce09a6a1d953c44dac64dd3b59b9b7d937b9e8a2e6cf5f17b","107009","alta","pedagogical-content; gabarito/padrão de resposta; sigla/instituição PM; sem disciplina confiável"
"storage/content/militar/pmal-soldado-combatente-2018-cebraspe/metadata.json","pedagogical-container","container pedagógico","false","leitura bem-sucedida","Polícia Militar","PMAL","PMAL Soldado Combatente 2018","Soldado","Cebraspe","2018","","","local-only","6e76a689b737f015ae3ea32f02722758bd4965ba4d29aacd8659d4b88f6c324b","999","alta","pedagogical-container; container pedagógico; sigla/instituição PM; sem disciplina confiável"
"storage/content/militar/pmal-soldado-combatente-2018-cebraspe/provas/pmal-soldado-combatente-2018-cebraspe-prova.pdf","pedagogical-content","prova PDF","true","leitura parcial","Polícia Militar","PMAL","pmal-soldado-combatente-2018-cebraspe","Soldado","Cebraspe","2018","","","local-only","f31793d355942a0f6a77cb06b05091cb853d445f2c163a1d34dc1ce0d425ce6c","243251","alta","pedagogical-content; prova PDF; sigla/instituição PM; sem disciplina confiável"
"storage/content/militar/pmal-soldado-combatente-2018-cebraspe/questoes/questoes-extraidas.json","pedagogical-content","banco de questões","true","leitura bem-sucedida","Polícia Militar","PMAL","pmal-soldado-combatente-2018-cebraspe","Soldado","Cebraspe","2018","","","local-only","8e727fd31c0e350f08f0342d246250945e40f91ce23269426e9bb5b702eef18c","139940","alta","pedagogical-content; banco de questões; sigla/instituição PM; sem disciplina confiável"
"storage/content/militar/pmam-oficial-2021-fgv/metadata.json","pedagogical-container","container pedagógico","false","leitura bem-sucedida","Polícia Militar","","PMAM Aluno Oficial PM 2021","Oficial","FGV","2021","","","local-only","72810a5fe744ee2762f804e86a9e2b6a2b34f05a60c0ac876373322e2542570e","643","alta","pedagogical-container; container pedagógico; sigla/instituição PM; sem disciplina confiável"
"storage/content/militar/pmam-oficial-2021-fgv/questoes/questoes-extraidas.json","pedagogical-content","banco de questões","true","leitura bem-sucedida","Polícia Militar","","pmam-oficial-2021-fgv","Oficial","FGV","2021","Língua Portuguesa","","local-only","743bf512cbbb4a235e73a21a6176675fa2dafe15900afc883d7a3b10e4b1e06c","148161","alta","pedagogical-content; banco de questões; sigla/instituição PM; diretório/estrutura"
"storage/content/militar/pmam-soldado-2021-fgv/metadata.json","pedagogical-container","container pedagógico","false","leitura bem-sucedida","Polícia Militar","","PMAM Aluno Soldado PM 2021","Soldado","FGV","2021","","","local-only","17859e50bf90376573acf9050d246100f3d2c0987027af9bf2f5d1683e7b6bb7","643","alta","pedagogical-container; container pedagógico; sigla/instituição PM; sem disciplina confiável"
"storage/content/militar/pmam-soldado-2021-fgv/questoes/questoes-extraidas.json","pedagogical-content","banco de questões","true","leitura bem-sucedida","Polícia Militar","","pmam-soldado-2021-fgv","Soldado","FGV","2021","Língua Portuguesa","","local-only","496be7ba2b1d5314a666bd91cdf66d41316810a2055b4cf1267f9c9ef51b9c50","92698","alta","pedagogical-content; banco de questões; sigla/instituição PM; diretório/estrutura"
"storage/content/militar/pmce-soldado-2021-fgv/metadata.json","pedagogical-container","container pedagógico","false","leitura bem-sucedida","Polícia Militar","PMCE","PMCE Soldado Policial Militar 2021","Soldado","FGV","2021","","","local-only","79708ef9da13681079a7f05c4454afd1e25583bf537f05b355eb2eac7c8abd9d","653","alta","pedagogical-container; container pedagógico; sigla/instituição PM; sem disciplina confiável"
"storage/content/militar/pmce-soldado-2021-fgv/questoes/questoes-extraidas.json","pedagogical-content","banco de questões","true","leitura bem-sucedida","Polícia Militar","PMCE","pmce-soldado-2021-fgv","Soldado","FGV","2021","Língua Portuguesa","","local-only","b60a1ebde48e033f7e4850e2dc4dd109c1945d47a7474e696a11860c6dfc96ed","137898","alta","pedagogical-content; banco de questões; sigla/instituição PM; diretório/estrutura"
"storage/content/militar/pmerj-cfo-2021-fgv/metadata.json","pedagogical-container","container pedagógico","false","leitura bem-sucedida","Polícia Militar","PMERJ","PMERJ Oficial da PM (QOPM) 2021","Oficial","FGV","2021","","","local-only","117d0d41cfcae56f4399e333514ed871b494554a910d2131fad57f574ac62a06","695","alta","pedagogical-container; container pedagógico; sigla/instituição PM; sem disciplina confiável"
"storage/content/militar/pmerj-cfo-2021-fgv/questoes/questoes-extraidas.json","pedagogical-content","banco de questões","true","leitura bem-sucedida","Polícia Militar","PMERJ","pmerj-cfo-2021-fgv","Oficial","FGV","2021","Direito Administrativo","","local-only","ac79f6f3603a7ab5d01848c8f747af0605d1972c5f60b8a080dfa8ee4ef6137c","147675","alta","pedagogical-content; banco de questões; sigla/instituição PM; diretório/estrutura"
"storage/content/militar/pmesp-cabo-2022-fgv-local/metadata.json","pedagogical-container","container pedagógico","false","leitura bem-sucedida","Polícia Militar","PMSP","PMSP Cabo PM 2022","Cabo","FGV","2022","","","local-only","109964b6617b5ae1183025c1c953c173d790112e67dc5ef187b1833879b17639","586","alta","pedagogical-container; container pedagógico; sigla/instituição PM; sem disciplina confiável"
"storage/content/militar/pmesp-cabo-2022-fgv-local/questoes/questoes-extraidas.json","pedagogical-content","banco de questões","true","leitura bem-sucedida","Polícia Militar","PMSP","pmesp-cabo-2022-fgv-local","Cabo","FGV","2022","Língua Portuguesa","","local-only","4e8245e570271679e90b00666d97fa80f8e04fa537863d91f3004a3bb865e677","85855","alta","pedagogical-content; banco de questões; sigla/instituição PM; diretório/estrutura"
"storage/content/militar/pmesp-sargento-2024-fgv/metadata.json","pedagogical-container","container pedagógico","false","leitura bem-sucedida","Polícia Militar","PMSP","PMSP Sargento PM 2024","Sargento","FGV","2024","","","local-only","0426fa5a7bf0b8fb6223d04901b7dabe59a0bf7596c689668cf1bcf12afe7df0","614","alta","pedagogical-container; container pedagógico; sigla/instituição PM; sem disciplina confiável"
"storage/content/militar/pmesp-sargento-2024-fgv/questoes/questoes-extraidas.json","pedagogical-content","banco de questões","true","leitura bem-sucedida","Polícia Militar","PMSP","pmesp-sargento-2024-fgv","Sargento","FGV","2024","Língua Portuguesa","","local-only","fb81c4531631f0b102add42fb180d54c0046f473e85aca2d43bd85d15c9706bf","78003","alta","pedagogical-content; banco de questões; sigla/instituição PM; diretório/estrutura"
"storage/content/militar/pmma-soldado-do-quadro-de-praca-policial-2017-cebraspe/gabaritos/pmma-soldado-do-quadro-de-praca-policial-2017-cebraspe-gabarito-definitivo.pdf","pedagogical-content","gabarito/padrão de resposta","true","leitura parcial","Polícia Militar","PMMA","pmma-soldado-do-quadro-de-praca-policial-2017-cebraspe","Soldado","Cebraspe","2017","Legislação Institucional PMMA","","local-only","90c6d93a89808a8efd466ef530013682e90842952abe9bb62961e55edb46ba88","203176","alta","pedagogical-content; gabarito/padrão de resposta; sigla/instituição PMMA; diretório/estrutura"
"storage/content/militar/pmma-soldado-do-quadro-de-praca-policial-2017-cebraspe/metadata.json","pedagogical-container","container pedagógico","false","leitura bem-sucedida","Polícia Militar","PMMA","PMMA Soldado do Quadro de Praca Policial 2017","Soldado","Cebraspe","2017","Legislação Institucional PMMA","","local-only","35250a946b8d1ba81bf8b350e5b1028a58af72ca67fa01bfa6c235d0708f0f49","1127","alta","pedagogical-container; container pedagógico; sigla/instituição PMMA; diretório/estrutura"
"storage/content/militar/pmma-soldado-do-quadro-de-praca-policial-2017-cebraspe/provas/pmma-soldado-do-quadro-de-praca-policial-2017-cebraspe-prova.pdf","pedagogical-content","prova PDF","true","leitura parcial","Polícia Militar","PMMA","pmma-soldado-do-quadro-de-praca-policial-2017-cebraspe","Soldado","Cebraspe","2017","Legislação Institucional PMMA","","local-only","596875955a179819c9c47dac5d92e7a0e9465f3019687c00486290f104375bc3","598140","alta","pedagogical-content; prova PDF; sigla/instituição PMMA; diretório/estrutura"
"storage/content/militar/pmma-soldado-do-quadro-de-praca-policial-2017-cebraspe/questoes/questoes-extraidas.json","pedagogical-content","banco de questões","true","leitura bem-sucedida","Polícia Militar","PMMA","pmma-soldado-do-quadro-de-praca-policial-2017-cebraspe","Soldado","Cebraspe","2017","Legislação Institucional PMMA","","local-only","5551c88b602b3c331ea0ac18eddf0f1c98f269e03d05d91f105edd7a871a4913","133624","alta","pedagogical-content; banco de questões; sigla/instituição PMMA; diretório/estrutura"
"storage/content/militar/pmpb-cfo-2022-fgv/metadata.json","pedagogical-container","container pedagógico","false","leitura bem-sucedida","Polícia Militar","","PMPB Curso de Formacao de Oficiais PM 2022","Oficial","FGV","2022","","","local-only","82e6502533aa92346587d5cbd8e8d73c0ad2311e12f9bf4a708940c87600deec","719","alta","pedagogical-container; container pedagógico; sigla/instituição PM; sem disciplina confiável"
"storage/content/militar/pmpb-cfo-2022-fgv/questoes/questoes-extraidas.json","pedagogical-content","banco de questões","true","leitura bem-sucedida","Polícia Militar","","pmpb-cfo-2022-fgv","Oficial","FGV","2022","Língua Portuguesa","","local-only","06c0ac595e82af834ffece4de38c1d0bc42b1b42ddd264370296d12ee1746341","134484","alta","pedagogical-content; banco de questões; sigla/instituição PM; diretório/estrutura"
"storage/content/militar/pmpi-soldado-pm-2017-nucepe-uespi/gabaritos/pmpi-soldado-pm-2017-nucepe-uespi-gabarito-definitivo.pdf","pedagogical-content","gabarito/padrão de resposta","true","leitura parcial","Polícia Militar","","pmpi-soldado-pm-2017-nucepe-uespi","Soldado","Nucepe","2017","","","local-only","73ec047792754b5c3791768d624324ec87baa8c4236739a310c5d36760b14aea","263103","alta","pedagogical-content; gabarito/padrão de resposta; sigla/instituição PM; sem disciplina confiável"
"storage/content/militar/pmpi-soldado-pm-2017-nucepe-uespi/metadata.json","pedagogical-container","container pedagógico","false","leitura bem-sucedida","Polícia Militar","","PMPI Soldado PM 2017","Soldado","Nucepe","2017","","","local-only","f42178c0f134f3ad6f01c96fb679cc802270055e32e414212b4ac24de54f82b3","889","alta","pedagogical-container; container pedagógico; sigla/instituição PM; sem disciplina confiável"
"storage/content/militar/pmpi-soldado-pm-2017-nucepe-uespi/provas/pmpi-soldado-pm-2017-nucepe-uespi-prova.pdf","pedagogical-content","prova PDF","true","leitura parcial","Polícia Militar","","pmpi-soldado-pm-2017-nucepe-uespi","Soldado","Nucepe","2017","","","local-only","907319156ccb7cb515cd4cf995305540489a111eb7450ffa8427375fabc9b4f1","859774","alta","pedagogical-content; prova PDF; sigla/instituição PM; sem disciplina confiável"
"storage/content/militar/pmpi-soldado-pm-2017-nucepe-uespi/questoes/questoes-extraidas.json","pedagogical-content","banco de questões","true","leitura bem-sucedida","Polícia Militar","","pmpi-soldado-pm-2017-nucepe-uespi","Soldado","Nucepe","2017","Língua Portuguesa","","local-only","b2e9c2ad9e0d9828459d65c837135209cfc9c8f87007af768089a3daafb6e382","78428","alta","pedagogical-content; banco de questões; sigla/instituição PM; diretório/estrutura"
"storage/content/militar/pmsp-cabo-pm-2022-fgv/gabaritos/pmsp-cabo-pm-2022-fgv-gabarito-definitivo.pdf","pedagogical-content","gabarito/padrão de resposta","true","leitura parcial","Polícia Militar","PMSP","pmsp-cabo-pm-2022-fgv","Cabo","FGV","2022","","","local-only","7f4018b13c6cae19b43f9a9eba9ae913220d6bc4e03996acc1bf824111596a9b","119920","alta","pedagogical-content; gabarito/padrão de resposta; sigla/instituição PM; sem disciplina confiável"
"storage/content/militar/pmsp-cabo-pm-2022-fgv/metadata.json","pedagogical-container","container pedagógico","false","leitura bem-sucedida","Polícia Militar","PMSP","PMSP Cabo PM 2022","Cabo","FGV","2022","","","local-only","19170f3f05e5ea4f8708e2ddd9e42f8c681b0dac158ce8dfe795efed218b23be","885","alta","pedagogical-container; container pedagógico; sigla/instituição PM; sem disciplina confiável"
"storage/content/militar/pmsp-cabo-pm-2022-fgv/provas/pmsp-cabo-pm-2022-fgv-prova.pdf","pedagogical-content","prova PDF","true","leitura parcial","Polícia Militar","PMSP","pmsp-cabo-pm-2022-fgv","Cabo","FGV","2022","","","local-only","03453c29a2a613ea3bb65d8c19b1f7dab25b184e56c2a224a61adf8e15c96001","1236980","alta","pedagogical-content; prova PDF; sigla/instituição PM; sem disciplina confiável"
"storage/content/militar/pmsp-cabo-pm-2022-fgv/questoes/questoes-extraidas.json","pedagogical-content","banco de questões","true","leitura bem-sucedida","Polícia Militar","PMSP","pmsp-cabo-pm-2022-fgv","Cabo","FGV","2022","Língua Portuguesa","","local-only","7ff3b8050735a712fdef31a8af53a16ece64820f57ab92e859fabbd5942f9efc","91350","alta","pedagogical-content; banco de questões; sigla/instituição PM; diretório/estrutura"
"storage/content/militar/pmsp-soldado-2017-vunesp/gabaritos/pmsp-soldado-2017-vunesp-gabarito-definitivo.pdf","pedagogical-content","gabarito/padrão de resposta","true","leitura parcial","Polícia Militar","PMSP","pmsp-soldado-2017-vunesp","Soldado","Vunesp","2017","","","local-only","3410f75703c3ebf29beb357ca96c27872163090e08cadd0d0b5519ed4d48bb7c","31547","alta","pedagogical-content; gabarito/padrão de resposta; sigla/instituição PM; sem disciplina confiável"
"storage/content/militar/pmsp-soldado-2017-vunesp/metadata.json","pedagogical-container","container pedagógico","false","leitura bem-sucedida","Polícia Militar","PMSP","PMSP Soldado PM de 2a Classe 2017","Soldado","Vunesp","2017","","","local-only","395628fe0cf2f8214bedead2116a58ff8d102b9b959eb65e85f8b895653de380","980","alta","pedagogical-container; container pedagógico; sigla/instituição PM; sem disciplina confiável"
"storage/content/militar/pmsp-soldado-2017-vunesp/provas/pmsp-soldado-2017-vunesp-prova.pdf","pedagogical-content","prova PDF","true","leitura parcial","Polícia Militar","PMSP","pmsp-soldado-2017-vunesp","Soldado","Vunesp","2017","","","local-only","124aebedd0eb26e947f17892a9e0a10290a65602da5ab8c659fdae0b4efde852","817212","alta","pedagogical-content; prova PDF; sigla/instituição PM; sem disciplina confiável"
"storage/content/militar/pmsp-soldado-2017-vunesp/questoes/questoes-extraidas.json","pedagogical-content","banco de questões","true","leitura bem-sucedida","Polícia Militar","PMSP","pmsp-soldado-2017-vunesp","Soldado","Vunesp","2017","Língua Portuguesa","","local-only","70a161085890eeb0b91cd4dfc8067276560afb6bc2be55275a287c40c85b4631","65118","alta","pedagogical-content; banco de questões; sigla/instituição PM; diretório/estrutura"
"storage/content/militar/pmsp-soldado-2023-vunesp/gabaritos/pmsp-soldado-2023-vunesp-gabarito-definitivo.pdf","pedagogical-content","gabarito/padrão de resposta","true","leitura parcial","Polícia Militar","PMSP","pmsp-soldado-2023-vunesp","Soldado","Vunesp","2023","","","local-only","fcfeeeb2310f5a8651a686b882465e8fb6f6732cc8e8e081f015490f13748076","307902","alta","pedagogical-content; gabarito/padrão de resposta; sigla/instituição PM; sem disciplina confiável"
"storage/content/militar/pmsp-soldado-2023-vunesp/metadata.json","pedagogical-container","container pedagógico","false","leitura bem-sucedida","Polícia Militar","PMSP","PMSP Soldado PM de 2a Classe 2023","Soldado","Vunesp","2023","","","local-only","b7393fc70ed63f06db670904dee2c8a96e5f4ce453468c3475ce2b9fa92b6482","964","alta","pedagogical-container; container pedagógico; sigla/instituição PM; sem disciplina confiável"
"storage/content/militar/pmsp-soldado-2023-vunesp/provas/pmsp-soldado-2023-vunesp-prova.pdf","pedagogical-content","prova PDF","true","leitura parcial","Polícia Militar","PMSP","pmsp-soldado-2023-vunesp","Soldado","Vunesp","2023","","","local-only","7a0caff4f45204c524a9e4f7b8a5f7cfbde9644470a86f5d7d9f8a755d810008","708243","alta","pedagogical-content; prova PDF; sigla/instituição PM; sem disciplina confiável"
"storage/content/militar/pmsp-soldado-2023-vunesp/questoes/questoes-extraidas.json","pedagogical-content","banco de questões","true","leitura bem-sucedida","Polícia Militar","PMSP","pmsp-soldado-2023-vunesp","Soldado","Vunesp","2023","Língua Portuguesa","","local-only","31ae93c2f0677604484b5a827c7a9dcabb66d972a939e98076015ca8f0026cd2","86786","alta","pedagogical-content; banco de questões; sigla/instituição PM; diretório/estrutura"
"storage/content/militar/pmsp-soldado-2024-fgv/gabaritos/pmsp-soldado-2024-fgv-gabarito-definitivo.pdf","pedagogical-content","gabarito/padrão de resposta","true","leitura parcial","Polícia Militar","PMSP","pmsp-soldado-2024-fgv","Soldado","FGV","2024","","","local-only","ed7030a1c31745a31d1bd6deb53097753246c355184cc1b78acd3d2c49f76115","203121","alta","pedagogical-content; gabarito/padrão de resposta; sigla/instituição PM; sem disciplina confiável"
"storage/content/militar/pmsp-soldado-2024-fgv/metadata.json","pedagogical-container","container pedagógico","false","leitura bem-sucedida","Polícia Militar","PMSP","PMSP Soldado PM de 2a Classe 2024","Soldado","FGV","2024","","","local-only","008da904c9864b3dcb7eaffbb9650d5ae676aca2e52d782dc18d1f2c11145b19","935","alta","pedagogical-container; container pedagógico; sigla/instituição PM; sem disciplina confiável"
"storage/content/militar/pmsp-soldado-2024-fgv/provas/pmsp-soldado-2024-fgv-prova.pdf","pedagogical-content","prova PDF","true","leitura parcial","Polícia Militar","PMSP","pmsp-soldado-2024-fgv","Soldado","FGV","2024","","","local-only","eb52c2f1008da7010fb85d506bde93fa219bb0beb5d99c42f2eff8c152b174ea","517370","alta","pedagogical-content; prova PDF; sigla/instituição PM; sem disciplina confiável"
"storage/content/militar/pmsp-soldado-2024-fgv/questoes/questoes-extraidas.json","pedagogical-content","banco de questões","true","leitura bem-sucedida","Polícia Militar","PMSP","pmsp-soldado-2024-fgv","Soldado","FGV","2024","Língua Portuguesa","","local-only","5f1d5e67131a7fbe3ef72c752fe85e2b2f19341cf03ba65ac7b6cf50e9ad8765","55306","alta","pedagogical-content; banco de questões; sigla/instituição PM; diretório/estrutura"
"storage/content/militar/pmsp-soldado-2025-fgv/gabaritos/pmsp-soldado-2025-fgv-gabarito-definitivo.pdf","pedagogical-content","gabarito/padrão de resposta","true","leitura parcial","Polícia Militar","PMSP","pmsp-soldado-2025-fgv","Soldado","FGV","2025","","","local-only","bbfd6ee1769f86356c83d0f11688dc1830a49a00633f7f81ed9f0fad47ab1843","247722","alta","pedagogical-content; gabarito/padrão de resposta; sigla/instituição PM; sem disciplina confiável"
"storage/content/militar/pmsp-soldado-2025-fgv/metadata.json","pedagogical-container","container pedagógico","false","leitura bem-sucedida","Polícia Militar","PMSP","PMSP Soldado PM de 2a Classe 2025","Soldado","FGV","2025","","","local-only","2a3f2d048095abb100d2c2140ebd17ee7bbe26205a4180eaaf9cb799e189cb3a","953","alta","pedagogical-container; container pedagógico; sigla/instituição PM; sem disciplina confiável"
"storage/content/militar/pmsp-soldado-2025-fgv/provas/pmsp-soldado-2025-fgv-prova.pdf","pedagogical-content","prova PDF","true","leitura parcial","Polícia Militar","PMSP","pmsp-soldado-2025-fgv","Soldado","FGV","2025","","","local-only","05cc4743a181c0f49102759b736bd2e7427b2d922e234f7b384c6097d4dbc65d","816941","alta","pedagogical-content; prova PDF; sigla/instituição PM; sem disciplina confiável"
"storage/content/militar/pmsp-soldado-2025-fgv/questoes/questoes-extraidas.json","pedagogical-content","banco de questões","true","leitura bem-sucedida","Polícia Militar","PMSP","pmsp-soldado-2025-fgv","Soldado","FGV","2025","Língua Portuguesa","","local-only","2207359330d7d023e99eb4e887389e4fe9346f945729462e4233941ca4013da9","57183","alta","pedagogical-content; banco de questões; sigla/instituição PM; diretório/estrutura"
"storage/content/militar/pmto-quadro-de-pracas-da-policia-militar-2025-fgv/gabaritos/pmto-quadro-de-pracas-da-policia-militar-2025-fgv-gabarito-definitivo.pdf","pedagogical-content","gabarito/padrão de resposta","true","leitura parcial","Polícia Militar","PMTO","pmto-quadro-de-pracas-da-policia-militar-2025-fgv","","FGV","2025","","","local-only","c8e504f5460958ce649beff0c7f145696c02b0f81af5721f69fa4a4afae288c6","187841","alta","pedagogical-content; gabarito/padrão de resposta; sigla/instituição PM; sem disciplina confiável"
"storage/content/militar/pmto-quadro-de-pracas-da-policia-militar-2025-fgv/metadata.json","pedagogical-container","container pedagógico","false","leitura bem-sucedida","Polícia Militar","PMTO","PMTO Quadro de Pracas da Policia Militar 2025","","FGV","2025","","","local-only","2ddd7e6b04b572992eb11c8fef22897c81d3eec7aa7bf85b32754c727a011257","1135","alta","pedagogical-container; container pedagógico; sigla/instituição PM; sem disciplina confiável"
"storage/content/militar/pmto-quadro-de-pracas-da-policia-militar-2025-fgv/provas/pmto-quadro-de-pracas-da-policia-militar-2025-fgv-prova.pdf","pedagogical-content","prova PDF","true","leitura parcial","Polícia Militar","PMTO","pmto-quadro-de-pracas-da-policia-militar-2025-fgv","","FGV","2025","","","local-only","fe1c92c1c89fd84f795340b6d499c2a6e23b40a8a89dda6c5d80a131ee5b298d","516691","alta","pedagogical-content; prova PDF; sigla/instituição PM; sem disciplina confiável"
"storage/content/militar/pmto-quadro-de-pracas-da-policia-militar-2025-fgv/questoes/questoes-extraidas.json","pedagogical-content","banco de questões","true","leitura bem-sucedida","Polícia Militar","PMTO","pmto-quadro-de-pracas-da-policia-militar-2025-fgv","","FGV","2025","Língua Portuguesa","","local-only","0766b3d4841de559c9430501f88f746e15989096fd8148a8dc498440bc336016","69734","alta","pedagogical-content; banco de questões; sigla/instituição PM; diretório/estrutura"
"storage/content/oab/10-exame/metadata.json","pedagogical-container","container pedagógico","false","leitura bem-sucedida","OAB","OAB/FGV","10º Exame de Ordem Unificado","","","2026","","","local-only","d867a0bbeb8b91bccdab7a1acc991f017cad5a6fb77a56af4fbc284b1bd8ff98","183","alta","pedagogical-container; container pedagógico; diretório/metadado OAB; sem disciplina confiável"
"storage/content/oab/11-exame/metadata.json","pedagogical-container","container pedagógico","false","leitura bem-sucedida","OAB","OAB/FGV","11º Exame de Ordem Unificado","","","2026","","","local-only","d0b92f8798ceecd024ca90399083b706b2f03745ff5b83e4d4fb53d35aa1f8ad","183","alta","pedagogical-container; container pedagógico; diretório/metadado OAB; sem disciplina confiável"
"storage/content/oab/12-exame/metadata.json","pedagogical-container","container pedagógico","false","leitura bem-sucedida","OAB","OAB/FGV","12º Exame de Ordem Unificado","","","2026","","","local-only","dde5d768fce96dcf79a26ff7133050ae88d55635127e17b2e52e28b0359a731a","2330","alta","pedagogical-container; container pedagógico; diretório/metadado OAB; sem disciplina confiável"
"storage/content/oab/12-exame/segunda-fase/padrao-de-respostas-definitivo-direito-administrativo-1z13if.pdf","unknown","gabarito/padrão de resposta","false","leitura parcial","OAB","OAB/FGV","12-exame","","","2003","Direito Administrativo","","local-only","961a4b6769c139234f6c9fe3c61ce863e447357bec297d3ac2b7916d6101ad44","140576","baixa","unknown; gabarito/padrão de resposta; diretório/metadado OAB; diretório/estrutura"
"storage/content/oab/12-exame/segunda-fase/padrao-de-respostas-definitivo-direito-civil-3byjyh.pdf","unknown","gabarito/padrão de resposta","false","leitura parcial","OAB","OAB/FGV","12-exame","","","","","","local-only","0250a1f19a9d25c6bf5995197a8a3aac7230d919b0565502e36d2c35e17be26c","94344","baixa","unknown; gabarito/padrão de resposta; diretório/metadado OAB; sem disciplina confiável"
"storage/content/oab/12-exame/segunda-fase/padrao-de-respostas-definitivo-direito-constitucional-2u4ukj.pdf","unknown","gabarito/padrão de resposta","false","leitura parcial","OAB","OAB/FGV","12-exame","","","1968","Direito Constitucional","","local-only","4d817cfcd42dce2290261a198e234bea9b38b42c49fd0743ae5af71ef4674427","119792","baixa","unknown; gabarito/padrão de resposta; diretório/metadado OAB; diretório/estrutura"
"storage/content/oab/12-exame/segunda-fase/padrao-de-respostas-definitivo-direito-do-trabalho-hmh3h8.pdf","unknown","gabarito/padrão de resposta","false","leitura parcial","OAB","OAB/FGV","12-exame","","","1990","","","local-only","9abc721a895b800d56bcadaa157c0fd09913c81f27a6a37bfaef4d2d38d7ba3e","105927","baixa","unknown; gabarito/padrão de resposta; diretório/metadado OAB; sem disciplina confiável"
"storage/content/oab/12-exame/segunda-fase/padrao-de-respostas-definitivo-direito-empresarial-2r56bb.pdf","unknown","gabarito/padrão de resposta","false","leitura parcial","OAB","OAB/FGV","12-exame","","","1994","Direito Empresarial","","local-only","c233732dde1c5e01650aeac1eb9bd48d8d664f32ce9f91b1d44b2d28fd9e623c","130396","baixa","unknown; gabarito/padrão de resposta; diretório/metadado OAB; diretório/estrutura"
"storage/content/oab/12-exame/segunda-fase/padrao-de-respostas-definitivo-direito-penal-1j2gml.pdf","unknown","gabarito/padrão de resposta","false","leitura parcial","OAB","OAB/FGV","12-exame","","","2011","Direito Penal","","local-only","d5effaceb9358f41c06bb22a1350916b972b710dd506e10a13990e7db0a901b8","123577","baixa","unknown; gabarito/padrão de resposta; diretório/metadado OAB; diretório/estrutura"
"storage/content/oab/12-exame/segunda-fase/padrao-de-respostas-definitivo-direito-tributario-8kk7p6.pdf","unknown","gabarito/padrão de resposta","false","leitura parcial","OAB","OAB/FGV","12-exame","","","2013","Direito Tributário","","local-only","6def78ceecb75a7e9efd88e27135adf474aa3517990155c25b0341f8f697cd25","111370","baixa","unknown; gabarito/padrão de resposta; diretório/metadado OAB; diretório/estrutura"
"storage/content/oab/13-exame/metadata.json","pedagogical-container","container pedagógico","false","leitura bem-sucedida","OAB","OAB/FGV","13º Exame de Ordem Unificado","","","2026","","","local-only","9b6522ce1088ec59611a7757cee5a8d73e7df697f28ec5b2dc07d6091c5e7238","2694","alta","pedagogical-container; container pedagógico; diretório/metadado OAB; sem disciplina confiável"
"storage/content/oab/13-exame/segunda-fase/padrao-de-respostas-definitivo-direito-administrativo-cxm10m.pdf","unknown","gabarito/padrão de resposta","false","leitura parcial","OAB","OAB/FGV","13-exame","","","1990","Direito Administrativo","","local-only","5ed7277ed6a955301db6ff9cf7a5a739eee1c8a492eec9747236cac9c2ccc03a","254294","baixa","unknown; gabarito/padrão de resposta; diretório/metadado OAB; diretório/estrutura"
"storage/content/oab/13-exame/segunda-fase/padrao-de-respostas-definitivo-direito-civil-1uulqs.pdf","unknown","gabarito/padrão de resposta","false","leitura parcial","OAB","OAB/FGV","13-exame","","","1990","","","local-only","f47ff7176b5c371e8bb18c7a42fc2c8c5ae5ded6698cdd2a49ae7bd7a44769f8","258933","baixa","unknown; gabarito/padrão de resposta; diretório/metadado OAB; sem disciplina confiável"
"storage/content/oab/13-exame/segunda-fase/padrao-de-respostas-definitivo-direito-constitucional-32ggt9.pdf","unknown","gabarito/padrão de resposta","false","leitura parcial","OAB","OAB/FGV","13-exame","","","2004","Direito Constitucional","","local-only","b5c1b879c341b7aa4cb02fd713fff201d061ca92f3176662eafee7fa16e3e620","261212","baixa","unknown; gabarito/padrão de resposta; diretório/metadado OAB; diretório/estrutura"
"storage/content/oab/13-exame/segunda-fase/padrao-de-respostas-definitivo-direito-do-trabalho-1nnt0p.pdf","unknown","gabarito/padrão de resposta","false","leitura parcial","OAB","OAB/FGV","13-exame","","","2013","","","local-only","1b9e94cec9854151b0df4b0a604d0fa1ea079003ef2bf9a2e3c6f944cd8fb03e","250512","baixa","unknown; gabarito/padrão de resposta; diretório/metadado OAB; sem disciplina confiável"
"storage/content/oab/13-exame/segunda-fase/padrao-de-respostas-definitivo-direito-empresarial-1ktle9.pdf","unknown","gabarito/padrão de resposta","false","leitura parcial","OAB","OAB/FGV","13-exame","","","2014","Direito Empresarial","","local-only","08ee6e98807f857e579e3b391915320ca044ed4855c5cf11c6e4d9a39483d0a8","338355","baixa","unknown; gabarito/padrão de resposta; diretório/metadado OAB; diretório/estrutura"
"storage/content/oab/13-exame/segunda-fase/padrao-de-respostas-definitivo-direito-penal-1qmwlk.pdf","unknown","gabarito/padrão de resposta","false","leitura parcial","OAB","OAB/FGV","13-exame","","","2012","Direito Penal","","local-only","7e50370e8d53812e2e6ba2aa9fc66e60a74f9131b2b8d18079639fdce109a485","279247","baixa","unknown; gabarito/padrão de resposta; diretório/metadado OAB; diretório/estrutura"
"storage/content/oab/13-exame/segunda-fase/padrao-de-respostas-definitivo-direito-tributario-bvt3ot.pdf","unknown","gabarito/padrão de resposta","false","leitura parcial","OAB","OAB/FGV","13-exame","","","2012","Direito Tributário","","local-only","c74a729a8c3b8334d6a9e36b1e5921eb880ac2e553fbed66bebd884a858a2ae3","256226","baixa","unknown; gabarito/padrão de resposta; diretório/metadado OAB; diretório/estrutura"
"storage/content/oab/14-exame/metadata.json","pedagogical-container","container pedagógico","false","leitura bem-sucedida","OAB","OAB/FGV","14º Exame de Ordem Unificado","","","2026","","","local-only","a458b63ccb0adb5559003a59ce5bf1292344db7ad89c89b10ef138bea3245651","183","alta","pedagogical-container; container pedagógico; diretório/metadado OAB; sem disciplina confiável"
"storage/content/oab/15-exame/metadata.json","pedagogical-container","container pedagógico","false","leitura bem-sucedida","OAB","OAB/FGV","15º Exame de Ordem Unificado","","","2026","","","local-only","f26a32b4442f4136999018e34d3d897681235c8f56918e137c5c3990f4819868","4594","alta","pedagogical-container; container pedagógico; diretório/metadado OAB; sem disciplina confiável"
"storage/content/oab/15-exame/provas/caderno-de-provas-direito-administrativo-19vvnu.pdf","pedagogical-content","prova PDF","true","leitura parcial","OAB","OAB/FGV","15-exame","","","","Direito Administrativo","","local-only","50b463357aeaee5f1995b559922e13c8c242a0b1bab667ad6cd770b516117254","2644225","alta","pedagogical-content; prova PDF; diretório/metadado OAB; diretório/estrutura"
"storage/content/oab/15-exame/provas/caderno-de-provas-direito-civil-sar2hr.pdf","pedagogical-content","prova PDF","true","leitura parcial","OAB","OAB/FGV","15-exame","","","2014","","","local-only","d105a492b8f7f5da71b1fefd052d05e4e6375d0ac5de7799837fef4c298959b6","2549423","alta","pedagogical-content; prova PDF; diretório/metadado OAB; sem disciplina confiável"
"storage/content/oab/15-exame/provas/caderno-de-provas-direito-constitucional-15wc24.pdf","pedagogical-content","prova PDF","true","leitura parcial","OAB","OAB/FGV","15-exame","","","2014","Direito Constitucional","","local-only","1759b7d09f008571d69fad3e14731d0f762f3868d1ec58c279599e58ed1d30cf","2552525","alta","pedagogical-content; prova PDF; diretório/metadado OAB; diretório/estrutura"
"storage/content/oab/15-exame/provas/caderno-de-provas-direito-do-trabalho-ys2xgc.pdf","pedagogical-content","prova PDF","true","leitura parcial","OAB","OAB/FGV","15-exame","","","2012","","","local-only","42f108e98b0414fee1daf90ca246c4011341724e4eaccddd8163431e262bfcca","2551703","alta","pedagogical-content; prova PDF; diretório/metadado OAB; sem disciplina confiável"
"storage/content/oab/15-exame/provas/caderno-de-provas-direito-empresarial-1yw2i4.pdf","pedagogical-content","prova PDF","true","leitura parcial","OAB","OAB/FGV","15-exame","","","2014","Direito Empresarial","","local-only","fe0cf06b7bc346bfcb47175df4f68d771c22f0374eb76c0d0e4792e7da8c36e7","2560273","alta","pedagogical-content; prova PDF; diretório/metadado OAB; diretório/estrutura"
"storage/content/oab/15-exame/provas/caderno-de-provas-direito-penal-1f7tn6.pdf","pedagogical-content","prova PDF","true","leitura parcial","OAB","OAB/FGV","15-exame","","","2014","Direito Penal","","local-only","64e466c48b5b1c8bc1b9a635fdccd2450e8204288cc80b09d1244db9dfc315dc","2553053","alta","pedagogical-content; prova PDF; diretório/metadado OAB; diretório/estrutura"
"storage/content/oab/15-exame/provas/caderno-de-provas-direito-tributario-uumxfr.pdf","pedagogical-content","prova PDF","true","leitura parcial","OAB","OAB/FGV","15-exame","","","2003","Direito Tributário","","local-only","2add71ba75a30ede177739370b6185b87e244586d799b790ecec5bc7338b2944","2549969","alta","pedagogical-content; prova PDF; diretório/metadado OAB; diretório/estrutura"
"storage/content/oab/15-exame/segunda-fase/padrao-de-respostas-direito-administrativo-1y0o7g.pdf","unknown","gabarito/padrão de resposta","false","leitura parcial","OAB","OAB/FGV","15-exame","","","2015","Direito Administrativo","","local-only","94fc2e6b2dec9713b03da418f13d8c7804e2b0ed760efa7b88802b3a5b110735","342409","baixa","unknown; gabarito/padrão de resposta; diretório/metadado OAB; diretório/estrutura"
"storage/content/oab/15-exame/segunda-fase/padrao-de-respostas-direito-civil-ymyyne.pdf","unknown","gabarito/padrão de resposta","false","leitura parcial","OAB","OAB/FGV","15-exame","","","2015","","","local-only","6ec83258fd63edc97603942cfd954438f2f1dd1309fcd11a852068340508f118","340101","baixa","unknown; gabarito/padrão de resposta; diretório/metadado OAB; sem disciplina confiável"
"storage/content/oab/15-exame/segunda-fase/padrao-de-respostas-direito-constitucional-1u0vj4.pdf","unknown","gabarito/padrão de resposta","false","leitura parcial","OAB","OAB/FGV","15-exame","","","2015","Direito Constitucional","","local-only","47142767f6792eb5b96ef4090b8f7e05332e6d14366a02aa1a231f7fa4c4686a","344096","baixa","unknown; gabarito/padrão de resposta; diretório/metadado OAB; diretório/estrutura"
"storage/content/oab/15-exame/segunda-fase/padrao-de-respostas-direito-do-trabalho-cpd8cg.pdf","unknown","gabarito/padrão de resposta","false","leitura parcial","OAB","OAB/FGV","15-exame","","","2015","","","local-only","3d2f59ceedf82506e0156fe32375c931248a95466fe3ba1b599e2f45c4fb4144","344814","baixa","unknown; gabarito/padrão de resposta; diretório/metadado OAB; sem disciplina confiável"
"storage/content/oab/15-exame/segunda-fase/padrao-de-respostas-direito-empresarial-1hz5m5.pdf","unknown","gabarito/padrão de resposta","false","leitura parcial","OAB","OAB/FGV","15-exame","","","2015","Direito Empresarial","","local-only","a89b9802602441a68169c5154b6b42ab95abf94d56c88eb04a9d34fe968fcbb9","366679","baixa","unknown; gabarito/padrão de resposta; diretório/metadado OAB; diretório/estrutura"
"storage/content/oab/15-exame/segunda-fase/padrao-de-respostas-direito-penal-1dlt6i.pdf","unknown","gabarito/padrão de resposta","false","leitura parcial","OAB","OAB/FGV","15-exame","","","2015","Direito Penal","","local-only","d77c07db3a51aee8f0f7d1c57d67ff0b915e77cea5e1fb60d1a5d5b569e513f7","350943","baixa","unknown; gabarito/padrão de resposta; diretório/metadado OAB; diretório/estrutura"
"storage/content/oab/15-exame/segunda-fase/padrao-de-respostas-direito-tributario-iqr96v.pdf","unknown","gabarito/padrão de resposta","false","leitura parcial","OAB","OAB/FGV","15-exame","","","2015","Direito Tributário","","local-only","0f9b89788a7d1baea45b7c0db7bbe5224cd81bc884b2dfb6436dc351981bd5dd","342112","baixa","unknown; gabarito/padrão de resposta; diretório/metadado OAB; diretório/estrutura"
"storage/content/oab/16-exame/gabaritos/gabaritos-definitivos-da-prova-objetiva-1-fase-t734op.pdf","pedagogical-content","gabarito/padrão de resposta","true","leitura parcial","OAB","OAB/FGV","16-exame","1ª fase OAB","","2015","","","local-only","5c593b094ad269f599c37cb710850c6bd02aa07d7e4302cbd4071c4be516da95","290831","alta","pedagogical-content; gabarito/padrão de resposta; diretório/metadado OAB; sem disciplina confiável"
"storage/content/oab/16-exame/gabaritos/gabaritos-preliminares-da-prova-objetiva-1-fase-1469zy.pdf","pedagogical-content","gabarito/padrão de resposta","true","leitura parcial","OAB","OAB/FGV","16-exame","1ª fase OAB","","2015","","","local-only","ae0ea0eec03b8c74d12846c2a0baf8f11779ef109e06eac7ae808a334f7ad9d0","342868","alta","pedagogical-content; gabarito/padrão de resposta; diretório/metadado OAB; sem disciplina confiável"
"storage/content/oab/16-exame/metadata.json","pedagogical-container","container pedagógico","false","leitura bem-sucedida","OAB","OAB/FGV","16º Exame de Ordem Unificado","","","2026","","","local-only","a412ac15c17931d95bb0cd2a98153dc37451b4de63285569ecbf9fe9bfe96564","8384","alta","pedagogical-container; container pedagógico; diretório/metadado OAB; sem disciplina confiável"
"storage/content/oab/16-exame/provas/caderno-de-prova-01-18yozo.pdf","pedagogical-content","prova PDF","true","leitura parcial","OAB","OAB/FGV","16-exame","","","2014","","","local-only","47835a26d012b1dddc024857cbe184ab515f1fafed8b78b3e124c54fcf26920d","663191","alta","pedagogical-content; prova PDF; diretório/metadado OAB; sem disciplina confiável"
"storage/content/oab/16-exame/provas/caderno-de-prova-02-95ox0c.pdf","pedagogical-content","prova PDF","true","leitura parcial","OAB","OAB/FGV","16-exame","","","2014","","","local-only","a822ce265bc1b37fa8ab3c5ed1b420f7051a886c9299bd72ffdcb779f682f5b7","652981","alta","pedagogical-content; prova PDF; diretório/metadado OAB; sem disciplina confiável"
"storage/content/oab/16-exame/provas/caderno-de-prova-03-13pdat.pdf","pedagogical-content","prova PDF","true","leitura parcial","OAB","OAB/FGV","16-exame","","","2014","","","local-only","df4d6b30a2ac44717c23e2fc74f0a7594f29d5b14ad1a546b205a70a9ee28efa","665484","alta","pedagogical-content; prova PDF; diretório/metadado OAB; sem disciplina confiável"
"storage/content/oab/16-exame/provas/caderno-de-prova-04-1yfs87.pdf","pedagogical-content","prova PDF","true","leitura parcial","OAB","OAB/FGV","16-exame","","","2014","","","local-only","fc20329f1e596d58cc2bb696fcc1e9d65ba2c063bf28f89e1f62dccd304a9dc1","653622","alta","pedagogical-content; prova PDF; diretório/metadado OAB; sem disciplina confiável"
"storage/content/oab/16-exame/provas/caderno-de-provas-direito-administrativo-edxrv4.pdf","pedagogical-content","prova PDF","true","leitura parcial","OAB","OAB/FGV","16-exame","","","","Direito Administrativo","","local-only","66b49f4d6ceb519961db0f1357cbb7d0f265c24a28fb50899a2f54678af9bad0","687735","alta","pedagogical-content; prova PDF; diretório/metadado OAB; diretório/estrutura"
"storage/content/oab/16-exame/provas/caderno-de-provas-direito-civil-1221zb.pdf","pedagogical-content","prova PDF","true","leitura parcial","OAB","OAB/FGV","16-exame","","","","","","local-only","de725b157c84d817654c41a594b953924d6b195822b98f6d7c5f1f57f57373c9","679414","alta","pedagogical-content; prova PDF; diretório/metadado OAB; sem disciplina confiável"
"storage/content/oab/16-exame/provas/caderno-de-provas-direito-constitucional-rawx81.pdf","pedagogical-content","prova PDF","true","leitura parcial","OAB","OAB/FGV","16-exame","","","2015","Direito Constitucional","","local-only","13e3824b4aa30c053bf64a89279611c9f652a40374b23e310a23ecf7a55fbe58","680700","alta","pedagogical-content; prova PDF; diretório/metadado OAB; diretório/estrutura"
"storage/content/oab/16-exame/provas/caderno-de-provas-direito-do-trabalho-17cl7h.pdf","pedagogical-content","prova PDF","true","leitura parcial","OAB","OAB/FGV","16-exame","","","2014","","","local-only","edab7a2c46d21a2877281f46936188ed6ef5b73cfb160dcf42f4d8a7e55a89a6","678077","alta","pedagogical-content; prova PDF; diretório/metadado OAB; sem disciplina confiável"
"storage/content/oab/16-exame/provas/caderno-de-provas-direito-empresarial-st7h0d.pdf","pedagogical-content","prova PDF","true","leitura parcial","OAB","OAB/FGV","16-exame","","","2012","Direito Empresarial","","local-only","2d03910c3c9f9cdd11ad3c0ab77f175b85b0696e8b3ea004a5431a8ddb5e379d","681229","alta","pedagogical-content; prova PDF; diretório/metadado OAB; diretório/estrutura"
"storage/content/oab/16-exame/provas/caderno-de-provas-direito-penal-1n7nnc.pdf","pedagogical-content","prova PDF","true","leitura parcial","OAB","OAB/FGV","16-exame","","","2011","Direito Penal","","local-only","1e56278a96b038494b1d20e5bf632b55a4fdab512ac68a87f14ae7bd3bdb3193","682133","alta","pedagogical-content; prova PDF; diretório/metadado OAB; diretório/estrutura"
"storage/content/oab/16-exame/provas/caderno-de-provas-direito-tributario-1lodof.pdf","pedagogical-content","prova PDF","true","leitura parcial","OAB","OAB/FGV","16-exame","","","2013","Direito Tributário","","local-only","02abdca1336dc2327c92f14c6eed33b856dac60f72359971ca47a8020ae3c2f0","678978","alta","pedagogical-content; prova PDF; diretório/metadado OAB; diretório/estrutura"
"storage/content/oab/16-exame/questoes/questoes-extraidas.json","pedagogical-content","banco de questões","true","leitura bem-sucedida","OAB","OAB/FGV","16-exame","","FGV","2014","Ética Profissional","16o Exame OAB - Questao 1","local-only","83d9469cd4681513923420490dad5e14d58bde759f1b0cbcc8103d7d9f773838","170904","alta","pedagogical-content; banco de questões; diretório/metadado OAB; diretório/estrutura"
"storage/content/oab/16-exame/segunda-fase/padrao-de-respostas-definitivo-direito-administrativo-f6ryhz.pdf","unknown","gabarito/padrão de resposta","false","leitura parcial","OAB","OAB/FGV","16-exame","","","2015","Direito Administrativo","","local-only","561fecd6cae2f9d5ccaf97c307bd38ddbd30514da707dff4644e78d3c54814a7","129882","baixa","unknown; gabarito/padrão de resposta; diretório/metadado OAB; diretório/estrutura"
"storage/content/oab/16-exame/segunda-fase/padrao-de-respostas-definitivo-direito-civil-1jcl7m.pdf","unknown","gabarito/padrão de resposta","false","leitura parcial","OAB","OAB/FGV","16-exame","","","2015","","","local-only","6e9a4e8f51f0094e610cd8aae13ae012bb9d97517d35b4597e879608fc7d7b97","128329","baixa","unknown; gabarito/padrão de resposta; diretório/metadado OAB; sem disciplina confiável"
"storage/content/oab/16-exame/segunda-fase/padrao-de-respostas-definitivo-direito-constitucional-foyt5x.pdf","unknown","gabarito/padrão de resposta","false","leitura parcial","OAB","OAB/FGV","16-exame","","","2015","Direito Constitucional","","local-only","ad1407ca90d81710127c5f71002abc3c0272512249be2c4183f435f722e7b21a","148434","baixa","unknown; gabarito/padrão de resposta; diretório/metadado OAB; diretório/estrutura"
"storage/content/oab/16-exame/segunda-fase/padrao-de-respostas-definitivo-direito-do-trabalho-1hsfy5.pdf","unknown","gabarito/padrão de resposta","false","leitura parcial","OAB","OAB/FGV","16-exame","","","2015","","","local-only","1fb9f687ed1f17aeb847e5e9c1de305f467d941fadee123f8b3c89d8f1cde790","105697","baixa","unknown; gabarito/padrão de resposta; diretório/metadado OAB; sem disciplina confiável"
"storage/content/oab/16-exame/segunda-fase/padrao-de-respostas-definitivo-empresarial-hcumz1.pdf","unknown","gabarito/padrão de resposta","false","leitura parcial","OAB","OAB/FGV","16-exame","","","2015","Direito Empresarial","","local-only","a3a616268575e028d0465f5c046ca659916e0c14393403f5827b2c9098d67f9b","187209","baixa","unknown; gabarito/padrão de resposta; diretório/metadado OAB; diretório/estrutura"
"storage/content/oab/16-exame/segunda-fase/padrao-de-respostas-definitivo-penal-sc6iqr.pdf","unknown","gabarito/padrão de resposta","false","leitura parcial","OAB","OAB/FGV","16-exame","","","2015","Direito Penal","","local-only","0ca2fc0dfadfa251090ca6e4fe3aebd62d9861ff54774a156321644da3391a06","135122","baixa","unknown; gabarito/padrão de resposta; diretório/metadado OAB; diretório/estrutura"
"storage/content/oab/16-exame/segunda-fase/padrao-de-respostas-definitivo-tributario-1dhjrd.pdf","unknown","gabarito/padrão de resposta","false","leitura parcial","OAB","OAB/FGV","16-exame","","","2015","Direito Tributário","","local-only","95e46f3d68e0d72b0d7811090919e7f82d6b7ab0bc4a1022b1077a89df5bd03b","118555","baixa","unknown; gabarito/padrão de resposta; diretório/metadado OAB; diretório/estrutura"
"storage/content/oab/16-exame/segunda-fase/padrao-de-respostas-direito-administrativo-17n2r5.pdf","unknown","gabarito/padrão de resposta","false","leitura parcial","OAB","OAB/FGV","16-exame","","","2015","Direito Administrativo","","local-only","25ca3ef7197bab8cec27b5665321f0f96cb00d6f12192b0bf09d68a0e4eea655","334793","baixa","unknown; gabarito/padrão de resposta; diretório/metadado OAB; diretório/estrutura"
"storage/content/oab/16-exame/segunda-fase/padrao-de-respostas-direito-civil-1sfwky.pdf","unknown","gabarito/padrão de resposta","false","leitura parcial","OAB","OAB/FGV","16-exame","","","2015","","","local-only","210cd8f665fb44217c6dc5f957035bf9fd06957c31274da14ddc8934d1690d77","328838","baixa","unknown; gabarito/padrão de resposta; diretório/metadado OAB; sem disciplina confiável"
"storage/content/oab/16-exame/segunda-fase/padrao-de-respostas-direito-constitucional-1m6q2b.pdf","unknown","gabarito/padrão de resposta","false","leitura parcial","OAB","OAB/FGV","16-exame","","","2015","Direito Constitucional","","local-only","210d67b3575453329f58ed7696ddaf68fc6cc609e2e5441471cfed1ede54ba78","346896","baixa","unknown; gabarito/padrão de resposta; diretório/metadado OAB; diretório/estrutura"
"storage/content/oab/16-exame/segunda-fase/padrao-de-respostas-direito-do-trabalho-1024h3.pdf","unknown","gabarito/padrão de resposta","false","leitura parcial","OAB","OAB/FGV","16-exame","","","2015","","","local-only","018c0bc625c2de4ea1ed11c6342492415a2c160eaeb6050307c370492f38b731","321485","baixa","unknown; gabarito/padrão de resposta; diretório/metadado OAB; sem disciplina confiável"
"storage/content/oab/16-exame/segunda-fase/padrao-de-respostas-direito-empresarial-atualizado-em-18-5-2015-125uol.pdf","unknown","gabarito/padrão de resposta","false","leitura parcial","OAB","OAB/FGV","16-exame","","","2015","Direito Empresarial","","local-only","1475685c4f83f09f5cb935c9fdd7305583f3a46a9372ccede6b5e5e69f7d2f67","352825","baixa","unknown; gabarito/padrão de resposta; diretório/metadado OAB; diretório/estrutura"
"storage/content/oab/16-exame/segunda-fase/padrao-de-respostas-direito-penal-w8wek5.pdf","unknown","gabarito/padrão de resposta","false","leitura parcial","OAB","OAB/FGV","16-exame","","","2015","Direito Penal","","local-only","441a75af871ac51e2ade869763764acc7d7d10155bf75385cdf8ff5601f91d06","339760","baixa","unknown; gabarito/padrão de resposta; diretório/metadado OAB; diretório/estrutura"
"storage/content/oab/16-exame/segunda-fase/padrao-de-respostas-direito-tributario-1r8ns7.pdf","unknown","gabarito/padrão de resposta","false","leitura parcial","OAB","OAB/FGV","16-exame","","","2015","Direito Tributário","","local-only","23b2edeb6c4178d066c11f185dc0da70f8d35af3e7a34aa0ebbe763b2f0840e1","330491","baixa","unknown; gabarito/padrão de resposta; diretório/metadado OAB; diretório/estrutura"
"storage/content/oab/17-exame/gabaritos/gabaritos-definitivos-da-prova-objetiva-1-fase-1avzn9.pdf","pedagogical-content","gabarito/padrão de resposta","true","leitura parcial","OAB","OAB/FGV","17-exame","1ª fase OAB","","2015","","","local-only","28a989d757c603f7e8003d409bb73eb8c80bede2f37786baa56a988af3dd8a75","156243","alta","pedagogical-content; gabarito/padrão de resposta; diretório/metadado OAB; sem disciplina confiável"
"storage/content/oab/17-exame/gabaritos/gabaritos-preliminares-da-prova-objetiva-1-fase-cvnc3q.pdf","pedagogical-content","gabarito/padrão de resposta","true","leitura parcial","OAB","OAB/FGV","17-exame","1ª fase OAB","","2015","","","local-only","d76271f7bf1e5590eff1b63ed58dd5c1e61077adfc8e2dee1c12226fc827358a","110763","alta","pedagogical-content; gabarito/padrão de resposta; diretório/metadado OAB; sem disciplina confiável"
"storage/content/oab/17-exame/metadata.json","pedagogical-container","container pedagógico","false","leitura bem-sucedida","OAB","OAB/FGV","17º Exame de Ordem Unificado","","","2026","","","local-only","ca4c726ad1a7bee4c298242341d33a2aeb48e656d77959451c1c2922192457f5","8935","alta","pedagogical-container; container pedagógico; diretório/metadado OAB; sem disciplina confiável"
"storage/content/oab/17-exame/provas/caderno-de-prova-01-dnzoxi.pdf","pedagogical-content","prova PDF","true","leitura parcial","OAB","OAB/FGV","17-exame","","","1988","","","local-only","633e695fce21d24e7152d1ebc93ada87179d466c9b2471f1baf50ba61dff8c58","623407","alta","pedagogical-content; prova PDF; diretório/metadado OAB; sem disciplina confiável"
"storage/content/oab/17-exame/provas/caderno-de-prova-02-117iv7.pdf","pedagogical-content","prova PDF","true","leitura parcial","OAB","OAB/FGV","17-exame","","","1988","","","local-only","0a25576f33f2cfaf71b1c5a434b8f402be0e1077c14b818ccd5bb7e9929aa563","624397","alta","pedagogical-content; prova PDF; diretório/metadado OAB; sem disciplina confiável"
"storage/content/oab/17-exame/provas/caderno-de-prova-03-1l5nvm.pdf","pedagogical-content","prova PDF","true","leitura parcial","OAB","OAB/FGV","17-exame","","","1988","","","local-only","2f6984b8a29941a650265cb26f8919ae8cfedac803d1c4e1d215bc20913a91b5","624125","alta","pedagogical-content; prova PDF; diretório/metadado OAB; sem disciplina confiável"
"storage/content/oab/17-exame/provas/caderno-de-prova-04-9o2zwt.pdf","pedagogical-content","prova PDF","true","leitura parcial","OAB","OAB/FGV","17-exame","","","2014","","","local-only","00b53bc7d25c21746a73dbc7cc4a0ff644ef94cffc655a049ee838cf1677893a","622019","alta","pedagogical-content; prova PDF; diretório/metadado OAB; sem disciplina confiável"
"storage/content/oab/17-exame/provas/caderno-de-provas-direito-administrativo-p4q5jm.pdf","pedagogical-content","prova PDF","true","leitura parcial","OAB","OAB/FGV","17-exame","","","1993","Direito Administrativo","","local-only","82e46fa924d51f8c0958b475aae59f83dfe5f3e343b844383332677a96b35ba0","680956","alta","pedagogical-content; prova PDF; diretório/metadado OAB; diretório/estrutura"
"storage/content/oab/17-exame/provas/caderno-de-provas-direito-civil-g3lan6.pdf","pedagogical-content","prova PDF","true","leitura parcial","OAB","OAB/FGV","17-exame","","","","","","local-only","68c808c231998699015f1b336500eb6937b02a59daf7242050f7cf7883fff9d4","680835","alta","pedagogical-content; prova PDF; diretório/metadado OAB; sem disciplina confiável"
"storage/content/oab/17-exame/provas/caderno-de-provas-direito-constitucional-aoi9pq.pdf","pedagogical-content","prova PDF","true","leitura parcial","OAB","OAB/FGV","17-exame","","","2015","Direito Constitucional","","local-only","84ee93e799f8bff6440e6463746f0548f71d826e2b4e35be4f640adf3c20a2a1","668699","alta","pedagogical-content; prova PDF; diretório/metadado OAB; diretório/estrutura"
"storage/content/oab/17-exame/provas/caderno-de-provas-direito-do-trabalho-1qmz09.pdf","pedagogical-content","prova PDF","true","leitura parcial","OAB","OAB/FGV","17-exame","","","2015","","","local-only","bc11b4be69b174c0a107adf32f5564b2f51665ef2d3aff1ca9427f056b15bf01","678902","alta","pedagogical-content; prova PDF; diretório/metadado OAB; sem disciplina confiável"
"storage/content/oab/17-exame/provas/caderno-de-provas-direito-empresarial-vxp9dg.pdf","pedagogical-content","prova PDF","true","leitura parcial","OAB","OAB/FGV","17-exame","","","2011","Direito Empresarial","","local-only","ed91cda34c526b1d8cca2398c01c7c5f780cb39718d4147207334c36444bdc6a","679983","alta","pedagogical-content; prova PDF; diretório/metadado OAB; diretório/estrutura"
"storage/content/oab/17-exame/provas/caderno-de-provas-direito-penal-l3b60i.pdf","pedagogical-content","prova PDF","true","leitura parcial","OAB","OAB/FGV","17-exame","","","1990","Direito Penal","","local-only","7f98feb345c2d9ac752682c3ce6a3bd1027213c19f1dd4a0c6c70f05ea441112","691948","alta","pedagogical-content; prova PDF; diretório/metadado OAB; diretório/estrutura"
"storage/content/oab/17-exame/provas/caderno-de-provas-direito-tributario-wdtyaj.pdf","pedagogical-content","prova PDF","true","leitura parcial","OAB","OAB/FGV","17-exame","","","2013","Direito Tributário","","local-only","9fd12b889b30d95e5b381363583ef6763a547f129be998ea7dccfacc0c9bc5d3","680371","alta","pedagogical-content; prova PDF; diretório/metadado OAB; diretório/estrutura"
"storage/content/oab/17-exame/provas/esclarecimento-materiais-e-procedimentos-para-consulta-da-prova-pratico-profissional-166pcv.pdf","pedagogical-content","prova PDF","true","leitura parcial","OAB","OAB/FGV","17-exame","","","2015","","","local-only","33396e27da68f54c8acaafa0821ff0cbc1343ebef456a99eb4073fffcc44440c","30964","alta","pedagogical-content; prova PDF; diretório/metadado OAB; sem disciplina confiável"
"storage/content/oab/17-exame/questoes/questoes-extraidas.json","pedagogical-content","banco de questões","true","leitura bem-sucedida","OAB","OAB/FGV","17-exame","","FGV","1988","Ética Profissional","17o Exame OAB - Questao 1","local-only","085f606c931c5bae41439e29f1be8ae878ab724d1721d538093b9781b3430c17","124564","alta","pedagogical-content; banco de questões; diretório/metadado OAB; diretório/estrutura"
"storage/content/oab/17-exame/segunda-fase/padrao-de-respostas-definitivo-direito-administrativo-1frbx4.pdf","unknown","gabarito/padrão de resposta","false","leitura parcial","OAB","OAB/FGV","17-exame","","","2015","Direito Administrativo","","local-only","a6ca95f3a73312afcd330d08c5446e63f353fc77c6ff0de08e64916bfece3ba2","382147","baixa","unknown; gabarito/padrão de resposta; diretório/metadado OAB; diretório/estrutura"
"storage/content/oab/17-exame/segunda-fase/padrao-de-respostas-definitivo-direito-civil-wouhvd.pdf","unknown","gabarito/padrão de resposta","false","leitura parcial","OAB","OAB/FGV","17-exame","","","2015","","","local-only","7996a1a922deac8db5d3ff5f9b69a7e878020f5e4eb873baf79b6bc8ee4ab3aa","367920","baixa","unknown; gabarito/padrão de resposta; diretório/metadado OAB; sem disciplina confiável"
"storage/content/oab/17-exame/segunda-fase/padrao-de-respostas-definitivo-direito-constitucional-1rpzt3.pdf","unknown","gabarito/padrão de resposta","false","leitura parcial","OAB","OAB/FGV","17-exame","","","2015","Direito Constitucional","","local-only","44f67befced95e96eb059a41c91ab0d4f4c0db6c82505dcf7468272a7659bab4","466329","baixa","unknown; gabarito/padrão de resposta; diretório/metadado OAB; diretório/estrutura"
"storage/content/oab/17-exame/segunda-fase/padrao-de-respostas-definitivo-direito-do-trabalho-1ovgex.pdf","unknown","gabarito/padrão de resposta","false","leitura parcial","OAB","OAB/FGV","17-exame","","","2015","","","local-only","e9a29c6dc423346db8c2918b11e583a964615aea0cfebb7ade5b8e45a8dec2ac","345511","baixa","unknown; gabarito/padrão de resposta; diretório/metadado OAB; sem disciplina confiável"
"storage/content/oab/17-exame/segunda-fase/padrao-de-respostas-definitivo-empresarial-19b092.pdf","unknown","gabarito/padrão de resposta","false","leitura parcial","OAB","OAB/FGV","17-exame","","","2015","Direito Empresarial","","local-only","8fd98e36f0e969b7cf55e929a8a64d0261509289a6dc8a99db6cee0276d859eb","172905","baixa","unknown; gabarito/padrão de resposta; diretório/metadado OAB; diretório/estrutura"
"storage/content/oab/17-exame/segunda-fase/padrao-de-respostas-definitivo-penal-84tooz.pdf","unknown","gabarito/padrão de resposta","false","leitura parcial","OAB","OAB/FGV","17-exame","","","2015","Direito Penal","","local-only","878c539436f6eb58bf541ed9790aeec2b5e4fb07bfc94d5df9d70fda524bb3eb","376748","baixa","unknown; gabarito/padrão de resposta; diretório/metadado OAB; diretório/estrutura"
"storage/content/oab/17-exame/segunda-fase/padrao-de-respostas-definitivo-tributario-qh194t.pdf","unknown","gabarito/padrão de resposta","false","leitura parcial","OAB","OAB/FGV","17-exame","","","2015","Direito Tributário","","local-only","7bf51c5de9fb9b97162e87494b13d8106a6eea26613d30f88ad95c6cf5ce2433","138752","baixa","unknown; gabarito/padrão de resposta; diretório/metadado OAB; diretório/estrutura"
"storage/content/oab/17-exame/segunda-fase/padrao-de-respostas-direito-administrativo-1ktm2t.pdf","unknown","gabarito/padrão de resposta","false","leitura parcial","OAB","OAB/FGV","17-exame","","","2015","Direito Administrativo","","local-only","8b8abd4f7667b5a216e335becb891701283f18e663ee3a4defc84c0f016610f8","135209","baixa","unknown; gabarito/padrão de resposta; diretório/metadado OAB; diretório/estrutura"
"storage/content/oab/17-exame/segunda-fase/padrao-de-respostas-direito-civil-l3ifus.pdf","unknown","gabarito/padrão de resposta","false","leitura parcial","OAB","OAB/FGV","17-exame","","","2015","","","local-only","c5b8eaf9064d4ce5ecbc0841bdf7721a56cba22be6b9f42f149c4fa4fe66ebc8","124132","baixa","unknown; gabarito/padrão de resposta; diretório/metadado OAB; sem disciplina confiável"
"storage/content/oab/17-exame/segunda-fase/padrao-de-respostas-direito-constitucional-1hde4d.pdf","unknown","gabarito/padrão de resposta","false","leitura parcial","OAB","OAB/FGV","17-exame","","","2015","Direito Constitucional","","local-only","0fca558067764fd50ebbb250dca24b95c91411d14b9f1deb71bea254362c62c1","140220","baixa","unknown; gabarito/padrão de resposta; diretório/metadado OAB; diretório/estrutura"
"storage/content/oab/17-exame/segunda-fase/padrao-de-respostas-direito-do-trabalho-148odz.pdf","unknown","gabarito/padrão de resposta","false","leitura parcial","OAB","OAB/FGV","17-exame","","","2015","","","local-only","c8c6e4b35700e577269108241a3bb43bcf5d276aa4540f1eb41f093ace29e880","117615","baixa","unknown; gabarito/padrão de resposta; diretório/metadado OAB; sem disciplina confiável"
"storage/content/oab/17-exame/segunda-fase/padrao-de-respostas-direito-empresarial-gcywyh.pdf","unknown","gabarito/padrão de resposta","false","leitura parcial","OAB","OAB/FGV","17-exame","","","2015","Direito Empresarial","","local-only","ed1cfa8abf7262da76d7443ee7fc031544895137574991bc927a6b934a12ed56","338319","baixa","unknown; gabarito/padrão de resposta; diretório/metadado OAB; diretório/estrutura"
"storage/content/oab/17-exame/segunda-fase/padrao-de-respostas-direito-penal-7xeeid.pdf","unknown","gabarito/padrão de resposta","false","leitura parcial","OAB","OAB/FGV","17-exame","","","2015","Direito Penal","","local-only","148334de676e58fd383ef89878ec15033470352dac0d5c6798db4754b54d6a26","154606","baixa","unknown; gabarito/padrão de resposta; diretório/metadado OAB; diretório/estrutura"
"storage/content/oab/17-exame/segunda-fase/padrao-de-respostas-direito-tributario-uvoraj.pdf","unknown","gabarito/padrão de resposta","false","leitura parcial","OAB","OAB/FGV","17-exame","","","2015","Direito Tributário","","local-only","edc7088affb3f04dd0b7d38b150c61df04d5dc245ff89e653b742ef1620036fd","124332","baixa","unknown; gabarito/padrão de resposta; diretório/metadado OAB; diretório/estrutura"
"storage/content/oab/18-exame/gabaritos/gabaritos-preliminares-da-prova-objetiva-1-fase-1ophiw.pdf","pedagogical-content","gabarito/padrão de resposta","true","leitura parcial","OAB","OAB/FGV","18-exame","1ª fase OAB","","2015","","","local-only","9e8ba125aa2d5a10d089bfa2c5449fdc5bfc828d41a0c621150cc49d846ea1e8","123812","alta","pedagogical-content; gabarito/padrão de resposta; diretório/metadado OAB; sem disciplina confiável"
"storage/content/oab/18-exame/metadata.json","pedagogical-container","container pedagógico","false","leitura bem-sucedida","OAB","OAB/FGV","18º Exame de Ordem Unificado","","","2026","","","local-only","8d4015f0c6f9c9270e00f9f677d6e8a12371c43547abe06d3c342cfd72c46408","8017","alta","pedagogical-container; container pedagógico; diretório/metadado OAB; sem disciplina confiável"
"storage/content/oab/18-exame/provas/caderno-de-prova-tipo-1-34r88r.pdf","pedagogical-content","prova PDF","true","leitura parcial","OAB","OAB/FGV","18-exame","","","1988","","","local-only","ddb24aa0e7fcf71931c305449937cd9ec20366be9d8d30b6141fb63ef961c95c","642918","alta","pedagogical-content; prova PDF; diretório/metadado OAB; sem disciplina confiável"
"storage/content/oab/18-exame/provas/caderno-de-prova-tipo-2-109w8g.pdf","pedagogical-content","prova PDF","true","leitura parcial","OAB","OAB/FGV","18-exame","","","2013","","","local-only","9a5419be766dbf0ca6b5c6e3add79274cdda329e9f8d280b0336fb473e0bebfa","407527","alta","pedagogical-content; prova PDF; diretório/metadado OAB; sem disciplina confiável"
"storage/content/oab/18-exame/provas/caderno-de-prova-tipo-3-9ulf4i.pdf","pedagogical-content","prova PDF","true","leitura parcial","OAB","OAB/FGV","18-exame","","","1988","","","local-only","2414570c354f9109da156fe4e6b048a7391c4f38faed4b58d73f11a740f58fe5","635336","alta","pedagogical-content; prova PDF; diretório/metadado OAB; sem disciplina confiável"
"storage/content/oab/18-exame/provas/caderno-de-prova-tipo-4-tcz9px.pdf","pedagogical-content","prova PDF","true","leitura parcial","OAB","OAB/FGV","18-exame","","","1988","","","local-only","2a6f43cd04c70be4cce3a76787d3a96fadce401b11263a11e570f224b0164bd2","407092","alta","pedagogical-content; prova PDF; diretório/metadado OAB; sem disciplina confiável"
"storage/content/oab/18-exame/provas/caderno-de-provas-direito-administrativo-15ofpz.pdf","pedagogical-content","prova PDF","true","leitura parcial","OAB","OAB/FGV","18-exame","","","","Direito Administrativo","","local-only","57cc51fe332720cdac0823fb5f879d41f674122c41f2ae9df6edd43560e79c0f","267502","alta","pedagogical-content; prova PDF; diretório/metadado OAB; diretório/estrutura"
"storage/content/oab/18-exame/provas/caderno-de-provas-direito-civil-1l0rci.pdf","pedagogical-content","prova PDF","true","leitura parcial","OAB","OAB/FGV","18-exame","","","2011","","","local-only","6b7572c71ec375737d77684b544516492c220c7e607ddd2b2f0a17de0275f0e2","270003","alta","pedagogical-content; prova PDF; diretório/metadado OAB; sem disciplina confiável"
"storage/content/oab/18-exame/provas/caderno-de-provas-direito-constitucional-h1cqu7.pdf","pedagogical-content","prova PDF","true","leitura parcial","OAB","OAB/FGV","18-exame","","","","Direito Constitucional","","local-only","d3acd8b63218fc9ab242778fa87e4c1e9f8215f6184f18129cec7c613039d3ae","266238","alta","pedagogical-content; prova PDF; diretório/metadado OAB; diretório/estrutura"
"storage/content/oab/18-exame/provas/caderno-de-provas-direito-do-trabalho-1xvx06.pdf","pedagogical-content","prova PDF","true","leitura parcial","OAB","OAB/FGV","18-exame","","","2009","","","local-only","4c790856800849f99d0092a8c2916a6c90822fc6c7de705cfbea3f7cd0c6c943","265000","alta","pedagogical-content; prova PDF; diretório/metadado OAB; sem disciplina confiável"
"storage/content/oab/18-exame/provas/caderno-de-provas-direito-empresarial-1ys78g.pdf","pedagogical-content","prova PDF","true","leitura parcial","OAB","OAB/FGV","18-exame","","","","Direito Empresarial","","local-only","88055a23b9aef46911be5aecc6d93883ceeee80f8334c002d409f446e0a117c5","273567","alta","pedagogical-content; prova PDF; diretório/metadado OAB; diretório/estrutura"
"storage/content/oab/18-exame/provas/caderno-de-provas-direito-penal-1mai88.pdf","pedagogical-content","prova PDF","true","leitura parcial","OAB","OAB/FGV","18-exame","","","2015","Direito Penal","","local-only","faa5412a247961cee144f0ce71f3539a7d2132093b19b6b0e2f978e55e8e043e","276969","alta","pedagogical-content; prova PDF; diretório/metadado OAB; diretório/estrutura"
"storage/content/oab/18-exame/provas/caderno-de-provas-direito-tributario-y8p7mx.pdf","pedagogical-content","prova PDF","true","leitura parcial","OAB","OAB/FGV","18-exame","","","2012","Direito Tributário","","local-only","d3fe45d0851a4550e58db588ae2002a22d646edb26caab184f0e5ef572a0d459","265048","alta","pedagogical-content; prova PDF; diretório/metadado OAB; diretório/estrutura"
"storage/content/oab/18-exame/questoes/questoes-extraidas.json","pedagogical-content","banco de questões","true","leitura bem-sucedida","OAB","OAB/FGV","18-exame","","FGV","1988","Ética Profissional","18o Exame OAB - Questao 1","local-only","d21d297a88fe8a6ab6e7b8518740bbe7929386ff65ee3579fcfa429e4a568753","131612","alta","pedagogical-content; banco de questões; diretório/metadado OAB; diretório/estrutura"
"storage/content/oab/18-exame/segunda-fase/padrao-de-respostas-definitivo-direito-administrativo-1um2vg.pdf","unknown","gabarito/padrão de resposta","false","leitura parcial","OAB","OAB/FGV","18-exame","","","2016","Direito Administrativo","","local-only","8e2f43a30074e498d9e9153d444a41cc3db68d58f8f1d852a5ec7bb0396d83e2","143911","baixa","unknown; gabarito/padrão de resposta; diretório/metadado OAB; diretório/estrutura"
"storage/content/oab/18-exame/segunda-fase/padrao-de-respostas-definitivo-direito-civil-eskau9.pdf","unknown","gabarito/padrão de resposta","false","leitura parcial","OAB","OAB/FGV","18-exame","","","2016","","","local-only","271f88e40368b208e86eb4e9b6167352948642479c15f871b26bd42e6cce7c33","153855","baixa","unknown; gabarito/padrão de resposta; diretório/metadado OAB; sem disciplina confiável"
"storage/content/oab/18-exame/segunda-fase/padrao-de-respostas-definitivo-direito-constitucional-67xcd2.pdf","unknown","gabarito/padrão de resposta","false","leitura parcial","OAB","OAB/FGV","18-exame","","","2016","Direito Constitucional","","local-only","6362ed167cb4ec6bcb634e736f3fe1daf08ba392b31f34b9ce85577f1b121529","167428","baixa","unknown; gabarito/padrão de resposta; diretório/metadado OAB; diretório/estrutura"
"storage/content/oab/18-exame/segunda-fase/padrao-de-respostas-definitivo-direito-do-trabalho-11qte6.pdf","unknown","gabarito/padrão de resposta","false","leitura parcial","OAB","OAB/FGV","18-exame","","","2016","","","local-only","6ac816b004214267e8ab27e3b9d429652b54af124705cdff87824e987fcfd224","124862","baixa","unknown; gabarito/padrão de resposta; diretório/metadado OAB; sem disciplina confiável"
"storage/content/oab/18-exame/segunda-fase/padrao-de-respostas-definitivo-empresarial-1bm3cc.pdf","unknown","gabarito/padrão de resposta","false","leitura parcial","OAB","OAB/FGV","18-exame","","","2016","Direito Empresarial","","local-only","43d546453fe550ca93448172f351b9d1ff56651dbd50bb6f5287566084e9d93a","228557","baixa","unknown; gabarito/padrão de resposta; diretório/metadado OAB; diretório/estrutura"
"storage/content/oab/18-exame/segunda-fase/padrao-de-respostas-definitivo-penal-1czkza.pdf","unknown","gabarito/padrão de resposta","false","leitura parcial","OAB","OAB/FGV","18-exame","","","2016","Direito Penal","","local-only","08f161f26f7ba40e49231adceeef5ebf53a20b52384130f64d7666fdab77468e","179494","baixa","unknown; gabarito/padrão de resposta; diretório/metadado OAB; diretório/estrutura"
"storage/content/oab/18-exame/segunda-fase/padrao-de-respostas-definitivo-tributario-1h2c1k.pdf","unknown","gabarito/padrão de resposta","false","leitura parcial","OAB","OAB/FGV","18-exame","","","2016","Direito Tributário","","local-only","976efedbcc6a1bf66ea60ef24bef039f38598293106736ecd3840690704f0a6d","131739","baixa","unknown; gabarito/padrão de resposta; diretório/metadado OAB; diretório/estrutura"
"storage/content/oab/18-exame/segunda-fase/padrao-de-respostas-direito-administrativo-1g3f8m.pdf","unknown","gabarito/padrão de resposta","false","leitura parcial","OAB","OAB/FGV","18-exame","","","2016","Direito Administrativo","","local-only","552b77c95bda35203ff6bc314fe52c6cc103c43cb32c58a0e3142085a10f423c","127752","baixa","unknown; gabarito/padrão de resposta; diretório/metadado OAB; diretório/estrutura"
"storage/content/oab/18-exame/segunda-fase/padrao-de-respostas-direito-civil-1rbejm.pdf","unknown","gabarito/padrão de resposta","false","leitura parcial","OAB","OAB/FGV","18-exame","","","2016","","","local-only","405767601c06654e376dc618e547facc3f492ddcdfebfea13750691de4580c41","133103","baixa","unknown; gabarito/padrão de resposta; diretório/metadado OAB; sem disciplina confiável"
"storage/content/oab/18-exame/segunda-fase/padrao-de-respostas-direito-constitucional-1afc66.pdf","unknown","gabarito/padrão de resposta","false","leitura parcial","OAB","OAB/FGV","18-exame","","","2016","Direito Constitucional","","local-only","4a8450a542939a94df128f156c4cac069bc92c1d3d62d56d61c66ebb9f438ee2","139681","baixa","unknown; gabarito/padrão de resposta; diretório/metadado OAB; diretório/estrutura"
"storage/content/oab/18-exame/segunda-fase/padrao-de-respostas-direito-do-trabalho-v3hp8d.pdf","unknown","gabarito/padrão de resposta","false","leitura parcial","OAB","OAB/FGV","18-exame","","","2016","","","local-only","d59b86c370e3f9b637b71752eb6621dc3b38587c4fc7fa4741a6036466cdb6ad","113473","baixa","unknown; gabarito/padrão de resposta; diretório/metadado OAB; sem disciplina confiável"
"storage/content/oab/18-exame/segunda-fase/padrao-de-respostas-direito-empresarial-re3kdd.pdf","unknown","gabarito/padrão de resposta","false","leitura parcial","OAB","OAB/FGV","18-exame","","","2016","Direito Empresarial","","local-only","fea5d9f3c6c292fec550c59b829427896e830a401222ec769df39d10a0e4c78f","150031","baixa","unknown; gabarito/padrão de resposta; diretório/metadado OAB; diretório/estrutura"
"storage/content/oab/18-exame/segunda-fase/padrao-de-respostas-direito-penal-e3sx77.pdf","unknown","gabarito/padrão de resposta","false","leitura parcial","OAB","OAB/FGV","18-exame","","","2016","Direito Penal","","local-only","a6fccbd0022c529d30ef30b82e05f90cc3f176e98a7be37567d59b66fbf0cf19","149894","baixa","unknown; gabarito/padrão de resposta; diretório/metadado OAB; diretório/estrutura"
"storage/content/oab/18-exame/segunda-fase/padrao-de-respostas-direito-tributario-t5wkne.pdf","unknown","gabarito/padrão de resposta","false","leitura parcial","OAB","OAB/FGV","18-exame","","","2016","Direito Tributário","","local-only","a3c2582fedbae545400b1970537735ffda8d5d9749e4d85c0712e6acee245ef6","120802","baixa","unknown; gabarito/padrão de resposta; diretório/metadado OAB; diretório/estrutura"
"storage/content/oab/19-exame/gabaritos/gabaritos-preliminares-da-prova-objetiva-1-fase-atualizado-14pawg.pdf","pedagogical-content","gabarito/padrão de resposta","true","leitura parcial","OAB","OAB/FGV","19-exame","1ª fase OAB","","2016","","","local-only","6165ee651bb868f8bada4908edadd8748670425855920bb4c2632e94afa71935","346387","alta","pedagogical-content; gabarito/padrão de resposta; diretório/metadado OAB; sem disciplina confiável"
"storage/content/oab/19-exame/metadata.json","pedagogical-container","container pedagógico","false","leitura bem-sucedida","OAB","OAB/FGV","19º Exame de Ordem Unificado","","","2026","","","local-only","4e9d974a86d03089a97eb5a81d8ba72bf3d3789cf23e387169913d0560629098","8337","alta","pedagogical-container; container pedagógico; diretório/metadado OAB; sem disciplina confiável"
"storage/content/oab/19-exame/provas/caderno-de-prova-tipo-1-1hvk6o.pdf","pedagogical-content","prova PDF","true","leitura parcial","OAB","OAB/FGV","19-exame","","","2015","","","local-only","1ddb377bd410408f99854f9811fc4d76a981d61ddda08eee020cedf5fe745bf6","675372","alta","pedagogical-content; prova PDF; diretório/metadado OAB; sem disciplina confiável"
"storage/content/oab/19-exame/provas/caderno-de-prova-tipo-2-18a4lo.pdf","pedagogical-content","prova PDF","true","leitura parcial","OAB","OAB/FGV","19-exame","","","2015","","","local-only","625b7f0152a19e06f0aec70663313c16c0f512b9093cb30027b672a8d466daa7","663127","alta","pedagogical-content; prova PDF; diretório/metadado OAB; sem disciplina confiável"
"storage/content/oab/19-exame/provas/caderno-de-prova-tipo-3-oqsrig.pdf","pedagogical-content","prova PDF","true","leitura parcial","OAB","OAB/FGV","19-exame","","","2015","","","local-only","8b640c4c61625985fa251f679892262ea858a72d7da949cf391edd610cc6e311","687810","alta","pedagogical-content; prova PDF; diretório/metadado OAB; sem disciplina confiável"
"storage/content/oab/19-exame/provas/caderno-de-prova-tipo-4-1ico77.pdf","pedagogical-content","prova PDF","true","leitura parcial","OAB","OAB/FGV","19-exame","","","2015","","","local-only","d4080a83fb79357ecd27768ccf56a5ec09a2dbad12ec376ac3490a1babae7ac5","669154","alta","pedagogical-content; prova PDF; diretório/metadado OAB; sem disciplina confiável"
"storage/content/oab/19-exame/provas/caderno-de-provas-direito-administrativo-1uxypj.pdf","pedagogical-content","prova PDF","true","leitura parcial","OAB","OAB/FGV","19-exame","","","2015","Direito Administrativo","","local-only","784f1b49dab8bf8b4bee0392481eae13b32893061bc42024ebcd31889addd92b","684330","alta","pedagogical-content; prova PDF; diretório/metadado OAB; diretório/estrutura"
"storage/content/oab/19-exame/provas/caderno-de-provas-direito-civil-1bmn5x.pdf","pedagogical-content","prova PDF","true","leitura parcial","OAB","OAB/FGV","19-exame","","","2015","","","local-only","1e1142dc305f14fdb9190ad9ff7c7a377c9b5e0fc2954b04fd985427dd6a773f","682393","alta","pedagogical-content; prova PDF; diretório/metadado OAB; sem disciplina confiável"
"storage/content/oab/19-exame/provas/caderno-de-provas-direito-constitucional-o9zw1g.pdf","pedagogical-content","prova PDF","true","leitura parcial","OAB","OAB/FGV","19-exame","","","1988","Direito Constitucional","","local-only","37c1a3c93b8962c52bd9be4942b328690c19e62b1eab8ba487075a96deef7ef6","677565","alta","pedagogical-content; prova PDF; diretório/metadado OAB; diretório/estrutura"
"storage/content/oab/19-exame/provas/caderno-de-provas-direito-do-trabalho-1eo0tm.pdf","pedagogical-content","prova PDF","true","leitura parcial","OAB","OAB/FGV","19-exame","","","2012","","","local-only","f6b87f500173ebd3ae8fbfe6c78d4455ba4c70288035c8e49a83292a91b7a3f6","802592","alta","pedagogical-content; prova PDF; diretório/metadado OAB; sem disciplina confiável"
"storage/content/oab/19-exame/provas/caderno-de-provas-direito-empresarial-1jb92v.pdf","pedagogical-content","prova PDF","true","leitura parcial","OAB","OAB/FGV","19-exame","","","1976","Direito Empresarial","","local-only","23eab65e4a405781f80b965efd5dea31d04ed1fa93daa6c7df3c66eaf387d08c","680714","alta","pedagogical-content; prova PDF; diretório/metadado OAB; diretório/estrutura"
"storage/content/oab/19-exame/provas/caderno-de-provas-direito-penal-q68kux.pdf","pedagogical-content","prova PDF","true","leitura parcial","OAB","OAB/FGV","19-exame","","","2014","Direito Penal","","local-only","46332bc2721efd59123190736bbc088b11cc013da11979426bddff89b8d7b358","693204","alta","pedagogical-content; prova PDF; diretório/metadado OAB; diretório/estrutura"
"storage/content/oab/19-exame/provas/caderno-de-provas-direito-tributario-dm88p5.pdf","pedagogical-content","prova PDF","true","leitura parcial","OAB","OAB/FGV","19-exame","","","","Direito Tributário","","local-only","9b064b79838e0f2096b1696bf76feac7b5da425b654cf3a5a95efa657c7b7e9c","677867","alta","pedagogical-content; prova PDF; diretório/metadado OAB; diretório/estrutura"
"storage/content/oab/19-exame/questoes/questoes-extraidas.json","pedagogical-content","banco de questões","true","leitura bem-sucedida","OAB","OAB/FGV","19-exame","","FGV","2015","Ética Profissional","19o Exame OAB - Questao 1","local-only","5830f197530036162538d727024610b47ca341b93b6efa1f5ea551d72dcec139","126888","alta","pedagogical-content; banco de questões; diretório/metadado OAB; diretório/estrutura"
"storage/content/oab/19-exame/segunda-fase/padrao-de-respostas-definitivo-direito-administrativo-112ouk.pdf","unknown","gabarito/padrão de resposta","false","leitura parcial","OAB","OAB/FGV","19-exame","","","2016","Direito Administrativo","","local-only","afa8ce7116f2e5695ed3276b8c964f1253290cd93b602fc34301ceaa4c9cc196","459039","baixa","unknown; gabarito/padrão de resposta; diretório/metadado OAB; diretório/estrutura"
"storage/content/oab/19-exame/segunda-fase/padrao-de-respostas-definitivo-direito-civil-hifztm.pdf","unknown","gabarito/padrão de resposta","false","leitura parcial","OAB","OAB/FGV","19-exame","","","2016","","","local-only","d9f283a5e9d84ca71736a100f29ef34c46b74bf9cad152128cb6a1df5745c2d4","443257","baixa","unknown; gabarito/padrão de resposta; diretório/metadado OAB; sem disciplina confiável"
"storage/content/oab/19-exame/segunda-fase/padrao-de-respostas-definitivo-direito-constitucional-123g3n.pdf","unknown","gabarito/padrão de resposta","false","leitura parcial","OAB","OAB/FGV","19-exame","","","2016","Direito Constitucional","","local-only","e5f3980139ef73d714b81aa52862bd6e34a0e2675b2ac74f1ac3ebacbf3c6701","369051","baixa","unknown; gabarito/padrão de resposta; diretório/metadado OAB; diretório/estrutura"
"storage/content/oab/19-exame/segunda-fase/padrao-de-respostas-definitivo-direito-do-trabalho-16d2a3.pdf","unknown","gabarito/padrão de resposta","false","leitura parcial","OAB","OAB/FGV","19-exame","","","2016","","","local-only","6921ef0f94de68ae958a2047807d6668ceb61d6fcb663e879a21f1f2a4ee65e1","353094","baixa","unknown; gabarito/padrão de resposta; diretório/metadado OAB; sem disciplina confiável"
"storage/content/oab/19-exame/segunda-fase/padrao-de-respostas-definitivo-empresarial-1d61th.pdf","unknown","gabarito/padrão de resposta","false","leitura parcial","OAB","OAB/FGV","19-exame","","","2016","Direito Empresarial","","local-only","6bacd4dfefd5fbf2f3bc891af006717eeccbf293598c60311371529f57be17e1","207279","baixa","unknown; gabarito/padrão de resposta; diretório/metadado OAB; diretório/estrutura"
"storage/content/oab/19-exame/segunda-fase/padrao-de-respostas-definitivo-penal-1p749v.pdf","unknown","gabarito/padrão de resposta","false","leitura parcial","OAB","OAB/FGV","19-exame","","","2016","Direito Penal","","local-only","1503438e8a10d1f6e31223cdb62384fe4e5249ea136bb97c22cf05159be6437e","173141","baixa","unknown; gabarito/padrão de resposta; diretório/metadado OAB; diretório/estrutura"
"storage/content/oab/19-exame/segunda-fase/padrao-de-respostas-definitivo-tributario-js52kk.pdf","unknown","gabarito/padrão de resposta","false","leitura parcial","OAB","OAB/FGV","19-exame","","","2016","Direito Tributário","","local-only","b2c8a1372b10f2bba61d27a2a854b7a05def9811d7d338e391c347b2ff9b799b","137057","baixa","unknown; gabarito/padrão de resposta; diretório/metadado OAB; diretório/estrutura"
"storage/content/oab/19-exame/segunda-fase/padrao-de-respostas-direito-administrativo-d8nvlo.pdf","unknown","gabarito/padrão de resposta","false","leitura parcial","OAB","OAB/FGV","19-exame","","","2016","Direito Administrativo","","local-only","3b009017c5c4e4c2f23f1bbd732d62114e8d759751ba8c40e7914bdccf0c740a","128733","baixa","unknown; gabarito/padrão de resposta; diretório/metadado OAB; diretório/estrutura"
"storage/content/oab/19-exame/segunda-fase/padrao-de-respostas-direito-civil-ubarwe.pdf","unknown","gabarito/padrão de resposta","false","leitura parcial","OAB","OAB/FGV","19-exame","","","2016","","","local-only","b75fa479da2e1108d7fa92e4313adb71a4d7e87ba856683dd9fffc05adf5e425","124187","baixa","unknown; gabarito/padrão de resposta; diretório/metadado OAB; sem disciplina confiável"
"storage/content/oab/19-exame/segunda-fase/padrao-de-respostas-direito-constitucional-dvkkot.pdf","unknown","gabarito/padrão de resposta","false","leitura parcial","OAB","OAB/FGV","19-exame","","","2016","Direito Constitucional","","local-only","6f2dda21482c8de31b29277fe2685d8448329e7b79671e35996e7f908b991c5e","126511","baixa","unknown; gabarito/padrão de resposta; diretório/metadado OAB; diretório/estrutura"
"storage/content/oab/19-exame/segunda-fase/padrao-de-respostas-direito-do-trabalho-1gykfv.pdf","unknown","gabarito/padrão de resposta","false","leitura parcial","OAB","OAB/FGV","19-exame","","","2016","","","local-only","0fde5d14fb012aa4104f63513cdb0a3ffc009744e88c930e995a6a073e1de9f3","123460","baixa","unknown; gabarito/padrão de resposta; diretório/metadado OAB; sem disciplina confiável"
"storage/content/oab/19-exame/segunda-fase/padrao-de-respostas-direito-empresarial-gkazd8.pdf","unknown","gabarito/padrão de resposta","false","leitura parcial","OAB","OAB/FGV","19-exame","","","2016","Direito Empresarial","","local-only","c1f1587d1943c67d0c4cb95b43aa4ca04e6e18bf2d399ee7a0dc84b5216840c8","146378","baixa","unknown; gabarito/padrão de resposta; diretório/metadado OAB; diretório/estrutura"
"storage/content/oab/19-exame/segunda-fase/padrao-de-respostas-direito-penal-1uw9sy.pdf","unknown","gabarito/padrão de resposta","false","leitura parcial","OAB","OAB/FGV","19-exame","","","2016","Direito Penal","","local-only","94e26e716cd75b8b82e5ac524609765cb79582095dad1fcbce6484dc83cb5afe","151531","baixa","unknown; gabarito/padrão de resposta; diretório/metadado OAB; diretório/estrutura"
"storage/content/oab/19-exame/segunda-fase/padrao-de-respostas-direito-tributario-1nmvyn.pdf","unknown","gabarito/padrão de resposta","false","leitura parcial","OAB","OAB/FGV","19-exame","","","2016","Direito Tributário","","local-only","5e5c22cc2096e1da0de8bd382d20d478114c2171eeca984eb507e87f11301095","123473","baixa","unknown; gabarito/padrão de resposta; diretório/metadado OAB; diretório/estrutura"
"storage/content/oab/20-exame/gabaritos/gabaritos-preliminares-da-prova-objetiva-1-fase-9n9ffh.pdf","pedagogical-content","gabarito/padrão de resposta","true","leitura parcial","OAB","OAB/FGV","20-exame","1ª fase OAB","","2016","","","local-only","4cd85a22109423c26b574718f3c8435a3b693dfb1df6438f788b425c4e5b7b32","101462","alta","pedagogical-content; gabarito/padrão de resposta; diretório/metadado OAB; sem disciplina confiável"
"storage/content/oab/20-exame/gabaritos/gabaritos-preliminares-da-prova-objetiva-1-fase-examinandos-de-salvador-ba-1et8zc.pdf","pedagogical-content","gabarito/padrão de resposta","true","leitura parcial","OAB","OAB/FGV","20-exame","1ª fase OAB","","2016","","","local-only","a28138b654faf299ea30de765160b1227850dc1df7fc6517f15d67c689dce2b5","341809","alta","pedagogical-content; gabarito/padrão de resposta; diretório/metadado OAB; sem disciplina confiável"
"storage/content/oab/20-exame/metadata.json","pedagogical-container","container pedagógico","false","leitura bem-sucedida","OAB","OAB/FGV","20º Exame de Ordem Unificado","","","2026","","","local-only","b9f5b17f60d67560c69a7fc4b7a0ca02cb18e898c56daab05bea774c0ef304b1","18995","alta","pedagogical-container; container pedagógico; diretório/metadado OAB; sem disciplina confiável"
"storage/content/oab/20-exame/provas/caderno-de-prova-tipo-1-15xg3w.pdf","pedagogical-content","prova PDF","true","leitura parcial","OAB","OAB/FGV","20-exame","","","2004","","","local-only","98782c13cfcd96416a3f1cbf2176691eaad04cf890802f0d1f01ac7179bc9880","829370","alta","pedagogical-content; prova PDF; diretório/metadado OAB; sem disciplina confiável"
"storage/content/oab/20-exame/provas/caderno-de-prova-tipo-1-reaplicacao-salvador-ba-65x7zi.pdf","pedagogical-content","prova PDF","true","leitura parcial","OAB","OAB/FGV","20-exame","","","2016","","","local-only","5506b0e521a7b1eb22772ee98badd192d093685ce82dbe001b0c72074a152035","1088136","alta","pedagogical-content; prova PDF; diretório/metadado OAB; sem disciplina confiável"
"storage/content/oab/20-exame/provas/caderno-de-prova-tipo-2-maj79k.pdf","pedagogical-content","prova PDF","true","leitura parcial","OAB","OAB/FGV","20-exame","","","2004","","","local-only","6c29b44b68cec8345d2dbb7c6df2e8e2ef07b330898e8522ef053cd0100f8c0e","851975","alta","pedagogical-content; prova PDF; diretório/metadado OAB; sem disciplina confiável"
"storage/content/oab/20-exame/provas/caderno-de-prova-tipo-2-reaplicacao-salvador-ba-1dqk0x.pdf","pedagogical-content","prova PDF","true","leitura parcial","OAB","OAB/FGV","20-exame","","","2016","","","local-only","8e4b8f26a9c698d996890c9c22b8fcc85169a41bb7b9a96fb9fe934782579a4f","1108748","alta","pedagogical-content; prova PDF; diretório/metadado OAB; sem disciplina confiável"
"storage/content/oab/20-exame/provas/caderno-de-prova-tipo-3-bocpwt.pdf","pedagogical-content","prova PDF","true","leitura parcial","OAB","OAB/FGV","20-exame","","","2004","","","local-only","6f1d56ef3ae3dc180cc70fdf2b1299e651b36b7290cf7ce889606118f71e8129","860353","alta","pedagogical-content; prova PDF; diretório/metadado OAB; sem disciplina confiável"
"storage/content/oab/20-exame/provas/caderno-de-prova-tipo-3-reaplicacao-salvador-ba-wre74g.pdf","pedagogical-content","prova PDF","true","leitura parcial","OAB","OAB/FGV","20-exame","","","2014","","","local-only","c9f34a8c1bd862597b452ad11985c695f5b0caa2d756d99fbe80a1139bda804b","1121887","alta","pedagogical-content; prova PDF; diretório/metadado OAB; sem disciplina confiável"
"storage/content/oab/20-exame/provas/caderno-de-prova-tipo-4-1458pu.pdf","pedagogical-content","prova PDF","true","leitura parcial","OAB","OAB/FGV","20-exame","","","2004","","","local-only","8054d379e48943081faf4f855c046766bf9ec1bf7d23d4334ed64f9caf8f223a","1105830","alta","pedagogical-content; prova PDF; diretório/metadado OAB; sem disciplina confiável"
"storage/content/oab/20-exame/provas/caderno-de-prova-tipo-4-reaplicacao-salvador-ba-1aobzd.pdf","pedagogical-content","prova PDF","true","leitura parcial","OAB","OAB/FGV","20-exame","","","2014","","","local-only","ca2bd4d893b00f9aed8f8f24d16355410f35c0b984f0ea2b79f81133e8ff4e3b","1099501","alta","pedagogical-content; prova PDF; diretório/metadado OAB; sem disciplina confiável"
"storage/content/oab/20-exame/provas/caderno-de-provas-direito-administrativo-1vqru8.pdf","pedagogical-content","prova PDF","true","leitura parcial","OAB","OAB/FGV","20-exame","","","2016","Direito Administrativo","","local-only","9712a698b7d88fbbb2f7b09f8a797169e3b78120e907e0b80f451dee63db93d1","709513","alta","pedagogical-content; prova PDF; diretório/metadado OAB; diretório/estrutura"
"storage/content/oab/20-exame/provas/caderno-de-provas-direito-administrativo-reaplicacao-porto-velho-ro-1ghgn2.pdf","pedagogical-content","prova PDF","true","leitura parcial","OAB","OAB/FGV","20-exame","","","","Direito Administrativo","","local-only","6fe045684e43fb982840855571b00efbb3bbf9955f7e903b6f30ec49cbee52b5","1144036","alta","pedagogical-content; prova PDF; diretório/metadado OAB; diretório/estrutura"
"storage/content/oab/20-exame/provas/caderno-de-provas-direito-civil-reaplicacao-porto-velho-ro-4mstai.pdf","pedagogical-content","prova PDF","true","leitura parcial","OAB","OAB/FGV","20-exame","","","","","","local-only","9dcf63408fefda1c6e36227dc0939194efe8b61f58e56f4d4146ad6ec639809b","1142870","alta","pedagogical-content; prova PDF; diretório/metadado OAB; sem disciplina confiável"
"storage/content/oab/20-exame/provas/caderno-de-provas-direito-civil-sniqax.pdf","pedagogical-content","prova PDF","true","leitura parcial","OAB","OAB/FGV","20-exame","","","2015","","","local-only","a804df63cc251c12ae695b6866217c11342be943d43af749c61f02850b2203f1","704954","alta","pedagogical-content; prova PDF; diretório/metadado OAB; sem disciplina confiável"
"storage/content/oab/20-exame/provas/caderno-de-provas-direito-constitucional-reaplicacao-porto-velho-ro-10ewfi.pdf","pedagogical-content","prova PDF","true","leitura parcial","OAB","OAB/FGV","20-exame","","","2016","Direito Constitucional","","local-only","2ac15b044ea53cc27705c32f6776211a026b1cae52af5e90dbfa408a7e18b798","1143675","alta","pedagogical-content; prova PDF; diretório/metadado OAB; diretório/estrutura"
"storage/content/oab/20-exame/provas/caderno-de-provas-direito-constitucional-viwa5u.pdf","pedagogical-content","prova PDF","true","leitura parcial","OAB","OAB/FGV","20-exame","","","1985","Direito Constitucional","","local-only","2ba0019b58320a58c19b224bb37e0af837f52c818cb51648253572fba62f6820","704287","alta","pedagogical-content; prova PDF; diretório/metadado OAB; diretório/estrutura"
"storage/content/oab/20-exame/provas/caderno-de-provas-direito-do-trabalho-144a12.pdf","pedagogical-content","prova PDF","true","leitura parcial","OAB","OAB/FGV","20-exame","","","2015","","","local-only","00db0095547349a234d74b0b404492c9c74e2d6c0b24f4749cae7da121cf73f1","701790","alta","pedagogical-content; prova PDF; diretório/metadado OAB; sem disciplina confiável"
"storage/content/oab/20-exame/provas/caderno-de-provas-direito-do-trabalho-reaplicacao-porto-velho-ro-1xbrxh.pdf","pedagogical-content","prova PDF","true","leitura parcial","OAB","OAB/FGV","20-exame","","","2014","","","local-only","abdc06d9e08b3ca7c6af8c27ae9b670bf2bd5f2afb93ca8b685da37adab63c83","1138655","alta","pedagogical-content; prova PDF; diretório/metadado OAB; sem disciplina confiável"
"storage/content/oab/20-exame/provas/caderno-de-provas-direito-empresarial-4rlub2.pdf","pedagogical-content","prova PDF","true","leitura parcial","OAB","OAB/FGV","20-exame","","","2013","Direito Empresarial","","local-only","30498ed39d6a7a89bc5ebcd2f48f28ef06116bc97190a412b360f632fb47aa12","703638","alta","pedagogical-content; prova PDF; diretório/metadado OAB; diretório/estrutura"
"storage/content/oab/20-exame/provas/caderno-de-provas-direito-empresarial-reaplicacao-porto-velho-ro-shohmj.pdf","pedagogical-content","prova PDF","true","leitura parcial","OAB","OAB/FGV","20-exame","","","2016","Direito Empresarial","","local-only","7fd4df3561ba409f6e2689a0befdc6f1a2ed1fd9542f45f95ca1320a2f38ac14","1141659","alta","pedagogical-content; prova PDF; diretório/metadado OAB; diretório/estrutura"
"storage/content/oab/20-exame/provas/caderno-de-provas-direito-penal-oef0i.pdf","pedagogical-content","prova PDF","true","leitura parcial","OAB","OAB/FGV","20-exame","","","1940","Direito Penal","","local-only","826d55ae6e3dce75d0b52e1aaaefdca7094ec0bbbf7dea149367fa5ba8006a56","710101","alta","pedagogical-content; prova PDF; diretório/metadado OAB; diretório/estrutura"
"storage/content/oab/20-exame/provas/caderno-de-provas-direito-penal-reaplicacao-porto-velho-ro-1v4qt4.pdf","pedagogical-content","prova PDF","true","leitura parcial","OAB","OAB/FGV","20-exame","","","1997","Direito Penal","","local-only","6a32590fadc84cfe128af667ac347c73634f73bf1395dc1da3e58f862a8d544e","1151062","alta","pedagogical-content; prova PDF; diretório/metadado OAB; diretório/estrutura"
"storage/content/oab/20-exame/provas/caderno-de-provas-direito-tributario-1rnh5z.pdf","pedagogical-content","prova PDF","true","leitura parcial","OAB","OAB/FGV","20-exame","","","2014","Direito Tributário","","local-only","78f6c6a646612ec5af5dfb1f75aae0f22f4a31f53557777dfcc6db5c95060caf","701340","alta","pedagogical-content; prova PDF; diretório/metadado OAB; diretório/estrutura"
"storage/content/oab/20-exame/provas/caderno-de-provas-direito-tributario-reaplicacao-porto-velho-ro-sak8p5.pdf","pedagogical-content","prova PDF","true","leitura parcial","OAB","OAB/FGV","20-exame","","","2007","Direito Tributário","","local-only","9d8911a338a08caa3956b69903b37611d5aa082611179201a9e865bc88240fda","1150271","alta","pedagogical-content; prova PDF; diretório/metadado OAB; diretório/estrutura"
"storage/content/oab/20-exame/questoes/questoes-extraidas.json","pedagogical-content","banco de questões","true","leitura bem-sucedida","OAB","OAB/FGV","20-exame","","FGV","2014","Ética Profissional","20o Exame OAB - Questao 1","local-only","bc55cb32cb2011b4e216e97dc10ffa53688905eb3de66bcb6746bff77297c52a","124508","alta","pedagogical-content; banco de questões; diretório/metadado OAB; diretório/estrutura"
"storage/content/oab/20-exame/segunda-fase/padrao-de-respostas-definitivo-direito-administrativo-reaplicacao-porto-velho-ro-qjrjqc.pdf","unknown","gabarito/padrão de resposta","false","leitura parcial","OAB","OAB/FGV","20-exame","","","2016","Direito Administrativo","","local-only","abf31abc4d27f7b1e0f69364f56f2aee7fcb877e510879282a9134eb60a777fa","140453","baixa","unknown; gabarito/padrão de resposta; diretório/metadado OAB; diretório/estrutura"
"storage/content/oab/20-exame/segunda-fase/padrao-de-respostas-definitivo-direito-administrativo-uxbifm.pdf","unknown","gabarito/padrão de resposta","false","leitura parcial","OAB","OAB/FGV","20-exame","","","2016","Direito Administrativo","","local-only","f2546339b68713e1cc6c6d3931f43dd974c8776c100c3e822eec1be8dcb46435","146606","baixa","unknown; gabarito/padrão de resposta; diretório/metadado OAB; diretório/estrutura"
"storage/content/oab/20-exame/segunda-fase/padrao-de-respostas-definitivo-direito-civil-hm47ra.pdf","unknown","gabarito/padrão de resposta","false","leitura parcial","OAB","OAB/FGV","20-exame","","","2016","","","local-only","f7eba10bfcc6847307bbf11b5464e959e78bd0b768a448fbc7820a4af55e4b2d","140383","baixa","unknown; gabarito/padrão de resposta; diretório/metadado OAB; sem disciplina confiável"
"storage/content/oab/20-exame/segunda-fase/padrao-de-respostas-definitivo-direito-civil-reaplicacao-porto-velho-ro-u2dag6.pdf","unknown","gabarito/padrão de resposta","false","leitura parcial","OAB","OAB/FGV","20-exame","","","2016","","","local-only","023b3558e04bc4221515012baaf22bd4ab8334c6be04ae9a293b8c2211d1afd4","153084","baixa","unknown; gabarito/padrão de resposta; diretório/metadado OAB; sem disciplina confiável"
"storage/content/oab/20-exame/segunda-fase/padrao-de-respostas-definitivo-direito-constitucional-q288sa.pdf","unknown","gabarito/padrão de resposta","false","leitura parcial","OAB","OAB/FGV","20-exame","","","2016","Direito Constitucional","","local-only","67b7e42e61dee11f54958d05a7f5e54a2205a516f57751d4660f9b928b17ffc4","158637","baixa","unknown; gabarito/padrão de resposta; diretório/metadado OAB; diretório/estrutura"
"storage/content/oab/20-exame/segunda-fase/padrao-de-respostas-definitivo-direito-constitucional-reaplicacao-porto-velho-ro-iqy6de.pdf","unknown","gabarito/padrão de resposta","false","leitura parcial","OAB","OAB/FGV","20-exame","","","2016","Direito Constitucional","","local-only","6c5bb1e694ae65a3442b0ee80db2b6c02cf4aaf26de48f61d4db85e7690709c9","154026","baixa","unknown; gabarito/padrão de resposta; diretório/metadado OAB; diretório/estrutura"
"storage/content/oab/20-exame/segunda-fase/padrao-de-respostas-definitivo-direito-do-trabalho-9uhq94.pdf","unknown","gabarito/padrão de resposta","false","leitura parcial","OAB","OAB/FGV","20-exame","","","2016","","","local-only","b895ce76a7e1ee09d0bd6339e5b3a4b26324611cef025de718c52e48ca655e0e","131743","baixa","unknown; gabarito/padrão de resposta; diretório/metadado OAB; sem disciplina confiável"
"storage/content/oab/20-exame/segunda-fase/padrao-de-respostas-definitivo-direito-do-trabalho-reaplicacao-porto-velho-ro-sjgqzh.pdf","unknown","gabarito/padrão de resposta","false","leitura parcial","OAB","OAB/FGV","20-exame","","","2016","","","local-only","80ddaa7c4d3d709385f0327b5925704e3fa2275d6aedadd650ea401d726ffa74","133101","baixa","unknown; gabarito/padrão de resposta; diretório/metadado OAB; sem disciplina confiável"
"storage/content/oab/20-exame/segunda-fase/padrao-de-respostas-definitivo-direito-empresarial-reaplicacao-porto-velho-ro-29cdbw.pdf","unknown","gabarito/padrão de resposta","false","leitura parcial","OAB","OAB/FGV","20-exame","","","2016","Direito Empresarial","","local-only","b790150d33e66ed13201efd7b9699d2f0e9010d19290e8a3f9fff506595946c5","152367","baixa","unknown; gabarito/padrão de resposta; diretório/metadado OAB; diretório/estrutura"
"storage/content/oab/20-exame/segunda-fase/padrao-de-respostas-definitivo-direito-empresarial-z69y7s.pdf","unknown","gabarito/padrão de resposta","false","leitura parcial","OAB","OAB/FGV","20-exame","","","2016","Direito Empresarial","","local-only","42e388dc616bb32b61ccc2d17ac91df4734c4d5b6dfc297005caae18bdfcc17e","176687","baixa","unknown; gabarito/padrão de resposta; diretório/metadado OAB; diretório/estrutura"
"storage/content/oab/20-exame/segunda-fase/padrao-de-respostas-definitivo-direito-penal-5mg8vl.pdf","unknown","gabarito/padrão de resposta","false","leitura parcial","OAB","OAB/FGV","20-exame","","","2016","Direito Penal","","local-only","f621a13b916cb161192fd9e39301084861f93b0d0002d945253843e95f81abec","177121","baixa","unknown; gabarito/padrão de resposta; diretório/metadado OAB; diretório/estrutura"
"storage/content/oab/20-exame/segunda-fase/padrao-de-respostas-definitivo-direito-penal-reaplicacao-porto-velho-ro-1ktnoa.pdf","unknown","gabarito/padrão de resposta","false","leitura parcial","OAB","OAB/FGV","20-exame","","","2016","Direito Penal","","local-only","3e02075dd438d7fdceb1e616cd549c041ae349ebdfba00b732a75810557a62a2","175297","baixa","unknown; gabarito/padrão de resposta; diretório/metadado OAB; diretório/estrutura"
"storage/content/oab/20-exame/segunda-fase/padrao-de-respostas-definitivo-direito-tributario-1rw9bt.pdf","unknown","gabarito/padrão de resposta","false","leitura parcial","OAB","OAB/FGV","20-exame","","","2016","Direito Tributário","","local-only","53a489c6320c425b7bebc43e277d1154f1ce7a7fe102276bd3fd016491c9ecc8","140269","baixa","unknown; gabarito/padrão de resposta; diretório/metadado OAB; diretório/estrutura"
"storage/content/oab/20-exame/segunda-fase/padrao-de-respostas-definitivo-direito-tributario-reaplicacao-porto-velho-ro-d0b6cx.pdf","unknown","gabarito/padrão de resposta","false","leitura parcial","OAB","OAB/FGV","20-exame","","","2016","Direito Tributário","","local-only","aa2cae05c2470840dadf89aa43da569a7ba4026f8dc017a1eea585cbace367ca","141210","baixa","unknown; gabarito/padrão de resposta; diretório/metadado OAB; diretório/estrutura"
"storage/content/oab/20-exame/segunda-fase/padrao-de-respostas-direito-administrativo-nysydc.pdf","unknown","gabarito/padrão de resposta","false","leitura parcial","OAB","OAB/FGV","20-exame","","","2016","Direito Administrativo","","local-only","c6fd1cd5d35a840bd9db77807574f2e23cfca10962227206e73026c5b4b643c6","329673","baixa","unknown; gabarito/padrão de resposta; diretório/metadado OAB; diretório/estrutura"
"storage/content/oab/20-exame/segunda-fase/padrao-de-respostas-direito-administrativo-reaplicacao-porto-velho-ro-ix2ghw.pdf","unknown","gabarito/padrão de resposta","false","leitura parcial","OAB","OAB/FGV","20-exame","","","2016","Direito Administrativo","","local-only","8a5511ff734de118d04c888e0e4183ff0f9269a673db881cee26160f090d1c0d","126061","baixa","unknown; gabarito/padrão de resposta; diretório/metadado OAB; diretório/estrutura"
"storage/content/oab/20-exame/segunda-fase/padrao-de-respostas-direito-civil-19p268.pdf","unknown","gabarito/padrão de resposta","false","leitura parcial","OAB","OAB/FGV","20-exame","","","2016","","","local-only","5116e56b869f2422e339d50204757fa94d7da6dce082d8d90537be35b0d402cd","332907","baixa","unknown; gabarito/padrão de resposta; diretório/metadado OAB; sem disciplina confiável"
"storage/content/oab/20-exame/segunda-fase/padrao-de-respostas-direito-civil-reaplicacao-porto-velho-ro-1hgnzc.pdf","unknown","gabarito/padrão de resposta","false","leitura parcial","OAB","OAB/FGV","20-exame","","","2016","","","local-only","a1e3e5d7a7650e6025ebdc3063507964a60d711840cdd50e0c0a16ed5d51fe8f","133553","baixa","unknown; gabarito/padrão de resposta; diretório/metadado OAB; sem disciplina confiável"
"storage/content/oab/20-exame/segunda-fase/padrao-de-respostas-direito-constitucional-olpngh.pdf","unknown","gabarito/padrão de resposta","false","leitura parcial","OAB","OAB/FGV","20-exame","","","2016","Direito Constitucional","","local-only","29e17fcf07c73083c4373791de1c61f29243ab0c5641924c32b2518e6a409782","334970","baixa","unknown; gabarito/padrão de resposta; diretório/metadado OAB; diretório/estrutura"
"storage/content/oab/20-exame/segunda-fase/padrao-de-respostas-direito-constitucional-reaplicacao-porto-velho-ro-1en9qp.pdf","unknown","gabarito/padrão de resposta","false","leitura parcial","OAB","OAB/FGV","20-exame","","","2016","Direito Constitucional","","local-only","338e69e32b38161adebba185ee518bba958b93d483539aed4b99dbbfa68990fd","134492","baixa","unknown; gabarito/padrão de resposta; diretório/metadado OAB; diretório/estrutura"
"storage/content/oab/20-exame/segunda-fase/padrao-de-respostas-direito-do-trabalho-1iwj0e.pdf","unknown","gabarito/padrão de resposta","false","leitura parcial","OAB","OAB/FGV","20-exame","","","2016","","","local-only","824f8236ccf5378de77f51f4522f44dbaacbbeadbd95ada3218d6b5bb23d6e7a","320887","baixa","unknown; gabarito/padrão de resposta; diretório/metadado OAB; sem disciplina confiável"
"storage/content/oab/20-exame/segunda-fase/padrao-de-respostas-direito-do-trabalho-reaplicacao-porto-velho-ro-1rw3n4.pdf","unknown","gabarito/padrão de resposta","false","leitura parcial","OAB","OAB/FGV","20-exame","","","2016","","","local-only","f2cded6be81fb63b92eadc3cc0ec5564550842cef99b26932b2d24b8fadbf619","120204","baixa","unknown; gabarito/padrão de resposta; diretório/metadado OAB; sem disciplina confiável"
"storage/content/oab/20-exame/segunda-fase/padrao-de-respostas-direito-empresarial-15y9aq.pdf","unknown","gabarito/padrão de resposta","false","leitura parcial","OAB","OAB/FGV","20-exame","","","2016","Direito Empresarial","","local-only","e8af4df059672ecec2cf0ce176ec7895fc8aa44121bfc922ae739114624f4444","340489","baixa","unknown; gabarito/padrão de resposta; diretório/metadado OAB; diretório/estrutura"
"storage/content/oab/20-exame/segunda-fase/padrao-de-respostas-direito-empresarial-reaplicacao-porto-velho-ro-1laywv.pdf","unknown","gabarito/padrão de resposta","false","leitura parcial","OAB","OAB/FGV","20-exame","","","2016","Direito Empresarial","","local-only","2aee0504f441410dbec9d324fbf65f160a1673d28cf1d95755ec6cdcc66fa332","130361","baixa","unknown; gabarito/padrão de resposta; diretório/metadado OAB; diretório/estrutura"
"storage/content/oab/20-exame/segunda-fase/padrao-de-respostas-direito-penal-1lu2mg.pdf","unknown","gabarito/padrão de resposta","false","leitura parcial","OAB","OAB/FGV","20-exame","","","2016","Direito Penal","","local-only","89ccddbef4bb79f4b10364ecbd00b28b6e371e76362a0551730cfc3164051a50","347254","baixa","unknown; gabarito/padrão de resposta; diretório/metadado OAB; diretório/estrutura"
"storage/content/oab/20-exame/segunda-fase/padrao-de-respostas-direito-penal-reaplicacao-porto-velho-ro-1dp51k.pdf","unknown","gabarito/padrão de resposta","false","leitura parcial","OAB","OAB/FGV","20-exame","","","2016","Direito Penal","","local-only","69295bcbc94c101d05005b385f1da3c56a276326b876bbc23d6ca80c5d9476a1","149405","baixa","unknown; gabarito/padrão de resposta; diretório/metadado OAB; diretório/estrutura"
"storage/content/oab/20-exame/segunda-fase/padrao-de-respostas-direito-tributario-9co940.pdf","unknown","gabarito/padrão de resposta","false","leitura parcial","OAB","OAB/FGV","20-exame","","","2016","Direito Tributário","","local-only","a3df129d2d8736934ab6b9a8459ef4607512362f0e1972ad112eae473d1d8151","326976","baixa","unknown; gabarito/padrão de resposta; diretório/metadado OAB; diretório/estrutura"
"storage/content/oab/20-exame/segunda-fase/padrao-de-respostas-direito-tributario-reaplicacao-porto-velho-ro-xxb50v.pdf","unknown","gabarito/padrão de resposta","false","leitura parcial","OAB","OAB/FGV","20-exame","","","2016","Direito Tributário","","local-only","511a3808c269247cb282c60e00e54f16a28339df2b39c0cd82868afaf0bb147a","125198","baixa","unknown; gabarito/padrão de resposta; diretório/metadado OAB; diretório/estrutura"
"storage/content/oab/2010-2-exame/gabaritos/gabarito-do-caderno-de-prova-01-uwdyvp.pdf","pedagogical-content","gabarito/padrão de resposta","true","leitura parcial","OAB","OAB/FGV","2010-2-exame","","","2010","","","local-only","c5cfa9ac50e78d1d2f3c20cd8e2dc365a8b11abb56de09717fdc9fff6fbf17af","32680","alta","pedagogical-content; gabarito/padrão de resposta; diretório/metadado OAB; sem disciplina confiável"
"storage/content/oab/2010-2-exame/gabaritos/gabarito-do-caderno-de-prova-02-uwxrh2.pdf","pedagogical-content","gabarito/padrão de resposta","true","leitura parcial","OAB","OAB/FGV","2010-2-exame","","","2010","","","local-only","cb53737f5afe1823feaeb0835df5e0e823227d309e2665321b607b1585c96cf0","32626","alta","pedagogical-content; gabarito/padrão de resposta; diretório/metadado OAB; sem disciplina confiável"
"storage/content/oab/2010-2-exame/gabaritos/gabarito-do-caderno-de-prova-03-uxhk2f.pdf","pedagogical-content","gabarito/padrão de resposta","true","leitura parcial","OAB","OAB/FGV","2010-2-exame","","","2010","","","local-only","1685e8cf3037139bc35d14e04632a5a6808789cce426760581ee455d41472f61","32859","alta","pedagogical-content; gabarito/padrão de resposta; diretório/metadado OAB; sem disciplina confiável"
"storage/content/oab/2010-2-exame/gabaritos/gabarito-do-caderno-de-prova-04-uy1cns.pdf","pedagogical-content","gabarito/padrão de resposta","true","leitura parcial","OAB","OAB/FGV","2010-2-exame","","","2010","","","local-only","be80123a42391b1534ca3611f726a9ecc0ef9185a6f29fd40d8b250696a88a8d","32787","alta","pedagogical-content; gabarito/padrão de resposta; diretório/metadado OAB; sem disciplina confiável"
"storage/content/oab/2010-2-exame/metadata.json","pedagogical-container","container pedagógico","false","leitura bem-sucedida","OAB","OAB/FGV","Exame de Ordem Unificado 2010.2","","","2010","","","local-only","810f566217395cc4c6788dfbb4e006fb2b6f02eb4d21c293969487cac0c7c5db","5988","alta","pedagogical-container; container pedagógico; diretório/metadado OAB; sem disciplina confiável"
"storage/content/oab/2010-2-exame/provas/caderno-de-prova-01-1uw61u.pdf","pedagogical-content","prova PDF","true","leitura parcial","OAB","OAB/FGV","2010-2-exame","","","2010","","","local-only","661123ab16fd047da57f335d1c9e6fec5207d6ea7f377da81e01a76585784a17","590483","alta","pedagogical-content; prova PDF; diretório/metadado OAB; sem disciplina confiável"
"storage/content/oab/2010-2-exame/provas/caderno-de-prova-02-1uwpug.pdf","pedagogical-content","prova PDF","true","leitura parcial","OAB","OAB/FGV","2010-2-exame","","","2010","","","local-only","cb5dc4abe4e549fad59648db31308ea8b26d5344d2bef053bce5c1ae5c87958d","590076","alta","pedagogical-content; prova PDF; diretório/metadado OAB; sem disciplina confiável"
"storage/content/oab/2010-2-exame/provas/caderno-de-prova-03-1ux9n1.pdf","pedagogical-content","prova PDF","true","leitura parcial","OAB","OAB/FGV","2010-2-exame","","","2010","","","local-only","fa7b6cfbebce09ba58b84fb9a425cb4c917e97ce2e71e8dc2039269d3927ba21","590990","alta","pedagogical-content; prova PDF; diretório/metadado OAB; sem disciplina confiável"
"storage/content/oab/2010-2-exame/provas/caderno-de-prova-04-1uxtfm.pdf","pedagogical-content","prova PDF","true","leitura parcial","OAB","OAB/FGV","2010-2-exame","","","2010","","","local-only","a71797210b0fcc29e6d3d213d51b0d1eb29968cc07cf9d0a6c5dee65d743331c","589691","alta","pedagogical-content; prova PDF; diretório/metadado OAB; sem disciplina confiável"
"storage/content/oab/2010-2-exame/provas/caderno-de-prova-direito-administrativo-1ws6qe.pdf","pedagogical-content","prova PDF","true","leitura parcial","OAB","OAB/FGV","2010-2-exame","","","2010","Direito Administrativo","","local-only","4c9302066f7621c6f204f0c4a2e1e072c8c18c84c760357cdac3c311933b400f","865569","alta","pedagogical-content; prova PDF; diretório/metadado OAB; diretório/estrutura"
"storage/content/oab/2010-2-exame/provas/caderno-de-prova-direito-civil-dex9z1.pdf","pedagogical-content","prova PDF","true","leitura parcial","OAB","OAB/FGV","2010-2-exame","","","2010","","","local-only","52fdda9c73ebf7f2d51f3540f3258d6ab6ab38157c07c9d63e48194da86e865c","869464","alta","pedagogical-content; prova PDF; diretório/metadado OAB; sem disciplina confiável"
"storage/content/oab/2010-2-exame/provas/caderno-de-prova-direito-constitucional-1lxr7l.pdf","pedagogical-content","prova PDF","true","leitura parcial","OAB","OAB/FGV","2010-2-exame","","","2010","Direito Constitucional","","local-only","2b3ddcaed0450fd85330e71ac0b09127b7179b42f97a1b6c4a779ad800e9689d","858772","alta","pedagogical-content; prova PDF; diretório/metadado OAB; diretório/estrutura"
"storage/content/oab/2010-2-exame/provas/caderno-de-prova-direito-do-trabalho-fmjw4h.pdf","pedagogical-content","prova PDF","true","leitura parcial","OAB","OAB/FGV","2010-2-exame","","","2010","","","local-only","2a09f6c1bfb89a51da658f00d07c9aa815b20b149693e7ff12b60df2ce871e00","864992","alta","pedagogical-content; prova PDF; diretório/metadado OAB; sem disciplina confiável"
"storage/content/oab/2010-2-exame/provas/caderno-de-prova-direito-empresarial-1ptnu8.pdf","pedagogical-content","prova PDF","true","leitura parcial","OAB","OAB/FGV","2010-2-exame","","","2010","Direito Empresarial","","local-only","b5bed309dc6c405844a7e86f09ed1d3ccde97ff65f3c7114fed51a6a196abb18","859787","alta","pedagogical-content; prova PDF; diretório/metadado OAB; diretório/estrutura"
"storage/content/oab/2010-2-exame/provas/caderno-de-prova-direito-penal-10c8zo.pdf","pedagogical-content","prova PDF","true","leitura parcial","OAB","OAB/FGV","2010-2-exame","","","2010","Direito Penal","","local-only","5f26549d0dfb69eafca955edea3e77478fac94cc59c4ed1b6b6cdb6c9a30db01","866511","alta","pedagogical-content; prova PDF; diretório/metadado OAB; diretório/estrutura"
"storage/content/oab/2010-2-exame/provas/caderno-de-prova-direito-tributario-1nxefc.pdf","pedagogical-content","prova PDF","true","leitura parcial","OAB","OAB/FGV","2010-2-exame","","","2010","Direito Tributário","","local-only","a3e3d526f3c2f1fe4a3326f3cc9731d5c3f2ebd5262609e16af28db058637e1b","854298","alta","pedagogical-content; prova PDF; diretório/metadado OAB; diretório/estrutura"
"storage/content/oab/2010-2-exame/questoes/questoes-extraidas.json","pedagogical-content","banco de questões","true","leitura bem-sucedida","OAB","OAB/FGV","2010-2-exame","","FGV","2010","Ética Profissional","2010-2o Exame OAB - Questao 1","local-only","85b1bc3c8b444c756544c78770f4d02ffadde87ecdc1b79857e435e5c0140c94","138788","alta","pedagogical-content; banco de questões; diretório/metadado OAB; diretório/estrutura"
"storage/content/oab/2010-2-exame/segunda-fase/padrao-de-respostas-direito-administrativo-1lkr7r.pdf","unknown","gabarito/padrão de resposta","false","leitura parcial","OAB","OAB/FGV","2010-2-exame","","","2010","Direito Administrativo","","local-only","7b3b9434bde01a8b0c878983a9c754baa09eeb694130335ff9f3768908befd79","82755","baixa","unknown; gabarito/padrão de resposta; diretório/metadado OAB; diretório/estrutura"
"storage/content/oab/2010-2-exame/segunda-fase/padrao-de-respostas-direito-civil-g3a962.pdf","unknown","gabarito/padrão de resposta","false","leitura parcial","OAB","OAB/FGV","2010-2-exame","","","2010","","","local-only","fb43806aba4de1fad9d012157f115a37277b654ffd70d06f5ebc20b0548711d8","70652","baixa","unknown; gabarito/padrão de resposta; diretório/metadado OAB; sem disciplina confiável"
"storage/content/oab/2010-2-exame/segunda-fase/padrao-de-respostas-direito-constitucional-fcjkpg.pdf","unknown","gabarito/padrão de resposta","false","leitura parcial","OAB","OAB/FGV","2010-2-exame","","","2010","Direito Constitucional","","local-only","56c6ce003edfbed6a6d429ef7d6580ea18d24a98a9c0d391ffa151af47a27f94","81462","baixa","unknown; gabarito/padrão de resposta; diretório/metadado OAB; diretório/estrutura"
"storage/content/oab/2010-2-exame/segunda-fase/padrao-de-respostas-direito-do-trabalho-cl8jmi.pdf","unknown","gabarito/padrão de resposta","false","leitura parcial","OAB","OAB/FGV","2010-2-exame","","","2010","","","local-only","1c9aa4213a8fca5104d6f38a69733b776902e3962249f7308636d5ddfe9451d5","125041","baixa","unknown; gabarito/padrão de resposta; diretório/metadado OAB; sem disciplina confiável"
"storage/content/oab/2010-2-exame/segunda-fase/padrao-de-respostas-direito-empresarial-am6cmq.pdf","unknown","gabarito/padrão de resposta","false","leitura parcial","OAB","OAB/FGV","2010-2-exame","","","2010","Direito Empresarial","","local-only","12c074c94127462a289285c63c9a2d21141af41defeed07fe9ef9f6f1efb3d8d","76020","baixa","unknown; gabarito/padrão de resposta; diretório/metadado OAB; diretório/estrutura"
"storage/content/oab/2010-2-exame/segunda-fase/padrao-de-respostas-direito-penal-1o0fcp.pdf","unknown","gabarito/padrão de resposta","false","leitura parcial","OAB","OAB/FGV","2010-2-exame","","","2010","Direito Penal","","local-only","67735ef4b00dfa149ad460c8cf39cc8f8eae028d9d82357846674feeed7387b7","90475","baixa","unknown; gabarito/padrão de resposta; diretório/metadado OAB; diretório/estrutura"
"storage/content/oab/2010-2-exame/segunda-fase/padrao-de-respostas-direito-tributario-al2eqm.pdf","unknown","gabarito/padrão de resposta","false","leitura parcial","OAB","OAB/FGV","2010-2-exame","","","2010","Direito Tributário","","local-only","0647622876f35c8e58ca4d1477bc04d99ea12c61f5ab798a0e2422cbcc6fb4f8","72414","baixa","unknown; gabarito/padrão de resposta; diretório/metadado OAB; diretório/estrutura"
"storage/content/oab/2010-3-exame/metadata.json","pedagogical-container","container pedagógico","false","leitura bem-sucedida","OAB","OAB/FGV","Exame de Ordem Unificado 2010.3","","","2010","","","local-only","6401e777d5d0cf95d0a1e70f96b698b87b6e0ad823ebabd5dcfc55bad22abccc","185","alta","pedagogical-container; container pedagógico; diretório/metadado OAB; sem disciplina confiável"
"storage/content/oab/21-exame/gabaritos/gabaritos-preliminares-da-prova-objetiva-1-fase-rv9qdu.pdf","pedagogical-content","gabarito/padrão de resposta","true","leitura parcial","OAB","OAB/FGV","21-exame","1ª fase OAB","","2016","","","local-only","f40c3d4237168e85b4316ce239bbb68c1469ded3b50e158cb23e4b47fe893f9f","101562","alta","pedagogical-content; gabarito/padrão de resposta; diretório/metadado OAB; sem disciplina confiável"
"storage/content/oab/21-exame/metadata.json","pedagogical-container","container pedagógico","false","leitura bem-sucedida","OAB","OAB/FGV","21º Exame de Ordem Unificado","","","2026","","","local-only","d12474247fe08041fef25a4610a3d27ea82b456267282ab6ab9dc7b48e9dd7ed","8135","alta","pedagogical-container; container pedagógico; diretório/metadado OAB; sem disciplina confiável"
"storage/content/oab/21-exame/provas/caderno-de-prova-tipo-1-l5p1dl.pdf","pedagogical-content","prova PDF","true","leitura parcial","OAB","OAB/FGV","21-exame","","","2000","","","local-only","67bb53063c1fea0a5cef2e1e607f05fb78929b65646b924215158d5994986cb7","1095228","alta","pedagogical-content; prova PDF; diretório/metadado OAB; sem disciplina confiável"
"storage/content/oab/21-exame/provas/caderno-de-prova-tipo-2-1g9l1x.pdf","pedagogical-content","prova PDF","true","leitura parcial","OAB","OAB/FGV","21-exame","","","2000","","","local-only","0121ef561b08cc2c7d329438b4da34052ea983be36df23023a7f793a8d6dfc98","1114862","alta","pedagogical-content; prova PDF; diretório/metadado OAB; sem disciplina confiável"
"storage/content/oab/21-exame/provas/caderno-de-prova-tipo-3-c5mgwq.pdf","pedagogical-content","prova PDF","true","leitura parcial","OAB","OAB/FGV","21-exame","","","2000","","","local-only","0678d41f8fff8daae35331120810912c60d6a00ab7c98e674eeb3e84bb5d869c","3171469","alta","pedagogical-content; prova PDF; diretório/metadado OAB; sem disciplina confiável"
"storage/content/oab/21-exame/provas/caderno-de-prova-tipo-4-172rxv.pdf","pedagogical-content","prova PDF","true","leitura parcial","OAB","OAB/FGV","21-exame","","","2000","","","local-only","165e54df1b10c2b59f1b4619695ceac0848cc3a6d6107192acf4cbd10df46ab5","3129411","alta","pedagogical-content; prova PDF; diretório/metadado OAB; sem disciplina confiável"
"storage/content/oab/21-exame/provas/caderno-de-provas-direito-administrativo-s0c6e9.pdf","pedagogical-content","prova PDF","true","leitura parcial","OAB","OAB/FGV","21-exame","","","","Direito Administrativo","","local-only","bf2fcbd16f5e8fdf2c6e2035aeb2fc48bcac4e527204ff5736ed830c5f5b3e81","682304","alta","pedagogical-content; prova PDF; diretório/metadado OAB; diretório/estrutura"
"storage/content/oab/21-exame/provas/caderno-de-provas-direito-civil-hk4onq.pdf","pedagogical-content","prova PDF","true","leitura parcial","OAB","OAB/FGV","21-exame","","","2009","","","local-only","dce71aea07dbf383f5ef143a961e9272de62d9d6b7492ae027173652daa8cd7c","684326","alta","pedagogical-content; prova PDF; diretório/metadado OAB; sem disciplina confiável"
"storage/content/oab/21-exame/provas/caderno-de-provas-direito-constitucional-16hlwp.pdf","pedagogical-content","prova PDF","true","leitura parcial","OAB","OAB/FGV","21-exame","","","","Direito Constitucional","","local-only","5234b96346cd5b12f8edf7be2d09541fae2bd2af4452d26c4f9f823efcfb49e6","680904","alta","pedagogical-content; prova PDF; diretório/metadado OAB; diretório/estrutura"
"storage/content/oab/21-exame/provas/caderno-de-provas-direito-do-trabalho-186spb.pdf","pedagogical-content","prova PDF","true","leitura parcial","OAB","OAB/FGV","21-exame","","","","","","local-only","cf22602c14fbf94939a021c0492a9062d005f6c55f2629674cf423d054eb4c1f","679261","alta","pedagogical-content; prova PDF; diretório/metadado OAB; sem disciplina confiável"
"storage/content/oab/21-exame/provas/caderno-de-provas-direito-empresarial-1423pp.pdf","pedagogical-content","prova PDF","true","leitura parcial","OAB","OAB/FGV","21-exame","","","2012","Direito Empresarial","","local-only","1c34ece6192c3111e83854ba3bbe95cf0bf5072e2ce94d5664a73d3435be9a1a","681902","alta","pedagogical-content; prova PDF; diretório/metadado OAB; diretório/estrutura"
"storage/content/oab/21-exame/provas/caderno-de-provas-direito-penal-j5l4cg.pdf","pedagogical-content","prova PDF","true","leitura parcial","OAB","OAB/FGV","21-exame","","","1990","Direito Penal","","local-only","40ab4f82c857e8317fe40a5fe1cf9b576fde357bc60052c835525d16da8b8106","688984","alta","pedagogical-content; prova PDF; diretório/metadado OAB; diretório/estrutura"
"storage/content/oab/21-exame/provas/caderno-de-provas-direito-tributario-yctc4.pdf","pedagogical-content","prova PDF","true","leitura parcial","OAB","OAB/FGV","21-exame","","","2014","Direito Tributário","","local-only","d1da92c7008faaad0431b0dae937fa67a77f742ed686a3669dded7f7be76ebb2","676486","alta","pedagogical-content; prova PDF; diretório/metadado OAB; diretório/estrutura"
"storage/content/oab/21-exame/questoes/questoes-extraidas.json","pedagogical-content","banco de questões","true","leitura bem-sucedida","OAB","OAB/FGV","21-exame","","FGV","2000","Ética Profissional","21o Exame OAB - Questao 1","local-only","b8e1dd7ff4a3928ecbfd3dd69f16d146b63065523cc8144dd83c775d6b6fc98d","129055","alta","pedagogical-content; banco de questões; diretório/metadado OAB; diretório/estrutura"
"storage/content/oab/21-exame/segunda-fase/padrao-de-respostas-definitivo-direito-administrativo-b3ef5s.pdf","unknown","gabarito/padrão de resposta","false","leitura parcial","OAB","OAB/FGV","21-exame","","","2017","Direito Administrativo","","local-only","70c2d116fc63060adac4b8d444be23cb992d6bca9e8155c89924cded58be2100","140388","baixa","unknown; gabarito/padrão de resposta; diretório/metadado OAB; diretório/estrutura"
"storage/content/oab/21-exame/segunda-fase/padrao-de-respostas-definitivo-direito-civil-1aq5n7.pdf","unknown","gabarito/padrão de resposta","false","leitura parcial","OAB","OAB/FGV","21-exame","","","2017","","","local-only","e25f47ec1095d4f706822e420ea59b4ae3b2b1177291161cde6aeab09b3871ef","199412","baixa","unknown; gabarito/padrão de resposta; diretório/metadado OAB; sem disciplina confiável"
"storage/content/oab/21-exame/segunda-fase/padrao-de-respostas-definitivo-direito-constitucional-g4yb6x.pdf","unknown","gabarito/padrão de resposta","false","leitura parcial","OAB","OAB/FGV","21-exame","","","2017","Direito Constitucional","","local-only","b1a6126aca5820fde332dde69a79c7b528d406aa5e344f5418537b9ec3ba1345","147112","baixa","unknown; gabarito/padrão de resposta; diretório/metadado OAB; diretório/estrutura"
"storage/content/oab/21-exame/segunda-fase/padrao-de-respostas-definitivo-direito-do-trabalho-15txch.pdf","unknown","gabarito/padrão de resposta","false","leitura parcial","OAB","OAB/FGV","21-exame","","","2017","","","local-only","42693d635018c0699fb19a1ab144b663b484d16932bfdb845f83edde05787299","127632","baixa","unknown; gabarito/padrão de resposta; diretório/metadado OAB; sem disciplina confiável"
"storage/content/oab/21-exame/segunda-fase/padrao-de-respostas-definitivo-direito-empresarial-12xc9y.pdf","unknown","gabarito/padrão de resposta","false","leitura parcial","OAB","OAB/FGV","21-exame","","","2017","Direito Empresarial","","local-only","15ec7f1647090a5bd3caf3d9e387f50b46c9b5a8e3644e3964d6d53c138a8596","203561","baixa","unknown; gabarito/padrão de resposta; diretório/metadado OAB; diretório/estrutura"
"storage/content/oab/21-exame/segunda-fase/padrao-de-respostas-definitivo-direito-penal-1ha56z.pdf","unknown","gabarito/padrão de resposta","false","leitura parcial","OAB","OAB/FGV","21-exame","","","2017","Direito Penal","","local-only","699eb3822068d19d6e2d3e58e462f1cc46a46a3fd61ec1630c01b5fc9a461f6a","172410","baixa","unknown; gabarito/padrão de resposta; diretório/metadado OAB; diretório/estrutura"
"storage/content/oab/21-exame/segunda-fase/padrao-de-respostas-definitivo-direito-tributario-17b022.pdf","unknown","gabarito/padrão de resposta","false","leitura parcial","OAB","OAB/FGV","21-exame","","","2017","Direito Tributário","","local-only","af0275c73e17ab15df4adcfb58934e8510b2f4adb2682ab61f61011bd005bc76","132092","baixa","unknown; gabarito/padrão de resposta; diretório/metadado OAB; diretório/estrutura"
"storage/content/oab/21-exame/segunda-fase/padrao-de-respostas-direito-administrativo-1uln1i.pdf","unknown","gabarito/padrão de resposta","false","leitura parcial","OAB","OAB/FGV","21-exame","","","2017","Direito Administrativo","","local-only","f6d23704e8605b5328bd302d73baa3c229a8d6efbc16419f9cc5b3da5878b853","124799","baixa","unknown; gabarito/padrão de resposta; diretório/metadado OAB; diretório/estrutura"
"storage/content/oab/21-exame/segunda-fase/padrao-de-respostas-direito-civil-12p176.pdf","unknown","gabarito/padrão de resposta","false","leitura parcial","OAB","OAB/FGV","21-exame","","","2017","","","local-only","dd00c4d2c56185db4e4782f30f9651b156128099766178ee5c11389bb5b37f4b","127134","baixa","unknown; gabarito/padrão de resposta; diretório/metadado OAB; sem disciplina confiável"
"storage/content/oab/21-exame/segunda-fase/padrao-de-respostas-direito-constitucional-181zdt.pdf","unknown","gabarito/padrão de resposta","false","leitura parcial","OAB","OAB/FGV","21-exame","","","2017","Direito Constitucional","","local-only","f41eeeb0898fb813bff95ce62657455f810e99d66f9e25c174fcb118dcfa0156","124782","baixa","unknown; gabarito/padrão de resposta; diretório/metadado OAB; diretório/estrutura"
"storage/content/oab/21-exame/segunda-fase/padrao-de-respostas-direito-do-trabalho-10lgr0.pdf","unknown","gabarito/padrão de resposta","false","leitura parcial","OAB","OAB/FGV","21-exame","","","2017","","","local-only","b9fa4d23c4452b49c96f4979747a44ef12cfd5f99c61bd35fb0a6903c7c4cb31","115044","baixa","unknown; gabarito/padrão de resposta; diretório/metadado OAB; sem disciplina confiável"
"storage/content/oab/21-exame/segunda-fase/padrao-de-respostas-direito-empresarial-lg8kfs.pdf","unknown","gabarito/padrão de resposta","false","leitura parcial","OAB","OAB/FGV","21-exame","","","2017","Direito Empresarial","","local-only","b0847dc9dd6555aa4073484af8f4352b805a6f17b0b352946d89cf984fda6c9a","148198","baixa","unknown; gabarito/padrão de resposta; diretório/metadado OAB; diretório/estrutura"
"storage/content/oab/21-exame/segunda-fase/padrao-de-respostas-direito-penal-qb1c6b.pdf","unknown","gabarito/padrão de resposta","false","leitura parcial","OAB","OAB/FGV","21-exame","","","2017","Direito Penal","","local-only","779cf85497a01e770f2919dfacb891754b66f92e49eb73035d777ddd20367378","357436","baixa","unknown; gabarito/padrão de resposta; diretório/metadado OAB; diretório/estrutura"
"storage/content/oab/21-exame/segunda-fase/padrao-de-respostas-direito-tributario-1dvsal.pdf","unknown","gabarito/padrão de resposta","false","leitura parcial","OAB","OAB/FGV","21-exame","","","2017","Direito Tributário","","local-only","e600e1544381862164a68d3b1e72bdedc5d430f79e98f8d1c2705877e16df0fa","115362","baixa","unknown; gabarito/padrão de resposta; diretório/metadado OAB; diretório/estrutura"
"storage/content/oab/22-exame/gabaritos/gabaritos-preliminares-da-prova-objetiva-1-fase-mzcemy.pdf","pedagogical-content","gabarito/padrão de resposta","true","leitura parcial","OAB","OAB/FGV","22-exame","1ª fase OAB","","2017","","","local-only","1d59a8d095a649912ec53c33e544382ba60d92c9ffaf01a7f3c4cc3b6675a44e","102090","alta","pedagogical-content; gabarito/padrão de resposta; diretório/metadado OAB; sem disciplina confiável"
"storage/content/oab/22-exame/metadata.json","pedagogical-container","container pedagógico","false","leitura bem-sucedida","OAB","OAB/FGV","22º Exame de Ordem Unificado","","","2026","","","local-only","659413fc73fe262d4384579025d02465e17d3529d5bf4848515a46e1e60524ab","8183","alta","pedagogical-container; container pedagógico; diretório/metadado OAB; sem disciplina confiável"
"storage/content/oab/22-exame/provas/caderno-de-prova-tipo-1-13b7mz.pdf","pedagogical-content","prova PDF","true","leitura parcial","OAB","OAB/FGV","22-exame","","","2017","","","local-only","e0eaa59c15289cc5a83c2f88221502a45250cd59c5cfb37be1c3239b4f7c0e80","838411","alta","pedagogical-content; prova PDF; diretório/metadado OAB; sem disciplina confiável"
"storage/content/oab/22-exame/provas/caderno-de-prova-tipo-2-ufp8vd.pdf","pedagogical-content","prova PDF","true","leitura parcial","OAB","OAB/FGV","22-exame","","","2017","","","local-only","d4a66c4c43df54f009c24cb6a871d2680918c720de9ec3006cf5c4e8a379f71e","863448","alta","pedagogical-content; prova PDF; diretório/metadado OAB; sem disciplina confiável"
"storage/content/oab/22-exame/provas/caderno-de-prova-tipo-3-1hz8f5.pdf","pedagogical-content","prova PDF","true","leitura parcial","OAB","OAB/FGV","22-exame","","","2016","","","local-only","3beeb82da07e1af962a3b98ca5e4abd97691a3dc69596666aa2aee660de748eb","873008","alta","pedagogical-content; prova PDF; diretório/metadado OAB; sem disciplina confiável"
"storage/content/oab/22-exame/provas/caderno-de-prova-tipo-4-f45v7w.pdf","pedagogical-content","prova PDF","true","leitura parcial","OAB","OAB/FGV","22-exame","","","2017","","","local-only","0fcab174413faa3255c33ce88eb0c2c90734f4838817c3a86b33f28d361cedaa","853270","alta","pedagogical-content; prova PDF; diretório/metadado OAB; sem disciplina confiável"
"storage/content/oab/22-exame/provas/caderno-de-provas-direito-administrativo-191tz4.pdf","pedagogical-content","prova PDF","true","leitura parcial","OAB","OAB/FGV","22-exame","","","2016","Direito Administrativo","","local-only","7b7032951f9eb3fd3419007245e8335fdddaa936ce1cb7300e3c6502d142d10b","695518","alta","pedagogical-content; prova PDF; diretório/metadado OAB; diretório/estrutura"
"storage/content/oab/22-exame/provas/caderno-de-provas-direito-civil-1h1oj4.pdf","pedagogical-content","prova PDF","true","leitura parcial","OAB","OAB/FGV","22-exame","","","1980","","","local-only","c675a74f2367a9ba2d3b30367d65aa17c46a01c1542b54231fdd4e6e5f5a0e87","690869","alta","pedagogical-content; prova PDF; diretório/metadado OAB; sem disciplina confiável"
"storage/content/oab/22-exame/provas/caderno-de-provas-direito-constitucional-1sjbr2.pdf","pedagogical-content","prova PDF","true","leitura parcial","OAB","OAB/FGV","22-exame","","","","Direito Constitucional","","local-only","8e61a18d3f18618f3236b4350bdf5bdf65181050120eb57c24ab31a388bcdbaa","687028","alta","pedagogical-content; prova PDF; diretório/metadado OAB; diretório/estrutura"
"storage/content/oab/22-exame/provas/caderno-de-provas-direito-do-trabalho-12bkwq.pdf","pedagogical-content","prova PDF","true","leitura parcial","OAB","OAB/FGV","22-exame","","","2014","","","local-only","fe1af37582781f6d2828dcb3b41c0956c55dbb6218b0e69375742ac7cdad241b","686797","alta","pedagogical-content; prova PDF; diretório/metadado OAB; sem disciplina confiável"
"storage/content/oab/22-exame/provas/caderno-de-provas-direito-empresarial-fmwp31.pdf","pedagogical-content","prova PDF","true","leitura parcial","OAB","OAB/FGV","22-exame","","","2009","Direito Empresarial","","local-only","32e08e0b6342397fcf7c6c028606f9783a128c3f0299153ba51aa98014636af3","690477","alta","pedagogical-content; prova PDF; diretório/metadado OAB; diretório/estrutura"
"storage/content/oab/22-exame/provas/caderno-de-provas-direito-penal-gu1b5q.pdf","pedagogical-content","prova PDF","true","leitura parcial","OAB","OAB/FGV","22-exame","","","2017","Direito Penal","","local-only","7691b43e1afaac43ea3105407a75c3281d231e9240759bc73d829fa99a0e3364","695883","alta","pedagogical-content; prova PDF; diretório/metadado OAB; diretório/estrutura"
"storage/content/oab/22-exame/provas/caderno-de-provas-direito-tributario-1x570d.pdf","pedagogical-content","prova PDF","true","leitura parcial","OAB","OAB/FGV","22-exame","","","2015","Direito Tributário","","local-only","864dc896d830a709679d84bac11030b9da01f145f7be33fda7f6a4dd921f692f","686325","alta","pedagogical-content; prova PDF; diretório/metadado OAB; diretório/estrutura"
"storage/content/oab/22-exame/questoes/questoes-extraidas.json","pedagogical-content","banco de questões","true","leitura bem-sucedida","OAB","OAB/FGV","22-exame","","FGV","2017","Ética Profissional","22o Exame OAB - Questao 1","local-only","f15204c9e007b3736d81040eecde06cded8ba6e84a5aee903fbec1931e598845","134758","alta","pedagogical-content; banco de questões; diretório/metadado OAB; diretório/estrutura"
"storage/content/oab/22-exame/segunda-fase/padrao-de-respostas-definitivo-direito-administrativo-1vevkw.pdf","unknown","gabarito/padrão de resposta","false","leitura parcial","OAB","OAB/FGV","22-exame","","","2017","Direito Administrativo","","local-only","a06a2db2f59af7481def2609f047faed2063f739f65b727601736e66a4dd5215","142070","baixa","unknown; gabarito/padrão de resposta; diretório/metadado OAB; diretório/estrutura"
"storage/content/oab/22-exame/segunda-fase/padrao-de-respostas-definitivo-direito-civil-1p7iia.pdf","unknown","gabarito/padrão de resposta","false","leitura parcial","OAB","OAB/FGV","22-exame","","","2017","","","local-only","3b5b0b70d15b865cf5a3373ce9309c6cc15bfb3dd932d9325572bc2a47d08882","140857","baixa","unknown; gabarito/padrão de resposta; diretório/metadado OAB; sem disciplina confiável"
"storage/content/oab/22-exame/segunda-fase/padrao-de-respostas-definitivo-direito-constitucional-inhw03.pdf","unknown","gabarito/padrão de resposta","false","leitura parcial","OAB","OAB/FGV","22-exame","","","2017","Direito Constitucional","","local-only","8bdf0d8eb2f5fd2e567df557a0702047c5b5dbcde7e8ba8819c9230cb36cb4a1","154934","baixa","unknown; gabarito/padrão de resposta; diretório/metadado OAB; diretório/estrutura"
"storage/content/oab/22-exame/segunda-fase/padrao-de-respostas-definitivo-direito-do-trabalho-1vqvdd.pdf","unknown","gabarito/padrão de resposta","false","leitura parcial","OAB","OAB/FGV","22-exame","","","2017","","","local-only","0546e2814d2454104d956fe0e318a21a4e18328793834b7a1c4a2c7a4c98a0a3","137198","baixa","unknown; gabarito/padrão de resposta; diretório/metadado OAB; sem disciplina confiável"
"storage/content/oab/22-exame/segunda-fase/padrao-de-respostas-definitivo-direito-empresarial-13wwd8.pdf","unknown","gabarito/padrão de resposta","false","leitura parcial","OAB","OAB/FGV","22-exame","","","2017","Direito Empresarial","","local-only","5682114753620399d26654702e37048da2b3b1d57436724801aa42bd2da22731","187483","baixa","unknown; gabarito/padrão de resposta; diretório/metadado OAB; diretório/estrutura"
"storage/content/oab/22-exame/segunda-fase/padrao-de-respostas-definitivo-direito-penal-1w4q6m.pdf","unknown","gabarito/padrão de resposta","false","leitura parcial","OAB","OAB/FGV","22-exame","","","2017","Direito Penal","","local-only","73e7b3a4c86a78799c8bb6e9de1819da51a7f12c7256e3004c57c8012f588309","178998","baixa","unknown; gabarito/padrão de resposta; diretório/metadado OAB; diretório/estrutura"
"storage/content/oab/22-exame/segunda-fase/padrao-de-respostas-definitivo-direito-tributario-w5plcz.pdf","unknown","gabarito/padrão de resposta","false","leitura parcial","OAB","OAB/FGV","22-exame","","","2017","Direito Tributário","","local-only","cf4af691d77730083c3b37c4b511dedf1a7b31c6aae752149864fcd2e05929a6","136572","baixa","unknown; gabarito/padrão de resposta; diretório/metadado OAB; diretório/estrutura"
"storage/content/oab/22-exame/segunda-fase/padrao-de-respostas-direito-administrativo-l7jsk7.pdf","unknown","gabarito/padrão de resposta","false","leitura parcial","OAB","OAB/FGV","22-exame","","","2017","Direito Administrativo","","local-only","a5461bf3a7f02cad13a74e4941186e3266b670d5e48b62bcc7fd7477d021daa7","128246","baixa","unknown; gabarito/padrão de resposta; diretório/metadado OAB; diretório/estrutura"
"storage/content/oab/22-exame/segunda-fase/padrao-de-respostas-direito-civil-7kffg9.pdf","unknown","gabarito/padrão de resposta","false","leitura parcial","OAB","OAB/FGV","22-exame","","","2017","","","local-only","88bc3410fb57051efb743e466c8dd083102045573f5837e01da4ad977350fc87","125158","baixa","unknown; gabarito/padrão de resposta; diretório/metadado OAB; sem disciplina confiável"
"storage/content/oab/22-exame/segunda-fase/padrao-de-respostas-direito-constitucional-1awd4n.pdf","unknown","gabarito/padrão de resposta","false","leitura parcial","OAB","OAB/FGV","22-exame","","","2017","Direito Constitucional","","local-only","cd1c3ca54cb3e134afc6da66d758209094b22e586f1187a67c41d08360e39480","134711","baixa","unknown; gabarito/padrão de resposta; diretório/metadado OAB; diretório/estrutura"
"storage/content/oab/22-exame/segunda-fase/padrao-de-respostas-direito-do-trabalho-amq6if.pdf","unknown","gabarito/padrão de resposta","false","leitura parcial","OAB","OAB/FGV","22-exame","","","2017","","","local-only","84b7feb380f87567169399841fff1e050c99497f9adeb85bb890f1f42ba6158a","118264","baixa","unknown; gabarito/padrão de resposta; diretório/metadado OAB; sem disciplina confiável"
"storage/content/oab/22-exame/segunda-fase/padrao-de-respostas-direito-empresarial-f5982.pdf","unknown","gabarito/padrão de resposta","false","leitura parcial","OAB","OAB/FGV","22-exame","","","2017","Direito Empresarial","","local-only","3092be2e5b55d076c6b14c5063659203bb60c4f13998421c64cce3eb51f4f30a","131460","baixa","unknown; gabarito/padrão de resposta; diretório/metadado OAB; diretório/estrutura"
"storage/content/oab/22-exame/segunda-fase/padrao-de-respostas-direito-penal-32ecxq.pdf","unknown","gabarito/padrão de resposta","false","leitura parcial","OAB","OAB/FGV","22-exame","","","2017","Direito Penal","","local-only","4ae812e75733fb260adea2ca95948fac0d90992cd27edbf1e23dc92606151515","161635","baixa","unknown; gabarito/padrão de resposta; diretório/metadado OAB; diretório/estrutura"
"storage/content/oab/22-exame/segunda-fase/padrao-de-respostas-direito-tributario-13uq4f.pdf","unknown","gabarito/padrão de resposta","false","leitura parcial","OAB","OAB/FGV","22-exame","","","2017","Direito Tributário","","local-only","d82d42df77845967efe8955eb6e7709e46dd052adc362069390f3db2e97fe00b","124377","baixa","unknown; gabarito/padrão de resposta; diretório/metadado OAB; diretório/estrutura"
"storage/content/oab/23-exame/gabaritos/gabaritos-preliminares-da-prova-objetiva-1-fase-1ojpwd.pdf","pedagogical-content","gabarito/padrão de resposta","true","leitura parcial","OAB","OAB/FGV","23-exame","1ª fase OAB","","2017","","","local-only","81a1900f356d8cae1da074e2c56258b79eb3e18c51422143e179a3cb3b46bb94","101773","alta","pedagogical-content; gabarito/padrão de resposta; diretório/metadado OAB; sem disciplina confiável"
"storage/content/oab/23-exame/metadata.json","pedagogical-container","container pedagógico","false","leitura bem-sucedida","OAB","OAB/FGV","23º Exame de Ordem Unificado","","","2026","","","local-only","e12754a16590e3abe66243838d685ef5e16090a220d3912437490c004a377e12","8127","alta","pedagogical-container; container pedagógico; diretório/metadado OAB; sem disciplina confiável"
"storage/content/oab/23-exame/provas/caderno-de-prova-tipo-1-1c1xvg.pdf","pedagogical-content","prova PDF","true","leitura parcial","OAB","OAB/FGV","23-exame","","","2017","","","local-only","eb72787e49d6e5e8f93a650abc25e3766a6084b4bd449d52825ab8063b196b14","853921","alta","pedagogical-content; prova PDF; diretório/metadado OAB; sem disciplina confiável"
"storage/content/oab/23-exame/provas/caderno-de-prova-tipo-2-1iefak.pdf","pedagogical-content","prova PDF","true","leitura parcial","OAB","OAB/FGV","23-exame","","","2017","","","local-only","e6ebed0bfdd14324e216f97ee47b7e6114ed70e75b34e4cdb3ad3e8eb03c1ada","1136234","alta","pedagogical-content; prova PDF; diretório/metadado OAB; sem disciplina confiável"
"storage/content/oab/23-exame/provas/caderno-de-prova-tipo-3-ysnkop.pdf","pedagogical-content","prova PDF","true","leitura parcial","OAB","OAB/FGV","23-exame","","","2017","","","local-only","4d80d60f8eb56aff352faa88124112f1bf9cbaf00810a6b2c328a43629c1f549","879083","alta","pedagogical-content; prova PDF; diretório/metadado OAB; sem disciplina confiável"
"storage/content/oab/23-exame/provas/caderno-de-prova-tipo-4-ljdfnt.pdf","pedagogical-content","prova PDF","true","leitura parcial","OAB","OAB/FGV","23-exame","","","2017","","","local-only","20f245cb8e50f365a67656edb4810187eb74f7e1cb259daa3db521ded825a863","863326","alta","pedagogical-content; prova PDF; diretório/metadado OAB; sem disciplina confiável"
"storage/content/oab/23-exame/provas/caderno-de-provas-direito-administrativo-y6jdmh.pdf","pedagogical-content","prova PDF","true","leitura parcial","OAB","OAB/FGV","23-exame","","","","Direito Administrativo","","local-only","3fa7ebff43e864636cd024e55229a07382e8683d3443c2004835db59c784c6d5","687629","alta","pedagogical-content; prova PDF; diretório/metadado OAB; diretório/estrutura"
"storage/content/oab/23-exame/provas/caderno-de-provas-direito-civil-hj8jk8.pdf","pedagogical-content","prova PDF","true","leitura parcial","OAB","OAB/FGV","23-exame","","","2017","","","local-only","0d98c1a5518624148ba89b382ae4c2b0a95f55add35651f7e2f143ebf750d596","687236","alta","pedagogical-content; prova PDF; diretório/metadado OAB; sem disciplina confiável"
"storage/content/oab/23-exame/provas/caderno-de-provas-direito-constitucional-1fuojd.pdf","pedagogical-content","prova PDF","true","leitura parcial","OAB","OAB/FGV","23-exame","","","2005","Direito Constitucional","","local-only","584dd216b9e95fc2d1be668cc7fc91b92af9a9c155638e1c7b36a46995221784","684247","alta","pedagogical-content; prova PDF; diretório/metadado OAB; diretório/estrutura"
"storage/content/oab/23-exame/provas/caderno-de-provas-direito-do-trabalho-1et8my.pdf","pedagogical-content","prova PDF","true","leitura parcial","OAB","OAB/FGV","23-exame","","","2017","","","local-only","6bb8939473d49b9464d0ee78b898aaee74452e2ce5eee9b74aed22e5fcbb4925","685205","alta","pedagogical-content; prova PDF; diretório/metadado OAB; sem disciplina confiável"
"storage/content/oab/23-exame/provas/caderno-de-provas-direito-empresarial-vbdzef.pdf","pedagogical-content","prova PDF","true","leitura parcial","OAB","OAB/FGV","23-exame","","","2014","Direito Empresarial","","local-only","07b0c7b8d2d2a61701fc3e509d50435841c8bcadc9457969b8d65f1a40bf054d","683093","alta","pedagogical-content; prova PDF; diretório/metadado OAB; diretório/estrutura"
"storage/content/oab/23-exame/provas/caderno-de-provas-direito-penal-ahpwjf.pdf","pedagogical-content","prova PDF","true","leitura parcial","OAB","OAB/FGV","23-exame","","","2016","Direito Penal","","local-only","aa3f8fd09a266738cc7b10746013c4273943f5bba3c228abee7be02567ec8f54","685780","alta","pedagogical-content; prova PDF; diretório/metadado OAB; diretório/estrutura"
"storage/content/oab/23-exame/provas/caderno-de-provas-direito-tributario-1sr5xa.pdf","pedagogical-content","prova PDF","true","leitura parcial","OAB","OAB/FGV","23-exame","","","2016","Direito Tributário","","local-only","74092270aec27d08186dc9967273ec98c6fccb9f955021c1b0247d9331ae7c2a","685111","alta","pedagogical-content; prova PDF; diretório/metadado OAB; diretório/estrutura"
"storage/content/oab/23-exame/questoes/questoes-extraidas.json","pedagogical-content","banco de questões","true","leitura bem-sucedida","OAB","OAB/FGV","23-exame","","FGV","1988","Ética Profissional","23o Exame OAB - Questao 1","local-only","d9add0eb423c86d38c5ec507aa86bfb5e856bcb6178caaad9ba5a46d3657b929","134443","alta","pedagogical-content; banco de questões; diretório/metadado OAB; diretório/estrutura"
"storage/content/oab/23-exame/segunda-fase/padrao-de-respostas-definitivo-direito-administrativo-19y94m.pdf","unknown","gabarito/padrão de resposta","false","leitura parcial","OAB","OAB/FGV","23-exame","","","2017","Direito Administrativo","","local-only","52b7728f954e16bc9292586a6c2851b958c86b8c5f52a8fc2f8de974bcd21aa8","145113","baixa","unknown; gabarito/padrão de resposta; diretório/metadado OAB; diretório/estrutura"
"storage/content/oab/23-exame/segunda-fase/padrao-de-respostas-definitivo-direito-civil-woomcb.pdf","unknown","gabarito/padrão de resposta","false","leitura parcial","OAB","OAB/FGV","23-exame","","","2017","","","local-only","cdd3295954c46acd86823f9e5f9623261a4c3a17e4bed07a2afff86e7ca7a883","148022","baixa","unknown; gabarito/padrão de resposta; diretório/metadado OAB; sem disciplina confiável"
"storage/content/oab/23-exame/segunda-fase/padrao-de-respostas-definitivo-direito-constitucional-199eqm.pdf","unknown","gabarito/padrão de resposta","false","leitura parcial","OAB","OAB/FGV","23-exame","","","2017","Direito Constitucional","","local-only","792a8f01623e894f659368436b51b303ad7b56072f409de7f6c9eafb493e5a54","168391","baixa","unknown; gabarito/padrão de resposta; diretório/metadado OAB; diretório/estrutura"
"storage/content/oab/23-exame/segunda-fase/padrao-de-respostas-definitivo-direito-do-trabalho-1refjg.pdf","unknown","gabarito/padrão de resposta","false","leitura parcial","OAB","OAB/FGV","23-exame","","","2017","","","local-only","7d242b71a4bc8a86c46e1929b57b6e8f8dd5f4ac3499e5d68d8194fa412c0607","150434","baixa","unknown; gabarito/padrão de resposta; diretório/metadado OAB; sem disciplina confiável"
"storage/content/oab/23-exame/segunda-fase/padrao-de-respostas-definitivo-direito-empresarial-1txvwq.pdf","unknown","gabarito/padrão de resposta","false","leitura parcial","OAB","OAB/FGV","23-exame","","","2017","Direito Empresarial","","local-only","3a6f18753b3db5bc3f5934e8cb7194c1209c15c9f97e9a32c41ce6722f713d66","214309","baixa","unknown; gabarito/padrão de resposta; diretório/metadado OAB; diretório/estrutura"
"storage/content/oab/23-exame/segunda-fase/padrao-de-respostas-definitivo-direito-penal-jl18r8.pdf","unknown","gabarito/padrão de resposta","false","leitura parcial","OAB","OAB/FGV","23-exame","","","2017","Direito Penal","","local-only","cd8b487ca93996c554e14d3ed177fb31309def673930195acf338b581decb6ef","175068","baixa","unknown; gabarito/padrão de resposta; diretório/metadado OAB; diretório/estrutura"
"storage/content/oab/23-exame/segunda-fase/padrao-de-respostas-definitivo-direito-tributario-fl1mvc.pdf","unknown","gabarito/padrão de resposta","false","leitura parcial","OAB","OAB/FGV","23-exame","","","2017","Direito Tributário","","local-only","fab9d0cd87d227e66e64c2dafc37d7d6d47960ee2447c94dfb253dc431b05931","153111","baixa","unknown; gabarito/padrão de resposta; diretório/metadado OAB; diretório/estrutura"
"storage/content/oab/23-exame/segunda-fase/padrao-de-respostas-direito-administrativo-j0afj2.pdf","unknown","gabarito/padrão de resposta","false","leitura parcial","OAB","OAB/FGV","23-exame","","","2017","Direito Administrativo","","local-only","808034d9d2bf02c798241ed2515b4293401b38ec4548f3c7a92151f857cfd436","341643","baixa","unknown; gabarito/padrão de resposta; diretório/metadado OAB; diretório/estrutura"
"storage/content/oab/23-exame/segunda-fase/padrao-de-respostas-direito-civil-jrb6ls.pdf","unknown","gabarito/padrão de resposta","false","leitura parcial","OAB","OAB/FGV","23-exame","","","2017","","","local-only","4565e6ba0fe06c76c7ab9415c4cc18d719ae455c12507497e27569e2e93355dd","343914","baixa","unknown; gabarito/padrão de resposta; diretório/metadado OAB; sem disciplina confiável"
"storage/content/oab/23-exame/segunda-fase/padrao-de-respostas-direito-constitucional-21a4tv.pdf","unknown","gabarito/padrão de resposta","false","leitura parcial","OAB","OAB/FGV","23-exame","","","2017","Direito Constitucional","","local-only","3a862a7568e2e5c001d2aa9b50c608cf2b80f6ac288408c23a3dc78413ec95e8","342073","baixa","unknown; gabarito/padrão de resposta; diretório/metadado OAB; diretório/estrutura"
"storage/content/oab/23-exame/segunda-fase/padrao-de-respostas-direito-do-trabalho-18t4l3.pdf","unknown","gabarito/padrão de resposta","false","leitura parcial","OAB","OAB/FGV","23-exame","","","2017","","","local-only","a1fae7898ac6ba0a7b33926eb6d974dc059cffc6b07405529300f82d3c57a3c2","337286","baixa","unknown; gabarito/padrão de resposta; diretório/metadado OAB; sem disciplina confiável"
"storage/content/oab/23-exame/segunda-fase/padrao-de-respostas-direito-empresarial-gjkwxa.pdf","unknown","gabarito/padrão de resposta","false","leitura parcial","OAB","OAB/FGV","23-exame","","","2017","Direito Empresarial","","local-only","7fabb597fd5412fb9f42273e37382ef02b7e8279d7454fc2fe878af34f67c993","342445","baixa","unknown; gabarito/padrão de resposta; diretório/metadado OAB; diretório/estrutura"
"storage/content/oab/23-exame/segunda-fase/padrao-de-respostas-direito-penal-w9y9ov.pdf","unknown","gabarito/padrão de resposta","false","leitura parcial","OAB","OAB/FGV","23-exame","","","2017","Direito Penal","","local-only","bd4c7314661f6defcbde543dc97d8bc5970e5f31bcd63c25ac687dfa81e8be45","343790","baixa","unknown; gabarito/padrão de resposta; diretório/metadado OAB; diretório/estrutura"
"storage/content/oab/23-exame/segunda-fase/padrao-de-respostas-direito-tributario-1g8h66.pdf","unknown","gabarito/padrão de resposta","false","leitura parcial","OAB","OAB/FGV","23-exame","","","2017","Direito Tributário","","local-only","a59b868e44f31ef7ce3877caf4479150ce6090ffbcaaa8db4e64f05fdb821840","338998","baixa","unknown; gabarito/padrão de resposta; diretório/metadado OAB; diretório/estrutura"
"storage/content/oab/24-exame/gabaritos/gabaritos-preliminares-da-prova-objetiva-1-fase-9c1rjf.pdf","pedagogical-content","gabarito/padrão de resposta","true","leitura parcial","OAB","OAB/FGV","24-exame","1ª fase OAB","","2017","","","local-only","dfaaf8c97222d2d0a640bc47d64a5a22d5fc513849e700d198f91fe2674762b2","85320","alta","pedagogical-content; gabarito/padrão de resposta; diretório/metadado OAB; sem disciplina confiável"
"storage/content/oab/24-exame/metadata.json","pedagogical-container","container pedagógico","false","leitura bem-sucedida","OAB","OAB/FGV","24º Exame de Ordem Unificado","","","2026","","","local-only","22df2c5366e231db3b6d630c93f0e8ff75f20ca15b455095edbb6714289dc1ac","8229","alta","pedagogical-container; container pedagógico; diretório/metadado OAB; sem disciplina confiável"
"storage/content/oab/24-exame/provas/caderno-de-prova-tipo-1-49qjjq.pdf","pedagogical-content","prova PDF","true","leitura parcial","OAB","OAB/FGV","24-exame","","","2017","","","local-only","1116ed679f548adb8751edef06df79aaf0f571371155b414e6f0112ff9985bf7","1373500","alta","pedagogical-content; prova PDF; diretório/metadado OAB; sem disciplina confiável"
"storage/content/oab/24-exame/provas/caderno-de-prova-tipo-2-111h6i.pdf","pedagogical-content","prova PDF","true","leitura parcial","OAB","OAB/FGV","24-exame","","","2017","","","local-only","838e0404dde518efaf982d13d7b5566835cabd30c3bf6ea1a2c478a9f0e2358a","1019338","alta","pedagogical-content; prova PDF; diretório/metadado OAB; sem disciplina confiável"
"storage/content/oab/24-exame/provas/caderno-de-prova-tipo-3-4odvg5.pdf","pedagogical-content","prova PDF","true","leitura parcial","OAB","OAB/FGV","24-exame","","","2017","","","local-only","7047132ebd3ea2e1de9ec2cb4231886201a096c6f206fd064d8aa4e05b8ae662","1030583","alta","pedagogical-content; prova PDF; diretório/metadado OAB; sem disciplina confiável"
"storage/content/oab/24-exame/provas/caderno-de-prova-tipo-4-6f5zoy.pdf","pedagogical-content","prova PDF","true","leitura parcial","OAB","OAB/FGV","24-exame","","","2017","","","local-only","304567184b90bbfd85c3014d7b7d4e310936b27ee147d822f6833e6571499119","975043","alta","pedagogical-content; prova PDF; diretório/metadado OAB; sem disciplina confiável"
"storage/content/oab/24-exame/provas/caderno-de-provas-direito-administrativo-5ubhw.pdf","pedagogical-content","prova PDF","true","leitura parcial","OAB","OAB/FGV","24-exame","","","2015","Direito Administrativo","","local-only","602fdc80557cae08c2a9c4e5962d6d44cbb1444bc827a7641f4dbdd79ee475a5","689199","alta","pedagogical-content; prova PDF; diretório/metadado OAB; diretório/estrutura"
"storage/content/oab/24-exame/provas/caderno-de-provas-direito-civil-19iftj.pdf","pedagogical-content","prova PDF","true","leitura parcial","OAB","OAB/FGV","24-exame","","","","","","local-only","97156dfa83b9804824c39d1fdde453830772f32220ae1467ed2878e4946f403d","687199","alta","pedagogical-content; prova PDF; diretório/metadado OAB; sem disciplina confiável"
"storage/content/oab/24-exame/provas/caderno-de-provas-direito-constitucional-n0zgmw.pdf","pedagogical-content","prova PDF","true","leitura parcial","OAB","OAB/FGV","24-exame","","","2016","Direito Constitucional","","local-only","e66d27cffe0d2cc4514ed317c9eb5f62d0e37f3f22e40cba188fbf387bec4ff9","687161","alta","pedagogical-content; prova PDF; diretório/metadado OAB; diretório/estrutura"
"storage/content/oab/24-exame/provas/caderno-de-provas-direito-do-trabalho-1yfvfn.pdf","pedagogical-content","prova PDF","true","leitura parcial","OAB","OAB/FGV","24-exame","","","2015","","","local-only","7db3d0a6d5a8a994ef5298c42d6e3edfdd59e8d16c874fbe400c68687270bb1c","688411","alta","pedagogical-content; prova PDF; diretório/metadado OAB; sem disciplina confiável"
"storage/content/oab/24-exame/provas/caderno-de-provas-direito-empresarial-iz0gam.pdf","pedagogical-content","prova PDF","true","leitura parcial","OAB","OAB/FGV","24-exame","","","2016","Direito Empresarial","","local-only","b9bd9f9432f9a1d8fb73edf7115e5099b2ecbd722fc2efdf86030a21e7622f4f","689073","alta","pedagogical-content; prova PDF; diretório/metadado OAB; diretório/estrutura"
"storage/content/oab/24-exame/provas/caderno-de-provas-direito-penal-g2zlgb.pdf","pedagogical-content","prova PDF","true","leitura parcial","OAB","OAB/FGV","24-exame","","","2017","Direito Penal","","local-only","ac42386b90d8c94b23162ed43aff43db749771b64333e590b93ac066ac6e83ac","694309","alta","pedagogical-content; prova PDF; diretório/metadado OAB; diretório/estrutura"
"storage/content/oab/24-exame/provas/caderno-de-provas-direito-tributario-tmwwol.pdf","pedagogical-content","prova PDF","true","leitura parcial","OAB","OAB/FGV","24-exame","","","2017","Direito Tributário","","local-only","7bf40f3d10a945adf57a671a9c1b2d2a5f9a186928c79efe1e190280661c7777","684511","alta","pedagogical-content; prova PDF; diretório/metadado OAB; diretório/estrutura"
"storage/content/oab/24-exame/questoes/questoes-extraidas.json","pedagogical-content","banco de questões","true","leitura bem-sucedida","OAB","OAB/FGV","24-exame","","FGV","1988","Ética Profissional","24o Exame OAB - Questao 1","local-only","133ff0dc45bd6c5f355ce7fdbb16e8aa684d2a719b560bf810682b389d90be65","134338","alta","pedagogical-content; banco de questões; diretório/metadado OAB; diretório/estrutura"
"storage/content/oab/24-exame/segunda-fase/padrao-de-respostas-definitivo-direito-administrativo-1a7nu1.pdf","unknown","gabarito/padrão de resposta","false","leitura parcial","OAB","OAB/FGV","24-exame","","","2018","Direito Administrativo","","local-only","19e9cf647eb650a8bf05073527f2a7f259afc9d5f4a0abef6788668ed3e20950","366387","baixa","unknown; gabarito/padrão de resposta; diretório/metadado OAB; diretório/estrutura"
"storage/content/oab/24-exame/segunda-fase/padrao-de-respostas-definitivo-direito-civil-9c4rkk.pdf","unknown","gabarito/padrão de resposta","false","leitura parcial","OAB","OAB/FGV","24-exame","","","2018","","","local-only","3c296eb15706f1f736dd7d267ebae73e78b9b992329acd08778a381a005b1095","380266","baixa","unknown; gabarito/padrão de resposta; diretório/metadado OAB; sem disciplina confiável"
"storage/content/oab/24-exame/segunda-fase/padrao-de-respostas-definitivo-direito-constitucional-1x7hz0.pdf","unknown","gabarito/padrão de resposta","false","leitura parcial","OAB","OAB/FGV","24-exame","","","2018","Direito Constitucional","","local-only","8bd2c9a8da7cbdd0fda8ee4ec234745e0b165b9241b354f80c700aab2b2763c5","387491","baixa","unknown; gabarito/padrão de resposta; diretório/metadado OAB; diretório/estrutura"
"storage/content/oab/24-exame/segunda-fase/padrao-de-respostas-definitivo-direito-do-trabalho-z29x6w.pdf","unknown","gabarito/padrão de resposta","false","leitura parcial","OAB","OAB/FGV","24-exame","","","2018","","","local-only","85b33e53d59ddad8c8f90c9d628eaafd77c3d620c8a95c1deb931b30d48d3806","363339","baixa","unknown; gabarito/padrão de resposta; diretório/metadado OAB; sem disciplina confiável"
"storage/content/oab/24-exame/segunda-fase/padrao-de-respostas-definitivo-direito-empresarial-1fou2g.pdf","unknown","gabarito/padrão de resposta","false","leitura parcial","OAB","OAB/FGV","24-exame","","","2018","Direito Empresarial","","local-only","fb29aa0a3862fd2b2d0fc48a5387e3795071e9109d8934533bdfc4dd99a0cd03","403433","baixa","unknown; gabarito/padrão de resposta; diretório/metadado OAB; diretório/estrutura"
"storage/content/oab/24-exame/segunda-fase/padrao-de-respostas-definitivo-direito-penal-1we0ps.pdf","unknown","gabarito/padrão de resposta","false","leitura parcial","OAB","OAB/FGV","24-exame","","","2018","Direito Penal","","local-only","99acc3c70da95b8747eb6d4b6b85fbf52a14445a97dec53fb2675d902276e554","391894","baixa","unknown; gabarito/padrão de resposta; diretório/metadado OAB; diretório/estrutura"
"storage/content/oab/24-exame/segunda-fase/padrao-de-respostas-definitivo-direito-tributario-r0olx3.pdf","unknown","gabarito/padrão de resposta","false","leitura parcial","OAB","OAB/FGV","24-exame","","","2018","Direito Tributário","","local-only","612ff876a99e79ce46f8696268ae4061420265d35ef56ea74cd61e555434788e","373850","baixa","unknown; gabarito/padrão de resposta; diretório/metadado OAB; diretório/estrutura"
"storage/content/oab/24-exame/segunda-fase/padrao-de-respostas-direito-administrativo-1k9ovr.pdf","unknown","gabarito/padrão de resposta","false","leitura parcial","OAB","OAB/FGV","24-exame","","","2018","Direito Administrativo","","local-only","adc8b9a01df83f3329fcb1300b6f483d08758e3eb4d6b1d3dfa7da4b29ba1ce2","131063","baixa","unknown; gabarito/padrão de resposta; diretório/metadado OAB; diretório/estrutura"
"storage/content/oab/24-exame/segunda-fase/padrao-de-respostas-direito-civil-1v12gi.pdf","unknown","gabarito/padrão de resposta","false","leitura parcial","OAB","OAB/FGV","24-exame","","","2018","","","local-only","2ec6d1fc07cc5d3bc90886a6dd8c1f4824dc678279658fe8cb79c3b9b7e2f8b1","134739","baixa","unknown; gabarito/padrão de resposta; diretório/metadado OAB; sem disciplina confiável"
"storage/content/oab/24-exame/segunda-fase/padrao-de-respostas-direito-constitucional-15a6hj.pdf","unknown","gabarito/padrão de resposta","false","leitura parcial","OAB","OAB/FGV","24-exame","","","2018","Direito Constitucional","","local-only","f927febe2b905ceb23fe32cc5913f09a7e52f062ed4ac380aeb5fb431bab28e6","133765","baixa","unknown; gabarito/padrão de resposta; diretório/metadado OAB; diretório/estrutura"
"storage/content/oab/24-exame/segunda-fase/padrao-de-respostas-direito-do-trabalho-d15bib.pdf","unknown","gabarito/padrão de resposta","false","leitura parcial","OAB","OAB/FGV","24-exame","","","2018","","","local-only","48b510bac5d0e17f880bdf2412cb973c482d29e5d951a0dd137aa74da9c58501","126912","baixa","unknown; gabarito/padrão de resposta; diretório/metadado OAB; sem disciplina confiável"
"storage/content/oab/24-exame/segunda-fase/padrao-de-respostas-direito-empresarial-rhf10e.pdf","unknown","gabarito/padrão de resposta","false","leitura parcial","OAB","OAB/FGV","24-exame","","","2018","Direito Empresarial","","local-only","987ecb165abeae26e41cae0a5b7706f257cfd405bc5a3109fb819cad80ebdb91","136727","baixa","unknown; gabarito/padrão de resposta; diretório/metadado OAB; diretório/estrutura"
"storage/content/oab/24-exame/segunda-fase/padrao-de-respostas-direito-penal-1h13l6.pdf","unknown","gabarito/padrão de resposta","false","leitura parcial","OAB","OAB/FGV","24-exame","","","2018","Direito Penal","","local-only","d921d237b17a9b663796661239b7cfbb8f3275f5fd045eaa47809327e50899f0","159189","baixa","unknown; gabarito/padrão de resposta; diretório/metadado OAB; diretório/estrutura"
"storage/content/oab/24-exame/segunda-fase/padrao-de-respostas-direito-tributario-1wnewd.pdf","unknown","gabarito/padrão de resposta","false","leitura parcial","OAB","OAB/FGV","24-exame","","","2018","Direito Tributário","","local-only","669c7247d62ee1ebc28a70c1e8c074fc12738ab07f74a04894af8f4df68f3d65","127086","baixa","unknown; gabarito/padrão de resposta; diretório/metadado OAB; diretório/estrutura"
"storage/content/oab/25-exame/gabaritos/gabaritos-preliminares-da-prova-objetiva-1-fase-18qbq1.pdf","pedagogical-content","gabarito/padrão de resposta","true","leitura parcial","OAB","OAB/FGV","25-exame","1ª fase OAB","","2018","","","local-only","61b385746370227a5265509725ba10abb4f07710ef64838acc6661f3c0cf102d","85182","alta","pedagogical-content; gabarito/padrão de resposta; diretório/metadado OAB; sem disciplina confiável"
"storage/content/oab/25-exame/metadata.json","pedagogical-container","container pedagógico","false","leitura bem-sucedida","OAB","OAB/FGV","25º Exame de Ordem Unificado","","","2026","","","local-only","c8e4d924431a7f419808793e1a34071633a7eab44263f2def7ca8c6ff0eba507","16172","alta","pedagogical-container; container pedagógico; diretório/metadado OAB; sem disciplina confiável"
"storage/content/oab/25-exame/provas/caderno-de-prova-tipo-1-1tybaf.pdf","pedagogical-content","prova PDF","true","leitura parcial","OAB","OAB/FGV","25-exame","","","2018","","","local-only","82a15906e1b0ac7b4f36cc756f4b8e194a3bff2bb6ce7a3bffeb0b8ea64b729a","1299791","alta","pedagogical-content; prova PDF; diretório/metadado OAB; sem disciplina confiável"
"storage/content/oab/25-exame/provas/caderno-de-prova-tipo-2-1pw0c6.pdf","pedagogical-content","prova PDF","true","leitura parcial","OAB","OAB/FGV","25-exame","","","2018","","","local-only","708ff9d7301086bf56c4c7912e7afd6dcf94b78ff146fb80a0c09894b65ecaff","1019868","alta","pedagogical-content; prova PDF; diretório/metadado OAB; sem disciplina confiável"
"storage/content/oab/25-exame/provas/caderno-de-prova-tipo-3-1scjjx.pdf","pedagogical-content","prova PDF","true","leitura parcial","OAB","OAB/FGV","25-exame","","","2018","","","local-only","f124aa04cde1562e5e1f578e0cc1f64a6d1d39ecfc73ae302010b78f017afe90","1031727","alta","pedagogical-content; prova PDF; diretório/metadado OAB; sem disciplina confiável"
"storage/content/oab/25-exame/provas/caderno-de-prova-tipo-4-5l4ybe.pdf","pedagogical-content","prova PDF","true","leitura parcial","OAB","OAB/FGV","25-exame","","","2018","","","local-only","144b713a9b64a9ce7e96dbd3a8eea7d13c208f3e6dc93b6aa788bb3eed80be57","976008","alta","pedagogical-content; prova PDF; diretório/metadado OAB; sem disciplina confiável"
"storage/content/oab/25-exame/provas/caderno-de-provas-direito-administrativo-dj21d2.pdf","pedagogical-content","prova PDF","true","leitura parcial","OAB","OAB/FGV","25-exame","","","2017","Direito Administrativo","","local-only","c5f3651e04f6e5980cecb08c9448da79de3b48f13326230de7293ee6881b2a77","275406","alta","pedagogical-content; prova PDF; diretório/metadado OAB; diretório/estrutura"
"storage/content/oab/25-exame/provas/caderno-de-provas-direito-administrativo-porto-alegre-rs-10826q.pdf","pedagogical-content","prova PDF","true","leitura parcial","OAB","OAB/FGV","25-exame","","","2013","Direito Administrativo","","local-only","85de7fe7271c25ed831e528e978e76d68b3f367042e6a2b4ee0e70ddf45228e5","275494","alta","pedagogical-content; prova PDF; diretório/metadado OAB; diretório/estrutura"
"storage/content/oab/25-exame/provas/caderno-de-provas-direito-civil-1wcqbn.pdf","pedagogical-content","prova PDF","true","leitura parcial","OAB","OAB/FGV","25-exame","","","2016","","","local-only","96680ddc17066b919ec679379e74aa7dfeed3097ad41bc6de0649f9c1185d033","272929","alta","pedagogical-content; prova PDF; diretório/metadado OAB; sem disciplina confiável"
"storage/content/oab/25-exame/provas/caderno-de-provas-direito-civil-porto-alegre-rs-se63et.pdf","pedagogical-content","prova PDF","true","leitura parcial","OAB","OAB/FGV","25-exame","","","2010","","","local-only","32ac7df7e685f0957407071bd145eaf64bbab68671d0a94d79b183c44dd8e2f2","274123","alta","pedagogical-content; prova PDF; diretório/metadado OAB; sem disciplina confiável"
"storage/content/oab/25-exame/provas/caderno-de-provas-direito-constitucional-1yv27n.pdf","pedagogical-content","prova PDF","true","leitura parcial","OAB","OAB/FGV","25-exame","","","","Direito Constitucional","","local-only","0fb71deec74c9a33cd257d0d590033713402b1d1e14f070d74d08a5dfb448057","272682","alta","pedagogical-content; prova PDF; diretório/metadado OAB; diretório/estrutura"
"storage/content/oab/25-exame/provas/caderno-de-provas-direito-constitucional-porto-alegre-rs-lj1fuj.pdf","pedagogical-content","prova PDF","true","leitura parcial","OAB","OAB/FGV","25-exame","","","2018","Direito Constitucional","","local-only","1347a9681ccc0ff0b17ca326fcfba03c25fb0a5535b6c57b287085eaf2ac8115","281137","alta","pedagogical-content; prova PDF; diretório/metadado OAB; diretório/estrutura"
"storage/content/oab/25-exame/provas/caderno-de-provas-direito-do-trabalho-1x22dq.pdf","pedagogical-content","prova PDF","true","leitura parcial","OAB","OAB/FGV","25-exame","","","2018","","","local-only","7988a74ce25495d952a525cbe8d83c8036c7d4a7d781a77cb40d69b1ac352e84","277749","alta","pedagogical-content; prova PDF; diretório/metadado OAB; sem disciplina confiável"
"storage/content/oab/25-exame/provas/caderno-de-provas-direito-do-trabalho-porto-alegre-rs-n1vbxj.pdf","pedagogical-content","prova PDF","true","leitura parcial","OAB","OAB/FGV","25-exame","","","2009","","","local-only","23d74a935d0162530572d0b59e916959ae0b6aceb0ae9439fbe9c9777f14e73c","274454","alta","pedagogical-content; prova PDF; diretório/metadado OAB; sem disciplina confiável"
"storage/content/oab/25-exame/provas/caderno-de-provas-direito-empresarial-14yoar.pdf","pedagogical-content","prova PDF","true","leitura parcial","OAB","OAB/FGV","25-exame","","","2012","Direito Empresarial","","local-only","dcdfa4c6b5451a9442d65fb7f52a341ebd866187e6f908fa56bc3581c7d41a76","276421","alta","pedagogical-content; prova PDF; diretório/metadado OAB; diretório/estrutura"
"storage/content/oab/25-exame/provas/caderno-de-provas-direito-empresarial-porto-alegre-rs-4qsfvz.pdf","pedagogical-content","prova PDF","true","leitura parcial","OAB","OAB/FGV","25-exame","","","2016","Direito Empresarial","","local-only","7e2a19bcadbd31bb46b112feedabc1c1344b2305f06e0a8489b6ef3ab29545be","277670","alta","pedagogical-content; prova PDF; diretório/metadado OAB; diretório/estrutura"
"storage/content/oab/25-exame/provas/caderno-de-provas-direito-penal-1kq6ok.pdf","pedagogical-content","prova PDF","true","leitura parcial","OAB","OAB/FGV","25-exame","","","1960","Direito Penal","","local-only","83ba4fd6304a823f94f705e35d5101a4f168be4b77b8e6fd97093d9d1234766c","280918","alta","pedagogical-content; prova PDF; diretório/metadado OAB; diretório/estrutura"
"storage/content/oab/25-exame/provas/caderno-de-provas-direito-penal-porto-alegre-rs-i3r0q9.pdf","pedagogical-content","prova PDF","true","leitura parcial","OAB","OAB/FGV","25-exame","","","1945","Direito Penal","","local-only","289e1d19bd53575b0145278952aebf0a59980c9428ddb80ae79bae7367217618","282343","alta","pedagogical-content; prova PDF; diretório/metadado OAB; diretório/estrutura"
"storage/content/oab/25-exame/provas/caderno-de-provas-direito-tributario-1hjvkm.pdf","pedagogical-content","prova PDF","true","leitura parcial","OAB","OAB/FGV","25-exame","","","","Direito Tributário","","local-only","86a338bd110eb2e81d51f2b333405eb56efc693b8b0d6a9e418e4341a8b2fd71","271864","alta","pedagogical-content; prova PDF; diretório/metadado OAB; diretório/estrutura"
"storage/content/oab/25-exame/provas/caderno-de-provas-direito-tributario-porto-alegre-rs-1jgoh7.pdf","pedagogical-content","prova PDF","true","leitura parcial","OAB","OAB/FGV","25-exame","","","2016","Direito Tributário","","local-only","42bb44276b898cda9716b0fbbacc7cb9a361f847110230d3c9d7ffe006cfdc7d","279246","alta","pedagogical-content; prova PDF; diretório/metadado OAB; diretório/estrutura"
"storage/content/oab/25-exame/questoes/questoes-extraidas.json","pedagogical-content","banco de questões","true","leitura bem-sucedida","OAB","OAB/FGV","25-exame","","FGV","2010","Ética Profissional","25o Exame OAB - Questao 1","local-only","3ccc7a421c16896290758d9e901498a1c024617ce33a5d48443f22d8842e848d","134567","alta","pedagogical-content; banco de questões; diretório/metadado OAB; diretório/estrutura"
"storage/content/oab/25-exame/segunda-fase/padrao-de-respostas-definitivo-direito-administrativo-1mgtex.pdf","unknown","gabarito/padrão de resposta","false","leitura parcial","OAB","OAB/FGV","25-exame","","","2018","Direito Administrativo","","local-only","bf0827a46e849cffd9ff4de8901829ec3b264de1a48c8783f0479595892219e7","384339","baixa","unknown; gabarito/padrão de resposta; diretório/metadado OAB; diretório/estrutura"
"storage/content/oab/25-exame/segunda-fase/padrao-de-respostas-definitivo-direito-administrativo-porto-alegre-rs-1jq4vb.pdf","unknown","gabarito/padrão de resposta","false","leitura parcial","OAB","OAB/FGV","25-exame","","","2018","Direito Administrativo","","local-only","fb9417de052fad0c6eeca2205e8bcd8009d33452a3dc6f956ecd638dfd6cf84f","189143","baixa","unknown; gabarito/padrão de resposta; diretório/metadado OAB; diretório/estrutura"
"storage/content/oab/25-exame/segunda-fase/padrao-de-respostas-definitivo-direito-civil-1fzhoh.pdf","unknown","gabarito/padrão de resposta","false","leitura parcial","OAB","OAB/FGV","25-exame","","","2018","","","local-only","80c2e776a649e0ed6f4a51f0e3dd86c68c580cbe90c93cb23a0eff2b57e4b81e","437662","baixa","unknown; gabarito/padrão de resposta; diretório/metadado OAB; sem disciplina confiável"
"storage/content/oab/25-exame/segunda-fase/padrao-de-respostas-definitivo-direito-civil-porto-alegre-rs-1lupzt.pdf","unknown","gabarito/padrão de resposta","false","leitura parcial","OAB","OAB/FGV","25-exame","","","2018","","","local-only","e2ef44fe00c4a115cbd0bcafa4f8b8dc8fbc4dbdd5675c93ecba3cc63dae322e","175659","baixa","unknown; gabarito/padrão de resposta; diretório/metadado OAB; sem disciplina confiável"
"storage/content/oab/25-exame/segunda-fase/padrao-de-respostas-definitivo-direito-constitucional-1rzhna.pdf","unknown","gabarito/padrão de resposta","false","leitura parcial","OAB","OAB/FGV","25-exame","","","2018","Direito Constitucional","","local-only","127da55fc254b8ca4fb1d039c6faca4ddeb4ccfa2e360844c15d3c69ec4991de","383143","baixa","unknown; gabarito/padrão de resposta; diretório/metadado OAB; diretório/estrutura"
"storage/content/oab/25-exame/segunda-fase/padrao-de-respostas-definitivo-direito-constitucional-porto-alegre-rs-1t4mwg.pdf","unknown","gabarito/padrão de resposta","false","leitura parcial","OAB","OAB/FGV","25-exame","","","2018","Direito Constitucional","","local-only","42b918304aa3d93f09305ab1de907f97b2051a8ca5726e684c689fb8bfc4a5b1","198462","baixa","unknown; gabarito/padrão de resposta; diretório/metadado OAB; diretório/estrutura"
"storage/content/oab/25-exame/segunda-fase/padrao-de-respostas-definitivo-direito-do-trabalho-1d79x1.pdf","unknown","gabarito/padrão de resposta","false","leitura parcial","OAB","OAB/FGV","25-exame","","","2018","","","local-only","38b133327b83e5636a148b653426d8f3613f0d80e70f9c110bddf47d129492ac","365599","baixa","unknown; gabarito/padrão de resposta; diretório/metadado OAB; sem disciplina confiável"
"storage/content/oab/25-exame/segunda-fase/padrao-de-respostas-definitivo-direito-do-trabalho-porto-alegre-rs-16ggum.pdf","unknown","gabarito/padrão de resposta","false","leitura parcial","OAB","OAB/FGV","25-exame","","","2018","","","local-only","d7f6c989bd6a52c88f981e4304508a33a606bdb5edbba2a05dc0ec14c7aa69c2","168874","baixa","unknown; gabarito/padrão de resposta; diretório/metadado OAB; sem disciplina confiável"
"storage/content/oab/25-exame/segunda-fase/padrao-de-respostas-definitivo-direito-empresarial-porto-alegre-rs-qmlk2r.pdf","unknown","gabarito/padrão de resposta","false","leitura parcial","OAB","OAB/FGV","25-exame","","","2018","Direito Empresarial","","local-only","fc4c3c61bcb28d8cd766eb0f0877101ea5995cc4538c2a607245270f63203a88","197317","baixa","unknown; gabarito/padrão de resposta; diretório/metadado OAB; diretório/estrutura"
"storage/content/oab/25-exame/segunda-fase/padrao-de-respostas-definitivo-direito-empresarial-skg0vo.pdf","unknown","gabarito/padrão de resposta","false","leitura parcial","OAB","OAB/FGV","25-exame","","","2018","Direito Empresarial","","local-only","5fd539dac30c6c8000dc92fd6a34083ed90c750ce6b60ab7eb3e6550c5265222","385572","baixa","unknown; gabarito/padrão de resposta; diretório/metadado OAB; diretório/estrutura"
"storage/content/oab/25-exame/segunda-fase/padrao-de-respostas-definitivo-direito-penal-12byjh.pdf","unknown","gabarito/padrão de resposta","false","leitura parcial","OAB","OAB/FGV","25-exame","","","2018","Direito Penal","","local-only","f4e076209a28550d2939b51ce93c95dcb85cd44172a9a472dbff3f36013e20f1","386282","baixa","unknown; gabarito/padrão de resposta; diretório/metadado OAB; diretório/estrutura"
"storage/content/oab/25-exame/segunda-fase/padrao-de-respostas-definitivo-direito-penal-porto-alegre-rs-1v3pnl.pdf","unknown","gabarito/padrão de resposta","false","leitura parcial","OAB","OAB/FGV","25-exame","","","2018","Direito Penal","","local-only","678ac8239d8b728c76cfaa9acd51ec93198cdfa2a951aa065040233ac8bc0027","215295","baixa","unknown; gabarito/padrão de resposta; diretório/metadado OAB; diretório/estrutura"
"storage/content/oab/25-exame/segunda-fase/padrao-de-respostas-definitivo-direito-tributario-1q0nzi.pdf","unknown","gabarito/padrão de resposta","false","leitura parcial","OAB","OAB/FGV","25-exame","","","2018","Direito Tributário","","local-only","256b59a6b4546c8e347e9c649f28b17d6cb80288e3c776535d44c71d7acc8b1b","371744","baixa","unknown; gabarito/padrão de resposta; diretório/metadado OAB; diretório/estrutura"
"storage/content/oab/25-exame/segunda-fase/padrao-de-respostas-definitivo-direito-tributario-porto-alegre-rs-13qsm5.pdf","unknown","gabarito/padrão de resposta","false","leitura parcial","OAB","OAB/FGV","25-exame","","","2018","Direito Tributário","","local-only","b8a590479e811001d1e4d1f59a68c7b08a63cb200668dea3b15ae70c8914973c","174954","baixa","unknown; gabarito/padrão de resposta; diretório/metadado OAB; diretório/estrutura"
"storage/content/oab/25-exame/segunda-fase/padrao-de-respostas-direito-administrativo-o00fdi.pdf","unknown","gabarito/padrão de resposta","false","leitura parcial","OAB","OAB/FGV","25-exame","","","2018","Direito Administrativo","","local-only","b9d19b94c9407bc3d27ddb827eadc838ba9198d7e1b5f186d0479ec7451042cd","133242","baixa","unknown; gabarito/padrão de resposta; diretório/metadado OAB; diretório/estrutura"
"storage/content/oab/25-exame/segunda-fase/padrao-de-respostas-direito-administrativo-porto-alegre-rs-1a6unw.pdf","unknown","gabarito/padrão de resposta","false","leitura parcial","OAB","OAB/FGV","25-exame","","","2018","Direito Administrativo","","local-only","0669db0bf74f023ced5b7c9cbc8d7dc4a082f67f60e635f0e22d047e9b09c40c","132571","baixa","unknown; gabarito/padrão de resposta; diretório/metadado OAB; diretório/estrutura"
"storage/content/oab/25-exame/segunda-fase/padrao-de-respostas-direito-civil-a7pl0g.pdf","unknown","gabarito/padrão de resposta","false","leitura parcial","OAB","OAB/FGV","25-exame","","","2018","","","local-only","a12702795f20b05cb50c689a1b66e0eb67a9cab521d58e0a47665352d7368f65","128377","baixa","unknown; gabarito/padrão de resposta; diretório/metadado OAB; sem disciplina confiável"
"storage/content/oab/25-exame/segunda-fase/padrao-de-respostas-direito-civil-porto-alegre-rs-1qrnma.pdf","unknown","gabarito/padrão de resposta","false","leitura parcial","OAB","OAB/FGV","25-exame","","","2018","","","local-only","a1f75c37ca3c56d7adb7ebc6223885453d326fd88b9cff99b948d5400a60aee3","126612","baixa","unknown; gabarito/padrão de resposta; diretório/metadado OAB; sem disciplina confiável"
"storage/content/oab/25-exame/segunda-fase/padrao-de-respostas-direito-constitucional-djt4oq.pdf","unknown","gabarito/padrão de resposta","false","leitura parcial","OAB","OAB/FGV","25-exame","","","2018","Direito Constitucional","","local-only","09f0cbd2735465069e94c92c2d6080e7f049940adc8f980356cb65280a7fa19f","131883","baixa","unknown; gabarito/padrão de resposta; diretório/metadado OAB; diretório/estrutura"
"storage/content/oab/25-exame/segunda-fase/padrao-de-respostas-direito-constitucional-porto-alegre-rs-rqxo15.pdf","unknown","gabarito/padrão de resposta","false","leitura parcial","OAB","OAB/FGV","25-exame","","","2018","Direito Constitucional","","local-only","fef24d0178f9defb4f000ed6dcb0db9959f889c90609786cad78d68614d3b898","147569","baixa","unknown; gabarito/padrão de resposta; diretório/metadado OAB; diretório/estrutura"
"storage/content/oab/25-exame/segunda-fase/padrao-de-respostas-direito-do-trabalho-gczyno.pdf","unknown","gabarito/padrão de resposta","false","leitura parcial","OAB","OAB/FGV","25-exame","","","2018","","","local-only","407c3e64bf044536269f9dc4e4f16450245b9c60786ea1eac2c78da982a05760","128863","baixa","unknown; gabarito/padrão de resposta; diretório/metadado OAB; sem disciplina confiável"
"storage/content/oab/25-exame/segunda-fase/padrao-de-respostas-direito-do-trabalho-porto-alegre-rs-1hkjv7.pdf","unknown","gabarito/padrão de resposta","false","leitura parcial","OAB","OAB/FGV","25-exame","","","2018","","","local-only","4d3130c52c8a8153efdb2651aa6b866c053eea0fd4f4b8819ddfe8fea707082e","130910","baixa","unknown; gabarito/padrão de resposta; diretório/metadado OAB; sem disciplina confiável"
"storage/content/oab/25-exame/segunda-fase/padrao-de-respostas-direito-empresarial-jlr9qw.pdf","unknown","gabarito/padrão de resposta","false","leitura parcial","OAB","OAB/FGV","25-exame","","","2018","Direito Empresarial","","local-only","946f7d1829e8e44166730376aa06ff6b98870f4b752b01a81dd4f09bafcc3732","138651","baixa","unknown; gabarito/padrão de resposta; diretório/metadado OAB; diretório/estrutura"
"storage/content/oab/25-exame/segunda-fase/padrao-de-respostas-direito-empresarial-porto-alegre-rs-tkl68f.pdf","unknown","gabarito/padrão de resposta","false","leitura parcial","OAB","OAB/FGV","25-exame","","","2018","Direito Empresarial","","local-only","ac32eade0b757411d022d5cb68a8f26e095075a96d6323cdedd51bcc2d8f5437","149303","baixa","unknown; gabarito/padrão de resposta; diretório/metadado OAB; diretório/estrutura"
"storage/content/oab/25-exame/segunda-fase/padrao-de-respostas-direito-penal-porto-alegre-rs-1tcai6.pdf","unknown","gabarito/padrão de resposta","false","leitura parcial","OAB","OAB/FGV","25-exame","","","2018","Direito Penal","","local-only","6dcf913252709244859055766ee764be346122392ab8446b6ce0bc66e25c9728","174396","baixa","unknown; gabarito/padrão de resposta; diretório/metadado OAB; diretório/estrutura"
"storage/content/oab/25-exame/segunda-fase/padrao-de-respostas-direito-penal-x80s2x.pdf","unknown","gabarito/padrão de resposta","false","leitura parcial","OAB","OAB/FGV","25-exame","","","2018","Direito Penal","","local-only","9e50052434f61a12fec176dcb2c71893b86eedc83534a8a111c54af7adda03aa","168777","baixa","unknown; gabarito/padrão de resposta; diretório/metadado OAB; diretório/estrutura"
"storage/content/oab/25-exame/segunda-fase/padrao-de-respostas-direito-tributario-9t9lgm.pdf","unknown","gabarito/padrão de resposta","false","leitura parcial","OAB","OAB/FGV","25-exame","","","2018","Direito Tributário","","local-only","d15cf95c6829c0762ace713c9fc018f40298d0dcd9b8526c5a21227e94456d32","145790","baixa","unknown; gabarito/padrão de resposta; diretório/metadado OAB; diretório/estrutura"
"storage/content/oab/25-exame/segunda-fase/padrao-de-respostas-direito-tributario-porto-alegre-rs-49rqxm.pdf","unknown","gabarito/padrão de resposta","false","leitura parcial","OAB","OAB/FGV","25-exame","","","2018","Direito Tributário","","local-only","a01c62f057d1cd8b8f06807d8c48d5328caf82e29e34e46af4a346a6723b963c","147386","baixa","unknown; gabarito/padrão de resposta; diretório/metadado OAB; diretório/estrutura"
"storage/content/oab/26-exame/gabaritos/gabaritos-preliminares-da-prova-objetiva-1-fase-atualizado-em-06.08.2018-1sxrjv.pdf","pedagogical-content","gabarito/padrão de resposta","true","leitura parcial","OAB","OAB/FGV","26-exame","1ª fase OAB","","2018","","","local-only","abc51f7359d4383216aa375f4f3aa30b3861a5772d99ead9f9ad8317c22f1447","85363","alta","pedagogical-content; gabarito/padrão de resposta; diretório/metadado OAB; sem disciplina confiável"
"storage/content/oab/26-exame/metadata.json","pedagogical-container","container pedagógico","false","leitura bem-sucedida","OAB","OAB/FGV","26º Exame de Ordem Unificado","","","2026","","","local-only","3f0be7744d2da8592f84da7af57feb36a22f2f22c80567de5f81fc954d2fccae","8190","alta","pedagogical-container; container pedagógico; diretório/metadado OAB; sem disciplina confiável"
"storage/content/oab/26-exame/provas/caderno-de-prova-tipo-1-8hrwbk.pdf","pedagogical-content","prova PDF","true","leitura parcial","OAB","OAB/FGV","26-exame","","","2012","","","local-only","0a1554c9886075c839ffa455a1c001ee18b58db885a29dce0e0b2facf9e8b1bf","882160","alta","pedagogical-content; prova PDF; diretório/metadado OAB; sem disciplina confiável"
"storage/content/oab/26-exame/provas/caderno-de-prova-tipo-2-y20qzm.pdf","pedagogical-content","prova PDF","true","leitura parcial","OAB","OAB/FGV","26-exame","","","2018","","","local-only","8248e5c20a42baa1ef14c270f1c0b78162e4707ff4aa68e11d55bf655735c0fc","603126","alta","pedagogical-content; prova PDF; diretório/metadado OAB; sem disciplina confiável"
"storage/content/oab/26-exame/provas/caderno-de-prova-tipo-3-1aeey7.pdf","pedagogical-content","prova PDF","true","leitura parcial","OAB","OAB/FGV","26-exame","","","2012","","","local-only","7bf6d50a100aae1fde25a226d2bfdd675945480ca2d0ed3e915b5b6a434e63b3","614961","alta","pedagogical-content; prova PDF; diretório/metadado OAB; sem disciplina confiável"
"storage/content/oab/26-exame/provas/caderno-de-prova-tipo-4-135evz.pdf","pedagogical-content","prova PDF","true","leitura parcial","OAB","OAB/FGV","26-exame","","","2012","","","local-only","efbe00b832d70ce007b4f3bd6c6a8cafed39153cff45b900198c5c57da4162fc","591395","alta","pedagogical-content; prova PDF; diretório/metadado OAB; sem disciplina confiável"
"storage/content/oab/26-exame/provas/caderno-de-provas-direito-administrativo-1s4jjy.pdf","pedagogical-content","prova PDF","true","leitura parcial","OAB","OAB/FGV","26-exame","","","","Direito Administrativo","","local-only","cf8985bae175cad04a79f9903be6107ff570a87e46afcda2a38e77d1e4f55fbd","280671","alta","pedagogical-content; prova PDF; diretório/metadado OAB; diretório/estrutura"
"storage/content/oab/26-exame/provas/caderno-de-provas-direito-civil-9ltbgf.pdf","pedagogical-content","prova PDF","true","leitura parcial","OAB","OAB/FGV","26-exame","","","","","","local-only","a53e7bf98d93b99cd6dadc5b0c95ff1d24b807ae1da7a05c79adcc81395aafe2","280277","alta","pedagogical-content; prova PDF; diretório/metadado OAB; sem disciplina confiável"
"storage/content/oab/26-exame/provas/caderno-de-provas-direito-constitucional-5rajdq.pdf","pedagogical-content","prova PDF","true","leitura parcial","OAB","OAB/FGV","26-exame","","","","Direito Constitucional","","local-only","b6fccd99133765289b11b0295fa3dc587698b41eb58d4514fa001e569a23d087","285488","alta","pedagogical-content; prova PDF; diretório/metadado OAB; diretório/estrutura"
"storage/content/oab/26-exame/provas/caderno-de-provas-direito-do-trabalho-1aiohq.pdf","pedagogical-content","prova PDF","true","leitura parcial","OAB","OAB/FGV","26-exame","","","2017","","","local-only","ccf784a560e8436c68c82b9453ec4fc57835898b1bbc7c456efdc42cbb954c41","283297","alta","pedagogical-content; prova PDF; diretório/metadado OAB; sem disciplina confiável"
"storage/content/oab/26-exame/provas/caderno-de-provas-direito-empresarial-1knu8b.pdf","pedagogical-content","prova PDF","true","leitura parcial","OAB","OAB/FGV","26-exame","","","2017","Direito Empresarial","","local-only","4d5b4ad629dd0f38f8be35c9bb0220537eb6259ebe7b39c1b7165536421047df","281889","alta","pedagogical-content; prova PDF; diretório/metadado OAB; diretório/estrutura"
"storage/content/oab/26-exame/provas/caderno-de-provas-direito-penal-q3hxlz.pdf","pedagogical-content","prova PDF","true","leitura parcial","OAB","OAB/FGV","26-exame","","","2016","Direito Penal","","local-only","5015b338f3432c26b0b0042cb3b6a6d5dde9a8e1ebf08a80a3e28bf57cdafe1f","287057","alta","pedagogical-content; prova PDF; diretório/metadado OAB; diretório/estrutura"
"storage/content/oab/26-exame/provas/caderno-de-provas-direito-tributario-i6gfn5.pdf","pedagogical-content","prova PDF","true","leitura parcial","OAB","OAB/FGV","26-exame","","","2017","Direito Tributário","","local-only","1e900e29c7ac1873c82411b199a0734fc002db2b8aad3cb8851a11edad9f5b3c","280069","alta","pedagogical-content; prova PDF; diretório/metadado OAB; diretório/estrutura"
"storage/content/oab/26-exame/questoes/questoes-extraidas.json","pedagogical-content","banco de questões","true","leitura bem-sucedida","OAB","OAB/FGV","26-exame","","FGV","2012","Ética Profissional","26o Exame OAB - Questao 1","local-only","3da749f8ae9b143fc69222d4e5abe86d5d857434e9cbf7071999afbea9e4b064","135450","alta","pedagogical-content; banco de questões; diretório/metadado OAB; diretório/estrutura"
"storage/content/oab/26-exame/segunda-fase/padrao-de-respostas-definitivo-direito-administrativo-tnl866.pdf","unknown","gabarito/padrão de resposta","false","leitura parcial","OAB","OAB/FGV","26-exame","","","2018","Direito Administrativo","","local-only","75da783b374ed6a713bcc797b91c7b72c23d244b300a2e86e1499c2af283203c","373458","baixa","unknown; gabarito/padrão de resposta; diretório/metadado OAB; diretório/estrutura"
"storage/content/oab/26-exame/segunda-fase/padrao-de-respostas-definitivo-direito-civil-1tsj52.pdf","unknown","gabarito/padrão de resposta","false","leitura parcial","OAB","OAB/FGV","26-exame","","","2018","","","local-only","c3cb25d976f83b55ab8599b5f5a9fb8aed0b8456e5774bd0f2a0919d059ebf48","377972","baixa","unknown; gabarito/padrão de resposta; diretório/metadado OAB; sem disciplina confiável"
"storage/content/oab/26-exame/segunda-fase/padrao-de-respostas-definitivo-direito-constitucional-15lqdb.pdf","unknown","gabarito/padrão de resposta","false","leitura parcial","OAB","OAB/FGV","26-exame","","","2018","Direito Constitucional","","local-only","711f1b348ff696cc76d2e3f2f2961a86ac78480f14bf9f816c8d346baa3edbf9","373567","baixa","unknown; gabarito/padrão de resposta; diretório/metadado OAB; diretório/estrutura"
"storage/content/oab/26-exame/segunda-fase/padrao-de-respostas-definitivo-direito-do-trabalho-1m5w2g.pdf","unknown","gabarito/padrão de resposta","false","leitura parcial","OAB","OAB/FGV","26-exame","","","2018","","","local-only","06fa61a944bfa66d959245721ac75dd2e780d883cf48b7eae5eb17a48853553f","369708","baixa","unknown; gabarito/padrão de resposta; diretório/metadado OAB; sem disciplina confiável"
"storage/content/oab/26-exame/segunda-fase/padrao-de-respostas-definitivo-direito-empresarial-7kam4x.pdf","unknown","gabarito/padrão de resposta","false","leitura parcial","OAB","OAB/FGV","26-exame","","","2018","Direito Empresarial","","local-only","8d528e469dab5aecfac9a2912715273e5815e27234cd107bb7068ca8643a055d","389349","baixa","unknown; gabarito/padrão de resposta; diretório/metadado OAB; diretório/estrutura"
"storage/content/oab/26-exame/segunda-fase/padrao-de-respostas-definitivo-direito-penal-1foi78.pdf","unknown","gabarito/padrão de resposta","false","leitura parcial","OAB","OAB/FGV","26-exame","","","2018","Direito Penal","","local-only","1daed2d38bb9a22764d81d9c0978d38bf32f423b0b08b812e7a75435fcb93616","395863","baixa","unknown; gabarito/padrão de resposta; diretório/metadado OAB; diretório/estrutura"
"storage/content/oab/26-exame/segunda-fase/padrao-de-respostas-definitivo-direito-tributario-1i5owo.pdf","unknown","gabarito/padrão de resposta","false","leitura parcial","OAB","OAB/FGV","26-exame","","","2018","Direito Tributário","","local-only","3906a5c2d3dfb59238cb5b561f7ed39e10a7696c1c7b26e6fca4c1990d114c04","463350","baixa","unknown; gabarito/padrão de resposta; diretório/metadado OAB; diretório/estrutura"
"storage/content/oab/26-exame/segunda-fase/padrao-de-respostas-direito-administrativo-1uy3p1.pdf","unknown","gabarito/padrão de resposta","false","leitura parcial","OAB","OAB/FGV","26-exame","","","2018","Direito Administrativo","","local-only","d0af1cde714a0183da5c23ca4abdaef6ec97d0894bc8d1eb144290e3a3dd3722","134454","baixa","unknown; gabarito/padrão de resposta; diretório/metadado OAB; diretório/estrutura"
"storage/content/oab/26-exame/segunda-fase/padrao-de-respostas-direito-civil-1bkzj2.pdf","unknown","gabarito/padrão de resposta","false","leitura parcial","OAB","OAB/FGV","26-exame","","","2018","","","local-only","2f38a46c1deca6dcdf7e6934438b6dd6912b40e12068ee4a920e00206f5c0dec","134419","baixa","unknown; gabarito/padrão de resposta; diretório/metadado OAB; sem disciplina confiável"
"storage/content/oab/26-exame/segunda-fase/padrao-de-respostas-direito-constitucional-1x5yr6.pdf","unknown","gabarito/padrão de resposta","false","leitura parcial","OAB","OAB/FGV","26-exame","","","2018","Direito Constitucional","","local-only","6e6914cb64fb2c42849cd70713b6247fe8425507911a9fb2589b6b473b032204","136653","baixa","unknown; gabarito/padrão de resposta; diretório/metadado OAB; diretório/estrutura"
"storage/content/oab/26-exame/segunda-fase/padrao-de-respostas-direito-do-trabalho-1go0l3.pdf","unknown","gabarito/padrão de resposta","false","leitura parcial","OAB","OAB/FGV","26-exame","","","2018","","","local-only","7bd62b6bf1ef5095c54724326298b61b6b8d7a5da79028403a5db57d6540995d","129880","baixa","unknown; gabarito/padrão de resposta; diretório/metadado OAB; sem disciplina confiável"
"storage/content/oab/26-exame/segunda-fase/padrao-de-respostas-direito-empresarial-1q04sl.pdf","unknown","gabarito/padrão de resposta","false","leitura parcial","OAB","OAB/FGV","26-exame","","","2018","Direito Empresarial","","local-only","a74de536c70273d68c24a22b3ab9de80b4a9886676556cc85b66137f0c2222be","146573","baixa","unknown; gabarito/padrão de resposta; diretório/metadado OAB; diretório/estrutura"
"storage/content/oab/26-exame/segunda-fase/padrao-de-respostas-direito-penal-l9uo3.pdf","unknown","gabarito/padrão de resposta","false","leitura parcial","OAB","OAB/FGV","26-exame","","","2018","Direito Penal","","local-only","1356572c9eb3b4b894903c6b3944394d438702a6dcd2a4747e71de4554c65925","161425","baixa","unknown; gabarito/padrão de resposta; diretório/metadado OAB; diretório/estrutura"
"storage/content/oab/26-exame/segunda-fase/padrao-de-respostas-direito-tributario-i6j2z.pdf","unknown","gabarito/padrão de resposta","false","leitura parcial","OAB","OAB/FGV","26-exame","","","2018","Direito Tributário","","local-only","b52a3a1b9b05250b69e1366206790dbca2904f5dda38e651051e4279d6a10233","154701","baixa","unknown; gabarito/padrão de resposta; diretório/metadado OAB; diretório/estrutura"
"storage/content/oab/27-exame/gabaritos/gabaritos-preliminares-da-prova-objetiva-1-fase-retificado-em-19.11.2018-13i9pd.pdf","pedagogical-content","gabarito/padrão de resposta","true","leitura parcial","OAB","OAB/FGV","27-exame","1ª fase OAB","","2018","","","local-only","9a46a136c3b768e4f833dd89208c739421ec6cbe608ff8859d00c337edda93c8","339272","alta","pedagogical-content; gabarito/padrão de resposta; diretório/metadado OAB; sem disciplina confiável"
"storage/content/oab/27-exame/metadata.json","pedagogical-container","container pedagógico","false","leitura bem-sucedida","OAB","OAB/FGV","27º Exame de Ordem Unificado","","","2026","","","local-only","1add09e764d60598a452e3289c7b380d48cb15ec355a311920ae094e2dd9d4e3","8316","alta","pedagogical-container; container pedagógico; diretório/metadado OAB; sem disciplina confiável"
"storage/content/oab/27-exame/provas/caderno-de-prova-tipo-1-n8lbvy.pdf","pedagogical-content","prova PDF","true","leitura parcial","OAB","OAB/FGV","27-exame","","","2018","","","local-only","62455a70a2a73e0960a515e102cee98a10036b1972be375ecf0cfc78b08e3f8e","963413","alta","pedagogical-content; prova PDF; diretório/metadado OAB; sem disciplina confiável"
"storage/content/oab/27-exame/provas/caderno-de-prova-tipo-2-7pcpql.pdf","pedagogical-content","prova PDF","true","leitura parcial","OAB","OAB/FGV","27-exame","","","2018","","","local-only","68090ec80f700d07e04eae2d91db18b4a4cffc53793613a6d1a11db345f6d813","622822","alta","pedagogical-content; prova PDF; diretório/metadado OAB; sem disciplina confiável"
"storage/content/oab/27-exame/provas/caderno-de-prova-tipo-3-2oor9w.pdf","pedagogical-content","prova PDF","true","leitura parcial","OAB","OAB/FGV","27-exame","","","2018","","","local-only","82f909358824c95e7bc2a19676c2e7d8a6feefa0ba4ae715e64376e237f73e04","633552","alta","pedagogical-content; prova PDF; diretório/metadado OAB; sem disciplina confiável"
"storage/content/oab/27-exame/provas/caderno-de-prova-tipo-4-19v5tb.pdf","pedagogical-content","prova PDF","true","leitura parcial","OAB","OAB/FGV","27-exame","","","2018","","","local-only","4874a515c7dc538898b7f2974c84314d709627d0c4eba16c2bd2abdf09a10d6a","610971","alta","pedagogical-content; prova PDF; diretório/metadado OAB; sem disciplina confiável"
"storage/content/oab/27-exame/provas/caderno-de-provas-direito-administrativo-1yux7c.pdf","pedagogical-content","prova PDF","true","leitura parcial","OAB","OAB/FGV","27-exame","","","2018","Direito Administrativo","","local-only","0ce1095ba57bb719c36b3ebfb24157efa6851aa897d96416bf6d74f3e8f64b6b","290461","alta","pedagogical-content; prova PDF; diretório/metadado OAB; diretório/estrutura"
"storage/content/oab/27-exame/provas/caderno-de-provas-direito-civil-9u08je.pdf","pedagogical-content","prova PDF","true","leitura parcial","OAB","OAB/FGV","27-exame","","","2010","","","local-only","b6289276e7e1b3d0a762865828eed0bec3d1ab923f870e9d9e3d93fa1a9c6f05","285868","alta","pedagogical-content; prova PDF; diretório/metadado OAB; sem disciplina confiável"
"storage/content/oab/27-exame/provas/caderno-de-provas-direito-constitucional-1mdcos.pdf","pedagogical-content","prova PDF","true","leitura parcial","OAB","OAB/FGV","27-exame","","","2018","Direito Constitucional","","local-only","6d41b43039262ca935e5bda14bac5a0d3f63e301c14c4af400ba2acfb43aa1fe","286625","alta","pedagogical-content; prova PDF; diretório/metadado OAB; diretório/estrutura"
"storage/content/oab/27-exame/provas/caderno-de-provas-direito-do-trabalho-lb0oyy.pdf","pedagogical-content","prova PDF","true","leitura parcial","OAB","OAB/FGV","27-exame","","","2017","","","local-only","2ed58c7695cdc4f0f14451159227ddf9bc8d71e0ca64c2b3793a0b02cbe2ef3e","286863","alta","pedagogical-content; prova PDF; diretório/metadado OAB; sem disciplina confiável"
"storage/content/oab/27-exame/provas/caderno-de-provas-direito-empresarial-6uvocn.pdf","pedagogical-content","prova PDF","true","leitura parcial","OAB","OAB/FGV","27-exame","","","2015","Direito Empresarial","","local-only","74f58b2cc1a350a366bd84dfb13ea2ce6bde118b25a5a4e5f497c29e3bf816f9","291495","alta","pedagogical-content; prova PDF; diretório/metadado OAB; diretório/estrutura"
"storage/content/oab/27-exame/provas/caderno-de-provas-direito-penal-zvkr8.pdf","pedagogical-content","prova PDF","true","leitura parcial","OAB","OAB/FGV","27-exame","","","2018","Direito Penal","","local-only","1fc5c3a2e4b4cf89a749d7a1260abdaab16886a8af54a32a1f25e6d304b74379","298485","alta","pedagogical-content; prova PDF; diretório/metadado OAB; diretório/estrutura"
"storage/content/oab/27-exame/provas/caderno-de-provas-direito-tributario-18qc4f.pdf","pedagogical-content","prova PDF","true","leitura parcial","OAB","OAB/FGV","27-exame","","","2015","Direito Tributário","","local-only","d963d1fea90f759f645ca6088269c6ffa994319641d4d876377d21fa5072af45","286414","alta","pedagogical-content; prova PDF; diretório/metadado OAB; diretório/estrutura"
"storage/content/oab/27-exame/questoes/questoes-extraidas.json","pedagogical-content","banco de questões","true","leitura bem-sucedida","OAB","OAB/FGV","27-exame","","FGV","2012","Ética Profissional","27o Exame OAB - Questao 1","local-only","634a2341ed175abb3a9ff1349138e320ee80d07bc91b6f618f8e407a0bc9e53a","135620","alta","pedagogical-content; banco de questões; diretório/metadado OAB; diretório/estrutura"
"storage/content/oab/27-exame/segunda-fase/padrao-de-respostas-definitivo-direito-administrativo-2tu93b.pdf","unknown","gabarito/padrão de resposta","false","leitura parcial","OAB","OAB/FGV","27-exame","","","2019","Direito Administrativo","","local-only","25647ff74d79ff3154cf5c2a032dc588ad7b8efbf42b73b8ccb51f182d309b01","368947","baixa","unknown; gabarito/padrão de resposta; diretório/metadado OAB; diretório/estrutura"
"storage/content/oab/27-exame/segunda-fase/padrao-de-respostas-definitivo-direito-civil-ur6245.pdf","unknown","gabarito/padrão de resposta","false","leitura parcial","OAB","OAB/FGV","27-exame","","","2019","","","local-only","6284e8fd2721c134649fe9f8eedf5b9571e903d063d13431fcd7cd6f79913acf","373085","baixa","unknown; gabarito/padrão de resposta; diretório/metadado OAB; sem disciplina confiável"
"storage/content/oab/27-exame/segunda-fase/padrao-de-respostas-definitivo-direito-constitucional-h1hmtg.pdf","unknown","gabarito/padrão de resposta","false","leitura parcial","OAB","OAB/FGV","27-exame","","","2019","Direito Constitucional","","local-only","95aa4e498de6f9d0ac9931f985b44815bd86e6a6d44b25a5197058c65302dfb1","370793","baixa","unknown; gabarito/padrão de resposta; diretório/metadado OAB; diretório/estrutura"
"storage/content/oab/27-exame/segunda-fase/padrao-de-respostas-definitivo-direito-do-trabalho-rt4pqk.pdf","unknown","gabarito/padrão de resposta","false","leitura parcial","OAB","OAB/FGV","27-exame","","","2019","","","local-only","1b601648cf2bb7c3a55a9c1edaf293818154f9f1563e429dcfce8f4f55a55bad","364471","baixa","unknown; gabarito/padrão de resposta; diretório/metadado OAB; sem disciplina confiável"
"storage/content/oab/27-exame/segunda-fase/padrao-de-respostas-definitivo-direito-empresarial-atualizado-em-13-02-2019-3wjre4.pdf","unknown","gabarito/padrão de resposta","false","leitura parcial","OAB","OAB/FGV","27-exame","","","2019","Direito Empresarial","","local-only","a864dc75c974c32c8090af15e7060cab6701293614b029487584ce7d5adffee3","398922","baixa","unknown; gabarito/padrão de resposta; diretório/metadado OAB; diretório/estrutura"
"storage/content/oab/27-exame/segunda-fase/padrao-de-respostas-definitivo-direito-penal-176n39.pdf","unknown","gabarito/padrão de resposta","false","leitura parcial","OAB","OAB/FGV","27-exame","","","2019","Direito Penal","","local-only","8ded16e79cd834a8e45dbcd9c752e752bc056ec452dd858d5c336293c58ae1c4","397634","baixa","unknown; gabarito/padrão de resposta; diretório/metadado OAB; diretório/estrutura"
"storage/content/oab/27-exame/segunda-fase/padrao-de-respostas-definitivo-direito-tributario-a8o418.pdf","unknown","gabarito/padrão de resposta","false","leitura parcial","OAB","OAB/FGV","27-exame","","","2019","Direito Tributário","","local-only","ad85cba5185e93cbb82e7ca787c42f2906482df418a46066aff20f3797df5bfb","377929","baixa","unknown; gabarito/padrão de resposta; diretório/metadado OAB; diretório/estrutura"
"storage/content/oab/27-exame/segunda-fase/padrao-de-respostas-direito-administrativo-7sb3pf.pdf","unknown","gabarito/padrão de resposta","false","leitura parcial","OAB","OAB/FGV","27-exame","","","2019","Direito Administrativo","","local-only","788c0964d511f385e277fe81aa23da21a7071c2dbfe526d4d1463d752781322a","134445","baixa","unknown; gabarito/padrão de resposta; diretório/metadado OAB; diretório/estrutura"
"storage/content/oab/27-exame/segunda-fase/padrao-de-respostas-direito-civil-ud8omw.pdf","unknown","gabarito/padrão de resposta","false","leitura parcial","OAB","OAB/FGV","27-exame","","","2019","","","local-only","2e2b99f7987dea10941f327aa1fd1074e0ac1d19e7bb50cce339227eaa04cd0b","135295","baixa","unknown; gabarito/padrão de resposta; diretório/metadado OAB; sem disciplina confiável"
"storage/content/oab/27-exame/segunda-fase/padrao-de-respostas-direito-constitucional-48r9pd.pdf","unknown","gabarito/padrão de resposta","false","leitura parcial","OAB","OAB/FGV","27-exame","","","2019","Direito Constitucional","","local-only","0d69f4b8794120e74b0882d4750091a5234b4459ab3c96283742700296265791","132420","baixa","unknown; gabarito/padrão de resposta; diretório/metadado OAB; diretório/estrutura"
"storage/content/oab/27-exame/segunda-fase/padrao-de-respostas-direito-do-trabalho-1gferw.pdf","unknown","gabarito/padrão de resposta","false","leitura parcial","OAB","OAB/FGV","27-exame","","","2019","","","local-only","35b083378779dc2138fa68403a5dd0ebe8d60b32c883bef8fe2267ebbcc501e7","129778","baixa","unknown; gabarito/padrão de resposta; diretório/metadado OAB; sem disciplina confiável"
"storage/content/oab/27-exame/segunda-fase/padrao-de-respostas-direito-empresarial-uvq66a.pdf","unknown","gabarito/padrão de resposta","false","leitura parcial","OAB","OAB/FGV","27-exame","","","2019","Direito Empresarial","","local-only","fc79ce1b72b524db075fb0715692c7060bfe19b4286082b224bba240ed6a5c8b","143889","baixa","unknown; gabarito/padrão de resposta; diretório/metadado OAB; diretório/estrutura"
"storage/content/oab/27-exame/segunda-fase/padrao-de-respostas-direito-penal-1sbns7.pdf","unknown","gabarito/padrão de resposta","false","leitura parcial","OAB","OAB/FGV","27-exame","","","2019","Direito Penal","","local-only","99efc5e1e5391a77338cd93230265b38b3aba644ccba7f31009aff095ecabbf3","169989","baixa","unknown; gabarito/padrão de resposta; diretório/metadado OAB; diretório/estrutura"
"storage/content/oab/27-exame/segunda-fase/padrao-de-respostas-direito-tributario-8jrjqk.pdf","unknown","gabarito/padrão de resposta","false","leitura parcial","OAB","OAB/FGV","27-exame","","","2019","Direito Tributário","","local-only","b7b3ac80740e682579d510b20db377985e0ceeff29e79b05568a0d534c9cde62","143805","baixa","unknown; gabarito/padrão de resposta; diretório/metadado OAB; diretório/estrutura"
"storage/content/oab/28-exame/gabaritos/gabaritos-preliminares-da-prova-objetiva-1-fase-retificado-em-19.03.2019-166b6o.pdf","pedagogical-content","gabarito/padrão de resposta","true","leitura parcial","OAB","OAB/FGV","28-exame","1ª fase OAB","","2019","","","local-only","4b8bbb4c58afb50d7c957056e1b15a371609c810452534df55cb624466b9bc47","283981","alta","pedagogical-content; gabarito/padrão de resposta; diretório/metadado OAB; sem disciplina confiável"
"storage/content/oab/28-exame/metadata.json","pedagogical-container","container pedagógico","false","leitura bem-sucedida","OAB","OAB/FGV","28º Exame de Ordem Unificado","","","2026","","","local-only","30fedeb6526aeff4cc26aa943b22343bf88869811ca0bb1827488f62966dc1cb","8295","alta","pedagogical-container; container pedagógico; diretório/metadado OAB; sem disciplina confiável"
"storage/content/oab/28-exame/provas/caderno-de-prova-tipo-1-5ejlci.pdf","pedagogical-content","prova PDF","true","leitura parcial","OAB","OAB/FGV","28-exame","","","2019","","","local-only","55814b1a13a9f7cfa2698998ac95a6480e7331d8aa0b766832ed6943b778e5d8","1338368","alta","pedagogical-content; prova PDF; diretório/metadado OAB; sem disciplina confiável"
"storage/content/oab/28-exame/provas/caderno-de-prova-tipo-2-4wwn2u.pdf","pedagogical-content","prova PDF","true","leitura parcial","OAB","OAB/FGV","28-exame","","","2019","","","local-only","1ad0feab33fa28070c6bb073797ec6acc6e49e2baad9413ce3bd3511490aaa21","1054265","alta","pedagogical-content; prova PDF; diretório/metadado OAB; sem disciplina confiável"
"storage/content/oab/28-exame/provas/caderno-de-prova-tipo-3-xocsfv.pdf","pedagogical-content","prova PDF","true","leitura parcial","OAB","OAB/FGV","28-exame","","","2019","","","local-only","f19578e92e905963f219745421518377ea75bafb1b30ab583c4322def50ff9dc","1057736","alta","pedagogical-content; prova PDF; diretório/metadado OAB; sem disciplina confiável"
"storage/content/oab/28-exame/provas/caderno-de-prova-tipo-4-umqj1v.pdf","pedagogical-content","prova PDF","true","leitura parcial","OAB","OAB/FGV","28-exame","","","2019","","","local-only","0f5ec8439aa275bb6d568fc98daaeac7cb8f1406f19c3efdb4128447fcb9088e","1042230","alta","pedagogical-content; prova PDF; diretório/metadado OAB; sem disciplina confiável"
"storage/content/oab/28-exame/provas/caderno-de-provas-direito-administrativo-9zp750.pdf","pedagogical-content","prova PDF","true","leitura parcial","OAB","OAB/FGV","28-exame","","","","Direito Administrativo","","local-only","770269d7c3e72000c050d974b346d38cdf0f58c41779ad4c28a7787b42cf058a","1841594","alta","pedagogical-content; prova PDF; diretório/metadado OAB; diretório/estrutura"
"storage/content/oab/28-exame/provas/caderno-de-provas-direito-civil-fe8wt0.pdf","pedagogical-content","prova PDF","true","leitura parcial","OAB","OAB/FGV","28-exame","","","2019","","","local-only","6a66aab50c6f70e73665c5e3578d6625bb9f61a97b4148015c4fab9c32415441","1839897","alta","pedagogical-content; prova PDF; diretório/metadado OAB; sem disciplina confiável"
"storage/content/oab/28-exame/provas/caderno-de-provas-direito-constitucional-1yx6il.pdf","pedagogical-content","prova PDF","true","leitura parcial","OAB","OAB/FGV","28-exame","","","2018","Direito Constitucional","","local-only","068b2895cdd5a17c16f20479e898fbab3f11b8ddbd57c13f1c86806c3f437f01","1839735","alta","pedagogical-content; prova PDF; diretório/metadado OAB; diretório/estrutura"
"storage/content/oab/28-exame/provas/caderno-de-provas-direito-do-trabalho-1r2aor.pdf","pedagogical-content","prova PDF","true","leitura parcial","OAB","OAB/FGV","28-exame","","","2008","","","local-only","1a7f24ec6c5e3ead63527e788cb0b65d8bd9ee3c59c82a5c55f48ca0020d930c","1843792","alta","pedagogical-content; prova PDF; diretório/metadado OAB; sem disciplina confiável"
"storage/content/oab/28-exame/provas/caderno-de-provas-direito-empresarial-1n2l2q.pdf","pedagogical-content","prova PDF","true","leitura parcial","OAB","OAB/FGV","28-exame","","","2015","Direito Empresarial","","local-only","8483d16d4c61169110666804ab0c0730e227500755705edba7522baca1e4d9f4","1837417","alta","pedagogical-content; prova PDF; diretório/metadado OAB; diretório/estrutura"
"storage/content/oab/28-exame/provas/caderno-de-provas-direito-penal-8yd7j7.pdf","pedagogical-content","prova PDF","true","leitura parcial","OAB","OAB/FGV","28-exame","","","1996","Direito Penal","","local-only","16b086fc61005ad074998eeb5a1eef0078661f66be58d7e39e734552aaef60ae","1843175","alta","pedagogical-content; prova PDF; diretório/metadado OAB; diretório/estrutura"
"storage/content/oab/28-exame/provas/caderno-de-provas-direito-tributario-1uktuz.pdf","pedagogical-content","prova PDF","true","leitura parcial","OAB","OAB/FGV","28-exame","","","2017","Direito Tributário","","local-only","4b897e66b1c3b29609b686059e9bf1b619ae336e4233efa738b6a63349cf2908","1843454","alta","pedagogical-content; prova PDF; diretório/metadado OAB; diretório/estrutura"
"storage/content/oab/28-exame/questoes/questoes-extraidas.json","pedagogical-content","banco de questões","true","leitura bem-sucedida","OAB","OAB/FGV","28-exame","","FGV","1988","Ética Profissional","28o Exame OAB - Questao 1","local-only","c5174036e46fcea5f5a9a5e64992a36a5f585eb94cf3e53ff9bdf7fd57bf4435","136830","alta","pedagogical-content; banco de questões; diretório/metadado OAB; diretório/estrutura"
"storage/content/oab/28-exame/segunda-fase/padrao-de-respostas-definitivo-direito-administrativo-jbi1ev.pdf","unknown","gabarito/padrão de resposta","false","leitura parcial","OAB","OAB/FGV","28-exame","","","2019","Direito Administrativo","","local-only","8d0535a6ed129a5c246d1b0938096ddceaa14bf4d60cb75943003a89b0a8f823","364405","baixa","unknown; gabarito/padrão de resposta; diretório/metadado OAB; diretório/estrutura"
"storage/content/oab/28-exame/segunda-fase/padrao-de-respostas-definitivo-direito-civil-8lxqbz.pdf","unknown","gabarito/padrão de resposta","false","leitura parcial","OAB","OAB/FGV","28-exame","","","2019","","","local-only","c0556ddc6cbdd5c6737d8c889e349e0234e4f4b90edba57891746b72572595ae","374775","baixa","unknown; gabarito/padrão de resposta; diretório/metadado OAB; sem disciplina confiável"
"storage/content/oab/28-exame/segunda-fase/padrao-de-respostas-definitivo-direito-constitucional-rp4eld.pdf","unknown","gabarito/padrão de resposta","false","leitura parcial","OAB","OAB/FGV","28-exame","","","2019","Direito Constitucional","","local-only","5e3d815b78b9d0a1348751f674be1ed913f50c506573a049d10cba88067d353f","373189","baixa","unknown; gabarito/padrão de resposta; diretório/metadado OAB; diretório/estrutura"
"storage/content/oab/28-exame/segunda-fase/padrao-de-respostas-definitivo-direito-do-trabalho-6pygfg.pdf","unknown","gabarito/padrão de resposta","false","leitura parcial","OAB","OAB/FGV","28-exame","","","2019","","","local-only","fced79635520496b61ad1697d9ad11af5906aaa20f74464763ba7963d95288d0","449535","baixa","unknown; gabarito/padrão de resposta; diretório/metadado OAB; sem disciplina confiável"
"storage/content/oab/28-exame/segunda-fase/padrao-de-respostas-definitivo-direito-empresarial-4l3qrx.pdf","unknown","gabarito/padrão de resposta","false","leitura parcial","OAB","OAB/FGV","28-exame","","","2019","Direito Empresarial","","local-only","74d2a5cdc2b0eac58d819ec3e851bf1cedb6a75e75c81beeac96688dd2e36ffc","417779","baixa","unknown; gabarito/padrão de resposta; diretório/metadado OAB; diretório/estrutura"
"storage/content/oab/28-exame/segunda-fase/padrao-de-respostas-definitivo-direito-penal-hwi0nz.pdf","unknown","gabarito/padrão de resposta","false","leitura parcial","OAB","OAB/FGV","28-exame","","","2019","Direito Penal","","local-only","cdef1ad9d98ca75821ebdd07c8d7e3054d2e583917a22b0795a91dfda032a838","394444","baixa","unknown; gabarito/padrão de resposta; diretório/metadado OAB; diretório/estrutura"
"storage/content/oab/28-exame/segunda-fase/padrao-de-respostas-definitivo-direito-tributario-9mppv7.pdf","unknown","gabarito/padrão de resposta","false","leitura parcial","OAB","OAB/FGV","28-exame","","","2019","Direito Tributário","","local-only","902ec65a3d61dc6b9d4db698e25ff31a551d11bd21f71545a63b6ca0c479f54f","377505","baixa","unknown; gabarito/padrão de resposta; diretório/metadado OAB; diretório/estrutura"
"storage/content/oab/28-exame/segunda-fase/padrao-de-respostas-direito-administrativo-loo2f9.pdf","unknown","gabarito/padrão de resposta","false","leitura parcial","OAB","OAB/FGV","28-exame","","","2019","Direito Administrativo","","local-only","747610ca8b68471ad5858225af211693d2653f8fee768989963a134b939b0566","134239","baixa","unknown; gabarito/padrão de resposta; diretório/metadado OAB; diretório/estrutura"
"storage/content/oab/28-exame/segunda-fase/padrao-de-respostas-direito-civil-8rumz.pdf","unknown","gabarito/padrão de resposta","false","leitura parcial","OAB","OAB/FGV","28-exame","","","2019","","","local-only","01566d8a3b3ae95d884bf3217efe9ad1a6279a7004ea77811ada054a5798a9db","128330","baixa","unknown; gabarito/padrão de resposta; diretório/metadado OAB; sem disciplina confiável"
"storage/content/oab/28-exame/segunda-fase/padrao-de-respostas-direito-constitucional-znp62h.pdf","unknown","gabarito/padrão de resposta","false","leitura parcial","OAB","OAB/FGV","28-exame","","","2019","Direito Constitucional","","local-only","a6d8eef76de4e010a39f4512d77d441799948d5c5ef0d4d1b57f185c76ddf022","134580","baixa","unknown; gabarito/padrão de resposta; diretório/metadado OAB; diretório/estrutura"
"storage/content/oab/28-exame/segunda-fase/padrao-de-respostas-direito-do-trabalho-vonn3i.pdf","unknown","gabarito/padrão de resposta","false","leitura parcial","OAB","OAB/FGV","28-exame","","","2019","","","local-only","ee01b336e127a2fa050ca4fb09ec6d8d8260e322d8a4b008e130c2db8f23f177","133283","baixa","unknown; gabarito/padrão de resposta; diretório/metadado OAB; sem disciplina confiável"
"storage/content/oab/28-exame/segunda-fase/padrao-de-respostas-direito-empresarial-33vi3l.pdf","unknown","gabarito/padrão de resposta","false","leitura parcial","OAB","OAB/FGV","28-exame","","","2019","Direito Empresarial","","local-only","4b4abb482698d13e6590efc271cdb582009180f244938eeefc5ead0cbba1b85a","141933","baixa","unknown; gabarito/padrão de resposta; diretório/metadado OAB; diretório/estrutura"
"storage/content/oab/28-exame/segunda-fase/padrao-de-respostas-direito-penal-ptmwvv.pdf","unknown","gabarito/padrão de resposta","false","leitura parcial","OAB","OAB/FGV","28-exame","","","2019","Direito Penal","","local-only","4a8d0396700b889b1a2fe24bfc18467c572c4064b625da10b76eee28fb9310bc","165824","baixa","unknown; gabarito/padrão de resposta; diretório/metadado OAB; diretório/estrutura"
"storage/content/oab/28-exame/segunda-fase/padrao-de-respostas-direito-tributario-nav9f9.pdf","unknown","gabarito/padrão de resposta","false","leitura parcial","OAB","OAB/FGV","28-exame","","","2019","Direito Tributário","","local-only","54dc556b1891e30b48b9609f9a0cc8dbdeeec4419b31ccc1fba4b9b9b71e1529","133842","baixa","unknown; gabarito/padrão de resposta; diretório/metadado OAB; diretório/estrutura"
"storage/content/oab/29-exame/gabaritos/gabaritos-preliminares-da-prova-objetiva-1-fase-fayxg3.pdf","pedagogical-content","gabarito/padrão de resposta","true","leitura parcial","OAB","OAB/FGV","29-exame","1ª fase OAB","","2019","","","local-only","4672182d1168403c2b5c95ab8e58e7268ab66001347e0fdff988b8a57f502b01","85462","alta","pedagogical-content; gabarito/padrão de resposta; diretório/metadado OAB; sem disciplina confiável"
"storage/content/oab/29-exame/metadata.json","pedagogical-container","container pedagógico","false","leitura bem-sucedida","OAB","OAB/FGV","29º Exame de Ordem Unificado","","","2026","","","local-only","22ac310dd70fb4595c9d0ccf88f442158f719cb35d26552b08578edf62a805d0","8206","alta","pedagogical-container; container pedagógico; diretório/metadado OAB; sem disciplina confiável"
"storage/content/oab/29-exame/provas/caderno-de-prova-tipo-1-gajlkk.pdf","pedagogical-content","prova PDF","true","leitura parcial","OAB","OAB/FGV","29-exame","","","2019","","","local-only","30943cf8575db8c8ebb4ef5b9960c00bbe80b6efb6f0ef6e2c1dc6c0218c1039","831410","alta","pedagogical-content; prova PDF; diretório/metadado OAB; sem disciplina confiável"
"storage/content/oab/29-exame/provas/caderno-de-prova-tipo-2-8cy85q.pdf","pedagogical-content","prova PDF","true","leitura parcial","OAB","OAB/FGV","29-exame","","","2019","","","local-only","48652b8002724e0b1111fd00a8efd8ca4b5b05eabab0910cbe50e57c31fcf828","1061336","alta","pedagogical-content; prova PDF; diretório/metadado OAB; sem disciplina confiável"
"storage/content/oab/29-exame/provas/caderno-de-prova-tipo-3-78hsv9.pdf","pedagogical-content","prova PDF","true","leitura parcial","OAB","OAB/FGV","29-exame","","","2019","","","local-only","aa24f3b267bad88e031958dc5ecba4a2328c81ce14a6df10a059ebbea933054b","1075598","alta","pedagogical-content; prova PDF; diretório/metadado OAB; sem disciplina confiável"
"storage/content/oab/29-exame/provas/caderno-de-prova-tipo-4-cd4l9.pdf","pedagogical-content","prova PDF","true","leitura parcial","OAB","OAB/FGV","29-exame","","","2019","","","local-only","f20009b65e803b457db31ed269bf59c885cf27a7c5fcb474632d40a758262e4f","1049056","alta","pedagogical-content; prova PDF; diretório/metadado OAB; sem disciplina confiável"
"storage/content/oab/29-exame/provas/caderno-de-provas-direito-administrativo-3ng1vl.pdf","pedagogical-content","prova PDF","true","leitura parcial","OAB","OAB/FGV","29-exame","","","2018","Direito Administrativo","","local-only","766f0f291f00ea78e37032df528186ba10ee6400f48fd35c8ac158854acfdffa","1740423","alta","pedagogical-content; prova PDF; diretório/metadado OAB; diretório/estrutura"
"storage/content/oab/29-exame/provas/caderno-de-provas-direito-civil-f9okl3.pdf","pedagogical-content","prova PDF","true","leitura parcial","OAB","OAB/FGV","29-exame","","","2019","","","local-only","92f6dda3d117956f6be7187e057e76bd61289c7504e431efe23bc1e87576d3ae","1741438","alta","pedagogical-content; prova PDF; diretório/metadado OAB; sem disciplina confiável"
"storage/content/oab/29-exame/provas/caderno-de-provas-direito-constitucional-1lceft.pdf","pedagogical-content","prova PDF","true","leitura parcial","OAB","OAB/FGV","29-exame","","","","Direito Constitucional","","local-only","57b96b2fd54d0b8b170cce716699bed6c517a45b9c815a7149bd8739851651ee","1741668","alta","pedagogical-content; prova PDF; diretório/metadado OAB; diretório/estrutura"
"storage/content/oab/29-exame/provas/caderno-de-provas-direito-do-trabalho-p4aere.pdf","pedagogical-content","prova PDF","true","leitura parcial","OAB","OAB/FGV","29-exame","","","2018","","","local-only","f2701552b780a2bcb5c56bec03df3ee3af9aca9e4326f11deb0cbde361b64d09","1756161","alta","pedagogical-content; prova PDF; diretório/metadado OAB; sem disciplina confiável"
"storage/content/oab/29-exame/provas/caderno-de-provas-direito-empresarial-v7rzq9.pdf","pedagogical-content","prova PDF","true","leitura parcial","OAB","OAB/FGV","29-exame","","","2013","Direito Empresarial","","local-only","92fe1930899d18e29f77deebe7a53c9e196d23cd029ced53d6ee6cba7e4e39b5","1741106","alta","pedagogical-content; prova PDF; diretório/metadado OAB; diretório/estrutura"
"storage/content/oab/29-exame/provas/caderno-de-provas-direito-penal-1au4t8.pdf","pedagogical-content","prova PDF","true","leitura parcial","OAB","OAB/FGV","29-exame","","","2019","Direito Penal","","local-only","bb4cf7ccb96191198b6400f61cad08fd4bd5b65fca34d8bf11b4f794fde54f10","1748501","alta","pedagogical-content; prova PDF; diretório/metadado OAB; diretório/estrutura"
"storage/content/oab/29-exame/provas/caderno-de-provas-direito-tributario-f8b41f.pdf","pedagogical-content","prova PDF","true","leitura parcial","OAB","OAB/FGV","29-exame","","","2018","Direito Tributário","","local-only","0ab83e4b706931e464822b130e0f48fe41eddd33adcd35997be802091399b4c3","1743055","alta","pedagogical-content; prova PDF; diretório/metadado OAB; diretório/estrutura"
"storage/content/oab/29-exame/questoes/questoes-extraidas.json","pedagogical-content","banco de questões","true","leitura bem-sucedida","OAB","OAB/FGV","29-exame","","FGV","1993","Ética Profissional","29o Exame OAB - Questao 1","local-only","6488a7731d2b27ab073ef2e3afd2484cd2a25953fc877d4e7fa587ab2a7779cb","141345","alta","pedagogical-content; banco de questões; diretório/metadado OAB; diretório/estrutura"
"storage/content/oab/29-exame/segunda-fase/padrao-de-respostas-definitivo-direito-administrativo-1sltxq.pdf","unknown","gabarito/padrão de resposta","false","leitura parcial","OAB","OAB/FGV","29-exame","","","2019","Direito Administrativo","","local-only","a13444e0b7b74eaf7ee8ca735d28f5ebc6ce4ed886bf47f8c5cb68ac175b5fec","363153","baixa","unknown; gabarito/padrão de resposta; diretório/metadado OAB; diretório/estrutura"
"storage/content/oab/29-exame/segunda-fase/padrao-de-respostas-definitivo-direito-civil-fl8ot1.pdf","unknown","gabarito/padrão de resposta","false","leitura parcial","OAB","OAB/FGV","29-exame","","","2019","","","local-only","20d5b1f6a963c5d0333f01446b35a4fc30e65b525293f1be9d5842fc796cc345","367114","baixa","unknown; gabarito/padrão de resposta; diretório/metadado OAB; sem disciplina confiável"
"storage/content/oab/29-exame/segunda-fase/padrao-de-respostas-definitivo-direito-constitucional-1kohzd.pdf","unknown","gabarito/padrão de resposta","false","leitura parcial","OAB","OAB/FGV","29-exame","","","2019","Direito Constitucional","","local-only","a1abfa7b7ceb208d58e21b72581fef1641228d3772fe26a0ebc0e8ff7f690989","370731","baixa","unknown; gabarito/padrão de resposta; diretório/metadado OAB; diretório/estrutura"
"storage/content/oab/29-exame/segunda-fase/padrao-de-respostas-definitivo-direito-do-trabalho-1or9ir.pdf","unknown","gabarito/padrão de resposta","false","leitura parcial","OAB","OAB/FGV","29-exame","","","2019","","","local-only","6ed947f8410c5d57dca1ffe026cbb9a9709add156466a8923289288a8df73971","439996","baixa","unknown; gabarito/padrão de resposta; diretório/metadado OAB; sem disciplina confiável"
"storage/content/oab/29-exame/segunda-fase/padrao-de-respostas-definitivo-direito-empresarial-10d4ts.pdf","unknown","gabarito/padrão de resposta","false","leitura parcial","OAB","OAB/FGV","29-exame","","","2019","Direito Empresarial","","local-only","1201f94ea079083cf8df39b47475aa3675c7294001671e6f45ce841a0d0d3c11","388514","baixa","unknown; gabarito/padrão de resposta; diretório/metadado OAB; diretório/estrutura"
"storage/content/oab/29-exame/segunda-fase/padrao-de-respostas-definitivo-direito-penal-lg919c.pdf","unknown","gabarito/padrão de resposta","false","leitura parcial","OAB","OAB/FGV","29-exame","","","2019","Direito Penal","","local-only","bf0c21fe9213562dec5821c93fd2998259ecfa82c83f074317d1a8844922e534","390660","baixa","unknown; gabarito/padrão de resposta; diretório/metadado OAB; diretório/estrutura"
"storage/content/oab/29-exame/segunda-fase/padrao-de-respostas-definitivo-direito-tributario-ed0nzr.pdf","unknown","gabarito/padrão de resposta","false","leitura parcial","OAB","OAB/FGV","29-exame","","","2019","Direito Tributário","","local-only","c5773f9799864bf3ecfd859689de31c37aa1db7f8185da6e7cff57f2c7b24ccc","384069","baixa","unknown; gabarito/padrão de resposta; diretório/metadado OAB; diretório/estrutura"
"storage/content/oab/29-exame/segunda-fase/padrao-de-respostas-direito-administrativo-x4bd4w.pdf","unknown","gabarito/padrão de resposta","false","leitura parcial","OAB","OAB/FGV","29-exame","","","2019","Direito Administrativo","","local-only","a81a274aa1d93850228e8cdd72f313e24a965a46fe849ef800ab862d12c5d7ff","331212","baixa","unknown; gabarito/padrão de resposta; diretório/metadado OAB; diretório/estrutura"
"storage/content/oab/29-exame/segunda-fase/padrao-de-respostas-direito-civil-1iet4t.pdf","unknown","gabarito/padrão de resposta","false","leitura parcial","OAB","OAB/FGV","29-exame","","","2019","","","local-only","df6bf15c54650fe67c2d79f5676510ca97c346763c8e8ccf7beb6ec149b35867","132805","baixa","unknown; gabarito/padrão de resposta; diretório/metadado OAB; sem disciplina confiável"
"storage/content/oab/29-exame/segunda-fase/padrao-de-respostas-direito-constitucional-1cachs.pdf","unknown","gabarito/padrão de resposta","false","leitura parcial","OAB","OAB/FGV","29-exame","","","2019","Direito Constitucional","","local-only","04f1d451a80fc69e9c82619f40d7a3c311df63037b8b609d714552b7a8cd313a","334345","baixa","unknown; gabarito/padrão de resposta; diretório/metadado OAB; diretório/estrutura"
"storage/content/oab/29-exame/segunda-fase/padrao-de-respostas-direito-do-trabalho-1fl6fe.pdf","unknown","gabarito/padrão de resposta","false","leitura parcial","OAB","OAB/FGV","29-exame","","","2019","","","local-only","3f403189203b84b08ff5e0a24bd268e2e78d6f7586d8f294cd4a239e6347514c","137512","baixa","unknown; gabarito/padrão de resposta; diretório/metadado OAB; sem disciplina confiável"
"storage/content/oab/29-exame/segunda-fase/padrao-de-respostas-direito-empresarial-1eah7z.pdf","unknown","gabarito/padrão de resposta","false","leitura parcial","OAB","OAB/FGV","29-exame","","","2019","Direito Empresarial","","local-only","22e72130ba9f4911ab0069edcba0ff22005c522eac2a888ce266052e9d92c5a5","349983","baixa","unknown; gabarito/padrão de resposta; diretório/metadado OAB; diretório/estrutura"
"storage/content/oab/29-exame/segunda-fase/padrao-de-respostas-direito-penal-bunsps.pdf","unknown","gabarito/padrão de resposta","false","leitura parcial","OAB","OAB/FGV","29-exame","","","2019","Direito Penal","","local-only","702175d38e4e4d7251f9a7f7f7f0a291ce27371fb6f0ebacb4e250a52853a3bc","363259","baixa","unknown; gabarito/padrão de resposta; diretório/metadado OAB; diretório/estrutura"
"storage/content/oab/29-exame/segunda-fase/padrao-de-respostas-direito-tributario-11x3na.pdf","unknown","gabarito/padrão de resposta","false","leitura parcial","OAB","OAB/FGV","29-exame","","","2019","Direito Tributário","","local-only","e0bbe961a1a49dbd9e1430f098be69cf8ac0d9b1a30d0cdd0ffd3efbe41f5b80","134495","baixa","unknown; gabarito/padrão de resposta; diretório/metadado OAB; diretório/estrutura"
"storage/content/oab/30-exame/gabaritos/gabaritos-preliminares-da-prova-objetiva-1-fase-1le03g.pdf","pedagogical-content","gabarito/padrão de resposta","true","leitura parcial","OAB","OAB/FGV","30-exame","1ª fase OAB","","2019","","","local-only","fecad4f03986c402e0e06b88bf05f45faa3e5bd8a8310921d1c6d012493ee101","97164","alta","pedagogical-content; gabarito/padrão de resposta; diretório/metadado OAB; sem disciplina confiável"
"storage/content/oab/30-exame/metadata.json","pedagogical-container","container pedagógico","false","leitura bem-sucedida","OAB","OAB/FGV","30º Exame de Ordem Unificado","","","2026","","","local-only","3423e421ec7618d7c8e64eff764438dfb4732930c6015f389148085b6d7172cc","8241","alta","pedagogical-container; container pedagógico; diretório/metadado OAB; sem disciplina confiável"
"storage/content/oab/30-exame/provas/caderno-de-prova-tipo-1-1lsa72.pdf","pedagogical-content","prova PDF","true","leitura parcial","OAB","OAB/FGV","30-exame","","","2019","","","local-only","a09217d18cb54568e66985c2759db3cd3513e29029e2a4b2782e2e4d15663ff5","3286678","alta","pedagogical-content; prova PDF; diretório/metadado OAB; sem disciplina confiável"
"storage/content/oab/30-exame/provas/caderno-de-prova-tipo-2-n956uf.pdf","pedagogical-content","prova PDF","true","leitura parcial","OAB","OAB/FGV","30-exame","","","2019","","","local-only","36ef779a3da136ff4e10d8bc2b27cb149d1a557fa4d7b569de1313905eebe0dc","3317959","alta","pedagogical-content; prova PDF; diretório/metadado OAB; sem disciplina confiável"
"storage/content/oab/30-exame/provas/caderno-de-prova-tipo-3-5pmnsc.pdf","pedagogical-content","prova PDF","true","leitura parcial","OAB","OAB/FGV","30-exame","","","2019","","","local-only","bb3cbef64f0fd559358872015091ce340e41d10d135bb127684217d3831c523c","3300564","alta","pedagogical-content; prova PDF; diretório/metadado OAB; sem disciplina confiável"
"storage/content/oab/30-exame/provas/caderno-de-prova-tipo-4-7hamwx.pdf","pedagogical-content","prova PDF","true","leitura parcial","OAB","OAB/FGV","30-exame","","","2019","","","local-only","4af2822a0d864ca25f4f12034c712e473740c1273c9063acafcb69dc09e7671a","3292029","alta","pedagogical-content; prova PDF; diretório/metadado OAB; sem disciplina confiável"
"storage/content/oab/30-exame/provas/caderno-de-provas-direito-administrativo-1vyk4e.pdf","pedagogical-content","prova PDF","true","leitura parcial","OAB","OAB/FGV","30-exame","","","2009","Direito Administrativo","","local-only","7db0bd65e6e6668b0423bd3fc2df2473a6c5f6d90692e64c60a908eb64310854","1884720","alta","pedagogical-content; prova PDF; diretório/metadado OAB; diretório/estrutura"
"storage/content/oab/30-exame/provas/caderno-de-provas-direito-civil-1i3n85.pdf","pedagogical-content","prova PDF","true","leitura parcial","OAB","OAB/FGV","30-exame","","","","","","local-only","53990aaea601abe2c589a48cbb3e09f2ce36679d3181b3c5ae9970cfd7623b2b","1876483","alta","pedagogical-content; prova PDF; diretório/metadado OAB; sem disciplina confiável"
"storage/content/oab/30-exame/provas/caderno-de-provas-direito-constitucional-1j4lun.pdf","pedagogical-content","prova PDF","true","leitura parcial","OAB","OAB/FGV","30-exame","","","2018","Direito Constitucional","","local-only","a88ed396ebd6b3ca8c50f1e4de678f8b740eff54c227be38d6f8dcfede45e5f9","1877142","alta","pedagogical-content; prova PDF; diretório/metadado OAB; diretório/estrutura"
"storage/content/oab/30-exame/provas/caderno-de-provas-direito-do-trabalho-1ilxej.pdf","pedagogical-content","prova PDF","true","leitura parcial","OAB","OAB/FGV","30-exame","","","2018","","","local-only","d8750dbd47054ccefa39b5fbb220ea0cc736bcd9a012531897894121dc148368","1864638","alta","pedagogical-content; prova PDF; diretório/metadado OAB; sem disciplina confiável"
"storage/content/oab/30-exame/provas/caderno-de-provas-direito-empresarial-g6wvnn.pdf","pedagogical-content","prova PDF","true","leitura parcial","OAB","OAB/FGV","30-exame","","","2019","Direito Empresarial","","local-only","9a7865126f0bff97bf008a6221555b3d65ada1444222eef28c558bc278d3d74f","1883674","alta","pedagogical-content; prova PDF; diretório/metadado OAB; diretório/estrutura"
"storage/content/oab/30-exame/provas/caderno-de-provas-direito-penal-1x1q9s.pdf","pedagogical-content","prova PDF","true","leitura parcial","OAB","OAB/FGV","30-exame","","","2017","Direito Penal","","local-only","3bb2f2899095ab7a04afec52d0e00611f2434e96d23dd89cab66922f8df7caec","1891923","alta","pedagogical-content; prova PDF; diretório/metadado OAB; diretório/estrutura"
"storage/content/oab/30-exame/provas/caderno-de-provas-direito-tributario-9axzpg.pdf","pedagogical-content","prova PDF","true","leitura parcial","OAB","OAB/FGV","30-exame","","","","Direito Tributário","","local-only","d1a0473f10fcefa384585e50628bc762b3769402ab13e0f5e6ef7c2df7f9cba0","1880569","alta","pedagogical-content; prova PDF; diretório/metadado OAB; diretório/estrutura"
"storage/content/oab/30-exame/questoes/questoes-extraidas.json","pedagogical-content","banco de questões","true","leitura bem-sucedida","OAB","OAB/FGV","30-exame","","FGV","2019","Ética Profissional","30o Exame OAB - Questao 1","local-only","6820f77c7f380f79c7c51836d718948f0618e5068446e50fa5b70b033aa9aa0e","144183","alta","pedagogical-content; banco de questões; diretório/metadado OAB; diretório/estrutura"
"storage/content/oab/30-exame/segunda-fase/padrao-de-respostas-definitivo-direito-administrativo-138chx.pdf","unknown","gabarito/padrão de resposta","false","leitura parcial","OAB","OAB/FGV","30-exame","","","2019","Direito Administrativo","","local-only","91d6890a402c53ba205b915058971cd93f4eed1eed7f3bdb622f1b29cff1dfb3","423690","baixa","unknown; gabarito/padrão de resposta; diretório/metadado OAB; diretório/estrutura"
"storage/content/oab/30-exame/segunda-fase/padrao-de-respostas-definitivo-direito-civil-khtf9g.pdf","unknown","gabarito/padrão de resposta","false","leitura parcial","OAB","OAB/FGV","30-exame","","","2019","","","local-only","b871c8707ce7419804bb1ee4435e5078ca013ff663c9c963ffb0754efe450610","419152","baixa","unknown; gabarito/padrão de resposta; diretório/metadado OAB; sem disciplina confiável"
"storage/content/oab/30-exame/segunda-fase/padrao-de-respostas-definitivo-direito-constitucional-17fnz9.pdf","unknown","gabarito/padrão de resposta","false","leitura parcial","OAB","OAB/FGV","30-exame","","","2019","Direito Constitucional","","local-only","4c0cb459ee269f1cd2b6aaf672eee8c0b4be166b517a91c855c19f8f137fc016","330026","baixa","unknown; gabarito/padrão de resposta; diretório/metadado OAB; diretório/estrutura"
"storage/content/oab/30-exame/segunda-fase/padrao-de-respostas-definitivo-direito-do-trabalho-kx7m6l.pdf","unknown","gabarito/padrão de resposta","false","leitura parcial","OAB","OAB/FGV","30-exame","","","2019","","","local-only","94c3a08a53f258438782b856c77f95d4a27c67b904b7975b116d8a73c89608bc","336775","baixa","unknown; gabarito/padrão de resposta; diretório/metadado OAB; sem disciplina confiável"
"storage/content/oab/30-exame/segunda-fase/padrao-de-respostas-definitivo-direito-empresarial-wgu9ao.pdf","unknown","gabarito/padrão de resposta","false","leitura parcial","OAB","OAB/FGV","30-exame","","","2019","Direito Empresarial","","local-only","e6873ea7ce52375e753ba3a8406cfea1ad14b2497c2ddf0fcef15cb11bb99ccf","431187","baixa","unknown; gabarito/padrão de resposta; diretório/metadado OAB; diretório/estrutura"
"storage/content/oab/30-exame/segunda-fase/padrao-de-respostas-definitivo-direito-penal-1eh8uj.pdf","unknown","gabarito/padrão de resposta","false","leitura parcial","OAB","OAB/FGV","30-exame","","","2019","Direito Penal","","local-only","1411885df3fbe13bb5476931f74e664df8a52394ff49e1205c33a0f8323e8518","439753","baixa","unknown; gabarito/padrão de resposta; diretório/metadado OAB; diretório/estrutura"
"storage/content/oab/30-exame/segunda-fase/padrao-de-respostas-definitivo-direito-tributario-if3dr2.pdf","unknown","gabarito/padrão de resposta","false","leitura parcial","OAB","OAB/FGV","30-exame","","","2019","Direito Tributário","","local-only","5770614b2d36ced88d2d70da9beba250b3e608c364985e9b2f067a97a4b4e351","449513","baixa","unknown; gabarito/padrão de resposta; diretório/metadado OAB; diretório/estrutura"
"storage/content/oab/30-exame/segunda-fase/padrao-de-respostas-direito-administrativo-1v418e.pdf","unknown","gabarito/padrão de resposta","false","leitura parcial","OAB","OAB/FGV","30-exame","","","2019","Direito Administrativo","","local-only","2b215cedf4952f20f7cc46093357d986b3a24dea488dd20f832b621af30c28fc","133220","baixa","unknown; gabarito/padrão de resposta; diretório/metadado OAB; diretório/estrutura"
"storage/content/oab/30-exame/segunda-fase/padrao-de-respostas-direito-civil-d81p85.pdf","unknown","gabarito/padrão de resposta","false","leitura parcial","OAB","OAB/FGV","30-exame","","","2019","","","local-only","81f9ef9b5adc19167029816e8d8593aec406e9a1cef14034a0537ce894a48da2","133992","baixa","unknown; gabarito/padrão de resposta; diretório/metadado OAB; sem disciplina confiável"
"storage/content/oab/30-exame/segunda-fase/padrao-de-respostas-direito-constitucional-10uw9c.pdf","unknown","gabarito/padrão de resposta","false","leitura parcial","OAB","OAB/FGV","30-exame","","","2019","Direito Constitucional","","local-only","9a06a120255ecea33cdadfa0ca2ccaf2a8a8af05a15cef01e9a3aed86eb35039","180273","baixa","unknown; gabarito/padrão de resposta; diretório/metadado OAB; diretório/estrutura"
"storage/content/oab/30-exame/segunda-fase/padrao-de-respostas-direito-do-trabalho-18buzc.pdf","unknown","gabarito/padrão de resposta","false","leitura parcial","OAB","OAB/FGV","30-exame","","","2019","","","local-only","07e540193705045e3d1cc9f16f71c76877785206db2af6be1654158ccc01afad","115118","baixa","unknown; gabarito/padrão de resposta; diretório/metadado OAB; sem disciplina confiável"
"storage/content/oab/30-exame/segunda-fase/padrao-de-respostas-direito-empresarial-1r9680.pdf","unknown","gabarito/padrão de resposta","false","leitura parcial","OAB","OAB/FGV","30-exame","","","2019","Direito Empresarial","","local-only","7da422c08120ccd3f12f965d756df906880d47db533d369fce728e80d9acb827","140225","baixa","unknown; gabarito/padrão de resposta; diretório/metadado OAB; diretório/estrutura"
"storage/content/oab/30-exame/segunda-fase/padrao-de-respostas-direito-penal-whawaq.pdf","unknown","gabarito/padrão de resposta","false","leitura parcial","OAB","OAB/FGV","30-exame","","","2019","Direito Penal","","local-only","a1d07b06e8a3a018531e7dd69d8c1b3ee72849bd6120b1c8e206e16ea45f57fd","154203","baixa","unknown; gabarito/padrão de resposta; diretório/metadado OAB; diretório/estrutura"
"storage/content/oab/30-exame/segunda-fase/padrao-de-respostas-direito-tributario-1d39k7.pdf","unknown","gabarito/padrão de resposta","false","leitura parcial","OAB","OAB/FGV","30-exame","","","2019","Direito Tributário","","local-only","b7259400c5ef221383e04f7ec662ee56527141b5f80d7401f77ac47e8071f9e9","120905","baixa","unknown; gabarito/padrão de resposta; diretório/metadado OAB; diretório/estrutura"
"storage/content/oab/31-exame/gabaritos/gabaritos-preliminares-da-prova-objetiva-1-fase-1erk02.pdf","pedagogical-content","gabarito/padrão de resposta","true","leitura parcial","OAB","OAB/FGV","31-exame","1ª fase OAB","","2020","","","local-only","71ed2fca492631d4eb73e2f3722b65fbb242c2cd677d77b0a87e0df37582bafa","70919","alta","pedagogical-content; gabarito/padrão de resposta; diretório/metadado OAB; sem disciplina confiável"
"storage/content/oab/31-exame/metadata.json","pedagogical-container","container pedagógico","false","leitura bem-sucedida","OAB","OAB/FGV","31º Exame de Ordem Unificado","","","2026","","","local-only","4a7427cff24d783901cbd317ed6d529af65371f01ef646594bc329512199aceb","8215","alta","pedagogical-container; container pedagógico; diretório/metadado OAB; sem disciplina confiável"
"storage/content/oab/31-exame/provas/caderno-de-prova-tipo-1-1ms0lm.pdf","pedagogical-content","prova PDF","true","leitura parcial","OAB","OAB/FGV","31-exame","","","2020","","","local-only","c3d3e8e96f5691d9ff6987ad394166ae2575a08f01b33448f45f394f067974b4","1063219","alta","pedagogical-content; prova PDF; diretório/metadado OAB; sem disciplina confiável"
"storage/content/oab/31-exame/provas/caderno-de-prova-tipo-2-14ld50.pdf","pedagogical-content","prova PDF","true","leitura parcial","OAB","OAB/FGV","31-exame","","","2020","","","local-only","155267d0a69fa59d6658db06da95dff9840dbd22c496c7580003d8c1b94c3b57","1076799","alta","pedagogical-content; prova PDF; diretório/metadado OAB; sem disciplina confiável"
"storage/content/oab/31-exame/provas/caderno-de-prova-tipo-3-xub3jg.pdf","pedagogical-content","prova PDF","true","leitura parcial","OAB","OAB/FGV","31-exame","","","2020","","","local-only","820a3b4ff544031c60062e6341423b1a10b36d1d656315ecc1d1fb5a2b1a9b69","1079792","alta","pedagogical-content; prova PDF; diretório/metadado OAB; sem disciplina confiável"
"storage/content/oab/31-exame/provas/caderno-de-prova-tipo-4-1kcpbi.pdf","pedagogical-content","prova PDF","true","leitura parcial","OAB","OAB/FGV","31-exame","","","2020","","","local-only","b5c649da76412caed0d8210cf31b8aaa6eeec7bc23dc13786f075edc111091ea","1070124","alta","pedagogical-content; prova PDF; diretório/metadado OAB; sem disciplina confiável"
"storage/content/oab/31-exame/provas/caderno-de-provas-direito-administrativo-1i6edv.pdf","pedagogical-content","prova PDF","true","leitura parcial","OAB","OAB/FGV","31-exame","","","","Direito Administrativo","","local-only","f2274b3caaa1d8e856f10baf23ef626bd69f6d62834d781c472a0f01b3e792c9","1946223","alta","pedagogical-content; prova PDF; diretório/metadado OAB; diretório/estrutura"
"storage/content/oab/31-exame/provas/caderno-de-provas-direito-civil-qxd1xx.pdf","pedagogical-content","prova PDF","true","leitura parcial","OAB","OAB/FGV","31-exame","","","2018","","","local-only","155919be2b5d26821ebb55cc5041d5a753af4c6ab40fabafdfec65c2c842ee69","1937177","alta","pedagogical-content; prova PDF; diretório/metadado OAB; sem disciplina confiável"
"storage/content/oab/31-exame/provas/caderno-de-provas-direito-constitucional-1ely8n.pdf","pedagogical-content","prova PDF","true","leitura parcial","OAB","OAB/FGV","31-exame","","","2019","Direito Constitucional","","local-only","bf80882d2b138d0d46ed687a1354ef74f0920db169c4c0e40b5a017104209050","1942152","alta","pedagogical-content; prova PDF; diretório/metadado OAB; diretório/estrutura"
"storage/content/oab/31-exame/provas/caderno-de-provas-direito-do-trabalho-hb3ran.pdf","pedagogical-content","prova PDF","true","leitura parcial","OAB","OAB/FGV","31-exame","","","2018","","","local-only","55d1f4c0ea5365d83a8488d1084a25864a675ccd216d68a4ed57fe2c989a5a0d","1958208","alta","pedagogical-content; prova PDF; diretório/metadado OAB; sem disciplina confiável"
"storage/content/oab/31-exame/provas/caderno-de-provas-direito-penal-cwo9j3.pdf","pedagogical-content","prova PDF","true","leitura parcial","OAB","OAB/FGV","31-exame","","","1991","Direito Penal","","local-only","8d383a1e144ca8124a2621d8e2c956aa268648a31e0b5e413ed938e6ceb721f8","1958537","alta","pedagogical-content; prova PDF; diretório/metadado OAB; diretório/estrutura"
"storage/content/oab/31-exame/provas/caderno-de-provas-direito-tributario-1f97vb.pdf","pedagogical-content","prova PDF","true","leitura parcial","OAB","OAB/FGV","31-exame","","","2018","Direito Tributário","","local-only","8cf2027295a5cb29973ee2abc758fe18d45745d826a1efd0d0047ae67e68ee9c","1942726","alta","pedagogical-content; prova PDF; diretório/metadado OAB; diretório/estrutura"
"storage/content/oab/31-exame/provas/caderno-de-provas-direitoempresarial-1prl0e.pdf","pedagogical-content","prova PDF","true","leitura parcial","OAB","OAB/FGV","31-exame","","","2005","Direito Empresarial","","local-only","fbd3700f063b8c3f5e4cf1cfe7530e61dbcef4355c5c61f7f752165a7a38ac25","1859424","alta","pedagogical-content; prova PDF; diretório/metadado OAB; diretório/estrutura"
"storage/content/oab/31-exame/questoes/questoes-extraidas.json","pedagogical-content","banco de questões","true","leitura bem-sucedida","OAB","OAB/FGV","31-exame","","FGV","2020","Ética Profissional","31o Exame OAB - Questao 1","local-only","21a216838e69383d7248ee689142064ef615f44ac1fb28615c424a53b81e6d63","141008","alta","pedagogical-content; banco de questões; diretório/metadado OAB; diretório/estrutura"
"storage/content/oab/31-exame/segunda-fase/padrao-de-respostas-definitivo-direito-administrativo-1dzp93.pdf","unknown","gabarito/padrão de resposta","false","leitura parcial","OAB","OAB/FGV","31-exame","","","2020","Direito Administrativo","","local-only","4ece5ff4a0d8537ac47fd49e568f4f3dbba6ea10bee6ad6f00e0c812bc4b3244","264215","baixa","unknown; gabarito/padrão de resposta; diretório/metadado OAB; diretório/estrutura"
"storage/content/oab/31-exame/segunda-fase/padrao-de-respostas-definitivo-direito-civil-15zaxa.pdf","unknown","gabarito/padrão de resposta","false","leitura parcial","OAB","OAB/FGV","31-exame","","","2020","","","local-only","36d61e7084beb2faa2d12eca6ea9adfa5e48aac222d2e9b2bf881c120a057d82","226682","baixa","unknown; gabarito/padrão de resposta; diretório/metadado OAB; sem disciplina confiável"
"storage/content/oab/31-exame/segunda-fase/padrao-de-respostas-definitivo-direito-constitucional-ve9vfi.pdf","unknown","gabarito/padrão de resposta","false","leitura parcial","OAB","OAB/FGV","31-exame","","","2020","Direito Constitucional","","local-only","a20d3cb79b4442dcd7c6cd5c1278330ccfa1a88359665ad53a6ebe1f6a42e273","231776","baixa","unknown; gabarito/padrão de resposta; diretório/metadado OAB; diretório/estrutura"
"storage/content/oab/31-exame/segunda-fase/padrao-de-respostas-definitivo-direito-do-trabalho-1d4mb2.pdf","unknown","gabarito/padrão de resposta","false","leitura parcial","OAB","OAB/FGV","31-exame","","","2020","","","local-only","2f3e825733a239623ed626d97d1e398b556c4c236231a927087f485cb560bfb8","229470","baixa","unknown; gabarito/padrão de resposta; diretório/metadado OAB; sem disciplina confiável"
"storage/content/oab/31-exame/segunda-fase/padrao-de-respostas-definitivo-direito-empresarial-1gkbv8.pdf","unknown","gabarito/padrão de resposta","false","leitura parcial","OAB","OAB/FGV","31-exame","","","2020","Direito Empresarial","","local-only","2a13240a5c7ed0cdd70b51c9fe29ff11963a09f982ff5541cb7e6b6671063d31","265868","baixa","unknown; gabarito/padrão de resposta; diretório/metadado OAB; diretório/estrutura"
"storage/content/oab/31-exame/segunda-fase/padrao-de-respostas-definitivo-direito-penal-1oprsx.pdf","unknown","gabarito/padrão de resposta","false","leitura parcial","OAB","OAB/FGV","31-exame","","","2020","Direito Penal","","local-only","1d44ada298ade3b5237822a9c8bc517dbf7484511f34d3fe7b47003677c46741","303427","baixa","unknown; gabarito/padrão de resposta; diretório/metadado OAB; diretório/estrutura"
"storage/content/oab/31-exame/segunda-fase/padrao-de-respostas-definitivo-direito-tributario-1pw840.pdf","unknown","gabarito/padrão de resposta","false","leitura parcial","OAB","OAB/FGV","31-exame","","","2020","Direito Tributário","","local-only","5b15b5d8473c93d01b74f2956959713e32698381d60ff3928b6306f038285e82","246365","baixa","unknown; gabarito/padrão de resposta; diretório/metadado OAB; diretório/estrutura"
"storage/content/oab/31-exame/segunda-fase/padrao-de-respostas-direito-administrativo-1e5dat.pdf","unknown","gabarito/padrão de resposta","false","leitura parcial","OAB","OAB/FGV","31-exame","","","2020","Direito Administrativo","","local-only","f8262aad3f72ff5e0eca438bf17d057a0f99d5715bcd68185cc543e3c6f1b328","133540","baixa","unknown; gabarito/padrão de resposta; diretório/metadado OAB; diretório/estrutura"
"storage/content/oab/31-exame/segunda-fase/padrao-de-respostas-direito-civil-rd58ct.pdf","unknown","gabarito/padrão de resposta","false","leitura parcial","OAB","OAB/FGV","31-exame","","","2020","","","local-only","40a313ceaadd22b3dbb3a9fc3e69d79413217dd7c053872de7a02db6b4798106","189696","baixa","unknown; gabarito/padrão de resposta; diretório/metadado OAB; sem disciplina confiável"
"storage/content/oab/31-exame/segunda-fase/padrao-de-respostas-direito-constitucional-pc7w44.pdf","unknown","gabarito/padrão de resposta","false","leitura parcial","OAB","OAB/FGV","31-exame","","","2020","Direito Constitucional","","local-only","73003d4843c6b6807e9dd151f4739d833752afbe230c7ca02de99afb1e5b6697","138236","baixa","unknown; gabarito/padrão de resposta; diretório/metadado OAB; diretório/estrutura"
"storage/content/oab/31-exame/segunda-fase/padrao-de-respostas-direito-do-trabalho-b2gpij.pdf","unknown","gabarito/padrão de resposta","false","leitura parcial","OAB","OAB/FGV","31-exame","","","2020","","","local-only","c85b6e83f2e0ecb84235944efb4304d327e9763e367fa71a14c60d39cbda48f9","130586","baixa","unknown; gabarito/padrão de resposta; diretório/metadado OAB; sem disciplina confiável"
"storage/content/oab/31-exame/segunda-fase/padrao-de-respostas-direito-empresarial-6krdon.pdf","unknown","gabarito/padrão de resposta","false","leitura parcial","OAB","OAB/FGV","31-exame","","","2020","Direito Empresarial","","local-only","d154e5cbdc308b76c393370aeed1b309670c114280930925f7b4649a4388a180","205567","baixa","unknown; gabarito/padrão de resposta; diretório/metadado OAB; diretório/estrutura"
"storage/content/oab/31-exame/segunda-fase/padrao-de-respostas-direito-penal-qhp5yz.pdf","unknown","gabarito/padrão de resposta","false","leitura parcial","OAB","OAB/FGV","31-exame","","","2020","Direito Penal","","local-only","b6ec17f20e6307a75f6bd8f40d03fca00d615d443d654820798031f4e8b616be","275521","baixa","unknown; gabarito/padrão de resposta; diretório/metadado OAB; diretório/estrutura"
"storage/content/oab/31-exame/segunda-fase/padrao-de-respostas-direito-tributario-13n27m.pdf","unknown","gabarito/padrão de resposta","false","leitura parcial","OAB","OAB/FGV","31-exame","","","2020","Direito Tributário","","local-only","191e783ce1f8f7b6d630679d9732b3e389a71059a72b9e6b10b486832c003ca8","209314","baixa","unknown; gabarito/padrão de resposta; diretório/metadado OAB; diretório/estrutura"
"storage/content/oab/32-exame/gabaritos/gabaritos-preliminares-da-prova-objetiva-1-fase-9lok8x.pdf","pedagogical-content","gabarito/padrão de resposta","true","leitura parcial","OAB","OAB/FGV","32-exame","1ª fase OAB","","2021","","","local-only","21e9b54dc3e4250193828168b9640db3aaf6035e85cb53ba189c011b00eb0cca","590557","alta","pedagogical-content; gabarito/padrão de resposta; diretório/metadado OAB; sem disciplina confiável"
"storage/content/oab/32-exame/metadata.json","pedagogical-container","container pedagógico","false","leitura bem-sucedida","OAB","OAB/FGV","32º Exame de Ordem Unificado","","","2026","","","local-only","1eb0a2f82833c8ea293d360cbd822c07d0f91568ac24d68cf250dd0a9f1b2550","8303","alta","pedagogical-container; container pedagógico; diretório/metadado OAB; sem disciplina confiável"
"storage/content/oab/32-exame/provas/caderno-de-prova-tipo-1-1myk9o.pdf","pedagogical-content","prova PDF","true","leitura parcial","OAB","OAB/FGV","32-exame","","","2011","","","local-only","40bbbfe9258dd2e662234f155cb23a3d0fb343dc490ddfc6ed85e01646e689b1","801338","alta","pedagogical-content; prova PDF; diretório/metadado OAB; sem disciplina confiável"
"storage/content/oab/32-exame/provas/caderno-de-prova-tipo-2-1fk70e.pdf","pedagogical-content","prova PDF","true","leitura parcial","OAB","OAB/FGV","32-exame","","","2021","","","local-only","33b37b105bbb06295f7c76289395fa62ec5b90bc3217e07ad7a1eec7c5ef7b6e","802675","alta","pedagogical-content; prova PDF; diretório/metadado OAB; sem disciplina confiável"
"storage/content/oab/32-exame/provas/caderno-de-prova-tipo-3-1q01vp.pdf","pedagogical-content","prova PDF","true","leitura parcial","OAB","OAB/FGV","32-exame","","","2021","","","local-only","b479bbb70b284e2627b1c4d08b10d3c1febe60ae89e53e2ac395473e3d454e48","813102","alta","pedagogical-content; prova PDF; diretório/metadado OAB; sem disciplina confiável"
"storage/content/oab/32-exame/provas/caderno-de-prova-tipo-4-9n0css.pdf","pedagogical-content","prova PDF","true","leitura parcial","OAB","OAB/FGV","32-exame","","","2011","","","local-only","81ad46cfe59b30ce53e5c332f93a032a00e60e003de7251a9a1d351d8ffdfa62","808078","alta","pedagogical-content; prova PDF; diretório/metadado OAB; sem disciplina confiável"
"storage/content/oab/32-exame/provas/caderno-de-provas-direito-administrativo-qp9rwz.pdf","pedagogical-content","prova PDF","true","leitura parcial","OAB","OAB/FGV","32-exame","","","2016","Direito Administrativo","","local-only","deb6ca24ab9e99895d8cde8bb32843fd3e7991429d0c80a341f3d807274b03e1","1856763","alta","pedagogical-content; prova PDF; diretório/metadado OAB; diretório/estrutura"
"storage/content/oab/32-exame/provas/caderno-de-provas-direito-civil-g2e3i9.pdf","pedagogical-content","prova PDF","true","leitura parcial","OAB","OAB/FGV","32-exame","","","2021","","","local-only","eebbeeffc20d23bb0f0eeecbfd70926d23901588467ce1e4b52394655402a092","1858957","alta","pedagogical-content; prova PDF; diretório/metadado OAB; sem disciplina confiável"
"storage/content/oab/32-exame/provas/caderno-de-provas-direito-constitucional-1lzpq9.pdf","pedagogical-content","prova PDF","true","leitura parcial","OAB","OAB/FGV","32-exame","","","2018","Direito Constitucional","","local-only","056c48815effbbdd7df60c9a57754f3e45d4842025af510c5ce67eb769509e55","1857083","alta","pedagogical-content; prova PDF; diretório/metadado OAB; diretório/estrutura"
"storage/content/oab/32-exame/provas/caderno-de-provas-direito-do-trabalho-10i30n.pdf","pedagogical-content","prova PDF","true","leitura parcial","OAB","OAB/FGV","32-exame","","","2011","","","local-only","c0d43d6e2382d07db479a076bfc2ccd5f28722c219b7f3c21be8768f0de7bad6","1866166","alta","pedagogical-content; prova PDF; diretório/metadado OAB; sem disciplina confiável"
"storage/content/oab/32-exame/provas/caderno-de-provas-direito-empresarial-1sy2qx.pdf","pedagogical-content","prova PDF","true","leitura parcial","OAB","OAB/FGV","32-exame","","","","Direito Empresarial","","local-only","62e99e55ab35a41c79074449224576742085c7d8c6263804db455b232a0183c3","1854422","alta","pedagogical-content; prova PDF; diretório/metadado OAB; diretório/estrutura"
"storage/content/oab/32-exame/provas/caderno-de-provas-direito-penal-vv5nam.pdf","pedagogical-content","prova PDF","true","leitura parcial","OAB","OAB/FGV","32-exame","","","2020","Direito Penal","","local-only","be226aa5b3708cb845a6b108504b13729b75e96ab0526ea6695a856d22cae8b2","1877857","alta","pedagogical-content; prova PDF; diretório/metadado OAB; diretório/estrutura"
"storage/content/oab/32-exame/provas/caderno-de-provas-direito-tributario-5du0fk.pdf","pedagogical-content","prova PDF","true","leitura parcial","OAB","OAB/FGV","32-exame","","","2014","Direito Tributário","","local-only","25d4ccfba301d25cd1984fb794ecda33ae99e2cb3d03578ce340c80fb34a79cf","1844428","alta","pedagogical-content; prova PDF; diretório/metadado OAB; diretório/estrutura"
"storage/content/oab/32-exame/questoes/questoes-extraidas.json","pedagogical-content","banco de questões","true","leitura bem-sucedida","OAB","OAB/FGV","32-exame","","FGV","2011","Ética Profissional","32o Exame OAB - Questao 1","local-only","3e25d4a2891ac76b950ac92dc4df54ecf1aa6da570a78bbd781baa52b2e64e0b","141977","alta","pedagogical-content; banco de questões; diretório/metadado OAB; diretório/estrutura"
"storage/content/oab/32-exame/segunda-fase/padrao-de-respostas-definitivo-direito-administrativo-2iopyl.pdf","unknown","gabarito/padrão de resposta","false","leitura parcial","OAB","OAB/FGV","32-exame","","","2021","Direito Administrativo","","local-only","9a5369ffcb1abdbe7c6b574c00b20d372c12608c83255a93a2816c486a5ac425","738920","baixa","unknown; gabarito/padrão de resposta; diretório/metadado OAB; diretório/estrutura"
"storage/content/oab/32-exame/segunda-fase/padrao-de-respostas-definitivo-direito-civil-w58o6t.pdf","unknown","gabarito/padrão de resposta","false","leitura parcial","OAB","OAB/FGV","32-exame","","","2021","","","local-only","e8245fd29cde0379546c1edf2db3ae389bfb9b66ee7d2e6dff9b76945be6c9cb","779975","baixa","unknown; gabarito/padrão de resposta; diretório/metadado OAB; sem disciplina confiável"
"storage/content/oab/32-exame/segunda-fase/padrao-de-respostas-definitivo-direito-constitucional-1t8wmq.pdf","unknown","gabarito/padrão de resposta","false","leitura parcial","OAB","OAB/FGV","32-exame","","","2021","Direito Constitucional","","local-only","23638882b27302857815a70fe328cc4750a6366767b96ff930db237b270ba3f4","644003","baixa","unknown; gabarito/padrão de resposta; diretório/metadado OAB; diretório/estrutura"
"storage/content/oab/32-exame/segunda-fase/padrao-de-respostas-definitivo-direito-do-trabalho-8p23x6.pdf","unknown","gabarito/padrão de resposta","false","leitura parcial","OAB","OAB/FGV","32-exame","","","2021","","","local-only","9ff4f58e1790754dd23fa555319ddc4d6e4ec622cfd16bd9aea37e73127a8efc","636486","baixa","unknown; gabarito/padrão de resposta; diretório/metadado OAB; sem disciplina confiável"
"storage/content/oab/32-exame/segunda-fase/padrao-de-respostas-definitivo-direito-empresarial-1b4mpo.pdf","unknown","gabarito/padrão de resposta","false","leitura parcial","OAB","OAB/FGV","32-exame","","","2021","Direito Empresarial","","local-only","7136a553325e9d11df3e74c8b49bb1b456daad376321f7cae947330e5759a93a","653326","baixa","unknown; gabarito/padrão de resposta; diretório/metadado OAB; diretório/estrutura"
"storage/content/oab/32-exame/segunda-fase/padrao-de-respostas-definitivo-direito-penal-wmsngz.pdf","unknown","gabarito/padrão de resposta","false","leitura parcial","OAB","OAB/FGV","32-exame","","","2021","Direito Penal","","local-only","885dc9ab0e123665c36c7253a39d75a3daaed3905a93ec5473076188474938e3","767811","baixa","unknown; gabarito/padrão de resposta; diretório/metadado OAB; diretório/estrutura"
"storage/content/oab/32-exame/segunda-fase/padrao-de-respostas-definitivo-direito-tributario-8mifkh.pdf","unknown","gabarito/padrão de resposta","false","leitura parcial","OAB","OAB/FGV","32-exame","","","2021","Direito Tributário","","local-only","d841c8be0f94513c35a518c5c099aa9d8466045589590b5b531ba23a53728178","669889","baixa","unknown; gabarito/padrão de resposta; diretório/metadado OAB; diretório/estrutura"
"storage/content/oab/32-exame/segunda-fase/padrao-de-respostas-direito-administrativo-43be2o.pdf","unknown","gabarito/padrão de resposta","false","leitura parcial","OAB","OAB/FGV","32-exame","","","2021","Direito Administrativo","","local-only","6a08c896a93138a6e623fec043105f22fd841c39cdfdb8f4fe3f7a76dab7b86b","130149","baixa","unknown; gabarito/padrão de resposta; diretório/metadado OAB; diretório/estrutura"
"storage/content/oab/32-exame/segunda-fase/padrao-de-respostas-direito-civil-e4jw63.pdf","unknown","gabarito/padrão de resposta","false","leitura parcial","OAB","OAB/FGV","32-exame","","","2021","","","local-only","640cf610b658fc2abad04f1c8f76d68434c9f8856599744f188cbcb7b1b3799c","173173","baixa","unknown; gabarito/padrão de resposta; diretório/metadado OAB; sem disciplina confiável"
"storage/content/oab/32-exame/segunda-fase/padrao-de-respostas-direito-constitucional-1eunzp.pdf","unknown","gabarito/padrão de resposta","false","leitura parcial","OAB","OAB/FGV","32-exame","","","2021","Direito Constitucional","","local-only","d7bbfe62ca22c674d6f43fdeec8bc08130ba839b454e7a99778ba66a257d0842","116880","baixa","unknown; gabarito/padrão de resposta; diretório/metadado OAB; diretório/estrutura"
"storage/content/oab/32-exame/segunda-fase/padrao-de-respostas-direito-do-trabalho-1vgy36.pdf","unknown","gabarito/padrão de resposta","false","leitura parcial","OAB","OAB/FGV","32-exame","","","2021","","","local-only","d47ce2fc9a3ad4d773b9b37f00d89c877ffd6bf6132c2bcd0a339ab992a5c87d","117062","baixa","unknown; gabarito/padrão de resposta; diretório/metadado OAB; sem disciplina confiável"
"storage/content/oab/32-exame/segunda-fase/padrao-de-respostas-direito-empresarial-14hutr.pdf","unknown","gabarito/padrão de resposta","false","leitura parcial","OAB","OAB/FGV","32-exame","","","2021","Direito Empresarial","","local-only","5c642ec224a37f194770c3358d6b469040429783f65da5fb6269e8e5c1410968","121860","baixa","unknown; gabarito/padrão de resposta; diretório/metadado OAB; diretório/estrutura"
"storage/content/oab/32-exame/segunda-fase/padrao-de-respostas-direito-penal-v60ibe.pdf","unknown","gabarito/padrão de resposta","false","leitura parcial","OAB","OAB/FGV","32-exame","","","2021","Direito Penal","","local-only","55220b828a34c005724b3c816afddf3bcacae17db086dbb7d54d980599964523","160519","baixa","unknown; gabarito/padrão de resposta; diretório/metadado OAB; diretório/estrutura"
"storage/content/oab/32-exame/segunda-fase/padrao-de-respostas-direito-tributario-px2x1f.pdf","unknown","gabarito/padrão de resposta","false","leitura parcial","OAB","OAB/FGV","32-exame","","","2021","Direito Tributário","","local-only","93859d0075eb9a5a80c04ec9cd3d40ab91a585e6290cb03a8deb7a805c4aa988","124320","baixa","unknown; gabarito/padrão de resposta; diretório/metadado OAB; diretório/estrutura"
"storage/content/oab/33-exame/gabaritos/gabaritos-preliminares-da-prova-objetiva-1-fase-1tizcj.pdf","pedagogical-content","gabarito/padrão de resposta","true","leitura parcial","OAB","OAB/FGV","33-exame","1ª fase OAB","","2021","","","local-only","0e2be0b8aa5ff20693dbbd14fc41ee61a643b937fbf98b25dc9f0d5848a35f38","475460","alta","pedagogical-content; gabarito/padrão de resposta; diretório/metadado OAB; sem disciplina confiável"
"storage/content/oab/33-exame/metadata.json","pedagogical-container","container pedagógico","false","leitura bem-sucedida","OAB","OAB/FGV","33º Exame de Ordem Unificado","","","2026","","","local-only","5ba4ca2d7b5b6b5a54aa92899eb37861629a67a36694596f66add258a1652c19","8282","alta","pedagogical-container; container pedagógico; diretório/metadado OAB; sem disciplina confiável"
"storage/content/oab/33-exame/provas/caderno-de-prova-tipo-1-18f7of.pdf","pedagogical-content","prova PDF","true","leitura parcial","OAB","OAB/FGV","33-exame","","","2021","","","local-only","f3d248892e71cc4bd1fd4bab53eba8c12263a02b355330dc947933e27d7f9afa","876260","alta","pedagogical-content; prova PDF; diretório/metadado OAB; sem disciplina confiável"
"storage/content/oab/33-exame/provas/caderno-de-prova-tipo-2-15dfgu.pdf","pedagogical-content","prova PDF","true","leitura parcial","OAB","OAB/FGV","33-exame","","","2021","","","local-only","ec06a569be87037a20fc0bd70e12a185446ec7be9e58ac9aa8e1e21077dd4060","910249","alta","pedagogical-content; prova PDF; diretório/metadado OAB; sem disciplina confiável"
"storage/content/oab/33-exame/provas/caderno-de-prova-tipo-3-9abch8.pdf","pedagogical-content","prova PDF","true","leitura parcial","OAB","OAB/FGV","33-exame","","","2021","","","local-only","71222c6acf0c61f29b5db6c3001d73d8a0cef073efceeba35bc9949e0b5c2cc4","930610","alta","pedagogical-content; prova PDF; diretório/metadado OAB; sem disciplina confiável"
"storage/content/oab/33-exame/provas/caderno-de-prova-tipo-4-rmxmy4.pdf","pedagogical-content","prova PDF","true","leitura parcial","OAB","OAB/FGV","33-exame","","","2021","","","local-only","a6548cc3b463b0dfaf4149941dd60c81718c672a3a8efaa7b289a0bd187e34c4","912769","alta","pedagogical-content; prova PDF; diretório/metadado OAB; sem disciplina confiável"
"storage/content/oab/33-exame/provas/caderno-de-provas-direito-administrativo-16ekz3.pdf","pedagogical-content","prova PDF","true","leitura parcial","OAB","OAB/FGV","33-exame","","","","Direito Administrativo","","local-only","8957c0936ad85c0eaa2f9be51f8a1dca596c4edc087b918686f4c644b2c04f99","1881722","alta","pedagogical-content; prova PDF; diretório/metadado OAB; diretório/estrutura"
"storage/content/oab/33-exame/provas/caderno-de-provas-direito-civil-oa0htn.pdf","pedagogical-content","prova PDF","true","leitura parcial","OAB","OAB/FGV","33-exame","","","2019","","","local-only","26701a61dd458918e69a33616a8d661897501abe3b9233ccf02c94060ea11fed","1870414","alta","pedagogical-content; prova PDF; diretório/metadado OAB; sem disciplina confiável"
"storage/content/oab/33-exame/provas/caderno-de-provas-direito-constitucional-15tzce.pdf","pedagogical-content","prova PDF","true","leitura parcial","OAB","OAB/FGV","33-exame","","","2018","Direito Constitucional","","local-only","91e1b3488d863e75daf420dbc73d01d6515e5500624796d5c79e1595f0543fd2","1867324","alta","pedagogical-content; prova PDF; diretório/metadado OAB; diretório/estrutura"
"storage/content/oab/33-exame/provas/caderno-de-provas-direito-do-trabalho-1iswlt.pdf","pedagogical-content","prova PDF","true","leitura parcial","OAB","OAB/FGV","33-exame","","","2021","","","local-only","49cd3c2261b8d57f783760f53a44cf86d5dee386a699851be1b1d8960d09eeee","1423496","alta","pedagogical-content; prova PDF; diretório/metadado OAB; sem disciplina confiável"
"storage/content/oab/33-exame/provas/caderno-de-provas-direito-empresarial-1kpmni.pdf","pedagogical-content","prova PDF","true","leitura parcial","OAB","OAB/FGV","33-exame","","","2019","Direito Empresarial","","local-only","1d298576dea50f3177f238bd97d6f89b65b639b65bbccec71ad5f321140d40d7","1862712","alta","pedagogical-content; prova PDF; diretório/metadado OAB; diretório/estrutura"
"storage/content/oab/33-exame/provas/caderno-de-provas-direito-penal-1w28mp.pdf","pedagogical-content","prova PDF","true","leitura parcial","OAB","OAB/FGV","33-exame","","","2017","Direito Penal","","local-only","fd2f7074cc0216252925f9823e65eedfb04a05427b7f9fa19fd7ccb0507e821d","1439087","alta","pedagogical-content; prova PDF; diretório/metadado OAB; diretório/estrutura"
"storage/content/oab/33-exame/provas/caderno-de-provas-direito-tributario-i65xgw.pdf","pedagogical-content","prova PDF","true","leitura parcial","OAB","OAB/FGV","33-exame","","","","Direito Tributário","","local-only","dd8520faeaa4c2d160b3e7f9edc814c229d54c0d1832bf3ec556e180dde57e5b","328828","alta","pedagogical-content; prova PDF; diretório/metadado OAB; diretório/estrutura"
"storage/content/oab/33-exame/questoes/questoes-extraidas.json","pedagogical-content","banco de questões","true","leitura bem-sucedida","OAB","OAB/FGV","33-exame","","FGV","2021","Ética Profissional","33o Exame OAB - Questao 1","local-only","ead7e0b55bb147f2da6df885249d8cd1d5ddefec019eb2c4e193e81aaf0bf372","136757","alta","pedagogical-content; banco de questões; diretório/metadado OAB; diretório/estrutura"
"storage/content/oab/33-exame/segunda-fase/padrao-de-respostas-definitivo-direito-administrativo-1hxq1b.pdf","unknown","gabarito/padrão de resposta","false","leitura parcial","OAB","OAB/FGV","33-exame","","","2021","Direito Administrativo","","local-only","8c9ad762162fa699084fc7788834dcc084d22f21fd238d9e2357bdd64457503c","820740","baixa","unknown; gabarito/padrão de resposta; diretório/metadado OAB; diretório/estrutura"
"storage/content/oab/33-exame/segunda-fase/padrao-de-respostas-definitivo-direito-civil-c4ilru.pdf","unknown","gabarito/padrão de resposta","false","leitura parcial","OAB","OAB/FGV","33-exame","","","2021","","","local-only","aac0fbe419ee41b67d8072e5a2cc3efe7fe9a0030cacbfd924cf6a6becab2255","745747","baixa","unknown; gabarito/padrão de resposta; diretório/metadado OAB; sem disciplina confiável"
"storage/content/oab/33-exame/segunda-fase/padrao-de-respostas-definitivo-direito-constitucional-18sin0.pdf","unknown","gabarito/padrão de resposta","false","leitura parcial","OAB","OAB/FGV","33-exame","","","2021","Direito Constitucional","","local-only","baabb32acdc3925261fb7c78f04e44220a397b10a373c670fb87ea8a670239ca","643132","baixa","unknown; gabarito/padrão de resposta; diretório/metadado OAB; diretório/estrutura"
"storage/content/oab/33-exame/segunda-fase/padrao-de-respostas-definitivo-direito-do-trabalho-1x50xp.pdf","unknown","gabarito/padrão de resposta","false","leitura parcial","OAB","OAB/FGV","33-exame","","","2021","","","local-only","75cfcf24514a92140c8e6e9fbae9560243a68033cbf6031d65c60e61916d7208","639483","baixa","unknown; gabarito/padrão de resposta; diretório/metadado OAB; sem disciplina confiável"
"storage/content/oab/33-exame/segunda-fase/padrao-de-respostas-definitivo-direito-empresarial-y1mvcp.pdf","unknown","gabarito/padrão de resposta","false","leitura parcial","OAB","OAB/FGV","33-exame","","","2021","Direito Empresarial","","local-only","08f4a9fd4d3cf1deb334e015b4e09aab55350b7b41537e463efe4a4c06be7dba","638336","baixa","unknown; gabarito/padrão de resposta; diretório/metadado OAB; diretório/estrutura"
"storage/content/oab/33-exame/segunda-fase/padrao-de-respostas-definitivo-direito-penal-ivd7ub.pdf","unknown","gabarito/padrão de resposta","false","leitura parcial","OAB","OAB/FGV","33-exame","","","2021","Direito Penal","","local-only","380ed70d12b71bb71d023fa1c04d38d16a942ced10db25ffae8f225d9fedc716","772381","baixa","unknown; gabarito/padrão de resposta; diretório/metadado OAB; diretório/estrutura"
"storage/content/oab/33-exame/segunda-fase/padrao-de-respostas-definitivo-direito-tributario-sil6ju.pdf","unknown","gabarito/padrão de resposta","false","leitura parcial","OAB","OAB/FGV","33-exame","","","2021","Direito Tributário","","local-only","f20e769e3cab00b4eccdd4b8c54b541bf3c56cfc7ecf6fa670ca33373dd1f7c1","761181","baixa","unknown; gabarito/padrão de resposta; diretório/metadado OAB; diretório/estrutura"
"storage/content/oab/33-exame/segunda-fase/padrao-de-respostas-direito-administrativo-wzrv30.pdf","unknown","gabarito/padrão de resposta","false","leitura parcial","OAB","OAB/FGV","33-exame","","","2021","Direito Administrativo","","local-only","84693f36bcb8e33a283870c9639ae4a860fe84898bd7e66980ed93cc0b1ab0f6","169856","baixa","unknown; gabarito/padrão de resposta; diretório/metadado OAB; diretório/estrutura"
"storage/content/oab/33-exame/segunda-fase/padrao-de-respostas-direito-civil-kdfi91.pdf","unknown","gabarito/padrão de resposta","false","leitura parcial","OAB","OAB/FGV","33-exame","","","2021","","","local-only","eadd3e9d629b6e3685836f4532f70bcbeb271cac3f80794460c360673690dd11","916357","baixa","unknown; gabarito/padrão de resposta; diretório/metadado OAB; sem disciplina confiável"
"storage/content/oab/33-exame/segunda-fase/padrao-de-respostas-direito-constitucional-10t064.pdf","unknown","gabarito/padrão de resposta","false","leitura parcial","OAB","OAB/FGV","33-exame","","","2021","Direito Constitucional","","local-only","4774df3279cb4772008106f8a132985afae9a6c1c9c54d7794280a246f2b26cf","138723","baixa","unknown; gabarito/padrão de resposta; diretório/metadado OAB; diretório/estrutura"
"storage/content/oab/33-exame/segunda-fase/padrao-de-respostas-direito-do-trabalho-cn8oh.pdf","unknown","gabarito/padrão de resposta","false","leitura parcial","OAB","OAB/FGV","33-exame","","","2021","","","local-only","9a8938c85c70be1b43ca5516c356d02efa8dda6a959208161c34d246d6d77c91","128668","baixa","unknown; gabarito/padrão de resposta; diretório/metadado OAB; sem disciplina confiável"
"storage/content/oab/33-exame/segunda-fase/padrao-de-respostas-direito-empresarial-fnnqc5.pdf","unknown","gabarito/padrão de resposta","false","leitura parcial","OAB","OAB/FGV","33-exame","","","2021","Direito Empresarial","","local-only","ddcae9586c54350f3f29bee12c2b225470171dff1c1f9d4197f7b6fb70a23d51","126697","baixa","unknown; gabarito/padrão de resposta; diretório/metadado OAB; diretório/estrutura"
"storage/content/oab/33-exame/segunda-fase/padrao-de-respostas-direito-penal-ax9x2k.pdf","unknown","gabarito/padrão de resposta","false","leitura parcial","OAB","OAB/FGV","33-exame","","","2021","Direito Penal","","local-only","14d90405c0791d2bf168bcde17605b11d7b2fb89997f499828b73ae6eaaf047a","168631","baixa","unknown; gabarito/padrão de resposta; diretório/metadado OAB; diretório/estrutura"
"storage/content/oab/33-exame/segunda-fase/padrao-de-respostas-direito-tributario-3kaybq.pdf","unknown","gabarito/padrão de resposta","false","leitura parcial","OAB","OAB/FGV","33-exame","","","2021","Direito Tributário","","local-only","1748575dbd1c13e7d51d1d9b430d055fc269f92672ac8fa6ab9ed29805ee5c37","159056","baixa","unknown; gabarito/padrão de resposta; diretório/metadado OAB; diretório/estrutura"
"storage/content/oab/34-exame/gabaritos/gabaritos-preliminares-da-prova-objetiva-1-fase-1agp71.pdf","pedagogical-content","gabarito/padrão de resposta","true","leitura parcial","OAB","OAB/FGV","34-exame","1ª fase OAB","","2022","","","local-only","f297d854029f0b1c16951602b6dac74876a1f6f8e8ddb337e149580c46d90cb6","76291","alta","pedagogical-content; gabarito/padrão de resposta; diretório/metadado OAB; sem disciplina confiável"
"storage/content/oab/34-exame/metadata.json","pedagogical-container","container pedagógico","false","leitura bem-sucedida","OAB","OAB/FGV","34º Exame de Ordem Unificado","","","2026","","","local-only","6b660767631cd15cdb66a60cbb94d855efcad4202d3bd1ec30c69248c2fb444d","8172","alta","pedagogical-container; container pedagógico; diretório/metadado OAB; sem disciplina confiável"
"storage/content/oab/34-exame/provas/caderno-de-prova-tipo-1-1jguo5.pdf","pedagogical-content","prova PDF","true","leitura parcial","OAB","OAB/FGV","34-exame","","","2022","","","local-only","2e5311a24124196d03e5379205deb54a1d9b5727bfb00e0ac443b9965e219ac5","466708","alta","pedagogical-content; prova PDF; diretório/metadado OAB; sem disciplina confiável"
"storage/content/oab/34-exame/provas/caderno-de-prova-tipo-2-jlbjkm.pdf","pedagogical-content","prova PDF","true","leitura parcial","OAB","OAB/FGV","34-exame","","","2022","","","local-only","ae0ef42f0a177a12ae69c1849aaffc77730419f49b73ab296ac12fba1c73dda5","471809","alta","pedagogical-content; prova PDF; diretório/metadado OAB; sem disciplina confiável"
"storage/content/oab/34-exame/provas/caderno-de-prova-tipo-3-xoxh9o.pdf","pedagogical-content","prova PDF","true","leitura parcial","OAB","OAB/FGV","34-exame","","","2022","","","local-only","3499658ac77f98544976497ed3464fe913601b5756c9fc623baf68a149adb0a8","475572","alta","pedagogical-content; prova PDF; diretório/metadado OAB; sem disciplina confiável"
"storage/content/oab/34-exame/provas/caderno-de-prova-tipo-4-8xkmxz.pdf","pedagogical-content","prova PDF","true","leitura parcial","OAB","OAB/FGV","34-exame","","","2022","","","local-only","43c53db6bcea1d69d04e1c0ef601094076825567289a75cfe67592dd5f50c461","481793","alta","pedagogical-content; prova PDF; diretório/metadado OAB; sem disciplina confiável"
"storage/content/oab/34-exame/provas/caderno-de-provas-direito-administrativo-1atduw.pdf","pedagogical-content","prova PDF","true","leitura parcial","OAB","OAB/FGV","34-exame","","","2021","Direito Administrativo","","local-only","5a2a24f1806301c653d22d633e2aad66960bebe853edbe31f90f2921a1cd1a1b","323065","alta","pedagogical-content; prova PDF; diretório/metadado OAB; diretório/estrutura"
"storage/content/oab/34-exame/provas/caderno-de-provas-direito-civil-1h9pe5.pdf","pedagogical-content","prova PDF","true","leitura parcial","OAB","OAB/FGV","34-exame","","","2021","","","local-only","c79ad813ec75539975512dc901f6ee50662bef92673628fa0feb0c491847be60","1645322","alta","pedagogical-content; prova PDF; diretório/metadado OAB; sem disciplina confiável"
"storage/content/oab/34-exame/provas/caderno-de-provas-direito-constitucional-1w79jv.pdf","pedagogical-content","prova PDF","true","leitura parcial","OAB","OAB/FGV","34-exame","","","","Direito Constitucional","","local-only","9e27d7dccd82c58ee189405e2516782e967cc567ef8df713e647d1b39ba1fc6b","1645395","alta","pedagogical-content; prova PDF; diretório/metadado OAB; diretório/estrutura"
"storage/content/oab/34-exame/provas/caderno-de-provas-direito-do-trabalho-1m08fy.pdf","pedagogical-content","prova PDF","true","leitura parcial","OAB","OAB/FGV","34-exame","","","2020","","","local-only","9fb16b6ff325ef6048579f4bec87fbbeb6475f49d647ebbee37c55044c89e939","1650519","alta","pedagogical-content; prova PDF; diretório/metadado OAB; sem disciplina confiável"
"storage/content/oab/34-exame/provas/caderno-de-provas-direito-empresarial-jc6r5q.pdf","pedagogical-content","prova PDF","true","leitura parcial","OAB","OAB/FGV","34-exame","","","2020","Direito Empresarial","","local-only","86bc6300612b1cbe8264a69a01b601f5a3e14e6ee89cf794222711899b277f6d","276181","alta","pedagogical-content; prova PDF; diretório/metadado OAB; diretório/estrutura"
"storage/content/oab/34-exame/provas/caderno-de-provas-direito-penal-vevdr9.pdf","pedagogical-content","prova PDF","true","leitura parcial","OAB","OAB/FGV","34-exame","","","2019","Direito Penal","","local-only","b27dc6e7ccc193675f2d0a20504e684e5cc1dacd290dfa1a0e17e52f5e1937d0","1666332","alta","pedagogical-content; prova PDF; diretório/metadado OAB; diretório/estrutura"
"storage/content/oab/34-exame/provas/caderno-de-provas-direito-tributario-19u313.pdf","pedagogical-content","prova PDF","true","leitura parcial","OAB","OAB/FGV","34-exame","","","2021","Direito Tributário","","local-only","13efec09b9411feeac65b2e8e95bd5a423241262ef33bc0d4c24822002f5ffb3","1641429","alta","pedagogical-content; prova PDF; diretório/metadado OAB; diretório/estrutura"
"storage/content/oab/34-exame/questoes/questoes-extraidas.json","pedagogical-content","banco de questões","true","leitura bem-sucedida","OAB","OAB/FGV","34-exame","","FGV","2022","Ética Profissional","34o Exame OAB - Questao 1","local-only","ab76806f18cc18a6a4d6cea5ae2228ac6794bdc585fffe4678204a147847b262","143690","alta","pedagogical-content; banco de questões; diretório/metadado OAB; diretório/estrutura"
"storage/content/oab/34-exame/segunda-fase/padrao-de-respostas-definitivo-direito-administrativo-zsw8k6.pdf","unknown","gabarito/padrão de resposta","false","leitura parcial","OAB","OAB/FGV","34-exame","","","2022","Direito Administrativo","","local-only","9bac0e9612bd6f67562cd7113d47bc17c95538d489d6c6f4cdc76ed10456791f","222167","baixa","unknown; gabarito/padrão de resposta; diretório/metadado OAB; diretório/estrutura"
"storage/content/oab/34-exame/segunda-fase/padrao-de-respostas-definitivo-direito-civil-159ujj.pdf","unknown","gabarito/padrão de resposta","false","leitura parcial","OAB","OAB/FGV","34-exame","","","2022","","","local-only","0aed4fa75bbc940378d04dffa3b8bbf0cc105caef5eb30e8acf40d6cc265dfd0","192578","baixa","unknown; gabarito/padrão de resposta; diretório/metadado OAB; sem disciplina confiável"
"storage/content/oab/34-exame/segunda-fase/padrao-de-respostas-definitivo-direito-constitucional-1ve1il.pdf","unknown","gabarito/padrão de resposta","false","leitura parcial","OAB","OAB/FGV","34-exame","","","2022","Direito Constitucional","","local-only","1024a543069e872a907371a7ecd74c780c58a248123f8f78160536ae82f94ccc","177002","baixa","unknown; gabarito/padrão de resposta; diretório/metadado OAB; diretório/estrutura"
"storage/content/oab/34-exame/segunda-fase/padrao-de-respostas-definitivo-direito-do-trabalho-1mx7vj.pdf","unknown","gabarito/padrão de resposta","false","leitura parcial","OAB","OAB/FGV","34-exame","","","2022","","","local-only","2ef38be1a7b40c52abddc5dd6e0367b362d3e2b557da9fc5ce7d6ce707c50240","141034","baixa","unknown; gabarito/padrão de resposta; diretório/metadado OAB; sem disciplina confiável"
"storage/content/oab/34-exame/segunda-fase/padrao-de-respostas-definitivo-direito-empresarial-tnoady.pdf","unknown","gabarito/padrão de resposta","false","leitura parcial","OAB","OAB/FGV","34-exame","","","2022","Direito Empresarial","","local-only","e194d57f759f74ad5554ccb4425d6b65342452b37ae60d6e5723d32377ed69b2","245530","baixa","unknown; gabarito/padrão de resposta; diretório/metadado OAB; diretório/estrutura"
"storage/content/oab/34-exame/segunda-fase/padrao-de-respostas-definitivo-direito-penal-1o8ir4.pdf","unknown","gabarito/padrão de resposta","false","leitura parcial","OAB","OAB/FGV","34-exame","","","2022","Direito Penal","","local-only","d9dbeb3ca3675cb50af713c4b4107288cb126b5897b129ca684860ffa26680ab","263145","baixa","unknown; gabarito/padrão de resposta; diretório/metadado OAB; diretório/estrutura"
"storage/content/oab/34-exame/segunda-fase/padrao-de-respostas-definitivo-direito-tributario-1y63ss.pdf","unknown","gabarito/padrão de resposta","false","leitura parcial","OAB","OAB/FGV","34-exame","","","2022","Direito Tributário","","local-only","964a8505e30b2c45319bf40b5a8b3faa6f05ccc5b4e9b8bddd4dbc3b01df573f","182530","baixa","unknown; gabarito/padrão de resposta; diretório/metadado OAB; diretório/estrutura"
"storage/content/oab/34-exame/segunda-fase/padrao-de-respostas-direito-administrativo-1qqapd.pdf","unknown","gabarito/padrão de resposta","false","leitura parcial","OAB","OAB/FGV","34-exame","","","2022","Direito Administrativo","","local-only","de40a6b8d0f2b029223e28664a670c7e81307978c137bf7d7a0aa15e0236a739","175252","baixa","unknown; gabarito/padrão de resposta; diretório/metadado OAB; diretório/estrutura"
"storage/content/oab/34-exame/segunda-fase/padrao-de-respostas-direito-civil-1s6kq7.pdf","unknown","gabarito/padrão de resposta","false","leitura parcial","OAB","OAB/FGV","34-exame","","","2022","","","local-only","f6a75a645de0321731994775243a5d49148409b530abac206d301afb1f448caa","155995","baixa","unknown; gabarito/padrão de resposta; diretório/metadado OAB; sem disciplina confiável"
"storage/content/oab/34-exame/segunda-fase/padrao-de-respostas-direito-constitucional-1xzpvm.pdf","unknown","gabarito/padrão de resposta","false","leitura parcial","OAB","OAB/FGV","34-exame","","","2022","Direito Constitucional","","local-only","7ec0f778d159b78c52e67d6037142574c7babd68d5e86a6aed774a1b83638984","153139","baixa","unknown; gabarito/padrão de resposta; diretório/metadado OAB; diretório/estrutura"
"storage/content/oab/34-exame/segunda-fase/padrao-de-respostas-direito-do-trabalho-15u1lp.pdf","unknown","gabarito/padrão de resposta","false","leitura parcial","OAB","OAB/FGV","34-exame","","","2022","","","local-only","e2e724c048644edde0f56ed9053c81e8b376a3e22d0913d26b12ce11f0295919","154269","baixa","unknown; gabarito/padrão de resposta; diretório/metadado OAB; sem disciplina confiável"
"storage/content/oab/34-exame/segunda-fase/padrao-de-respostas-direito-empresarial-1q5y0v.pdf","unknown","gabarito/padrão de resposta","false","leitura parcial","OAB","OAB/FGV","34-exame","","","2022","Direito Empresarial","","local-only","efd9f34f59466910e1a1788a7ef29d4c593233f78a9e998b88c1dd5b758a3438","175865","baixa","unknown; gabarito/padrão de resposta; diretório/metadado OAB; diretório/estrutura"
"storage/content/oab/34-exame/segunda-fase/padrao-de-respostas-direito-penal-1vhja1.pdf","unknown","gabarito/padrão de resposta","false","leitura parcial","OAB","OAB/FGV","34-exame","","","2022","Direito Penal","","local-only","33e7af1482ce80b74d222f0b9bad5be95a94532566d836c9cc65cf57518b6f14","226672","baixa","unknown; gabarito/padrão de resposta; diretório/metadado OAB; diretório/estrutura"
"storage/content/oab/34-exame/segunda-fase/padrao-de-respostas-direito-tributario-a2nczl.pdf","unknown","gabarito/padrão de resposta","false","leitura parcial","OAB","OAB/FGV","34-exame","","","2022","Direito Tributário","","local-only","bc818f18ecb8be01aa7a4343582293d6abdee8a990d0a9889a84395431095fc4","154420","baixa","unknown; gabarito/padrão de resposta; diretório/metadado OAB; diretório/estrutura"
"storage/content/oab/35-exame/gabaritos/gabaritos-definitivos-da-prova-objetiva-1-fase-1u4p9v.pdf","pedagogical-content","gabarito/padrão de resposta","true","leitura parcial","OAB","OAB/FGV","35-exame","1ª fase OAB","","2022","","","local-only","c741b3fe362505e35e23514aabad9760975817f9e9ec6620691b0ba57f180b04","474880","alta","pedagogical-content; gabarito/padrão de resposta; diretório/metadado OAB; sem disciplina confiável"
"storage/content/oab/35-exame/gabaritos/gabaritos-preliminares-da-prova-objetiva-1-fase-4qo4e2.pdf","pedagogical-content","gabarito/padrão de resposta","true","leitura parcial","OAB","OAB/FGV","35-exame","1ª fase OAB","","2022","","","local-only","5b1bbd7513462faddf6cf2acbd119a13d81cc913bed0f6842922f17cc164ff12","80040","alta","pedagogical-content; gabarito/padrão de resposta; diretório/metadado OAB; sem disciplina confiável"
"storage/content/oab/35-exame/metadata.json","pedagogical-container","container pedagógico","false","leitura bem-sucedida","OAB","OAB/FGV","35º Exame de Ordem Unificado","","","2026","","","local-only","a5650230b6fe6dec2d25a06d9044d30d12411207cf8fbb1d906f5b71a416378d","8476","alta","pedagogical-container; container pedagógico; diretório/metadado OAB; sem disciplina confiável"
"storage/content/oab/35-exame/provas/caderno-de-prova-tipo-1-1rapti.pdf","pedagogical-content","prova PDF","true","leitura parcial","OAB","OAB/FGV","35-exame","","","2022","","","local-only","051bbca2d41cbf1a6c94c1eeced1c6b031994b4420f71b92b464ed663c95c2cf","686848","alta","pedagogical-content; prova PDF; diretório/metadado OAB; sem disciplina confiável"
"storage/content/oab/35-exame/provas/caderno-de-prova-tipo-2-meazhj.pdf","pedagogical-content","prova PDF","true","leitura parcial","OAB","OAB/FGV","35-exame","","","2022","","","local-only","a50cd9d1ac7a5a9941f3a8452f0cc61a3cfeadd9fd01c763e7ac6967d53c46cd","820648","alta","pedagogical-content; prova PDF; diretório/metadado OAB; sem disciplina confiável"
"storage/content/oab/35-exame/provas/caderno-de-prova-tipo-3-nvwvch.pdf","pedagogical-content","prova PDF","true","leitura parcial","OAB","OAB/FGV","35-exame","","","2022","","","local-only","733b2ecf8df2b327a8b54a726e18f336219f8b38ac4ad74f43bddad19f3600e7","840593","alta","pedagogical-content; prova PDF; diretório/metadado OAB; sem disciplina confiável"
"storage/content/oab/35-exame/provas/caderno-de-prova-tipo-4-1y2v37.pdf","pedagogical-content","prova PDF","true","leitura parcial","OAB","OAB/FGV","35-exame","","","2022","","","local-only","811b81f2aa5a9caf749e679a051eb8811fc50ef24ab612e33043b20760f79a79","811337","alta","pedagogical-content; prova PDF; diretório/metadado OAB; sem disciplina confiável"
"storage/content/oab/35-exame/provas/caderno-de-provas-direito-administrativo-151bph.pdf","pedagogical-content","prova PDF","true","leitura parcial","OAB","OAB/FGV","35-exame","","","","Direito Administrativo","","local-only","dd28308f1c533ad45cc562725ad7440b0f486f96cfa9c50ec8ddfc09055a9124","1646242","alta","pedagogical-content; prova PDF; diretório/metadado OAB; diretório/estrutura"
"storage/content/oab/35-exame/provas/caderno-de-provas-direito-civil-1js7w3.pdf","pedagogical-content","prova PDF","true","leitura parcial","OAB","OAB/FGV","35-exame","","","","","","local-only","1ae0a3b4e285600fa5ff3a688d7973685ebf04bd24cc6fe03f7c980d3b4d3285","1660522","alta","pedagogical-content; prova PDF; diretório/metadado OAB; sem disciplina confiável"
"storage/content/oab/35-exame/provas/caderno-de-provas-direito-constitucional-ayslrl.pdf","pedagogical-content","prova PDF","true","leitura parcial","OAB","OAB/FGV","35-exame","","","","Direito Constitucional","","local-only","34b34c7a8ed10468a388735f754a807c7d5555cf7d47e0727b842d4509388881","1652761","alta","pedagogical-content; prova PDF; diretório/metadado OAB; diretório/estrutura"
"storage/content/oab/35-exame/provas/caderno-de-provas-direito-do-trabalho-1gv26a.pdf","pedagogical-content","prova PDF","true","leitura parcial","OAB","OAB/FGV","35-exame","","","2021","","","local-only","ce146d5f8443d26b42e5b5ffe884d141c88bb97b5d59135f2626abcef2b420e9","1656835","alta","pedagogical-content; prova PDF; diretório/metadado OAB; sem disciplina confiável"
"storage/content/oab/35-exame/provas/caderno-de-provas-direito-empresarial-l5j3rs.pdf","pedagogical-content","prova PDF","true","leitura parcial","OAB","OAB/FGV","35-exame","","","2020","Direito Empresarial","","local-only","93ebf02db8e710ea3c5111a3ac66c6f51ed0e5e03cad50e3aa057dbbc22842db","280252","alta","pedagogical-content; prova PDF; diretório/metadado OAB; diretório/estrutura"
"storage/content/oab/35-exame/provas/caderno-de-provas-direito-penal-s9kvrg.pdf","pedagogical-content","prova PDF","true","leitura parcial","OAB","OAB/FGV","35-exame","","","2019","Direito Penal","","local-only","f293ee95197ffc8f443947163ce23974369891153a74f539e8177ceead1fc71e","1669293","alta","pedagogical-content; prova PDF; diretório/metadado OAB; diretório/estrutura"
"storage/content/oab/35-exame/provas/caderno-de-provas-direito-tributario-1cx9t0.pdf","pedagogical-content","prova PDF","true","leitura parcial","OAB","OAB/FGV","35-exame","","","2021","Direito Tributário","","local-only","45f91d2e22092a5eb5af8e9e4046877cbe8be314d90188b1136c839c11f1ace3","1656692","alta","pedagogical-content; prova PDF; diretório/metadado OAB; diretório/estrutura"
"storage/content/oab/35-exame/questoes/questoes-extraidas.json","pedagogical-content","banco de questões","true","leitura bem-sucedida","OAB","OAB/FGV","35-exame","","FGV","2022","Ética Profissional","35o Exame OAB - Questao 1","local-only","58d88a740b19a2915efa0f31366c07d0b95f89b5e4b7b74a24d1e4e09fe5463e","177857","alta","pedagogical-content; banco de questões; diretório/metadado OAB; diretório/estrutura"
"storage/content/oab/35-exame/segunda-fase/padrao-de-respostas-definitivo-direito-administrativo-ff0fqw.pdf","unknown","gabarito/padrão de resposta","false","leitura parcial","OAB","OAB/FGV","35-exame","","","2022","Direito Administrativo","","local-only","8fcf0a773328a57b9a5eb4c978b4a50e4ce37d583f62282db6f014708d0d7b4f","206528","baixa","unknown; gabarito/padrão de resposta; diretório/metadado OAB; diretório/estrutura"
"storage/content/oab/35-exame/segunda-fase/padrao-de-respostas-definitivo-direito-civil-1ckvco.pdf","unknown","gabarito/padrão de resposta","false","leitura parcial","OAB","OAB/FGV","35-exame","","","2022","","","local-only","fe8eda0f187fac3e92c9e695bed52b272c6dd6b73e1938afd89ad9d0a4da32d0","199768","baixa","unknown; gabarito/padrão de resposta; diretório/metadado OAB; sem disciplina confiável"
"storage/content/oab/35-exame/segunda-fase/padrao-de-respostas-definitivo-direito-constitucional-1tk8ob.pdf","unknown","gabarito/padrão de resposta","false","leitura parcial","OAB","OAB/FGV","35-exame","","","2022","Direito Constitucional","","local-only","73ff30516f3883db1b1b50e8736763f7049a03ea3c75de4ca0a3f653e24b4a6a","186875","baixa","unknown; gabarito/padrão de resposta; diretório/metadado OAB; diretório/estrutura"
"storage/content/oab/35-exame/segunda-fase/padrao-de-respostas-definitivo-direito-do-trabalho-1ve0vq.pdf","unknown","gabarito/padrão de resposta","false","leitura parcial","OAB","OAB/FGV","35-exame","","","2022","","","local-only","318f1136bd779a821e5148874ded3e03c5d1bcb07f7f9503c25e78da4d49da5d","185868","baixa","unknown; gabarito/padrão de resposta; diretório/metadado OAB; sem disciplina confiável"
"storage/content/oab/35-exame/segunda-fase/padrao-de-respostas-definitivo-direito-empresarial-1g4r94.pdf","unknown","gabarito/padrão de resposta","false","leitura parcial","OAB","OAB/FGV","35-exame","","","2022","Direito Empresarial","","local-only","f8c4daab2126bfe9f4f14116406ef49db91c9bcf707183ea46cf12139d775fc9","205432","baixa","unknown; gabarito/padrão de resposta; diretório/metadado OAB; diretório/estrutura"
"storage/content/oab/35-exame/segunda-fase/padrao-de-respostas-definitivo-direito-penal-c1suy0.pdf","unknown","gabarito/padrão de resposta","false","leitura parcial","OAB","OAB/FGV","35-exame","","","2022","Direito Penal","","local-only","87247104b365961d500ec08b74b4408d2ae575586f9820088b7c3301cbfc2f7e","260366","baixa","unknown; gabarito/padrão de resposta; diretório/metadado OAB; diretório/estrutura"
"storage/content/oab/35-exame/segunda-fase/padrao-de-respostas-definitivo-direito-tributario-x76wp1.pdf","unknown","gabarito/padrão de resposta","false","leitura parcial","OAB","OAB/FGV","35-exame","","","2022","Direito Tributário","","local-only","1de49f93c544778e47ce560e21b4daddae3d05a99dff4d3e29b5758c49e93fba","202487","baixa","unknown; gabarito/padrão de resposta; diretório/metadado OAB; diretório/estrutura"
"storage/content/oab/35-exame/segunda-fase/padrao-de-respostas-direito-administrativo-orypu.pdf","unknown","gabarito/padrão de resposta","false","leitura parcial","OAB","OAB/FGV","35-exame","","","2022","Direito Administrativo","","local-only","6b72acb9cc3edba778cf6bb528bba4779843702b2413d5f257bf124428fef85b","160415","baixa","unknown; gabarito/padrão de resposta; diretório/metadado OAB; diretório/estrutura"
"storage/content/oab/35-exame/segunda-fase/padrao-de-respostas-direito-civil-1jb5hm.pdf","unknown","gabarito/padrão de resposta","false","leitura parcial","OAB","OAB/FGV","35-exame","","","2022","","","local-only","6a339f0d99862509e388f845b24cb30214064b9b4545e35e7ec02b9fd96ce311","164444","baixa","unknown; gabarito/padrão de resposta; diretório/metadado OAB; sem disciplina confiável"
"storage/content/oab/35-exame/segunda-fase/padrao-de-respostas-direito-constitucional-4mdxk1.pdf","unknown","gabarito/padrão de resposta","false","leitura parcial","OAB","OAB/FGV","35-exame","","","2022","Direito Constitucional","","local-only","ff567e5bea4166bba674e1b1b648a1789a83ea5ac9cc661173ec8d5f0347a327","161548","baixa","unknown; gabarito/padrão de resposta; diretório/metadado OAB; diretório/estrutura"
"storage/content/oab/35-exame/segunda-fase/padrao-de-respostas-direito-do-trabalho-6bislq.pdf","unknown","gabarito/padrão de resposta","false","leitura parcial","OAB","OAB/FGV","35-exame","","","2022","","","local-only","edbcc911e6eb078894c1be3d3355342ca25b77bd18f0045ae33d457fe6407d2a","161871","baixa","unknown; gabarito/padrão de resposta; diretório/metadado OAB; sem disciplina confiável"
"storage/content/oab/35-exame/segunda-fase/padrao-de-respostas-direito-empresarial-1id32w.pdf","unknown","gabarito/padrão de resposta","false","leitura parcial","OAB","OAB/FGV","35-exame","","","2022","Direito Empresarial","","local-only","0ed3551522d72df705f35a205742fb89b4a31bf3d936282ab73497f6e663933b","168658","baixa","unknown; gabarito/padrão de resposta; diretório/metadado OAB; diretório/estrutura"
"storage/content/oab/35-exame/segunda-fase/padrao-de-respostas-direito-penal-1e2bom.pdf","unknown","gabarito/padrão de resposta","false","leitura parcial","OAB","OAB/FGV","35-exame","","","2022","Direito Penal","","local-only","1803d3db058ab8c6a67bec9ba3e736144715b0c43841a0067066c9642b249fe0","201447","baixa","unknown; gabarito/padrão de resposta; diretório/metadado OAB; diretório/estrutura"
"storage/content/oab/35-exame/segunda-fase/padrao-de-respostas-direito-tributario-e0qyau.pdf","unknown","gabarito/padrão de resposta","false","leitura parcial","OAB","OAB/FGV","35-exame","","","2022","Direito Tributário","","local-only","3909ee7e6da2e051bfaec89d9fc6e32e5fa289e6eb6ad206e97f32489050275c","167264","baixa","unknown; gabarito/padrão de resposta; diretório/metadado OAB; diretório/estrutura"
"storage/content/oab/36-exame/gabaritos/gabaritos-definitivos-da-prova-objetiva-1-fase-1138md.pdf","pedagogical-content","gabarito/padrão de resposta","true","leitura parcial","OAB","OAB/FGV","36-exame","1ª fase OAB","","2022","","","local-only","18cbb6c662e66f18c415551b2b3056b4dc835a0b6acc02934073296ac362da92","243215","alta","pedagogical-content; gabarito/padrão de resposta; diretório/metadado OAB; sem disciplina confiável"
"storage/content/oab/36-exame/gabaritos/gabaritos-preliminares-da-prova-objetiva-1-fase-ip29f5.pdf","pedagogical-content","gabarito/padrão de resposta","true","leitura parcial","OAB","OAB/FGV","36-exame","1ª fase OAB","","2022","","","local-only","2f2605374cec3144f445afed938a127fddbd883ef8909795eaef02dc3457d227","75766","alta","pedagogical-content; gabarito/padrão de resposta; diretório/metadado OAB; sem disciplina confiável"
"storage/content/oab/36-exame/metadata.json","pedagogical-container","container pedagógico","false","leitura bem-sucedida","OAB","OAB/FGV","36º Exame de Ordem Unificado","","","2026","","","local-only","9c4d92cef489f1d4adc1ce26023d12c5b02757efb2b66929195aee4975645b60","8434","alta","pedagogical-container; container pedagógico; diretório/metadado OAB; sem disciplina confiável"
"storage/content/oab/36-exame/provas/caderno-de-prova-tipo-1-16vl03.pdf","pedagogical-content","prova PDF","true","leitura parcial","OAB","OAB/FGV","36-exame","","","2022","","","local-only","40b82f93a29dcd10f2733d355aeb080f1f307c7c5bdf3d48e2f321a16749fe37","527735","alta","pedagogical-content; prova PDF; diretório/metadado OAB; sem disciplina confiável"
"storage/content/oab/36-exame/provas/caderno-de-prova-tipo-2-10xnc6.pdf","pedagogical-content","prova PDF","true","leitura parcial","OAB","OAB/FGV","36-exame","","","2022","","","local-only","14028af44a697394c0ee911150fdc5fd171777b8ed8d9d5f0c215a60df78f940","562789","alta","pedagogical-content; prova PDF; diretório/metadado OAB; sem disciplina confiável"
"storage/content/oab/36-exame/provas/caderno-de-prova-tipo-3-ttft6y.pdf","pedagogical-content","prova PDF","true","leitura parcial","OAB","OAB/FGV","36-exame","","","2022","","","local-only","e5f765dc1f1d2066c857b5cca8f878715558bb183768cafd1cafc14ff763252c","586336","alta","pedagogical-content; prova PDF; diretório/metadado OAB; sem disciplina confiável"
"storage/content/oab/36-exame/provas/caderno-de-prova-tipo-4-ldtu5.pdf","pedagogical-content","prova PDF","true","leitura parcial","OAB","OAB/FGV","36-exame","","","2022","","","local-only","ce6087128d1fb6b6ea0d4f0a3a7b0edeca5b72ec748f33fab12267d19ffdba5b","556216","alta","pedagogical-content; prova PDF; diretório/metadado OAB; sem disciplina confiável"
"storage/content/oab/36-exame/provas/caderno-de-provas-direito-administrativo-bypn8y.pdf","pedagogical-content","prova PDF","true","leitura parcial","OAB","OAB/FGV","36-exame","","","","Direito Administrativo","","local-only","ac58841104396198c5c80e86cd99be4ca390ac911bd4f0f5e0ee1cfc0068c482","1655779","alta","pedagogical-content; prova PDF; diretório/metadado OAB; diretório/estrutura"
"storage/content/oab/36-exame/provas/caderno-de-provas-direito-civil-nlf4em.pdf","pedagogical-content","prova PDF","true","leitura parcial","OAB","OAB/FGV","36-exame","","","2021","","","local-only","96915b0500ddd1600f65262647fc2f1efc850d748cd705cc3594556fa67df3e5","1653561","alta","pedagogical-content; prova PDF; diretório/metadado OAB; sem disciplina confiável"
"storage/content/oab/36-exame/provas/caderno-de-provas-direito-constitucional-zagls9.pdf","pedagogical-content","prova PDF","true","leitura parcial","OAB","OAB/FGV","36-exame","","","","Direito Constitucional","","local-only","2d9bea37108392f138e153c8044f105c33dc5ff3a1f96ad77342f4963ef27c46","1655384","alta","pedagogical-content; prova PDF; diretório/metadado OAB; diretório/estrutura"
"storage/content/oab/36-exame/provas/caderno-de-provas-direito-empresarial-13e59d.pdf","pedagogical-content","prova PDF","true","leitura parcial","OAB","OAB/FGV","36-exame","","","2018","Direito Empresarial","","local-only","a23eab898737b43ef672ba4b2dee4b1d2dd644666625261f8427b0fbd0e5c190","276262","alta","pedagogical-content; prova PDF; diretório/metadado OAB; diretório/estrutura"
"storage/content/oab/36-exame/provas/caderno-de-provas-direito-penal-g0rvr8.pdf","pedagogical-content","prova PDF","true","leitura parcial","OAB","OAB/FGV","36-exame","","","2019","Direito Penal","","local-only","736d04b31711155feee2b436fc564df90fab9b5a223f4f18dbf6441c33b32acf","1658493","alta","pedagogical-content; prova PDF; diretório/metadado OAB; diretório/estrutura"
"storage/content/oab/36-exame/provas/caderno-de-provas-direito-trabalho-3l9xqq.pdf","pedagogical-content","prova PDF","true","leitura parcial","OAB","OAB/FGV","36-exame","","","2022","Direito do Trabalho","","local-only","57701853658789ca5c4e4941ba4960b1a11f8ca1035f97d4dd22fa2ef78b155e","1653088","alta","pedagogical-content; prova PDF; diretório/metadado OAB; diretório/estrutura"
"storage/content/oab/36-exame/provas/caderno-de-provas-direito-tributario-1wnl44.pdf","pedagogical-content","prova PDF","true","leitura parcial","OAB","OAB/FGV","36-exame","","","2021","Direito Tributário","","local-only","ee93a8ea7c067536f5a8770450f4b55f5ff56844eb47203bf0decb3b5b11867d","1643504","alta","pedagogical-content; prova PDF; diretório/metadado OAB; diretório/estrutura"
"storage/content/oab/36-exame/questoes/questoes-extraidas.json","pedagogical-content","banco de questões","true","leitura bem-sucedida","OAB","OAB/FGV","36-exame","","FGV","2022","Ética Profissional","36o Exame OAB - Questao 1","local-only","391da73e6642fcbd47c0870d58cb89ff6d8bfee8e94448deded306376930f4c5","136961","alta","pedagogical-content; banco de questões; diretório/metadado OAB; diretório/estrutura"
"storage/content/oab/36-exame/segunda-fase/padrao-de-respostas-definitivo-direito-administrativo-1g9z3n.pdf","unknown","gabarito/padrão de resposta","false","leitura parcial","OAB","OAB/FGV","36-exame","","","2022","Direito Administrativo","","local-only","0e3c032244c715d03cc3785a56b4a2ce94477927a7de267a7c5dfc1d251f57aa","288018","baixa","unknown; gabarito/padrão de resposta; diretório/metadado OAB; diretório/estrutura"
"storage/content/oab/36-exame/segunda-fase/padrao-de-respostas-definitivo-direito-civil-bpylr1.pdf","unknown","gabarito/padrão de resposta","false","leitura parcial","OAB","OAB/FGV","36-exame","","","2022","","","local-only","f618a6fc7317281408aab1a710db40b15213ec9514531ab3dfb5e6654f28d27d","258315","baixa","unknown; gabarito/padrão de resposta; diretório/metadado OAB; sem disciplina confiável"
"storage/content/oab/36-exame/segunda-fase/padrao-de-respostas-definitivo-direito-constitucional-2dpqil.pdf","unknown","gabarito/padrão de resposta","false","leitura parcial","OAB","OAB/FGV","36-exame","","","2022","Direito Constitucional","","local-only","96a66d4868d078523c463557d12c951cf3c892a24526b5dd5daf339c006eec75","281016","baixa","unknown; gabarito/padrão de resposta; diretório/metadado OAB; diretório/estrutura"
"storage/content/oab/36-exame/segunda-fase/padrao-de-respostas-definitivo-direito-do-trabalho-xs7894.pdf","unknown","gabarito/padrão de resposta","false","leitura parcial","OAB","OAB/FGV","36-exame","","","2022","","","local-only","d81897718b04d29a2e6c712cb37d841a246a3feeface7b02d328431f00597ec9","261682","baixa","unknown; gabarito/padrão de resposta; diretório/metadado OAB; sem disciplina confiável"
"storage/content/oab/36-exame/segunda-fase/padrao-de-respostas-definitivo-direito-empresarial-8cj3xx.pdf","unknown","gabarito/padrão de resposta","false","leitura parcial","OAB","OAB/FGV","36-exame","","","2022","Direito Empresarial","","local-only","3d72ae8da2a63f72988e62677b7a0bc4f5cc9abdb47df8b3d922258e773ca8af","267313","baixa","unknown; gabarito/padrão de resposta; diretório/metadado OAB; diretório/estrutura"
"storage/content/oab/36-exame/segunda-fase/padrao-de-respostas-definitivo-direito-penal-1x2vvq.pdf","unknown","gabarito/padrão de resposta","false","leitura parcial","OAB","OAB/FGV","36-exame","","","2022","Direito Penal","","local-only","c577084e24bc59f007df1ea56afe2a278b77abd025d617a84031db0118734670","292527","baixa","unknown; gabarito/padrão de resposta; diretório/metadado OAB; diretório/estrutura"
"storage/content/oab/36-exame/segunda-fase/padrao-de-respostas-definitivo-direito-tributario-w1hfqc.pdf","unknown","gabarito/padrão de resposta","false","leitura parcial","OAB","OAB/FGV","36-exame","","","2022","Direito Tributário","","local-only","c49a4cbccd9e4b449cb7905637e38cf6f5e143eed9a1d94a760a8bf87af15524","264595","baixa","unknown; gabarito/padrão de resposta; diretório/metadado OAB; diretório/estrutura"
"storage/content/oab/36-exame/segunda-fase/padrao-de-respostas-direito-administrativo-170xam.pdf","unknown","gabarito/padrão de resposta","false","leitura parcial","OAB","OAB/FGV","36-exame","","","2022","Direito Administrativo","","local-only","6ad4505cfa04f9a983851853b3b72995bb65b5842b844e7ed1218ba21608489b","155764","baixa","unknown; gabarito/padrão de resposta; diretório/metadado OAB; diretório/estrutura"
"storage/content/oab/36-exame/segunda-fase/padrao-de-respostas-direito-civil-1blhvd.pdf","unknown","gabarito/padrão de resposta","false","leitura parcial","OAB","OAB/FGV","36-exame","","","2022","","","local-only","6dfa81c244a1a3f1f5343f16f1be2278d1ec3e700e22208fa490a795d5e5a290","152191","baixa","unknown; gabarito/padrão de resposta; diretório/metadado OAB; sem disciplina confiável"
"storage/content/oab/36-exame/segunda-fase/padrao-de-respostas-direito-constitucional-mz77ha.pdf","unknown","gabarito/padrão de resposta","false","leitura parcial","OAB","OAB/FGV","36-exame","","","2022","Direito Constitucional","","local-only","aab1f03b66e5b1e799851487be22c98218dc2744903ea8125486eb616ca71d22","165616","baixa","unknown; gabarito/padrão de resposta; diretório/metadado OAB; diretório/estrutura"
"storage/content/oab/36-exame/segunda-fase/padrao-de-respostas-direito-do-trabalho-1cjw8c.pdf","unknown","gabarito/padrão de resposta","false","leitura parcial","OAB","OAB/FGV","36-exame","","","2022","","","local-only","4b9d9fbcc5ac76aef0b39775539c3dba17a146dd01ff4259fdc7f30c571f6ef8","138627","baixa","unknown; gabarito/padrão de resposta; diretório/metadado OAB; sem disciplina confiável"
"storage/content/oab/36-exame/segunda-fase/padrao-de-respostas-direito-empresarial-t3o7fv.pdf","unknown","gabarito/padrão de resposta","false","leitura parcial","OAB","OAB/FGV","36-exame","","","2022","Direito Empresarial","","local-only","39e43c574902f9226bb16a465892d25baf5c7085eed66b5abccbd8b7fb82f654","150998","baixa","unknown; gabarito/padrão de resposta; diretório/metadado OAB; diretório/estrutura"
"storage/content/oab/36-exame/segunda-fase/padrao-de-respostas-direito-penal-1cl1v7.pdf","unknown","gabarito/padrão de resposta","false","leitura parcial","OAB","OAB/FGV","36-exame","","","2022","Direito Penal","","local-only","d26e26a917dd8ba967cd4e6091fdf252b3196dea5280dc53171b1e5225e013c0","227633","baixa","unknown; gabarito/padrão de resposta; diretório/metadado OAB; diretório/estrutura"
"storage/content/oab/36-exame/segunda-fase/padrao-de-respostas-direito-tributario-m5x8o7.pdf","unknown","gabarito/padrão de resposta","false","leitura parcial","OAB","OAB/FGV","36-exame","","","2022","Direito Tributário","","local-only","8168ba7ccf339953517cca5cbb6c9c2a37524596c0340216ae11ca13f24a3ec3","137564","baixa","unknown; gabarito/padrão de resposta; diretório/metadado OAB; diretório/estrutura"
"storage/content/oab/37-exame/gabaritos/gabaritos-definitivos-da-prova-objetiva-1-fase-1ftur1.pdf","pedagogical-content","gabarito/padrão de resposta","true","leitura parcial","OAB","OAB/FGV","37-exame","1ª fase OAB","","2023","","","local-only","4d638d4a31cd5c3cd796e2668e5319508318f29e013903b8719a0256b34a1eca","82353","alta","pedagogical-content; gabarito/padrão de resposta; diretório/metadado OAB; sem disciplina confiável"
"storage/content/oab/37-exame/gabaritos/gabaritos-preliminares-da-prova-objetiva-1-fase-uivq1.pdf","pedagogical-content","gabarito/padrão de resposta","true","leitura parcial","OAB","OAB/FGV","37-exame","1ª fase OAB","","2023","","","local-only","1dfdaa03ba9c1c93e6307c04c8090a3d509cf3eb8240721a6524dde9a07b3e90","77817","alta","pedagogical-content; gabarito/padrão de resposta; diretório/metadado OAB; sem disciplina confiável"
"storage/content/oab/37-exame/metadata.json","pedagogical-container","container pedagógico","false","leitura bem-sucedida","OAB","OAB/FGV","37º Exame de Ordem Unificado","","","2026","","","local-only","ee93e51606169b9aee2fc4f5ad538cc5690c1ae2bf8587ee0c881f94d978fcae","8494","alta","pedagogical-container; container pedagógico; diretório/metadado OAB; sem disciplina confiável"
"storage/content/oab/37-exame/provas/caderno-de-prova-tipo-1-13eodq.pdf","pedagogical-content","prova PDF","true","leitura parcial","OAB","OAB/FGV","37-exame","","","2023","","","local-only","59f5d7f6f90c9efc1e1e9a33065b9fd0be06cb2d24cdb9a345c77aa729b279f8","641232","alta","pedagogical-content; prova PDF; diretório/metadado OAB; sem disciplina confiável"
"storage/content/oab/37-exame/provas/caderno-de-prova-tipo-2-v4rbxg.pdf","pedagogical-content","prova PDF","true","leitura parcial","OAB","OAB/FGV","37-exame","","","2023","","","local-only","6a425b18c2045e9c4e185f19fa30c1e4106f050ea52ee2d767cfb83fb86748d7","656830","alta","pedagogical-content; prova PDF; diretório/metadado OAB; sem disciplina confiável"
"storage/content/oab/37-exame/provas/caderno-de-prova-tipo-3-1ptjgk.pdf","pedagogical-content","prova PDF","true","leitura parcial","OAB","OAB/FGV","37-exame","","","2023","","","local-only","1be4a93bfeccd328fe32ed95b131270a9dab832bfbf89438aa9b9ba2bdd0ab78","664089","alta","pedagogical-content; prova PDF; diretório/metadado OAB; sem disciplina confiável"
"storage/content/oab/37-exame/provas/caderno-de-prova-tipo-4-1mmfzo.pdf","pedagogical-content","prova PDF","true","leitura parcial","OAB","OAB/FGV","37-exame","","","2023","","","local-only","5e0b59ec0961f56b712cf73ec1143417c908e24c9477b88cf151645645344a8a","657242","alta","pedagogical-content; prova PDF; diretório/metadado OAB; sem disciplina confiável"
"storage/content/oab/37-exame/provas/caderno-de-provas-direito-administrativo-1831hr.pdf","pedagogical-content","prova PDF","true","leitura parcial","OAB","OAB/FGV","37-exame","","","","Direito Administrativo","","local-only","fa59058ff4bfcb0315568eed4ed57a39924c063ad97bad98a03254fd51c0a2ba","1656892","alta","pedagogical-content; prova PDF; diretório/metadado OAB; diretório/estrutura"
"storage/content/oab/37-exame/provas/caderno-de-provas-direito-civil-b96k0w.pdf","pedagogical-content","prova PDF","true","leitura parcial","OAB","OAB/FGV","37-exame","","","2022","","","local-only","0242d4d989ab8c947d8bd956b470ff418f1d2ffd71fc55743d3d26f4478872b8","1644379","alta","pedagogical-content; prova PDF; diretório/metadado OAB; sem disciplina confiável"
"storage/content/oab/37-exame/provas/caderno-de-provas-direito-constitucional-kiul4n.pdf","pedagogical-content","prova PDF","true","leitura parcial","OAB","OAB/FGV","37-exame","","","","Direito Constitucional","","local-only","3ba0bebf6d68519a6b00d0699a880dfa572633d6573e9f2b65cfdd13ad9d0a6b","1659518","alta","pedagogical-content; prova PDF; diretório/metadado OAB; diretório/estrutura"
"storage/content/oab/37-exame/provas/caderno-de-provas-direito-do-trabalho-1phi1s.pdf","pedagogical-content","prova PDF","true","leitura parcial","OAB","OAB/FGV","37-exame","","","2018","","","local-only","f33c19c27b202d44cfee6b2453231f5206636ae2838221062bba394018c37773","1652864","alta","pedagogical-content; prova PDF; diretório/metadado OAB; sem disciplina confiável"
"storage/content/oab/37-exame/provas/caderno-de-provas-direito-empresarial-piv8cj.pdf","pedagogical-content","prova PDF","true","leitura parcial","OAB","OAB/FGV","37-exame","","","2018","Direito Empresarial","","local-only","6942702e43c520982f54517f9948e52fe438952a589d6f185a9fb3fc3db3d6c2","280870","alta","pedagogical-content; prova PDF; diretório/metadado OAB; diretório/estrutura"
"storage/content/oab/37-exame/provas/caderno-de-provas-direito-penal-g5hmqx.pdf","pedagogical-content","prova PDF","true","leitura parcial","OAB","OAB/FGV","37-exame","","","2020","Direito Penal","","local-only","a631ef8f7950ba403f093a6a170ac06fa48d1b25b135da751c282f95b94afca0","1661181","alta","pedagogical-content; prova PDF; diretório/metadado OAB; diretório/estrutura"
"storage/content/oab/37-exame/provas/caderno-de-provas-direito-tributario-1tfph6.pdf","pedagogical-content","prova PDF","true","leitura parcial","OAB","OAB/FGV","37-exame","","","2021","Direito Tributário","","local-only","554e73328f6106947c60b79838ddd200e65782f2dbed0e7b70466d8616987126","1641643","alta","pedagogical-content; prova PDF; diretório/metadado OAB; diretório/estrutura"
"storage/content/oab/37-exame/questoes/questoes-extraidas.json","pedagogical-content","banco de questões","true","leitura bem-sucedida","OAB","OAB/FGV","37-exame","","FGV","2023","Ética Profissional","37o Exame OAB - Questao 1","local-only","c67cc50d10383f8a9524d4de54fe22e9ded8cc06a96e61a081993eff880f985d","137690","alta","pedagogical-content; banco de questões; diretório/metadado OAB; diretório/estrutura"
"storage/content/oab/37-exame/segunda-fase/padrao-de-respostas-definitivo-direito-administrativo-1q023h.pdf","unknown","gabarito/padrão de resposta","false","leitura parcial","OAB","OAB/FGV","37-exame","","","2023","Direito Administrativo","","local-only","e43a39ef7d4d26593449d8312d27ce797600d52b0fa76a7eb5394fcd13207598","206019","baixa","unknown; gabarito/padrão de resposta; diretório/metadado OAB; diretório/estrutura"
"storage/content/oab/37-exame/segunda-fase/padrao-de-respostas-definitivo-direito-civil-1m2haq.pdf","unknown","gabarito/padrão de resposta","false","leitura parcial","OAB","OAB/FGV","37-exame","","","2023","","","local-only","b25aaf79d6c8d5ec7194bf36e9e30f8e6d2ce800641cbfa0db2b774aa10af0c7","182779","baixa","unknown; gabarito/padrão de resposta; diretório/metadado OAB; sem disciplina confiável"
"storage/content/oab/37-exame/segunda-fase/padrao-de-respostas-definitivo-direito-constitucional-15mjp1.pdf","unknown","gabarito/padrão de resposta","false","leitura parcial","OAB","OAB/FGV","37-exame","","","2023","Direito Constitucional","","local-only","fc424d469c9d0090616bac5decfc0f0148298ea120dcd4009548d16871e853df","189525","baixa","unknown; gabarito/padrão de resposta; diretório/metadado OAB; diretório/estrutura"
"storage/content/oab/37-exame/segunda-fase/padrao-de-respostas-definitivo-direito-do-trabalho-lpa4ts.pdf","unknown","gabarito/padrão de resposta","false","leitura parcial","OAB","OAB/FGV","37-exame","","","2023","","","local-only","3fe110e56f3676a25f461cdf7693377cbb58de7980592f1d3f4eaa49dee60d72","186091","baixa","unknown; gabarito/padrão de resposta; diretório/metadado OAB; sem disciplina confiável"
"storage/content/oab/37-exame/segunda-fase/padrao-de-respostas-definitivo-direito-empresarial-1tompn.pdf","unknown","gabarito/padrão de resposta","false","leitura parcial","OAB","OAB/FGV","37-exame","","","2023","Direito Empresarial","","local-only","5de71764097efcc796cadef61577512eaf6ce863e49107707e2354a034683558","217767","baixa","unknown; gabarito/padrão de resposta; diretório/metadado OAB; diretório/estrutura"
"storage/content/oab/37-exame/segunda-fase/padrao-de-respostas-definitivo-direito-penal-n36pbf.pdf","unknown","gabarito/padrão de resposta","false","leitura parcial","OAB","OAB/FGV","37-exame","","","2023","Direito Penal","","local-only","5972b7257149bc1ea5c5d47222d455fa3d84f10381d9a245a6602b66fafc6dcc","214285","baixa","unknown; gabarito/padrão de resposta; diretório/metadado OAB; diretório/estrutura"
"storage/content/oab/37-exame/segunda-fase/padrao-de-respostas-definitivo-direito-tributario-1g06zy.pdf","unknown","gabarito/padrão de resposta","false","leitura parcial","OAB","OAB/FGV","37-exame","","","2023","Direito Tributário","","local-only","30098f3607499766d8217ac1d4d07940ef7427ad94557229701c715e05cd8b81","180348","baixa","unknown; gabarito/padrão de resposta; diretório/metadado OAB; diretório/estrutura"
"storage/content/oab/37-exame/segunda-fase/padrao-de-respostas-direito-administrativo-fvg4da.pdf","unknown","gabarito/padrão de resposta","false","leitura parcial","OAB","OAB/FGV","37-exame","","","2023","Direito Administrativo","","local-only","2480a1376cbc8ee42373b4a1a1e427e35933240d9ae9e2af3dd38bd087847932","134343","baixa","unknown; gabarito/padrão de resposta; diretório/metadado OAB; diretório/estrutura"
"storage/content/oab/37-exame/segunda-fase/padrao-de-respostas-direito-civil-j7hn4q.pdf","unknown","gabarito/padrão de resposta","false","leitura parcial","OAB","OAB/FGV","37-exame","","","2023","","","local-only","05224039b06ed3c6106a515d5636f7a6cea3f0f0eb265d4ee4e05f322395d5ce","123074","baixa","unknown; gabarito/padrão de resposta; diretório/metadado OAB; sem disciplina confiável"
"storage/content/oab/37-exame/segunda-fase/padrao-de-respostas-direito-constitucional-1v7xa0.pdf","unknown","gabarito/padrão de resposta","false","leitura parcial","OAB","OAB/FGV","37-exame","","","2023","Direito Constitucional","","local-only","2de0bac345288dcb324b92c835aad18411c44343a06680a296eb63b7bcb03fca","206591","baixa","unknown; gabarito/padrão de resposta; diretório/metadado OAB; diretório/estrutura"
"storage/content/oab/37-exame/segunda-fase/padrao-de-respostas-direito-do-trabalho-76is7d.pdf","unknown","gabarito/padrão de resposta","false","leitura parcial","OAB","OAB/FGV","37-exame","","","2023","","","local-only","5d72ffadf4d3cbf317ad095abd03dba901d65c10275748c8240d9c75a87c6d63","131243","baixa","unknown; gabarito/padrão de resposta; diretório/metadado OAB; sem disciplina confiável"
"storage/content/oab/37-exame/segunda-fase/padrao-de-respostas-direito-empresarial-a9lvcy.pdf","unknown","gabarito/padrão de resposta","false","leitura parcial","OAB","OAB/FGV","37-exame","","","2023","Direito Empresarial","","local-only","d592b3a7b3391afa68ed0c7ffd8040ec3b5aa1ee50eca573d43f044fb80e52e9","210617","baixa","unknown; gabarito/padrão de resposta; diretório/metadado OAB; diretório/estrutura"
"storage/content/oab/37-exame/segunda-fase/padrao-de-respostas-direito-penal-z2poat.pdf","unknown","gabarito/padrão de resposta","false","leitura parcial","OAB","OAB/FGV","37-exame","","","2023","Direito Penal","","local-only","966056dc57d164b7bacf11a354405ce9d9967af1c25ecfe23958db8cb109e635","212961","baixa","unknown; gabarito/padrão de resposta; diretório/metadado OAB; diretório/estrutura"
"storage/content/oab/37-exame/segunda-fase/padrao-de-respostas-direito-tributario-1k3b7h.pdf","unknown","gabarito/padrão de resposta","false","leitura parcial","OAB","OAB/FGV","37-exame","","","2023","Direito Tributário","","local-only","888a8077fb84bf8a64b8725b7db5bdfa49105c0643a2c01f1b0cf89f5b15fed1","115177","baixa","unknown; gabarito/padrão de resposta; diretório/metadado OAB; diretório/estrutura"
"storage/content/oab/38-exame/gabaritos/gabaritos-definitivos-da-prova-objetiva-1-fase-usmjo3.pdf","pedagogical-content","gabarito/padrão de resposta","true","leitura parcial","OAB","OAB/FGV","38-exame","1ª fase OAB","","2023","","","local-only","0f523053c2d2b2878fb90da0f9e6d0924ce213f7b00e71f207751cc7ad311b77","77411","alta","pedagogical-content; gabarito/padrão de resposta; diretório/metadado OAB; sem disciplina confiável"
"storage/content/oab/38-exame/gabaritos/gabaritos-preliminares-da-prova-objetiva-1-fase-1mpipe.pdf","pedagogical-content","gabarito/padrão de resposta","true","leitura parcial","OAB","OAB/FGV","38-exame","1ª fase OAB","","2023","","","local-only","839b67430da567706f53a2754553b6989dd52c55460e6c98f8edc85d89bfb810","675049","alta","pedagogical-content; gabarito/padrão de resposta; diretório/metadado OAB; sem disciplina confiável"
"storage/content/oab/38-exame/metadata.json","pedagogical-container","container pedagógico","false","leitura bem-sucedida","OAB","OAB/FGV","38º Exame de Ordem Unificado","","","2026","","","local-only","7b4589866686e3ae2eb7da14f30c7f9287765a150a4bd8fd7fe8048d835de22a","8849","alta","pedagogical-container; container pedagógico; diretório/metadado OAB; sem disciplina confiável"
"storage/content/oab/38-exame/provas/caderno-de-prova-tipo-1-1nbviw.pdf","pedagogical-content","prova PDF","true","leitura parcial","OAB","OAB/FGV","38-exame","","","1988","","","local-only","f8dd9d365f057c1e8f75748ce80b555b93958fdf8f31a6222ef68ce30e9d333f","1180933","alta","pedagogical-content; prova PDF; diretório/metadado OAB; sem disciplina confiável"
"storage/content/oab/38-exame/provas/caderno-de-prova-tipo-2-1mav4h.pdf","pedagogical-content","prova PDF","true","leitura parcial","OAB","OAB/FGV","38-exame","","","2021","","","local-only","a2b5d1cda88529436c08d20fcd0066be565347fda0ee6035d9ef5a002231f770","1190578","alta","pedagogical-content; prova PDF; diretório/metadado OAB; sem disciplina confiável"
"storage/content/oab/38-exame/provas/caderno-de-prova-tipo-3-7avmbn.pdf","pedagogical-content","prova PDF","true","leitura parcial","OAB","OAB/FGV","38-exame","","","2021","","","local-only","32751b8aef9a05d4a361e9feaed69978d3b8c14654990970cc018ecf5038b5fa","1202995","alta","pedagogical-content; prova PDF; diretório/metadado OAB; sem disciplina confiável"
"storage/content/oab/38-exame/provas/caderno-de-prova-tipo-4-1l5upb.pdf","pedagogical-content","prova PDF","true","leitura parcial","OAB","OAB/FGV","38-exame","","","1988","","","local-only","80591ba4c12a843aa3dfdfea130a17358696a5381b11594fd96a54ca398f6a01","1188878","alta","pedagogical-content; prova PDF; diretório/metadado OAB; sem disciplina confiável"
"storage/content/oab/38-exame/provas/caderno-de-provas-direito-administrativo-1bumpr.pdf","pedagogical-content","prova PDF","true","leitura parcial","OAB","OAB/FGV","38-exame","","","2016","Direito Administrativo","","local-only","4725220d0702b0f5bf654a3c3125c2a334e79fac4945377de77af8d70812ec77","1198613","alta","pedagogical-content; prova PDF; diretório/metadado OAB; diretório/estrutura"
"storage/content/oab/38-exame/provas/caderno-de-provas-direito-civil-5fj6zx.pdf","pedagogical-content","prova PDF","true","leitura parcial","OAB","OAB/FGV","38-exame","","","","","","local-only","0fb6da1664a9a716eff9a6b8299c818c8196a3745fb7afcdd806b79b46434986","1193789","alta","pedagogical-content; prova PDF; diretório/metadado OAB; sem disciplina confiável"
"storage/content/oab/38-exame/provas/caderno-de-provas-direito-constitucional-18w6wa.pdf","pedagogical-content","prova PDF","true","leitura parcial","OAB","OAB/FGV","38-exame","","","","Direito Constitucional","","local-only","f4ec80357e32cae37f04bc9f29c327630c39e8e663071217eb1002596a140bdf","1205689","alta","pedagogical-content; prova PDF; diretório/metadado OAB; diretório/estrutura"
"storage/content/oab/38-exame/provas/caderno-de-provas-direito-do-trabalho-hk3g3g.pdf","pedagogical-content","prova PDF","true","leitura parcial","OAB","OAB/FGV","38-exame","","","2022","","","local-only","9a66729f1a1cb6df819c6ae840f67e4cd3221410e2da0029323fbce2bf97430a","1086550","alta","pedagogical-content; prova PDF; diretório/metadado OAB; sem disciplina confiável"
"storage/content/oab/38-exame/provas/caderno-de-provas-direito-empresarial-fury8p.pdf","pedagogical-content","prova PDF","true","leitura parcial","OAB","OAB/FGV","38-exame","","","2020","Direito Empresarial","","local-only","7e468fa03c8974fa1ce81d1ae8c54bf50cfd8ac421e01689ff7759bbca67fc90","1079870","alta","pedagogical-content; prova PDF; diretório/metadado OAB; diretório/estrutura"
"storage/content/oab/38-exame/provas/caderno-de-provas-direito-penal-1mu7gw.pdf","pedagogical-content","prova PDF","true","leitura parcial","OAB","OAB/FGV","38-exame","","","2017","Direito Penal","","local-only","bdc10dc7f95fc914c68cf2319cf42897660755649dc4d337115db83f64b99925","1227085","alta","pedagogical-content; prova PDF; diretório/metadado OAB; diretório/estrutura"
"storage/content/oab/38-exame/provas/caderno-de-provas-direito-tributario-1cunam.pdf","pedagogical-content","prova PDF","true","leitura parcial","OAB","OAB/FGV","38-exame","","","","Direito Tributário","","local-only","3cc43f7397b079ed74ac5eaff1b45682b91b5046a3418002ee866843ac48bd2c","1208520","alta","pedagogical-content; prova PDF; diretório/metadado OAB; diretório/estrutura"
"storage/content/oab/38-exame/questoes/questoes-extraidas.json","pedagogical-content","banco de questões","true","leitura bem-sucedida","OAB","OAB/FGV","38-exame","","FGV","1988","Ética Profissional","38o Exame OAB - Questao 1","local-only","cfa8200f95e04ca799c62a28945a022bd58c8cf1c2b4d5c94a778b60309b3622","135656","alta","pedagogical-content; banco de questões; diretório/metadado OAB; diretório/estrutura"
"storage/content/oab/38-exame/segunda-fase/padrao-de-respostas-definitivo-direito-administrativo-6os0md.pdf","unknown","gabarito/padrão de resposta","false","leitura parcial","OAB","OAB/FGV","38-exame","","","2023","Direito Administrativo","","local-only","a7999505c1b13f4141a88f00e2b3b59e60c29ef15a46d2d903b4fc4f3b07de92","530162","baixa","unknown; gabarito/padrão de resposta; diretório/metadado OAB; diretório/estrutura"
"storage/content/oab/38-exame/segunda-fase/padrao-de-respostas-definitivo-direito-civil-1mdt6c.pdf","unknown","gabarito/padrão de resposta","false","leitura parcial","OAB","OAB/FGV","38-exame","","","2023","","","local-only","916076ba9098d437dc76c04ff6e98e0f30852d1d2277310231b0108f41891668","628224","baixa","unknown; gabarito/padrão de resposta; diretório/metadado OAB; sem disciplina confiável"
"storage/content/oab/38-exame/segunda-fase/padrao-de-respostas-definitivo-direito-constitucional-wni1v0.pdf","unknown","gabarito/padrão de resposta","false","leitura parcial","OAB","OAB/FGV","38-exame","","","2023","Direito Constitucional","","local-only","2927c9c8da2d24eb209769d1da0851c2101afe579439b2068bcc382ed9c475ee","551783","baixa","unknown; gabarito/padrão de resposta; diretório/metadado OAB; diretório/estrutura"
"storage/content/oab/38-exame/segunda-fase/padrao-de-respostas-definitivo-direito-do-trabalho-1grxnv.pdf","unknown","gabarito/padrão de resposta","false","leitura parcial","OAB","OAB/FGV","38-exame","","","2023","","","local-only","a3abb37bc2f3f8e97e5516fdf39249658fd7e38fc30607bcd170156f8345cfd4","534695","baixa","unknown; gabarito/padrão de resposta; diretório/metadado OAB; sem disciplina confiável"
"storage/content/oab/38-exame/segunda-fase/padrao-de-respostas-definitivo-direito-empresarial-o4wpjx.pdf","unknown","gabarito/padrão de resposta","false","leitura parcial","OAB","OAB/FGV","38-exame","","","2023","Direito Empresarial","","local-only","88f6e1ba57984abfa3dc697038a7cb2f7bff04293add47032f90bf7ca88b6a4c","484452","baixa","unknown; gabarito/padrão de resposta; diretório/metadado OAB; diretório/estrutura"
"storage/content/oab/38-exame/segunda-fase/padrao-de-respostas-definitivo-direito-penal-1qv6tu.pdf","unknown","gabarito/padrão de resposta","false","leitura parcial","OAB","OAB/FGV","38-exame","","","2023","Direito Penal","","local-only","9866e5c45f3217e121b0039bc12d78ecae87e5179174e8457fb3784ae41fdb67","627571","baixa","unknown; gabarito/padrão de resposta; diretório/metadado OAB; diretório/estrutura"
"storage/content/oab/38-exame/segunda-fase/padrao-de-respostas-definitivo-direito-tributario-1ct25d.pdf","unknown","gabarito/padrão de resposta","false","leitura parcial","OAB","OAB/FGV","38-exame","","","2023","Direito Tributário","","local-only","8f250f24411b76e70cb241849fbd4bae191f86eec42d7564e913b950de3cf4c6","534846","baixa","unknown; gabarito/padrão de resposta; diretório/metadado OAB; diretório/estrutura"
"storage/content/oab/38-exame/segunda-fase/padrao-de-respostas-direito-administrativo-1jmz6a.pdf","unknown","gabarito/padrão de resposta","false","leitura parcial","OAB","OAB/FGV","38-exame","","","2023","Direito Administrativo","","local-only","3f32eb35b1525f4862cfbdba578beb84bc46423aa5fa3b4460a16f24e0ecd4e6","502019","baixa","unknown; gabarito/padrão de resposta; diretório/metadado OAB; diretório/estrutura"
"storage/content/oab/38-exame/segunda-fase/padrao-de-respostas-direito-civil-1l9t55.pdf","unknown","gabarito/padrão de resposta","false","leitura parcial","OAB","OAB/FGV","38-exame","","","2023","","","local-only","24da1cea87336592994118516b88d820ae6b6a77917d315089a38f305375e43f","584049","baixa","unknown; gabarito/padrão de resposta; diretório/metadado OAB; sem disciplina confiável"
"storage/content/oab/38-exame/segunda-fase/padrao-de-respostas-direito-constitucional-1tirm8.pdf","unknown","gabarito/padrão de resposta","false","leitura parcial","OAB","OAB/FGV","38-exame","","","2023","Direito Constitucional","","local-only","411a31915c442ef6d8561233951cb44b74fd75a878084a0af5f2353ca789de95","526768","baixa","unknown; gabarito/padrão de resposta; diretório/metadado OAB; diretório/estrutura"
"storage/content/oab/38-exame/segunda-fase/padrao-de-respostas-direito-do-trabalho-dff67x.pdf","unknown","gabarito/padrão de resposta","false","leitura parcial","OAB","OAB/FGV","38-exame","","","2023","","","local-only","e776b55ba5b3c00f88951fb2bd180385ed5ff8aa6022a24dac971cdd0882df30","517602","baixa","unknown; gabarito/padrão de resposta; diretório/metadado OAB; sem disciplina confiável"
"storage/content/oab/38-exame/segunda-fase/padrao-de-respostas-direito-empresarial-1ezgko.pdf","unknown","gabarito/padrão de resposta","false","leitura parcial","OAB","OAB/FGV","38-exame","","","2023","Direito Empresarial","","local-only","45252f267755245521d4c90a1ccb31bcbf10003fea13ae18e9b3383c69b407d4","456291","baixa","unknown; gabarito/padrão de resposta; diretório/metadado OAB; diretório/estrutura"
"storage/content/oab/38-exame/segunda-fase/padrao-de-respostas-direito-penal-16mi7m.pdf","unknown","gabarito/padrão de resposta","false","leitura parcial","OAB","OAB/FGV","38-exame","","","2023","Direito Penal","","local-only","90e61f89ffb520651a0fd82abe4e0b5819f0d7f6ce3640e46c9669f731dcc83b","574257","baixa","unknown; gabarito/padrão de resposta; diretório/metadado OAB; diretório/estrutura"
"storage/content/oab/38-exame/segunda-fase/padrao-de-respostas-direito-tributario-1glj22.pdf","unknown","gabarito/padrão de resposta","false","leitura parcial","OAB","OAB/FGV","38-exame","","","2023","Direito Tributário","","local-only","32ad7f6777b04e6f25d3c9988ce86943efc3d92bfca28eb69e8d9f4ed300383a","507824","baixa","unknown; gabarito/padrão de resposta; diretório/metadado OAB; diretório/estrutura"
"storage/content/oab/39-exame/gabaritos/gabaritos-definitivos-da-prova-objetiva-1-fase-1yuivs.pdf","pedagogical-content","gabarito/padrão de resposta","true","leitura parcial","OAB","OAB/FGV","39-exame","1ª fase OAB","","2023","","","local-only","6a730564fbad529eee715e87a5d6f310c5ac4d0df7a19200ec45cd80b1761b71","86039","alta","pedagogical-content; gabarito/padrão de resposta; diretório/metadado OAB; sem disciplina confiável"
"storage/content/oab/39-exame/gabaritos/gabaritos-preliminares-da-prova-objetiva-1-fase-8lt9zn.pdf","pedagogical-content","gabarito/padrão de resposta","true","leitura parcial","OAB","OAB/FGV","39-exame","1ª fase OAB","","2023","","","local-only","4a0b4513b7623d8e6782b873d14c7f4599870968570eddd354e0ab0ca3e4a8fc","631883","alta","pedagogical-content; gabarito/padrão de resposta; diretório/metadado OAB; sem disciplina confiável"
"storage/content/oab/39-exame/metadata.json","pedagogical-container","container pedagógico","false","leitura bem-sucedida","OAB","OAB/FGV","39º Exame de Ordem Unificado","","","2026","","","local-only","d813e3389fdc02adcd0ec78a361cfc5a3e13d67d51f7be995040dd8a026db262","8368","alta","pedagogical-container; container pedagógico; diretório/metadado OAB; sem disciplina confiável"
"storage/content/oab/39-exame/provas/caderno-de-prova-tipo-1-1pymkz.pdf","pedagogical-content","prova PDF","true","leitura parcial","OAB","OAB/FGV","39-exame","","","2022","","","local-only","15e84147f9a00e2a97eba7d72b252aeb0846190b2d6371658a2b013d920193e8","1108259","alta","pedagogical-content; prova PDF; diretório/metadado OAB; sem disciplina confiável"
"storage/content/oab/39-exame/provas/caderno-de-prova-tipo-2-1vjx7k.pdf","pedagogical-content","prova PDF","true","leitura parcial","OAB","OAB/FGV","39-exame","","","2022","","","local-only","e26371effef064bb594764550e64f135132befa7a8e5cad44e5685aee7aff58f","1104487","alta","pedagogical-content; prova PDF; diretório/metadado OAB; sem disciplina confiável"
"storage/content/oab/39-exame/provas/caderno-de-prova-tipo-3-dyajpx.pdf","pedagogical-content","prova PDF","true","leitura parcial","OAB","OAB/FGV","39-exame","","","1988","","","local-only","b9a66d66dbe8b6f559ee1aa1c5285a354a8b3729024ca19bf499f307e9a537a1","1104818","alta","pedagogical-content; prova PDF; diretório/metadado OAB; sem disciplina confiável"
"storage/content/oab/39-exame/provas/caderno-de-prova-tipo-4-1eaotd.pdf","pedagogical-content","prova PDF","true","leitura parcial","OAB","OAB/FGV","39-exame","","","2019","","","local-only","e84e2ec159c9ae062259efbfd5662daac72cffe8872214a7e9fbb982a17da1bf","1108840","alta","pedagogical-content; prova PDF; diretório/metadado OAB; sem disciplina confiável"
"storage/content/oab/39-exame/provas/caderno-de-provas-direito-administrativo-1djqac.pdf","pedagogical-content","prova PDF","true","leitura parcial","OAB","OAB/FGV","39-exame","","","2022","Direito Administrativo","","local-only","282ecffda4c92ff92d7241f4afcea78c5d5c7b34c6b586212bd5ec73ae3a34eb","1176449","alta","pedagogical-content; prova PDF; diretório/metadado OAB; diretório/estrutura"
"storage/content/oab/39-exame/provas/caderno-de-provas-direito-civil-1nar5n.pdf","pedagogical-content","prova PDF","true","leitura parcial","OAB","OAB/FGV","39-exame","","","2022","","","local-only","e6dc2f58d9b1d32ed9d1a902ecb93ce9caa0abb99a68b67b742984cd9dbaa468","1181739","alta","pedagogical-content; prova PDF; diretório/metadado OAB; sem disciplina confiável"
"storage/content/oab/39-exame/provas/caderno-de-provas-direito-constitucional-18zaa7.pdf","pedagogical-content","prova PDF","true","leitura parcial","OAB","OAB/FGV","39-exame","","","1988","Direito Constitucional","","local-only","69272c4a535a2bb91fd7d3a5ce753d6a17181e7fcc06068e1cecc79934fc9591","1177449","alta","pedagogical-content; prova PDF; diretório/metadado OAB; diretório/estrutura"
"storage/content/oab/39-exame/provas/caderno-de-provas-direito-do-trabalho-164r3l.pdf","pedagogical-content","prova PDF","true","leitura parcial","OAB","OAB/FGV","39-exame","","","2024","","","local-only","05136c200537eed273176ed12c5954ed227a0f0d952ccb2bb31f708afa67c555","744571","alta","pedagogical-content; prova PDF; diretório/metadado OAB; sem disciplina confiável"
"storage/content/oab/39-exame/provas/caderno-de-provas-direito-empresarial-i3q3x5.pdf","pedagogical-content","prova PDF","true","leitura parcial","OAB","OAB/FGV","39-exame","","","1973","Direito Empresarial","","local-only","c504a16f51f27471102bf6b073a1b350bf2d8cd74b7efb129b2d351f1aa37a3a","1089654","alta","pedagogical-content; prova PDF; diretório/metadado OAB; diretório/estrutura"
"storage/content/oab/39-exame/provas/caderno-de-provas-direito-penal-cvz7rh.pdf","pedagogical-content","prova PDF","true","leitura parcial","OAB","OAB/FGV","39-exame","","","2020","Direito Penal","","local-only","0ae34e81bdca604c79afac843eba91bdc69faa0cc2d05457b0df4b794f59958b","1183887","alta","pedagogical-content; prova PDF; diretório/metadado OAB; diretório/estrutura"
"storage/content/oab/39-exame/provas/caderno-de-provas-direito-tributario-1nrwxp.pdf","pedagogical-content","prova PDF","true","leitura parcial","OAB","OAB/FGV","39-exame","","","2022","Direito Tributário","","local-only","e4fb567fbe91fda60ae9075623b06087b50304e2daae4734727a31865b25d347","1190393","alta","pedagogical-content; prova PDF; diretório/metadado OAB; diretório/estrutura"
"storage/content/oab/39-exame/questoes/questoes-extraidas.json","pedagogical-content","banco de questões","true","leitura bem-sucedida","OAB","OAB/FGV","39-exame","","FGV","1988","Ética Profissional","39o Exame OAB - Questao 1","local-only","6a7c42dfd45a36dcd2fd90e09d2dfd5ba264f83329b258d8d2b7256d77df2377","137357","alta","pedagogical-content; banco de questões; diretório/metadado OAB; diretório/estrutura"
"storage/content/oab/39-exame/segunda-fase/padrao-de-respostas-definitivo-direito-administrativo-1kin31.pdf","unknown","gabarito/padrão de resposta","false","leitura parcial","OAB","OAB/FGV","39-exame","","","2024","Direito Administrativo","","local-only","d24fed41f497c6a7e82b88a751924eee34d18a2da6d7c498fe59ce16bb3581eb","150929","baixa","unknown; gabarito/padrão de resposta; diretório/metadado OAB; diretório/estrutura"
"storage/content/oab/39-exame/segunda-fase/padrao-de-respostas-definitivo-direito-civil-196zix.pdf","unknown","gabarito/padrão de resposta","false","leitura parcial","OAB","OAB/FGV","39-exame","","","2024","","","local-only","5468cba5cd847a77bd4836878cb7a220902a27cb34c6773867e23f654bc36e55","144458","baixa","unknown; gabarito/padrão de resposta; diretório/metadado OAB; sem disciplina confiável"
"storage/content/oab/39-exame/segunda-fase/padrao-de-respostas-definitivo-direito-constitucional-eurrpr.pdf","unknown","gabarito/padrão de resposta","false","leitura parcial","OAB","OAB/FGV","39-exame","","","2024","Direito Constitucional","","local-only","d6201b50966983dc49bd1582a645d5ceb9b9f87b681483a80f25f86478741d93","147109","baixa","unknown; gabarito/padrão de resposta; diretório/metadado OAB; diretório/estrutura"
"storage/content/oab/39-exame/segunda-fase/padrao-de-respostas-definitivo-direito-do-trabalho-1jj5vj.pdf","unknown","gabarito/padrão de resposta","false","leitura parcial","OAB","OAB/FGV","39-exame","","","2024","","","local-only","b4c0cc923312d902f8b42d86d167292283839eaefabaccc007deff70b10fdde9","140595","baixa","unknown; gabarito/padrão de resposta; diretório/metadado OAB; sem disciplina confiável"
"storage/content/oab/39-exame/segunda-fase/padrao-de-respostas-definitivo-direito-empresarial-1f9mt6.pdf","unknown","gabarito/padrão de resposta","false","leitura parcial","OAB","OAB/FGV","39-exame","","","2024","Direito Empresarial","","local-only","d122a047eb736365db8679088cede9748719c129b2fd43b2996b2187c4ac4aa3","143208","baixa","unknown; gabarito/padrão de resposta; diretório/metadado OAB; diretório/estrutura"
"storage/content/oab/39-exame/segunda-fase/padrao-de-respostas-definitivo-direito-penal-1slc13.pdf","unknown","gabarito/padrão de resposta","false","leitura parcial","OAB","OAB/FGV","39-exame","","","2024","Direito Penal","","local-only","96b6f07ef14e12084c14506bd815283c2d679942bf0567af8956e1959b735091","153378","baixa","unknown; gabarito/padrão de resposta; diretório/metadado OAB; diretório/estrutura"
"storage/content/oab/39-exame/segunda-fase/padrao-de-respostas-definitivo-direito-tributario-s78lny.pdf","unknown","gabarito/padrão de resposta","false","leitura parcial","OAB","OAB/FGV","39-exame","","","2024","Direito Tributário","","local-only","e9c90d6985bd95fa918c368b345deaf30c76322f5bffe5c3bf3564c573b01e26","157664","baixa","unknown; gabarito/padrão de resposta; diretório/metadado OAB; diretório/estrutura"
"storage/content/oab/39-exame/segunda-fase/padrao-de-respostas-direito-administrativo-1ymn94.pdf","unknown","gabarito/padrão de resposta","false","leitura parcial","OAB","OAB/FGV","39-exame","","","2024","Direito Administrativo","","local-only","23bb4e3c03020596f07e3b81778457ac1210b2511609f6afd7082f2324a39f29","764736","baixa","unknown; gabarito/padrão de resposta; diretório/metadado OAB; diretório/estrutura"
"storage/content/oab/39-exame/segunda-fase/padrao-de-respostas-direito-civil-enaxm7.pdf","unknown","gabarito/padrão de resposta","false","leitura parcial","OAB","OAB/FGV","39-exame","","","2024","","","local-only","d1c6eed0d2a36d7cf667a79b899ad3b05e3770ff986f8d50fd0804dade655bb4","131578","baixa","unknown; gabarito/padrão de resposta; diretório/metadado OAB; sem disciplina confiável"
"storage/content/oab/39-exame/segunda-fase/padrao-de-respostas-direito-constitucional-1b9qos.pdf","unknown","gabarito/padrão de resposta","false","leitura parcial","OAB","OAB/FGV","39-exame","","","2024","Direito Constitucional","","local-only","90065457624bfbe164274599ede66623a57949814341209ac0b6fef0e837f712","130218","baixa","unknown; gabarito/padrão de resposta; diretório/metadado OAB; diretório/estrutura"
"storage/content/oab/39-exame/segunda-fase/padrao-de-respostas-direito-do-trabalho-1trj21.pdf","unknown","gabarito/padrão de resposta","false","leitura parcial","OAB","OAB/FGV","39-exame","","","2024","","","local-only","fae2b0b8d21c88c178aec167b90a686494c39111041d9cfcf6294221b71f61bd","744655","baixa","unknown; gabarito/padrão de resposta; diretório/metadado OAB; sem disciplina confiável"
"storage/content/oab/39-exame/segunda-fase/padrao-de-respostas-direito-empresarial-1jlxb5.pdf","unknown","gabarito/padrão de resposta","false","leitura parcial","OAB","OAB/FGV","39-exame","","","2024","Direito Empresarial","","local-only","c49d8b46904e3f4fe599c6d8295f5186bf06ce6226686d77f90773f665c9fe45","127690","baixa","unknown; gabarito/padrão de resposta; diretório/metadado OAB; diretório/estrutura"
"storage/content/oab/39-exame/segunda-fase/padrao-de-respostas-direito-penal-a65p63.pdf","unknown","gabarito/padrão de resposta","false","leitura parcial","OAB","OAB/FGV","39-exame","","","2024","Direito Penal","","local-only","5b154a921d1162320afe10597ff61daa56a46e1632b5f0642bf57f29b6dfb656","138236","baixa","unknown; gabarito/padrão de resposta; diretório/metadado OAB; diretório/estrutura"
"storage/content/oab/39-exame/segunda-fase/padrao-de-respostas-direito-tributario-1ezul1.pdf","unknown","gabarito/padrão de resposta","false","leitura parcial","OAB","OAB/FGV","39-exame","","","2024","Direito Tributário","","local-only","90127092336afa58d038cf811c2708a1083edd828d3f70b93445f97418c65b1d","135292","baixa","unknown; gabarito/padrão de resposta; diretório/metadado OAB; diretório/estrutura"
"storage/content/oab/4-exame/metadata.json","pedagogical-container","container pedagógico","false","leitura bem-sucedida","OAB","OAB/FGV","4º Exame de Ordem Unificado","","","2026","","","local-only","bb6591fc128589380e8027b0fea24fb9f7394c9875cc3d09e5def17e4443dc77","182","alta","pedagogical-container; container pedagógico; diretório/metadado OAB; sem disciplina confiável"
"storage/content/oab/40-exame/gabaritos/gabaritos-definitivos-da-prova-objetiva-1-fase-666q9e.pdf","pedagogical-content","gabarito/padrão de resposta","true","leitura parcial","OAB","OAB/FGV","40-exame","1ª fase OAB","","2024","","","local-only","dd2c814108d074878fde6b75cc4014ef79dec41b710d4d920d5c88f99ba515b3","244619","alta","pedagogical-content; gabarito/padrão de resposta; diretório/metadado OAB; sem disciplina confiável"
"storage/content/oab/40-exame/gabaritos/gabaritos-preliminares-da-prova-objetiva-1-fase-11gyjn.pdf","pedagogical-content","gabarito/padrão de resposta","true","leitura parcial","OAB","OAB/FGV","40-exame","1ª fase OAB","","2024","","","local-only","1e76d435bff4102e37e27b10982d4bcce66b5a8550059fdf1094a074bef254a7","603863","alta","pedagogical-content; gabarito/padrão de resposta; diretório/metadado OAB; sem disciplina confiável"
"storage/content/oab/40-exame/metadata.json","pedagogical-container","container pedagógico","false","leitura bem-sucedida","OAB","OAB/FGV","40º Exame de Ordem Unificado","","","2026","","","local-only","20b957281a8e9610ae5f13ac2db2659d6834d7a6666948ca87b84c040f6cc42a","8687","alta","pedagogical-container; container pedagógico; diretório/metadado OAB; sem disciplina confiável"
"storage/content/oab/40-exame/provas/caderno-de-prova-tipo-1-v2h0ss.pdf","pedagogical-content","prova PDF","true","leitura parcial","OAB","OAB/FGV","40-exame","","","1988","","","local-only","e1bc9e1e85ea761ebfc2119af2b6e1bddbd9c1e4709c640325d0c8093031009d","341069","alta","pedagogical-content; prova PDF; diretório/metadado OAB; sem disciplina confiável"
"storage/content/oab/40-exame/provas/caderno-de-prova-tipo-2-1u8tfi.pdf","pedagogical-content","prova PDF","true","leitura parcial","OAB","OAB/FGV","40-exame","","","1988","","","local-only","afeed0a87fd1534054bb99a06a686fae1c346c6385bb582fe309dd5105cefb30","1101755","alta","pedagogical-content; prova PDF; diretório/metadado OAB; sem disciplina confiável"
"storage/content/oab/40-exame/provas/caderno-de-prova-tipo-3-1m9zvk.pdf","pedagogical-content","prova PDF","true","leitura parcial","OAB","OAB/FGV","40-exame","","","1988","","","local-only","bfcbb7aef627336fcc27b84d499186997f46832344e1681ed0dcca5b03ca3eca","1117224","alta","pedagogical-content; prova PDF; diretório/metadado OAB; sem disciplina confiável"
"storage/content/oab/40-exame/provas/caderno-de-prova-tipo-4-1wkrzb.pdf","pedagogical-content","prova PDF","true","leitura parcial","OAB","OAB/FGV","40-exame","","","1988","","","local-only","5105c04b22c3009ea58f9816f522feb056277f468ce919c870863d190cc393af","1102422","alta","pedagogical-content; prova PDF; diretório/metadado OAB; sem disciplina confiável"
"storage/content/oab/40-exame/provas/caderno-de-provas-direito-administrativo-1375r6.pdf","pedagogical-content","prova PDF","true","leitura parcial","OAB","OAB/FGV","40-exame","","","2024","Direito Administrativo","","local-only","871906ec83294539e122e9f013f4547a26c9bea40ffba68465d5ab8c904cdfad","508329","alta","pedagogical-content; prova PDF; diretório/metadado OAB; diretório/estrutura"
"storage/content/oab/40-exame/provas/caderno-de-provas-direito-civil-1w4h9u.pdf","pedagogical-content","prova PDF","true","leitura parcial","OAB","OAB/FGV","40-exame","","","2018","","","local-only","f82330cc9202ce53cf3b0adc1d402e5c86854bf540335fa492c0f6818b33a43c","515076","alta","pedagogical-content; prova PDF; diretório/metadado OAB; sem disciplina confiável"
"storage/content/oab/40-exame/provas/caderno-de-provas-direito-constitucional-1dil97.pdf","pedagogical-content","prova PDF","true","leitura parcial","OAB","OAB/FGV","40-exame","","","1988","Direito Constitucional","","local-only","b2fd2f8f0566576028566256a1bdef278a84b834cdc56d7a95670f3b2368215b","520416","alta","pedagogical-content; prova PDF; diretório/metadado OAB; diretório/estrutura"
"storage/content/oab/40-exame/provas/caderno-de-provas-direito-do-trabalho-17epf5.pdf","pedagogical-content","prova PDF","true","leitura parcial","OAB","OAB/FGV","40-exame","","","2024","","","local-only","c6857c29fea702c4f0444bc65af64ced2b738896208c36e205794e1a1ab1d0de","498134","alta","pedagogical-content; prova PDF; diretório/metadado OAB; sem disciplina confiável"
"storage/content/oab/40-exame/provas/caderno-de-provas-direito-empresarial-8dlhhq.pdf","pedagogical-content","prova PDF","true","leitura parcial","OAB","OAB/FGV","40-exame","","","2022","Direito Empresarial","","local-only","0a60465438af6939fdcf3d8edeed92966fd966f74d72b31538ff0506d6b2679d","640330","alta","pedagogical-content; prova PDF; diretório/metadado OAB; diretório/estrutura"
"storage/content/oab/40-exame/provas/caderno-de-provas-direito-penal-1eev3u.pdf","pedagogical-content","prova PDF","true","leitura parcial","OAB","OAB/FGV","40-exame","","","2023","Direito Penal","","local-only","ff610e1606be99016299e4f02dc2b74971022770b62ba6126187b00e2cb5e750","513240","alta","pedagogical-content; prova PDF; diretório/metadado OAB; diretório/estrutura"
"storage/content/oab/40-exame/provas/caderno-de-provas-direito-tributario-1std0g.pdf","pedagogical-content","prova PDF","true","leitura parcial","OAB","OAB/FGV","40-exame","","","2024","Direito Tributário","","local-only","8d57bfc199b86bfaf7fbf57520226f1086377005de26cebe4d01f12b4829ed09","509443","alta","pedagogical-content; prova PDF; diretório/metadado OAB; diretório/estrutura"
"storage/content/oab/40-exame/questoes/questoes-extraidas.json","pedagogical-content","banco de questões","true","leitura bem-sucedida","OAB","OAB/FGV","40-exame","","FGV","1988","Ética Profissional","40o Exame OAB - Questao 1","local-only","b997a5bb61b240d285dd324c1e688ddb6d40265a8213dbf1f6334d904822745b","135871","alta","pedagogical-content; banco de questões; diretório/metadado OAB; diretório/estrutura"
"storage/content/oab/40-exame/segunda-fase/padrao-de-respostas-definitivo-direito-administrativo-15v5yx.pdf","unknown","gabarito/padrão de resposta","false","leitura parcial","OAB","OAB/FGV","40-exame","","","2024","Direito Administrativo","","local-only","a47ca9fd4325ccfca6e647d934df61a2db71e248846806564027a8872694bb67","3133264","baixa","unknown; gabarito/padrão de resposta; diretório/metadado OAB; diretório/estrutura"
"storage/content/oab/40-exame/segunda-fase/padrao-de-respostas-definitivo-direito-civil-wjs9ii.pdf","unknown","gabarito/padrão de resposta","false","leitura parcial","OAB","OAB/FGV","40-exame","","","2024","","","local-only","822919b8ba215bd2bf2078542f69dc8921e0ade04c1c413949f80a9565501cb2","3765060","baixa","unknown; gabarito/padrão de resposta; diretório/metadado OAB; sem disciplina confiável"
"storage/content/oab/40-exame/segunda-fase/padrao-de-respostas-definitivo-direito-constitucional-ijy3ji.pdf","unknown","gabarito/padrão de resposta","false","leitura parcial","OAB","OAB/FGV","40-exame","","","2024","Direito Constitucional","","local-only","cfe7199804ac6ccaa55d2369db5ebd867591241d2ea9d43686ac75f7792ee055","650478","baixa","unknown; gabarito/padrão de resposta; diretório/metadado OAB; diretório/estrutura"
"storage/content/oab/40-exame/segunda-fase/padrao-de-respostas-definitivo-direito-do-trabalho-u3z2ve.pdf","unknown","gabarito/padrão de resposta","false","leitura parcial","OAB","OAB/FGV","40-exame","","","2024","","","local-only","b01b5a2b395e8bc615c10fcb180484f64456111a4521d20f765542545f8c4326","2850007","baixa","unknown; gabarito/padrão de resposta; diretório/metadado OAB; sem disciplina confiável"
"storage/content/oab/40-exame/segunda-fase/padrao-de-respostas-definitivo-direito-empresarial-1w1l2z.pdf","unknown","gabarito/padrão de resposta","false","leitura parcial","OAB","OAB/FGV","40-exame","","","2024","Direito Empresarial","","local-only","336b8ae98d379d438d4a92a31c14ee765f3cb3d32fe77546288917548784831c","4155381","baixa","unknown; gabarito/padrão de resposta; diretório/metadado OAB; diretório/estrutura"
"storage/content/oab/40-exame/segunda-fase/padrao-de-respostas-definitivo-direito-penal-x10hlz.pdf","unknown","gabarito/padrão de resposta","false","leitura parcial","OAB","OAB/FGV","40-exame","","","2024","Direito Penal","","local-only","0b05bab1cba7635e647bd50183cb72ec388d7738d833ad9e822635c50dc9ef83","2840569","baixa","unknown; gabarito/padrão de resposta; diretório/metadado OAB; diretório/estrutura"
"storage/content/oab/40-exame/segunda-fase/padrao-de-respostas-definitivo-direito-tributario-bflel3.pdf","unknown","gabarito/padrão de resposta","false","leitura parcial","OAB","OAB/FGV","40-exame","","","2024","Direito Tributário","","local-only","6f42ba22d7350f18b4d1f05af0962aae45de3efaae51e79938bc6224e40887e0","3487574","baixa","unknown; gabarito/padrão de resposta; diretório/metadado OAB; diretório/estrutura"
"storage/content/oab/40-exame/segunda-fase/padrao-de-respostas-direito-administrativo-o75rin.pdf","unknown","gabarito/padrão de resposta","false","leitura parcial","OAB","OAB/FGV","40-exame","","","2024","Direito Administrativo","","local-only","c8a866a06075833edc4699ca7b42c2cb95b4028049ce0342d740c74601f9bf83","571331","baixa","unknown; gabarito/padrão de resposta; diretório/metadado OAB; diretório/estrutura"
"storage/content/oab/40-exame/segunda-fase/padrao-de-respostas-direito-civil-r3kcu4.pdf","unknown","gabarito/padrão de resposta","false","leitura parcial","OAB","OAB/FGV","40-exame","","","2024","","","local-only","191cc46706a1280d8b24e55419fe162e33c4251fb65f2a10b532a889dde693bf","611760","baixa","unknown; gabarito/padrão de resposta; diretório/metadado OAB; sem disciplina confiável"
"storage/content/oab/40-exame/segunda-fase/padrao-de-respostas-direito-constitucional-1q0ky5.pdf","unknown","gabarito/padrão de resposta","false","leitura parcial","OAB","OAB/FGV","40-exame","","","2024","Direito Constitucional","","local-only","674fc8cd15f67a65c4e35d1023d9faccca7ee9eb38c27bed85aec46b87a10cb4","603677","baixa","unknown; gabarito/padrão de resposta; diretório/metadado OAB; diretório/estrutura"
"storage/content/oab/40-exame/segunda-fase/padrao-de-respostas-direito-do-trabalho-55cg8q.pdf","unknown","gabarito/padrão de resposta","false","leitura parcial","OAB","OAB/FGV","40-exame","","","2024","","","local-only","4a086d297b6b11eb8351d47038f5e400608c364aa85e426ceb33793db49a5243","494722","baixa","unknown; gabarito/padrão de resposta; diretório/metadado OAB; sem disciplina confiável"
"storage/content/oab/40-exame/segunda-fase/padrao-de-respostas-direito-empresarial-l2gki1.pdf","unknown","gabarito/padrão de resposta","false","leitura parcial","OAB","OAB/FGV","40-exame","","","2024","Direito Empresarial","","local-only","91cced1ab25f5f6b630ab7e8aec8fc62c59efc0af0dedc0ca7cb627f3e6bcebb","508076","baixa","unknown; gabarito/padrão de resposta; diretório/metadado OAB; diretório/estrutura"
"storage/content/oab/40-exame/segunda-fase/padrao-de-respostas-direito-penal-1pwjm8.pdf","unknown","gabarito/padrão de resposta","false","leitura parcial","OAB","OAB/FGV","40-exame","","","2024","Direito Penal","","local-only","41e666e86677190342b7b168d66dde5a860af3453169cfaa89575436371e5bb5","610407","baixa","unknown; gabarito/padrão de resposta; diretório/metadado OAB; diretório/estrutura"
"storage/content/oab/40-exame/segunda-fase/padrao-de-respostas-direito-tributario-1l9yzt.pdf","unknown","gabarito/padrão de resposta","false","leitura parcial","OAB","OAB/FGV","40-exame","","","2024","Direito Tributário","","local-only","3e5ce2b38f63eba006c894faa2f10a21867762ba4592ec714d3e6585a071a1dd","613500","baixa","unknown; gabarito/padrão de resposta; diretório/metadado OAB; diretório/estrutura"
"storage/content/oab/41-exame/gabaritos/gabaritos-definitivos-da-prova-objetiva-1-fase-1agscl.pdf","pedagogical-content","gabarito/padrão de resposta","true","leitura parcial","OAB","OAB/FGV","41-exame","1ª fase OAB","","2024","","","local-only","13df9bd8ab4dcd0c7cef4b152b3162f2f9b3b70b1163358ca3ad5d3a8b9c745e","84844","alta","pedagogical-content; gabarito/padrão de resposta; diretório/metadado OAB; sem disciplina confiável"
"storage/content/oab/41-exame/gabaritos/gabaritos-preliminares-da-prova-objetiva-1-fase-gdwb78.pdf","pedagogical-content","gabarito/padrão de resposta","true","leitura parcial","OAB","OAB/FGV","41-exame","1ª fase OAB","","2024","","","local-only","8207cfd14477c9cd6ffbb7c4579c1328ed698063bb09312781ae1bdca6f8c3f5","255635","alta","pedagogical-content; gabarito/padrão de resposta; diretório/metadado OAB; sem disciplina confiável"
"storage/content/oab/41-exame/metadata.json","pedagogical-container","container pedagógico","false","leitura bem-sucedida","OAB","OAB/FGV","41º Exame de Ordem Unificado","","","2026","","","local-only","0b65457e3714919f4da937f7b84883d2ba166b40eb9bd2598f5b0f3d37861da4","8613","alta","pedagogical-container; container pedagógico; diretório/metadado OAB; sem disciplina confiável"
"storage/content/oab/41-exame/provas/caderno-de-prova-tipo-1-19epxk.pdf","pedagogical-content","prova PDF","true","leitura parcial","OAB","OAB/FGV","41-exame","","","2020","","","local-only","e8d2e14d699ff8ed4c047574def10130ace6dc9c04d8e35fbf048426472b7714","552356","alta","pedagogical-content; prova PDF; diretório/metadado OAB; sem disciplina confiável"
"storage/content/oab/41-exame/provas/caderno-de-prova-tipo-2-9nh7u7.pdf","pedagogical-content","prova PDF","true","leitura parcial","OAB","OAB/FGV","41-exame","","","1988","","","local-only","e61e4c6951544ccd4b2cae8d871d029370082c3509653d01d2c658fe439c901b","549735","alta","pedagogical-content; prova PDF; diretório/metadado OAB; sem disciplina confiável"
"storage/content/oab/41-exame/provas/caderno-de-prova-tipo-3-9n0sub.pdf","pedagogical-content","prova PDF","true","leitura parcial","OAB","OAB/FGV","41-exame","","","1988","","","local-only","8f7d1f64625fb507553294b078fc6a19f302725a8ec0d13087e8cc30a13764b3","552828","alta","pedagogical-content; prova PDF; diretório/metadado OAB; sem disciplina confiável"
"storage/content/oab/41-exame/provas/caderno-de-prova-tipo-4-13yqqo.pdf","pedagogical-content","prova PDF","true","leitura parcial","OAB","OAB/FGV","41-exame","","","1988","","","local-only","303fb0a4a47c03a0353417aecffab455934e817de6666371343f21cb77dd7312","550389","alta","pedagogical-content; prova PDF; diretório/metadado OAB; sem disciplina confiável"
"storage/content/oab/41-exame/provas/caderno-de-provas-direito-administrativo-402my0.pdf","pedagogical-content","prova PDF","true","leitura parcial","OAB","OAB/FGV","41-exame","","","","Direito Administrativo","","local-only","6191aeafbe6f701bd494853d16902749bdae8fc8ab08f7018ec1ce9a6cc755d3","516131","alta","pedagogical-content; prova PDF; diretório/metadado OAB; diretório/estrutura"
"storage/content/oab/41-exame/provas/caderno-de-provas-direito-civil-1o4o4r.pdf","pedagogical-content","prova PDF","true","leitura parcial","OAB","OAB/FGV","41-exame","","","2012","","","local-only","9f9fdf053951099899d00b0ced8d5404a8bf8a01cb866eb4a8870f8f18df46c1","492957","alta","pedagogical-content; prova PDF; diretório/metadado OAB; sem disciplina confiável"
"storage/content/oab/41-exame/provas/caderno-de-provas-direito-constitucional-qkez6x.pdf","pedagogical-content","prova PDF","true","leitura parcial","OAB","OAB/FGV","41-exame","","","","Direito Constitucional","","local-only","29da6f91dd84719eff33f2c927a189bc4e921ce18759f63678a50d2e5fa9c750","518366","alta","pedagogical-content; prova PDF; diretório/metadado OAB; diretório/estrutura"
"storage/content/oab/41-exame/provas/caderno-de-provas-direito-empresarial-172s0s.pdf","pedagogical-content","prova PDF","true","leitura parcial","OAB","OAB/FGV","41-exame","","","2022","Direito Empresarial","","local-only","d7b1c070ddef078faa5a37b3b0fdabb13e256e4c4397bea3a7802606001e83ae","524362","alta","pedagogical-content; prova PDF; diretório/metadado OAB; diretório/estrutura"
"storage/content/oab/41-exame/provas/caderno-de-provas-direito-penal-ksdt00.pdf","pedagogical-content","prova PDF","true","leitura parcial","OAB","OAB/FGV","41-exame","","","2024","Direito Penal","","local-only","b935895e7356941a3e22a0cbd1e74b76bb8ecc1b0f616fc33c1fbd88b70ff453","523283","alta","pedagogical-content; prova PDF; diretório/metadado OAB; diretório/estrutura"
"storage/content/oab/41-exame/provas/caderno-de-provas-direito-tributario-hm4xng.pdf","pedagogical-content","prova PDF","true","leitura parcial","OAB","OAB/FGV","41-exame","","","2020","Direito Tributário","","local-only","de7688d057bd8bac71807188a6e06108b56bb882da6bf99fc2f03b1a0a3d0894","524867","alta","pedagogical-content; prova PDF; diretório/metadado OAB; diretório/estrutura"
"storage/content/oab/41-exame/questoes/questoes-extraidas.json","pedagogical-content","banco de questões","true","leitura bem-sucedida","OAB","OAB/FGV","41-exame","","FGV","1988","Ética Profissional","41o Exame OAB - Questao 1","local-only","6bf5dab530023bc914cfb2948302ab688633d850ccd5a466f3dc7a1dbe32ee21","138428","alta","pedagogical-content; banco de questões; diretório/metadado OAB; diretório/estrutura"
"storage/content/oab/41-exame/segunda-fase/padrao-de-respostas-definitivo-direito-administrativo-l1xcxe.pdf","unknown","gabarito/padrão de resposta","false","leitura parcial","OAB","OAB/FGV","41-exame","","","2024","Direito Administrativo","","local-only","4b71edfe0a1fa7308dcf6285ac1fd5f0b1bd0acb8a4e3c308ce529dee868b861","539576","baixa","unknown; gabarito/padrão de resposta; diretório/metadado OAB; diretório/estrutura"
"storage/content/oab/41-exame/segunda-fase/padrao-de-respostas-definitivo-direito-civil-bkaycv.pdf","unknown","gabarito/padrão de resposta","false","leitura parcial","OAB","OAB/FGV","41-exame","","","2024","","","local-only","9583511df680f666c9c3f8c8993fa28fd6ec8b5760c522c1514ffe24577f8870","474803","baixa","unknown; gabarito/padrão de resposta; diretório/metadado OAB; sem disciplina confiável"
"storage/content/oab/41-exame/segunda-fase/padrao-de-respostas-definitivo-direito-constitucional-12mo92.pdf","unknown","gabarito/padrão de resposta","false","leitura parcial","OAB","OAB/FGV","41-exame","","","2024","Direito Constitucional","","local-only","ec246875dcaf3daeb5d5e05a96ccf7cf28b8241c80c9d8606054ba394618db42","524772","baixa","unknown; gabarito/padrão de resposta; diretório/metadado OAB; diretório/estrutura"
"storage/content/oab/41-exame/segunda-fase/padrao-de-respostas-definitivo-direito-do-trabalho-ilzpu5.pdf","unknown","gabarito/padrão de resposta","false","leitura parcial","OAB","OAB/FGV","41-exame","","","2024","","","local-only","1049a5555a18109f12627b675b475c05e6bdc416d08912fc24eb065c428cad48","502521","baixa","unknown; gabarito/padrão de resposta; diretório/metadado OAB; sem disciplina confiável"
"storage/content/oab/41-exame/segunda-fase/padrao-de-respostas-definitivo-direito-empresarial-g2141e.pdf","unknown","gabarito/padrão de resposta","false","leitura parcial","OAB","OAB/FGV","41-exame","","","2024","Direito Empresarial","","local-only","ce303e6936906c3a7a253edb0b7a659b8bef841ada544f1893c601da981b7126","447202","baixa","unknown; gabarito/padrão de resposta; diretório/metadado OAB; diretório/estrutura"
"storage/content/oab/41-exame/segunda-fase/padrao-de-respostas-definitivo-direito-penal-1cbhi4.pdf","unknown","gabarito/padrão de resposta","false","leitura parcial","OAB","OAB/FGV","41-exame","","","2024","Direito Penal","","local-only","42f6a8ff543c4523441cbecdf0d024c61b2244456f2ebdadd16d9a7294c40e24","649351","baixa","unknown; gabarito/padrão de resposta; diretório/metadado OAB; diretório/estrutura"
"storage/content/oab/41-exame/segunda-fase/padrao-de-respostas-definitivo-direito-tributario-y5qefn.pdf","unknown","gabarito/padrão de resposta","false","leitura parcial","OAB","OAB/FGV","41-exame","","","2024","Direito Tributário","","local-only","a0771d7b334e5be580141ea872b697113869e042ecb9e32a39e76aa2331fd647","465638","baixa","unknown; gabarito/padrão de resposta; diretório/metadado OAB; diretório/estrutura"
"storage/content/oab/41-exame/segunda-fase/padrao-de-respostas-direito-administrativo-1hh955.pdf","unknown","gabarito/padrão de resposta","false","leitura parcial","OAB","OAB/FGV","41-exame","","","2009","Direito Administrativo","","local-only","1317ac696ea7a31fa753c59690444b4f511d375b2e8666f75c7e3b8ff6a6f59e","382738","baixa","unknown; gabarito/padrão de resposta; diretório/metadado OAB; diretório/estrutura"
"storage/content/oab/41-exame/segunda-fase/padrao-de-respostas-direito-civil-wmo0t0.pdf","unknown","gabarito/padrão de resposta","false","leitura parcial","OAB","OAB/FGV","41-exame","","","2012","","","local-only","034fddea629ef23f8373a47eeaa5c22403ced212f3c4f3d99325460cc1cbe90a","354175","baixa","unknown; gabarito/padrão de resposta; diretório/metadado OAB; sem disciplina confiável"
"storage/content/oab/41-exame/segunda-fase/padrao-de-respostas-direito-constitucional-namoyi.pdf","unknown","gabarito/padrão de resposta","false","leitura parcial","OAB","OAB/FGV","41-exame","","","1999","Direito Constitucional","","local-only","7876e0c0d785ccf5da51fcb4aa25ad874c4a86f2b0a8c7ad262827188f830b34","402133","baixa","unknown; gabarito/padrão de resposta; diretório/metadado OAB; diretório/estrutura"
"storage/content/oab/41-exame/segunda-fase/padrao-de-respostas-direito-do-trabalho-14fi6t.pdf","unknown","gabarito/padrão de resposta","false","leitura parcial","OAB","OAB/FGV","41-exame","","","2019","","","local-only","83cb4c7d3bdcc18679e11e876aef1f23b3c14ee89a3d4fc1fce8d09231e0d012","392507","baixa","unknown; gabarito/padrão de resposta; diretório/metadado OAB; sem disciplina confiável"
"storage/content/oab/41-exame/segunda-fase/padrao-de-respostas-direito-empresarial-1lkitr.pdf","unknown","gabarito/padrão de resposta","false","leitura parcial","OAB","OAB/FGV","41-exame","","","2022","Direito Empresarial","","local-only","0f3dc56ba1d3e5cedb2fa6288fc3134f3c6d5769262cfe6b7a13975fded569f4","428197","baixa","unknown; gabarito/padrão de resposta; diretório/metadado OAB; diretório/estrutura"
"storage/content/oab/41-exame/segunda-fase/padrao-de-respostas-direito-penal-pu975q.pdf","unknown","gabarito/padrão de resposta","false","leitura parcial","OAB","OAB/FGV","41-exame","","","2024","Direito Penal","","local-only","d2ffd69d622b622992c386c16e4e2b1330d0b400ce0fce3abaab9836eba95dfe","428415","baixa","unknown; gabarito/padrão de resposta; diretório/metadado OAB; diretório/estrutura"
"storage/content/oab/41-exame/segunda-fase/padrao-de-respostas-direito-tributario-t89j9e.pdf","unknown","gabarito/padrão de resposta","false","leitura parcial","OAB","OAB/FGV","41-exame","","","2020","Direito Tributário","","local-only","c495204c822925cf6af9cf090a83d02713a8690e9ef2a58e77da94d0ceb2f58d","402076","baixa","unknown; gabarito/padrão de resposta; diretório/metadado OAB; diretório/estrutura"
"storage/content/oab/42-exame/gabaritos/gabaritos-definitivos-da-prova-objetiva-1-fase-oz8qn8.pdf","pedagogical-content","gabarito/padrão de resposta","true","leitura parcial","OAB","OAB/FGV","42-exame","1ª fase OAB","","2024","","","local-only","acc91b855bc6769a24eb1b08ed60833f9f1773c0f36ce76315f7d496b0b0385c","273585","alta","pedagogical-content; gabarito/padrão de resposta; diretório/metadado OAB; sem disciplina confiável"
"storage/content/oab/42-exame/gabaritos/gabaritos-preliminares-da-prova-objetiva-1-fase-d8co1o.pdf","pedagogical-content","gabarito/padrão de resposta","true","leitura parcial","OAB","OAB/FGV","42-exame","1ª fase OAB","","2024","","","local-only","f41efff08de623929569678d4a80a2cbe6c78c49e6868714865c05e14b215a1c","674526","alta","pedagogical-content; gabarito/padrão de resposta; diretório/metadado OAB; sem disciplina confiável"
"storage/content/oab/42-exame/metadata.json","pedagogical-container","container pedagógico","false","leitura bem-sucedida","OAB","OAB/FGV","42º Exame de Ordem Unificado","","","2026","","","local-only","13de8233fc81cc7f69054d12d98f8b486aa668874164267a5716dd3eb6ffd6fb","8988","alta","pedagogical-container; container pedagógico; diretório/metadado OAB; sem disciplina confiável"
"storage/content/oab/42-exame/provas/caderno-de-prova-tipo-1-1l67c6.pdf","pedagogical-content","prova PDF","true","leitura parcial","OAB","OAB/FGV","42-exame","","","","","","local-only","e3cfd8806bb51ec5681679f8321e89ede3ca3eba1da462d2d1b131933b9ce238","402439","alta","pedagogical-content; prova PDF; diretório/metadado OAB; sem disciplina confiável"
"storage/content/oab/42-exame/provas/caderno-de-prova-tipo-2-mfr81p.pdf","pedagogical-content","prova PDF","true","leitura parcial","OAB","OAB/FGV","42-exame","","","","","","local-only","3a8b4c469024b9cf3a53c25826f0e9dc970b1230a8f3b322659f569627ee1813","398548","alta","pedagogical-content; prova PDF; diretório/metadado OAB; sem disciplina confiável"
"storage/content/oab/42-exame/provas/caderno-de-prova-tipo-3-1muvj0.pdf","pedagogical-content","prova PDF","true","leitura parcial","OAB","OAB/FGV","42-exame","","","","","","local-only","a904c9abf2415dcd490caae22cda094bde6fddb840cfcaa529c463eabde9eb66","399637","alta","pedagogical-content; prova PDF; diretório/metadado OAB; sem disciplina confiável"
"storage/content/oab/42-exame/provas/caderno-de-prova-tipo-4-1ib9o8.pdf","pedagogical-content","prova PDF","true","leitura parcial","OAB","OAB/FGV","42-exame","","","","","","local-only","b6fb2109e8ecb0b46a9e5d78e038c2c4b054bfe5042f5c1ddbae69e354620db0","398547","alta","pedagogical-content; prova PDF; diretório/metadado OAB; sem disciplina confiável"
"storage/content/oab/42-exame/provas/caderno-de-provas-direito-administrativo-157co2.pdf","pedagogical-content","prova PDF","true","leitura parcial","OAB","OAB/FGV","42-exame","","","2024","Direito Administrativo","","local-only","7f200904eef758eea276a47452892afde33ca86def2896d8515b98e9c4f8c670","509259","alta","pedagogical-content; prova PDF; diretório/metadado OAB; diretório/estrutura"
"storage/content/oab/42-exame/provas/caderno-de-provas-direito-civil-3gfgry.pdf","pedagogical-content","prova PDF","true","leitura parcial","OAB","OAB/FGV","42-exame","","","2024","","","local-only","27e12095f6c58ab143c441d4c34260813d631e0641d8de850189a75b56ff22e1","500238","alta","pedagogical-content; prova PDF; diretório/metadado OAB; sem disciplina confiável"
"storage/content/oab/42-exame/provas/caderno-de-provas-direito-constitucional-d1ziy9.pdf","pedagogical-content","prova PDF","true","leitura parcial","OAB","OAB/FGV","42-exame","","","","Direito Constitucional","","local-only","cfc38a4f641ce620f67013e77b1e0603db5b2745115b1b89ef6fbf5446d58e55","488369","alta","pedagogical-content; prova PDF; diretório/metadado OAB; diretório/estrutura"
"storage/content/oab/42-exame/provas/caderno-de-provas-direito-do-trabalho-1twwac.pdf","pedagogical-content","prova PDF","true","leitura parcial","OAB","OAB/FGV","42-exame","","","2024","","","local-only","d52df00b63e98f0f3516db9de10fd80e5902011d0fa302d7f7e72c238e568ef4","509864","alta","pedagogical-content; prova PDF; diretório/metadado OAB; sem disciplina confiável"
"storage/content/oab/42-exame/provas/caderno-de-provas-direito-empresarial-3gflxd.pdf","pedagogical-content","prova PDF","true","leitura parcial","OAB","OAB/FGV","42-exame","","","2020","Direito Empresarial","","local-only","7a19e5e5cc210449d11e5a882a67f16fb74b8ce9c29ccd7421ad99cc27d2ddaf","491556","alta","pedagogical-content; prova PDF; diretório/metadado OAB; diretório/estrutura"
"storage/content/oab/42-exame/provas/caderno-de-provas-direito-penal-1uveat.pdf","pedagogical-content","prova PDF","true","leitura parcial","OAB","OAB/FGV","42-exame","","","2023","Direito Penal","","local-only","1db664fa012b948f88117b6a584f20452e4daa5128442ab75b8af8be7aaecdbf","513909","alta","pedagogical-content; prova PDF; diretório/metadado OAB; diretório/estrutura"
"storage/content/oab/42-exame/provas/caderno-de-provas-direito-tributario-r6a39c.pdf","pedagogical-content","prova PDF","true","leitura parcial","OAB","OAB/FGV","42-exame","","","","Direito Tributário","","local-only","12d5a0dc0c2d94ebc2b532e4d034b3b5a46842eb30fbfd23b7a3344197dc24fc","488199","alta","pedagogical-content; prova PDF; diretório/metadado OAB; diretório/estrutura"
"storage/content/oab/42-exame/questoes/questoes-extraidas.json","pedagogical-content","banco de questões","true","leitura bem-sucedida","OAB","OAB/FGV","42-exame","","FGV","1988","Ética Profissional","42o Exame OAB - Questao 1","local-only","a0db21bb13c283348589382190504d9ea81d768ac6862b662445ae36687556f8","136841","alta","pedagogical-content; banco de questões; diretório/metadado OAB; diretório/estrutura"
"storage/content/oab/42-exame/segunda-fase/padrao-de-respostas-definitivo-direito-administrativo-nvknln.pdf","unknown","gabarito/padrão de resposta","false","leitura parcial","OAB","OAB/FGV","42-exame","","","2025","Direito Administrativo","","local-only","b52a2392777ef8bf768eec3a413c64b56023bbfe1dfbc987efad2d2d74f8140d","1347928","baixa","unknown; gabarito/padrão de resposta; diretório/metadado OAB; diretório/estrutura"
"storage/content/oab/42-exame/segunda-fase/padrao-de-respostas-definitivo-direito-civil-g0h8jn.pdf","unknown","gabarito/padrão de resposta","false","leitura parcial","OAB","OAB/FGV","42-exame","","","2025","","","local-only","f8b650b64c72a228ccd8aa5975a5268df7c7a6b98ab9abcc04845def83b326fb","1345564","baixa","unknown; gabarito/padrão de resposta; diretório/metadado OAB; sem disciplina confiável"
"storage/content/oab/42-exame/segunda-fase/padrao-de-respostas-definitivo-direito-constitucional-guyi88.pdf","unknown","gabarito/padrão de resposta","false","leitura parcial","OAB","OAB/FGV","42-exame","","","2025","Direito Constitucional","","local-only","5f42478f297d6d1530d1f261ad9e305f64ae16e97d3b30dbdc67d2786ee8a5f2","1225075","baixa","unknown; gabarito/padrão de resposta; diretório/metadado OAB; diretório/estrutura"
"storage/content/oab/42-exame/segunda-fase/padrao-de-respostas-definitivo-direito-do-trabalho-1ep7p1.pdf","unknown","gabarito/padrão de resposta","false","leitura parcial","OAB","OAB/FGV","42-exame","","","2025","","","local-only","7c813906892b5e06da69f4ee5cd1424e791727027f3c6649cd8cb92a7aa0b5fd","1537072","baixa","unknown; gabarito/padrão de resposta; diretório/metadado OAB; sem disciplina confiável"
"storage/content/oab/42-exame/segunda-fase/padrao-de-respostas-definitivo-direito-empresarial-ffsmml.pdf","unknown","gabarito/padrão de resposta","false","leitura parcial","OAB","OAB/FGV","42-exame","","","2025","Direito Empresarial","","local-only","82d5c3c3c68be94dab0c5abfde709cc38dfaac3c69d551ce9d5013b4523103ce","1177819","baixa","unknown; gabarito/padrão de resposta; diretório/metadado OAB; diretório/estrutura"
"storage/content/oab/42-exame/segunda-fase/padrao-de-respostas-definitivo-direito-penal-1sfe26.pdf","unknown","gabarito/padrão de resposta","false","leitura parcial","OAB","OAB/FGV","42-exame","","","2025","Direito Penal","","local-only","0e36c6b7e8ce4e63c32cdf42aca91d2583a097003e7a270a1f6654f2dfdb953b","1260162","baixa","unknown; gabarito/padrão de resposta; diretório/metadado OAB; diretório/estrutura"
"storage/content/oab/42-exame/segunda-fase/padrao-de-respostas-definitivo-direito-tributario-tnt70s.pdf","unknown","gabarito/padrão de resposta","false","leitura parcial","OAB","OAB/FGV","42-exame","","","2025","Direito Tributário","","local-only","e980181cec6ed0173f8af7ccb88dadc621fe133c6bc0ad7635885308da7ee59f","1083490","baixa","unknown; gabarito/padrão de resposta; diretório/metadado OAB; diretório/estrutura"
"storage/content/oab/42-exame/segunda-fase/padrao-de-respostas-direito-administrativo-e7wesy.pdf","unknown","gabarito/padrão de resposta","false","leitura parcial","OAB","OAB/FGV","42-exame","","","2025","Direito Administrativo","","local-only","45097f92c8431ea8f4558be94ff6852d520ad5829e302c9faf14392273e240f7","478095","baixa","unknown; gabarito/padrão de resposta; diretório/metadado OAB; diretório/estrutura"
"storage/content/oab/42-exame/segunda-fase/padrao-de-respostas-direito-civil-mqtldi.pdf","unknown","gabarito/padrão de resposta","false","leitura parcial","OAB","OAB/FGV","42-exame","","","2025","","","local-only","6fca7d27f3943096bd79f2b462500de508b2a7c3065e073926aa9d5776a5d338","473696","baixa","unknown; gabarito/padrão de resposta; diretório/metadado OAB; sem disciplina confiável"
"storage/content/oab/42-exame/segunda-fase/padrao-de-respostas-direito-constitucional-1kyyqf.pdf","unknown","gabarito/padrão de resposta","false","leitura parcial","OAB","OAB/FGV","42-exame","","","2025","Direito Constitucional","","local-only","53d4932fe1fa63f55e6edcdba14c0c05867758129f1195cf848855c670aed3a2","460961","baixa","unknown; gabarito/padrão de resposta; diretório/metadado OAB; diretório/estrutura"
"storage/content/oab/42-exame/segunda-fase/padrao-de-respostas-direito-do-trabalho-22t5qv.pdf","unknown","gabarito/padrão de resposta","false","leitura parcial","OAB","OAB/FGV","42-exame","","","2025","","","local-only","5e96e2159706dfff1dbb4367f2be15d2a45da595394549d81b00b62a6b2dce1b","501993","baixa","unknown; gabarito/padrão de resposta; diretório/metadado OAB; sem disciplina confiável"
"storage/content/oab/42-exame/segunda-fase/padrao-de-respostas-direito-empresarial-sso20q.pdf","unknown","gabarito/padrão de resposta","false","leitura parcial","OAB","OAB/FGV","42-exame","","","2025","Direito Empresarial","","local-only","622601cf75138416a68a241a1742fa731a2f005ef9e05fd9b8f60a722ee771cd","465871","baixa","unknown; gabarito/padrão de resposta; diretório/metadado OAB; diretório/estrutura"
"storage/content/oab/42-exame/segunda-fase/padrao-de-respostas-direito-penal-ht5tl9.pdf","unknown","gabarito/padrão de resposta","false","leitura parcial","OAB","OAB/FGV","42-exame","","","2025","Direito Penal","","local-only","9cfd9ba663e7fd6f26abbe73a3a228fe17725c0445339dd95e9d7d2bf418ce86","464871","baixa","unknown; gabarito/padrão de resposta; diretório/metadado OAB; diretório/estrutura"
"storage/content/oab/42-exame/segunda-fase/padrao-de-respostas-direito-tributario-pcbk9m.pdf","unknown","gabarito/padrão de resposta","false","leitura parcial","OAB","OAB/FGV","42-exame","","","2025","Direito Tributário","","local-only","b2a0b6829463ca80227ffd833ec8ed6ebd62cac5cb90d2f152d46025f7c79a5f","471018","baixa","unknown; gabarito/padrão de resposta; diretório/metadado OAB; diretório/estrutura"
"storage/content/oab/43-exame/gabaritos/gabaritos-definitivos-da-prova-objetiva-1-fase-99gv56.pdf","pedagogical-content","gabarito/padrão de resposta","true","leitura parcial","OAB","OAB/FGV","43-exame","1ª fase OAB","","2025","","","local-only","31e27871a5efb011d71a737e47c690b6126b894c908e8423aa28c5c600792bf4","194143","alta","pedagogical-content; gabarito/padrão de resposta; diretório/metadado OAB; sem disciplina confiável"
"storage/content/oab/43-exame/gabaritos/gabaritos-preliminares-da-prova-objetiva-1-fase-atualizado-em-30-04-2025-dojv0d.pdf","pedagogical-content","gabarito/padrão de resposta","true","leitura parcial","OAB","OAB/FGV","43-exame","1ª fase OAB","","2025","","","local-only","bab505bd1e2c0b0df039b08b1c15e186e628f8fbb748be87f9c28e26f69ee604","410294","alta","pedagogical-content; gabarito/padrão de resposta; diretório/metadado OAB; sem disciplina confiável"
"storage/content/oab/43-exame/metadata.json","pedagogical-container","container pedagógico","false","leitura bem-sucedida","OAB","OAB/FGV","43º Exame de Ordem Unificado","","","2026","","","local-only","9c441bc338d4e164c66a4e3676a569f6ec1d93b880c0042a35bec7724ed85f48","8869","alta","pedagogical-container; container pedagógico; diretório/metadado OAB; sem disciplina confiável"
"storage/content/oab/43-exame/provas/caderno-de-prova-tipo-1-wjxb32.pdf","pedagogical-content","prova PDF","true","leitura parcial","OAB","OAB/FGV","43-exame","","","1988","","","local-only","702d2574165fffee6028134f416b92d6feef59be9fff44abc46eb0f590d302b8","838452","alta","pedagogical-content; prova PDF; diretório/metadado OAB; sem disciplina confiável"
"storage/content/oab/43-exame/provas/caderno-de-prova-tipo-2-42gb3k.pdf","pedagogical-content","prova PDF","true","leitura parcial","OAB","OAB/FGV","43-exame","","","1988","","","local-only","ec1062a9bee3c487e9a5b4f2a832c4f96b9439bd18281464a4ce6c693754b3f8","1186603","alta","pedagogical-content; prova PDF; diretório/metadado OAB; sem disciplina confiável"
"storage/content/oab/43-exame/provas/caderno-de-prova-tipo-3-g7aski.pdf","pedagogical-content","prova PDF","true","leitura parcial","OAB","OAB/FGV","43-exame","","","1988","","","local-only","bea16912a792a74be90ab439a41c634681aa3b22db83e2320f1ce95c0901793a","815185","alta","pedagogical-content; prova PDF; diretório/metadado OAB; sem disciplina confiável"
"storage/content/oab/43-exame/provas/caderno-de-prova-tipo-4-78iugs.pdf","pedagogical-content","prova PDF","true","leitura parcial","OAB","OAB/FGV","43-exame","","","1988","","","local-only","afc4b49ad992202d261b8f4e34cadafb4400c3caed0b75834c43003056be65d0","798560","alta","pedagogical-content; prova PDF; diretório/metadado OAB; sem disciplina confiável"
"storage/content/oab/43-exame/provas/caderno-de-provas-direito-administrativo-gmo2xi.pdf","pedagogical-content","prova PDF","true","leitura parcial","OAB","OAB/FGV","43-exame","","","2014","Direito Administrativo","","local-only","917fb0e910159bd736ebae0cadfa2aa39ad69f9ba18deb00715582436af7fb1f","518731","alta","pedagogical-content; prova PDF; diretório/metadado OAB; diretório/estrutura"
"storage/content/oab/43-exame/provas/caderno-de-provas-direito-civil-18xvwr.pdf","pedagogical-content","prova PDF","true","leitura parcial","OAB","OAB/FGV","43-exame","","","2022","","","local-only","ee22326a552312a923fe28c2a5099571440c9b999981d3ca5e1ad96f953397ed","491065","alta","pedagogical-content; prova PDF; diretório/metadado OAB; sem disciplina confiável"
"storage/content/oab/43-exame/provas/caderno-de-provas-direito-constitucional-1bglgz.pdf","pedagogical-content","prova PDF","true","leitura parcial","OAB","OAB/FGV","43-exame","","","","Direito Constitucional","","local-only","b8741c18a9980b6fdd20130101e0e000d831583e1013f9d6c73efb4f41a7a001","515111","alta","pedagogical-content; prova PDF; diretório/metadado OAB; diretório/estrutura"
"storage/content/oab/43-exame/provas/caderno-de-provas-direito-do-trabalho-148sas.pdf","pedagogical-content","prova PDF","true","leitura parcial","OAB","OAB/FGV","43-exame","","","2019","","","local-only","44a87f955d4cd10d7fe23739bd59bf3993f7973cbf5b28afd5ee7ab602845ba1","508119","alta","pedagogical-content; prova PDF; diretório/metadado OAB; sem disciplina confiável"
"storage/content/oab/43-exame/provas/caderno-de-provas-direito-empresarial-9o7pp5.pdf","pedagogical-content","prova PDF","true","leitura parcial","OAB","OAB/FGV","43-exame","","","2023","Direito Empresarial","","local-only","788c24f653dbda94313213c20c0ef44889d3109a07ac6de89f0448ff0812f7e7","530710","alta","pedagogical-content; prova PDF; diretório/metadado OAB; diretório/estrutura"
"storage/content/oab/43-exame/provas/caderno-de-provas-direito-penal-1791h6.pdf","pedagogical-content","prova PDF","true","leitura parcial","OAB","OAB/FGV","43-exame","","","1995","Direito Penal","","local-only","0e598f919140533ddc06bcebcfcecd2e597871a939d633c73934ae825e0239e3","490620","alta","pedagogical-content; prova PDF; diretório/metadado OAB; diretório/estrutura"
"storage/content/oab/43-exame/provas/caderno-de-provas-direito-tributario-vm5lsm.pdf","pedagogical-content","prova PDF","true","leitura parcial","OAB","OAB/FGV","43-exame","","","2002","Direito Tributário","","local-only","33025e3d3c5c2d5aa5fd272734d863acbd80ca00de8b6392a7f0186ba3db8814","519624","alta","pedagogical-content; prova PDF; diretório/metadado OAB; diretório/estrutura"
"storage/content/oab/43-exame/questoes/questoes-extraidas.json","pedagogical-content","banco de questões","true","leitura bem-sucedida","OAB","OAB/FGV","43-exame","","FGV","1988","Ética Profissional","43o Exame OAB - Questao 1","local-only","5053048b6a98f783ee05809a03a7d8aab64d8bdfd3dca4e73bd0c66a90f93629","139463","alta","pedagogical-content; banco de questões; diretório/metadado OAB; diretório/estrutura"
"storage/content/oab/43-exame/segunda-fase/padrao-de-respostas-definitivo-direito-administrativo-1m8fl5.pdf","unknown","gabarito/padrão de resposta","false","leitura parcial","OAB","OAB/FGV","43-exame","","","2025","Direito Administrativo","","local-only","3ecd57d16ac9219951b026d2626797eb5232088348350c251145ed7567a9ab88","1492371","baixa","unknown; gabarito/padrão de resposta; diretório/metadado OAB; diretório/estrutura"
"storage/content/oab/43-exame/segunda-fase/padrao-de-respostas-definitivo-direito-civil-oqo8t4.pdf","unknown","gabarito/padrão de resposta","false","leitura parcial","OAB","OAB/FGV","43-exame","","","2025","","","local-only","f5606f8c304ef45fb0b8856caa32c4b57571f3f62ce997dec0a90a5949b772d8","1502576","baixa","unknown; gabarito/padrão de resposta; diretório/metadado OAB; sem disciplina confiável"
"storage/content/oab/43-exame/segunda-fase/padrao-de-respostas-definitivo-direito-constitucional-1trdev.pdf","unknown","gabarito/padrão de resposta","false","leitura parcial","OAB","OAB/FGV","43-exame","","","2025","Direito Constitucional","","local-only","12efec0293369c776fcd67ce5e0827c6cd683ad5951c22f21ec2dbedc0f8359b","1409692","baixa","unknown; gabarito/padrão de resposta; diretório/metadado OAB; diretório/estrutura"
"storage/content/oab/43-exame/segunda-fase/padrao-de-respostas-definitivo-direito-do-trabalho-mqx185.pdf","unknown","gabarito/padrão de resposta","false","leitura parcial","OAB","OAB/FGV","43-exame","","","2025","","","local-only","8c07ea99b5fa78a54003a02b992d17e3a33a9a3823af2aa5e197c3032da750a1","1524068","baixa","unknown; gabarito/padrão de resposta; diretório/metadado OAB; sem disciplina confiável"
"storage/content/oab/43-exame/segunda-fase/padrao-de-respostas-definitivo-direito-empresarial-jl4zbk.pdf","unknown","gabarito/padrão de resposta","false","leitura parcial","OAB","OAB/FGV","43-exame","","","2025","Direito Empresarial","","local-only","042018d99eba1486c9dc79c5087419ce7a75426ef8edad0930a06853d31500bc","1235498","baixa","unknown; gabarito/padrão de resposta; diretório/metadado OAB; diretório/estrutura"
"storage/content/oab/43-exame/segunda-fase/padrao-de-respostas-definitivo-direito-penal-59wktl.pdf","unknown","gabarito/padrão de resposta","false","leitura parcial","OAB","OAB/FGV","43-exame","","","2025","Direito Penal","","local-only","0d8b5a5d7f64e8e326b56d8564d8b61952a9f57f50b0630a92d3eb148baa3c09","1406219","baixa","unknown; gabarito/padrão de resposta; diretório/metadado OAB; diretório/estrutura"
"storage/content/oab/43-exame/segunda-fase/padrao-de-respostas-definitivo-direito-tributario-f2u4h1.pdf","unknown","gabarito/padrão de resposta","false","leitura parcial","OAB","OAB/FGV","43-exame","","","2025","Direito Tributário","","local-only","05a237ae0e9ee0eaa9acb124ff4c6ca9a5430d1b2b4ddc3a1937ccdaa94cfa47","1457671","baixa","unknown; gabarito/padrão de resposta; diretório/metadado OAB; diretório/estrutura"
"storage/content/oab/43-exame/segunda-fase/padrao-de-respostas-direito-administrativo-1uf3m1.pdf","unknown","gabarito/padrão de resposta","false","leitura parcial","OAB","OAB/FGV","43-exame","","","2025","Direito Administrativo","","local-only","cf1627305b5d66fe0cd5e1312854234976a2ce8c97822b63c5505ad825e6f4ae","492127","baixa","unknown; gabarito/padrão de resposta; diretório/metadado OAB; diretório/estrutura"
"storage/content/oab/43-exame/segunda-fase/padrao-de-respostas-direito-civil-8u6c8o.pdf","unknown","gabarito/padrão de resposta","false","leitura parcial","OAB","OAB/FGV","43-exame","","","2025","","","local-only","77d556ec2b48133d29de39484783d47816db449ca79dc3114f3c8478b829c376","480186","baixa","unknown; gabarito/padrão de resposta; diretório/metadado OAB; sem disciplina confiável"
"storage/content/oab/43-exame/segunda-fase/padrao-de-respostas-direito-constitucional-1r4417.pdf","unknown","gabarito/padrão de resposta","false","leitura parcial","OAB","OAB/FGV","43-exame","","","2025","Direito Constitucional","","local-only","bac5127a08c18c4dc0fa57da3dd3536232914aef5ad2dc44369e4d80547dee06","473127","baixa","unknown; gabarito/padrão de resposta; diretório/metadado OAB; diretório/estrutura"
"storage/content/oab/43-exame/segunda-fase/padrao-de-respostas-direito-do-trabalho-17q617.pdf","unknown","gabarito/padrão de resposta","false","leitura parcial","OAB","OAB/FGV","43-exame","","","2025","","","local-only","257f9e27037e0bc5d5554a7ea1497161b93bbbb3eddc1567b97b99d47ad7f609","453416","baixa","unknown; gabarito/padrão de resposta; diretório/metadado OAB; sem disciplina confiável"
"storage/content/oab/43-exame/segunda-fase/padrao-de-respostas-direito-empresarial-th882b.pdf","unknown","gabarito/padrão de resposta","false","leitura parcial","OAB","OAB/FGV","43-exame","","","2025","Direito Empresarial","","local-only","e2cbbb029e1ded14dcf36aaed3e2abf3226b520214056c6636bac69adb6e1994","442444","baixa","unknown; gabarito/padrão de resposta; diretório/metadado OAB; diretório/estrutura"
"storage/content/oab/43-exame/segunda-fase/padrao-de-respostas-direito-penal-1i5u63.pdf","unknown","gabarito/padrão de resposta","false","leitura parcial","OAB","OAB/FGV","43-exame","","","2025","Direito Penal","","local-only","41851de8422dc33676733784d3a41b6fdf856d7f95c83ed2b930f0f14ee634cb","470340","baixa","unknown; gabarito/padrão de resposta; diretório/metadado OAB; diretório/estrutura"
"storage/content/oab/43-exame/segunda-fase/padrao-de-respostas-direito-tributario-vhf9uo.pdf","unknown","gabarito/padrão de resposta","false","leitura parcial","OAB","OAB/FGV","43-exame","","","2025","Direito Tributário","","local-only","691a8174346fc4b21ce0819b46157584e502484ffe47224b3eee7856b0bcb12e","503728","baixa","unknown; gabarito/padrão de resposta; diretório/metadado OAB; diretório/estrutura"
"storage/content/oab/44-exame/gabaritos/gabaritos-definitivos-da-prova-objetiva-1-fase-1ehcwq.pdf","pedagogical-content","gabarito/padrão de resposta","true","leitura parcial","OAB","OAB/FGV","44-exame","1ª fase OAB","","2025","","","local-only","ae020716059b5913da3ff15b3ab8ed2e86a9658051f891c21f704e1c7f435d12","158882","alta","pedagogical-content; gabarito/padrão de resposta; diretório/metadado OAB; sem disciplina confiável"
"storage/content/oab/44-exame/gabaritos/gabaritos-preliminares-da-prova-objetiva-1-fase-lt9f0s.pdf","pedagogical-content","gabarito/padrão de resposta","true","leitura parcial","OAB","OAB/FGV","44-exame","1ª fase OAB","","2025","","","local-only","77c692a3bfcf4b9d7187306d0d500842d1662bc313bab87d219cc570218d2e78","253404","alta","pedagogical-content; gabarito/padrão de resposta; diretório/metadado OAB; sem disciplina confiável"
"storage/content/oab/44-exame/metadata.json","pedagogical-container","container pedagógico","false","leitura bem-sucedida","OAB","OAB/FGV","44º Exame de Ordem Unificado","","","2026","","","local-only","de69acf0a23708d5fec69e4722dd89f74ebdc0c76935880bb9fd6b14f512f678","8764","alta","pedagogical-container; container pedagógico; diretório/metadado OAB; sem disciplina confiável"
"storage/content/oab/44-exame/provas/caderno-de-prova-tipo-1-bmn0xq.pdf","pedagogical-content","prova PDF","true","leitura parcial","OAB","OAB/FGV","44-exame","","","2024","","","local-only","1fdbbcc9708e795311c520294139ad54d7bd5e6aef48dbd7dca4484db33ba21d","519680","alta","pedagogical-content; prova PDF; diretório/metadado OAB; sem disciplina confiável"
"storage/content/oab/44-exame/provas/caderno-de-prova-tipo-2-rwnkr7.pdf","pedagogical-content","prova PDF","true","leitura parcial","OAB","OAB/FGV","44-exame","","","2024","","","local-only","c032c1c73b4b8feb4353cde756111812cc8ade835211b4c0fc7562f5cfca1f20","520022","alta","pedagogical-content; prova PDF; diretório/metadado OAB; sem disciplina confiável"
"storage/content/oab/44-exame/provas/caderno-de-prova-tipo-3-1asweo.pdf","pedagogical-content","prova PDF","true","leitura parcial","OAB","OAB/FGV","44-exame","","","2024","","","local-only","14e96854d673376a2060de7b4b6fad51bec0ff941ddc8b78c1910ed673a94d65","521248","alta","pedagogical-content; prova PDF; diretório/metadado OAB; sem disciplina confiável"
"storage/content/oab/44-exame/provas/caderno-de-prova-tipo-4-1kws1b.pdf","pedagogical-content","prova PDF","true","leitura parcial","OAB","OAB/FGV","44-exame","","","2024","","","local-only","3c19f446512f8bdf75e6337d47d39c0d1f40a35da46ba64536c70d8b4e1d110e","521435","alta","pedagogical-content; prova PDF; diretório/metadado OAB; sem disciplina confiável"
"storage/content/oab/44-exame/provas/caderno-de-provas-direito-administrativo-7xzvov.pdf","pedagogical-content","prova PDF","true","leitura parcial","OAB","OAB/FGV","44-exame","","","2022","Direito Administrativo","","local-only","7454fec15e9c8641ebcab5e65589faed9a58c3df0afedfb176fe54daa306f0c4","708199","alta","pedagogical-content; prova PDF; diretório/metadado OAB; diretório/estrutura"
"storage/content/oab/44-exame/provas/caderno-de-provas-direito-civil-11y2o9.pdf","pedagogical-content","prova PDF","true","leitura parcial","OAB","OAB/FGV","44-exame","","","2024","","","local-only","abfc1e545a0623d89faa0196b5fd39aec4e3b437c49306274a54067c4a876069","780966","alta","pedagogical-content; prova PDF; diretório/metadado OAB; sem disciplina confiável"
"storage/content/oab/44-exame/provas/caderno-de-provas-direito-constitucional-bmq3a.pdf","pedagogical-content","prova PDF","true","leitura parcial","OAB","OAB/FGV","44-exame","","","","Direito Constitucional","","local-only","782b3a275a4e854aa1dcd4bdc892accfbaa3678de0a0a8cd6fdf4c6f91688725","1143362","alta","pedagogical-content; prova PDF; diretório/metadado OAB; diretório/estrutura"
"storage/content/oab/44-exame/provas/caderno-de-provas-direito-do-trabalho-9htmgy.pdf","pedagogical-content","prova PDF","true","leitura parcial","OAB","OAB/FGV","44-exame","","","2025","","","local-only","a6addcf01c2f2abbf365200dd85cc6334f6d4e705b1e01c7ddaedcbd168bb066","1154126","alta","pedagogical-content; prova PDF; diretório/metadado OAB; sem disciplina confiável"
"storage/content/oab/44-exame/provas/caderno-de-provas-direito-empresarial-1wr9ta.pdf","pedagogical-content","prova PDF","true","leitura parcial","OAB","OAB/FGV","44-exame","","","2022","Direito Empresarial","","local-only","9fcd85de434b8269dccfd8ce2cef4ff49614c8facdc22f6dce83d30c3f57e597","713550","alta","pedagogical-content; prova PDF; diretório/metadado OAB; diretório/estrutura"
"storage/content/oab/44-exame/provas/caderno-de-provas-direito-penal-1xaiqz.pdf","pedagogical-content","prova PDF","true","leitura parcial","OAB","OAB/FGV","44-exame","","","2024","Direito Penal","","local-only","0b9bfbdb5fce2823dda9d8a2d4a7607ed5b85cd66305161d49e352a30d55f7b1","714989","alta","pedagogical-content; prova PDF; diretório/metadado OAB; diretório/estrutura"
"storage/content/oab/44-exame/provas/caderno-de-provas-direito-tributario-195his.pdf","pedagogical-content","prova PDF","true","leitura parcial","OAB","OAB/FGV","44-exame","","","2024","Direito Tributário","","local-only","2763294f14ff12c1a5a1ddd40e2036e004fac56307fa3686b288d4b43bbdeb46","683817","alta","pedagogical-content; prova PDF; diretório/metadado OAB; diretório/estrutura"
"storage/content/oab/44-exame/questoes/questoes-extraidas.json","pedagogical-content","banco de questões","true","leitura bem-sucedida","OAB","OAB/FGV","44-exame","","FGV","2024","Ética Profissional","44o Exame OAB - Questao 1","local-only","bdde5942899712011ee7f1206f0206b5827330998ad3beec137f3ec6a7912d06","137915","alta","pedagogical-content; banco de questões; diretório/metadado OAB; diretório/estrutura"
"storage/content/oab/44-exame/segunda-fase/padrao-de-respostas-definitivo-direito-administrativo-45vjr7.pdf","unknown","gabarito/padrão de resposta","false","leitura parcial","OAB","OAB/FGV","44-exame","","","2025","Direito Administrativo","","local-only","1b3ed33f59fc5ad33713eff97bf74e971cc4c55ddc3f12ea1c2853177f8d50f0","135867","baixa","unknown; gabarito/padrão de resposta; diretório/metadado OAB; diretório/estrutura"
"storage/content/oab/44-exame/segunda-fase/padrao-de-respostas-definitivo-direito-civil-5hwkmr.pdf","unknown","gabarito/padrão de resposta","false","leitura parcial","OAB","OAB/FGV","44-exame","","","2025","","","local-only","2a98433a55fe956af33dad3e3f29654f4cb6f0ecd5e43b5e12d8c7cf1976814d","137203","baixa","unknown; gabarito/padrão de resposta; diretório/metadado OAB; sem disciplina confiável"
"storage/content/oab/44-exame/segunda-fase/padrao-de-respostas-definitivo-direito-constitucional-jchk01.pdf","unknown","gabarito/padrão de resposta","false","leitura parcial","OAB","OAB/FGV","44-exame","","","2025","Direito Constitucional","","local-only","b18d0951c3c8020751a60f2ae33765a67e220f01d33eafacc89f9c12f1b1269f","142752","baixa","unknown; gabarito/padrão de resposta; diretório/metadado OAB; diretório/estrutura"
"storage/content/oab/44-exame/segunda-fase/padrao-de-respostas-definitivo-direito-do-trabalho-1i5z9n.pdf","unknown","gabarito/padrão de resposta","false","leitura parcial","OAB","OAB/FGV","44-exame","","","2025","","","local-only","c14105fedb53c3eb251fa27f030ddad4604117d1670523487205488b69c5ec2a","138566","baixa","unknown; gabarito/padrão de resposta; diretório/metadado OAB; sem disciplina confiável"
"storage/content/oab/44-exame/segunda-fase/padrao-de-respostas-definitivo-direito-empresarial-p9yyrx.pdf","unknown","gabarito/padrão de resposta","false","leitura parcial","OAB","OAB/FGV","44-exame","","","2025","Direito Empresarial","","local-only","0d940586b5bc6dc067569eeb55ab7c7000c672a506dca93e1abc5b598f54ccd0","147446","baixa","unknown; gabarito/padrão de resposta; diretório/metadado OAB; diretório/estrutura"
"storage/content/oab/44-exame/segunda-fase/padrao-de-respostas-definitivo-direito-penal-11nkgy.pdf","unknown","gabarito/padrão de resposta","false","leitura parcial","OAB","OAB/FGV","44-exame","","","2025","Direito Penal","","local-only","047992c63d7e1fa4e1ab222cc11aca3d98ef7bd4bda1a4c1877f34d37a6a97df","137646","baixa","unknown; gabarito/padrão de resposta; diretório/metadado OAB; diretório/estrutura"
"storage/content/oab/44-exame/segunda-fase/padrao-de-respostas-definitivo-direito-tributario-vwnfrm.pdf","unknown","gabarito/padrão de resposta","false","leitura parcial","OAB","OAB/FGV","44-exame","","","2025","Direito Tributário","","local-only","c5b8754a009ad58a002efd3b052d93fc2e223a0a4b60f98054035edee75291f6","133033","baixa","unknown; gabarito/padrão de resposta; diretório/metadado OAB; diretório/estrutura"
"storage/content/oab/44-exame/segunda-fase/padrao-de-respostas-direito-administrativo-1p0r4s.pdf","unknown","gabarito/padrão de resposta","false","leitura parcial","OAB","OAB/FGV","44-exame","","","2025","Direito Administrativo","","local-only","5a41e18766231e667559a772f1dc39aad6a203e7815e103f93bdcdecfacf3764","267669","baixa","unknown; gabarito/padrão de resposta; diretório/metadado OAB; diretório/estrutura"
"storage/content/oab/44-exame/segunda-fase/padrao-de-respostas-direito-civil-zr99gr.pdf","unknown","gabarito/padrão de resposta","false","leitura parcial","OAB","OAB/FGV","44-exame","","","2025","","","local-only","8b4e679ef010b2869092bb557915d873d55b2cca3bf23dcf750c8092dfbd1dff","274212","baixa","unknown; gabarito/padrão de resposta; diretório/metadado OAB; sem disciplina confiável"
"storage/content/oab/44-exame/segunda-fase/padrao-de-respostas-direito-constitucional-1l5mjr.pdf","unknown","gabarito/padrão de resposta","false","leitura parcial","OAB","OAB/FGV","44-exame","","","2025","Direito Constitucional","","local-only","37ec3fa3e4c0e0d6e96c8c087cbe0f7d0a140b6dd5c7f03591d8ae31c7182aee","296637","baixa","unknown; gabarito/padrão de resposta; diretório/metadado OAB; diretório/estrutura"
"storage/content/oab/44-exame/segunda-fase/padrao-de-respostas-direito-do-trabalho-1afbgb.pdf","unknown","gabarito/padrão de resposta","false","leitura parcial","OAB","OAB/FGV","44-exame","","","2025","","","local-only","9f0f935b4b557716f336bf898b996d27989c3ba8a1803f92146681c9921d44b6","293608","baixa","unknown; gabarito/padrão de resposta; diretório/metadado OAB; sem disciplina confiável"
"storage/content/oab/44-exame/segunda-fase/padrao-de-respostas-direito-empresarial-1oqrui.pdf","unknown","gabarito/padrão de resposta","false","leitura parcial","OAB","OAB/FGV","44-exame","","","2025","Direito Empresarial","","local-only","2f66ccf482cf6284fdf3c32e90047027e874ffc8dc5cfafad0b918e0711ae33d","292787","baixa","unknown; gabarito/padrão de resposta; diretório/metadado OAB; diretório/estrutura"
"storage/content/oab/44-exame/segunda-fase/padrao-de-respostas-direito-penal-18sno5.pdf","unknown","gabarito/padrão de resposta","false","leitura parcial","OAB","OAB/FGV","44-exame","","","2025","Direito Penal","","local-only","a1452c717b45afac8fa0e3cc97194c00603e0fd2f8b0928a6febb9ebaf383dd7","272566","baixa","unknown; gabarito/padrão de resposta; diretório/metadado OAB; diretório/estrutura"
"storage/content/oab/44-exame/segunda-fase/padrao-de-respostas-direito-tributario-wv6ohs.pdf","unknown","gabarito/padrão de resposta","false","leitura parcial","OAB","OAB/FGV","44-exame","","","2025","Direito Tributário","","local-only","f57cb46dd67c91506324bbd85a70790009f2cd4d512549e00ed1abfe0bd65db3","281833","baixa","unknown; gabarito/padrão de resposta; diretório/metadado OAB; diretório/estrutura"
"storage/content/oab/45-exame/gabaritos/gabaritos-definitivos-da-prova-objetiva-1-fase-iamkq5.pdf","pedagogical-content","gabarito/padrão de resposta","true","leitura parcial","OAB","OAB/FGV","45-exame","1ª fase OAB","","2025","","","local-only","a3c90403f91370714d631063896eac3e96a5cfdd0490e7490e5a4b58b20345a6","85707","alta","pedagogical-content; gabarito/padrão de resposta; diretório/metadado OAB; sem disciplina confiável"
"storage/content/oab/45-exame/gabaritos/gabaritos-preliminares-da-prova-objetiva-1-fase-atualizado-em-22.12.2025-ghhg7q.pdf","pedagogical-content","gabarito/padrão de resposta","true","leitura parcial","OAB","OAB/FGV","45-exame","1ª fase OAB","","2025","","","local-only","648931866fdcf2d7cc1bd1b8170565acfbfa27bd83fd5fba9f33467055d1babe","335844","alta","pedagogical-content; gabarito/padrão de resposta; diretório/metadado OAB; sem disciplina confiável"
"storage/content/oab/45-exame/metadata.json","pedagogical-container","container pedagógico","false","leitura bem-sucedida","OAB","OAB/FGV","45º Exame de Ordem Unificado","","","2026","","","local-only","94dce4cd17654bd035951b019b7e8418c5d2612dc886550f69dd223ddca34835","9130","alta","pedagogical-container; container pedagógico; diretório/metadado OAB; sem disciplina confiável"
"storage/content/oab/45-exame/provas/caderno-de-prova-tipo-1-1e6sag.pdf","pedagogical-content","prova PDF","true","leitura parcial","OAB","OAB/FGV","45-exame","","","","","","local-only","5f0504cb71c90334783c327f8ece43fbcabe83de37884598c1a976fb4025f3f1","405589","alta","pedagogical-content; prova PDF; diretório/metadado OAB; sem disciplina confiável"
"storage/content/oab/45-exame/provas/caderno-de-prova-tipo-2-17lo3v.pdf","pedagogical-content","prova PDF","true","leitura parcial","OAB","OAB/FGV","45-exame","","","","","","local-only","0cdd706bd50b818de724c2f8c79400288cfbb2082060bdc345e3a3b6e070b34c","408780","alta","pedagogical-content; prova PDF; diretório/metadado OAB; sem disciplina confiável"
"storage/content/oab/45-exame/provas/caderno-de-prova-tipo-3-1kg5po.pdf","pedagogical-content","prova PDF","true","leitura parcial","OAB","OAB/FGV","45-exame","","","","","","local-only","7d467f18cd62eb0eb5d15c3c43d7392596a76e58a58c44a88a7e98867e79a328","405325","alta","pedagogical-content; prova PDF; diretório/metadado OAB; sem disciplina confiável"
"storage/content/oab/45-exame/provas/caderno-de-prova-tipo-4-hp2j7m.pdf","pedagogical-content","prova PDF","true","leitura parcial","OAB","OAB/FGV","45-exame","","","","","","local-only","a82b1bb565f157fc2f1722bae2e603df96b9841d9e11a7a6f0fbe0d744cde583","408672","alta","pedagogical-content; prova PDF; diretório/metadado OAB; sem disciplina confiável"
"storage/content/oab/45-exame/provas/caderno-de-provas-direito-administrativo-18f4gb.pdf","pedagogical-content","prova PDF","true","leitura parcial","OAB","OAB/FGV","45-exame","","","","Direito Administrativo","","local-only","8d704afad238dfca6bf487f0a94226881672a62edb87a0cb66a3fb11e95219db","512270","alta","pedagogical-content; prova PDF; diretório/metadado OAB; diretório/estrutura"
"storage/content/oab/45-exame/provas/caderno-de-provas-direito-civil-6ysmi2.pdf","pedagogical-content","prova PDF","true","leitura parcial","OAB","OAB/FGV","45-exame","","","1992","","","local-only","10c23908d7f2900ca6745cc5944e5942ec7ea49cc25637f86cf3a37d6766c2e8","486209","alta","pedagogical-content; prova PDF; diretório/metadado OAB; sem disciplina confiável"
"storage/content/oab/45-exame/provas/caderno-de-provas-direito-constitucional-jo56bf.pdf","pedagogical-content","prova PDF","true","leitura parcial","OAB","OAB/FGV","45-exame","","","","Direito Constitucional","","local-only","072fb81d5a8e1698c647c23f7b241911b80e5e69f8b07f81f28c6b0745d49c71","490071","alta","pedagogical-content; prova PDF; diretório/metadado OAB; diretório/estrutura"
"storage/content/oab/45-exame/provas/caderno-de-provas-direito-do-trabalho-1gjqe9.pdf","pedagogical-content","prova PDF","true","leitura parcial","OAB","OAB/FGV","45-exame","","","2024","","","local-only","a6e5ca2e04a74a38a00cf9ccf4f583521fd6cb553740a3a4c5f7fb6da5817551","500736","alta","pedagogical-content; prova PDF; diretório/metadado OAB; sem disciplina confiável"
"storage/content/oab/45-exame/provas/caderno-de-provas-direito-empresarial-1nc4hy.pdf","pedagogical-content","prova PDF","true","leitura parcial","OAB","OAB/FGV","45-exame","","","2019","Direito Empresarial","","local-only","25f5435e47db80c9b725533678c0139b28fd07c55778a56be9f2c130472511fb","493574","alta","pedagogical-content; prova PDF; diretório/metadado OAB; diretório/estrutura"
"storage/content/oab/45-exame/provas/caderno-de-provas-direito-penal-175dyx.pdf","pedagogical-content","prova PDF","true","leitura parcial","OAB","OAB/FGV","45-exame","","","2025","Direito Penal","","local-only","ed3543c2536bf6131843c0e96d939447e42780dd1887894965416be7fbfb30b1","510682","alta","pedagogical-content; prova PDF; diretório/metadado OAB; diretório/estrutura"
"storage/content/oab/45-exame/provas/caderno-de-provas-direito-tributario-11v67s.pdf","pedagogical-content","prova PDF","true","leitura parcial","OAB","OAB/FGV","45-exame","","","2020","Direito Tributário","","local-only","85096789150e7849f3ca89286acb54fac71c9c9c2947014fcd6aed948aaa6713","517815","alta","pedagogical-content; prova PDF; diretório/metadado OAB; diretório/estrutura"
"storage/content/oab/45-exame/questoes/questoes-extraidas.json","pedagogical-content","banco de questões","true","leitura bem-sucedida","OAB","OAB/FGV","45-exame","","FGV","","Ética Profissional","45o Exame OAB - Questao 1","local-only","82c6aee14ce2bfc9ee0be6e7a1b687a9c01ccaf36797cdf607dcccfaf0d01b37","6696","alta","pedagogical-content; banco de questões; diretório/metadado OAB; diretório/estrutura"
"storage/content/oab/45-exame/segunda-fase/padrao-de-respostas-definitivo-direito-administrativo-1wvicg.pdf","unknown","gabarito/padrão de resposta","false","leitura parcial","OAB","OAB/FGV","45-exame","","","2026","Direito Administrativo","","local-only","5f5ee9bbf310de6ec75efece7944c4ed7479a41eea7fc00691dd1acf9545a4c3","141861","baixa","unknown; gabarito/padrão de resposta; diretório/metadado OAB; diretório/estrutura"
"storage/content/oab/45-exame/segunda-fase/padrao-de-respostas-definitivo-direito-civil-11m6xm.pdf","unknown","gabarito/padrão de resposta","false","leitura parcial","OAB","OAB/FGV","45-exame","","","2026","","","local-only","c1ab1f7c090806683b1e71abd0c79d7eefe88d3540d5bb08c9725fc2331c3f0f","131539","baixa","unknown; gabarito/padrão de resposta; diretório/metadado OAB; sem disciplina confiável"
"storage/content/oab/45-exame/segunda-fase/padrao-de-respostas-definitivo-direito-constitucional-ojauov.pdf","unknown","gabarito/padrão de resposta","false","leitura parcial","OAB","OAB/FGV","45-exame","","","2026","Direito Constitucional","","local-only","294c554540224c7c8159a47172e9252604edfe6ebb166877e00d2f21d1b48b02","139293","baixa","unknown; gabarito/padrão de resposta; diretório/metadado OAB; diretório/estrutura"
"storage/content/oab/45-exame/segunda-fase/padrao-de-respostas-definitivo-direito-do-trabalho-15r5ep.pdf","unknown","gabarito/padrão de resposta","false","leitura parcial","OAB","OAB/FGV","45-exame","","","2026","","","local-only","7ea8d9499e9d881e05ebff1eb82f9efafd2f97d92f99d117ba85a4a0b184e2f9","141747","baixa","unknown; gabarito/padrão de resposta; diretório/metadado OAB; sem disciplina confiável"
"storage/content/oab/45-exame/segunda-fase/padrao-de-respostas-definitivo-direito-empresarial-183iy4.pdf","unknown","gabarito/padrão de resposta","false","leitura parcial","OAB","OAB/FGV","45-exame","","","2026","Direito Empresarial","","local-only","760567abe48dd9c2639d843051237d3d4847dc3e2dde28eb2a1da257d245e6aa","142273","baixa","unknown; gabarito/padrão de resposta; diretório/metadado OAB; diretório/estrutura"
"storage/content/oab/45-exame/segunda-fase/padrao-de-respostas-definitivo-direito-penal-dzwh97.pdf","unknown","gabarito/padrão de resposta","false","leitura parcial","OAB","OAB/FGV","45-exame","","","2026","Direito Penal","","local-only","f070d35b6664cf4efd86dce66a3322f262af6bdd3fe7072747e0573ab3a796db","147181","baixa","unknown; gabarito/padrão de resposta; diretório/metadado OAB; diretório/estrutura"
"storage/content/oab/45-exame/segunda-fase/padrao-de-respostas-definitivo-direito-tributario-wc13ec.pdf","unknown","gabarito/padrão de resposta","false","leitura parcial","OAB","OAB/FGV","45-exame","","","2026","Direito Tributário","","local-only","3ae71bbaa81d42f907838c08a39f6705c03c27f197986b6e5a93c3c5274f7860","143315","baixa","unknown; gabarito/padrão de resposta; diretório/metadado OAB; diretório/estrutura"
"storage/content/oab/45-exame/segunda-fase/padrao-de-respostas-direito-administrativo-adzc5q.pdf","unknown","gabarito/padrão de resposta","false","leitura parcial","OAB","OAB/FGV","45-exame","","","2026","Direito Administrativo","","local-only","b12205a4b4fecbfe10a5c561a17f640dfac1086fa670ea138754bcdedde48c5a","348387","baixa","unknown; gabarito/padrão de resposta; diretório/metadado OAB; diretório/estrutura"
"storage/content/oab/45-exame/segunda-fase/padrao-de-respostas-direito-civil-1nyb1d.pdf","unknown","gabarito/padrão de resposta","false","leitura parcial","OAB","OAB/FGV","45-exame","","","2026","","","local-only","11744fd1bf2d70807e0ef82bf625759f311fe6286fe30fb40e427be8971b2271","340257","baixa","unknown; gabarito/padrão de resposta; diretório/metadado OAB; sem disciplina confiável"
"storage/content/oab/45-exame/segunda-fase/padrao-de-respostas-direito-constitucional-1c1sri.pdf","unknown","gabarito/padrão de resposta","false","leitura parcial","OAB","OAB/FGV","45-exame","","","2026","Direito Constitucional","","local-only","877833a286834f6236b23ea867f1ad65cde497555d0582cf01159a39f2e257b2","370758","baixa","unknown; gabarito/padrão de resposta; diretório/metadado OAB; diretório/estrutura"
"storage/content/oab/45-exame/segunda-fase/padrao-de-respostas-direito-do-trabalho-1bf4tc.pdf","unknown","gabarito/padrão de resposta","false","leitura parcial","OAB","OAB/FGV","45-exame","","","2026","","","local-only","badd159cfc946b35bacc5ff92133236dff1c3b4ee2587a473a716ed4c67bd39c","346922","baixa","unknown; gabarito/padrão de resposta; diretório/metadado OAB; sem disciplina confiável"
"storage/content/oab/45-exame/segunda-fase/padrao-de-respostas-direito-empresarial-125cgg.pdf","unknown","gabarito/padrão de resposta","false","leitura parcial","OAB","OAB/FGV","45-exame","","","2026","Direito Empresarial","","local-only","f4c4c227ea385c8b598b19ecb9a4592507bf0a4fa05f598924baf15dfda356a3","331958","baixa","unknown; gabarito/padrão de resposta; diretório/metadado OAB; diretório/estrutura"
"storage/content/oab/45-exame/segunda-fase/padrao-de-respostas-direito-penal-1aj1y5.pdf","unknown","gabarito/padrão de resposta","false","leitura parcial","OAB","OAB/FGV","45-exame","","","2026","Direito Penal","","local-only","c818ea1324bcd45bc0b6233e3533604c4d4be3966ae88c4c154ebea80d2e8ee6","350700","baixa","unknown; gabarito/padrão de resposta; diretório/metadado OAB; diretório/estrutura"
"storage/content/oab/45-exame/segunda-fase/padrao-de-respostas-direito-tributario-cc97se.pdf","unknown","gabarito/padrão de resposta","false","leitura parcial","OAB","OAB/FGV","45-exame","","","2026","Direito Tributário","","local-only","266b7cea9795d89a0150dea8db406bdbf848ab2e9d9a521d8e4333ca77827c1a","349155","baixa","unknown; gabarito/padrão de resposta; diretório/metadado OAB; diretório/estrutura"
"storage/content/oab/46-exame/gabaritos/gabaritos-definitivos-da-prova-objetiva-1-fase-1kizjh.pdf","pedagogical-content","gabarito/padrão de resposta","true","leitura parcial","OAB","OAB/FGV","46-exame","1ª fase OAB","","2026","","","local-only","c57ac6a6c713f5efa3c3976506cb7f204f734b8ffb34d22cc0d3e23ab6651a5a","103500","alta","pedagogical-content; gabarito/padrão de resposta; diretório/metadado OAB; sem disciplina confiável"
"storage/content/oab/46-exame/gabaritos/gabaritos-preliminares-da-prova-objetiva-1-fase-atualizado-em-04.05.2026-1wy91d.pdf","pedagogical-content","gabarito/padrão de resposta","true","leitura parcial","OAB","OAB/FGV","46-exame","1ª fase OAB","","2026","","","local-only","6546b3934cdc49429f4c98b822c7775f07f5c49e0afb8a9b1c2cba324905bc51","402132","alta","pedagogical-content; gabarito/padrão de resposta; diretório/metadado OAB; sem disciplina confiável"
"storage/content/oab/46-exame/metadata.json","pedagogical-container","container pedagógico","false","leitura bem-sucedida","OAB","OAB/FGV","46º Exame de Ordem Unificado","","","2026","","","local-only","6655e7c45950086b6bcf128bd4a7de24965e0b68d8cebce06d602078d0608ca1","1892","alta","pedagogical-container; container pedagógico; diretório/metadado OAB; sem disciplina confiável"
"storage/content/oab/46-exame/provas/caderno-de-prova-tipo-1-1dfntz.pdf","pedagogical-content","prova PDF","true","leitura parcial","OAB","OAB/FGV","46-exame","","","1989","","","local-only","100b3e057e476afc37a699471d26025758c074e0f8d7c8aa28eaa6ef52b1ecfa","561671","alta","pedagogical-content; prova PDF; diretório/metadado OAB; sem disciplina confiável"
"storage/content/oab/46-exame/provas/caderno-de-prova-tipo-2-1liuy6.pdf","pedagogical-content","prova PDF","true","leitura parcial","OAB","OAB/FGV","46-exame","","","1989","","","local-only","3fa649d5352052663feda7a725e2a89b75816398ab59c3f59b4e6d1287201101","576035","alta","pedagogical-content; prova PDF; diretório/metadado OAB; sem disciplina confiável"
"storage/content/oab/46-exame/provas/caderno-de-prova-tipo-3-18v5bp.pdf","pedagogical-content","prova PDF","true","leitura parcial","OAB","OAB/FGV","46-exame","","","1989","","","local-only","d82559fdd69eb1a6c200b310235a01839d70f4c50b598eec8320c5eba206486a","560445","alta","pedagogical-content; prova PDF; diretório/metadado OAB; sem disciplina confiável"
"storage/content/oab/46-exame/provas/caderno-de-prova-tipo-4-8l7j5p.pdf","pedagogical-content","prova PDF","true","leitura parcial","OAB","OAB/FGV","46-exame","","","1989","","","local-only","8be68b9eae0058ee44000f1479d5b2c5f2b81571655b9eac46ec970e83e6d19d","559136","alta","pedagogical-content; prova PDF; diretório/metadado OAB; sem disciplina confiável"
"storage/content/oab/46-exame/questoes/questoes-extraidas.json","pedagogical-content","banco de questões","true","leitura bem-sucedida","OAB","OAB/FGV","46-exame","","FGV","1989","Ética Profissional","46o Exame OAB - Questao 1","local-only","9651358220d18f47361c0a7cb1a46e2a2503d0a9581f1654184c1f24165fb634","138716","alta","pedagogical-content; banco de questões; diretório/metadado OAB; diretório/estrutura"
"storage/content/oab/47-exame/metadata.json","pedagogical-container","container pedagógico","false","leitura bem-sucedida","OAB","OAB/FGV","47º Exame de Ordem Unificado","","","2026","","","local-only","5fd60c0887eb4faf2fcc2c83210a1b7539a4efedeadb71eac01671de65bfc36f","183","alta","pedagogical-container; container pedagógico; diretório/metadado OAB; sem disciplina confiável"
"storage/content/oab/5-exame/metadata.json","pedagogical-container","container pedagógico","false","leitura bem-sucedida","OAB","OAB/FGV","5º Exame de Ordem Unificado","","","2026","","","local-only","32e93b550dff88602eadfa2a9983c1e372def1e57338a52c3d1c9c3a79c7b114","182","alta","pedagogical-container; container pedagógico; diretório/metadado OAB; sem disciplina confiável"
"storage/content/oab/6-exame/metadata.json","pedagogical-container","container pedagógico","false","leitura bem-sucedida","OAB","OAB/FGV","6º Exame de Ordem Unificado","","","2026","","","local-only","29db704ac35b8905caa8fcaa42f8c829c1c9d20fb172cf4608486e5c110041aa","182","alta","pedagogical-container; container pedagógico; diretório/metadado OAB; sem disciplina confiável"
"storage/content/oab/7-exame/gabaritos/gabaritos-preliminares-da-prova-objetiva-1-fase-9rqav3.pdf","pedagogical-content","gabarito/padrão de resposta","true","leitura parcial","OAB","OAB/FGV","7-exame","1ª fase OAB","","2012","","","local-only","33c61f294d8794ab40b54dee1f07655512cc862759a4396b27aefecd6c269986","96585","alta","pedagogical-content; gabarito/padrão de resposta; diretório/metadado OAB; sem disciplina confiável"
"storage/content/oab/7-exame/metadata.json","pedagogical-container","container pedagógico","false","leitura bem-sucedida","OAB","OAB/FGV","7º Exame de Ordem Unificado","","","2026","","","local-only","24c4d2485c13789eb12c31f353bb5907f49739294a199af574db6add33c4dcaa","1483","alta","pedagogical-container; container pedagógico; diretório/metadado OAB; sem disciplina confiável"
"storage/content/oab/7-exame/provas/caderno-de-prova-01-5noo95.pdf","pedagogical-content","prova PDF","true","leitura parcial","OAB","OAB/FGV","7-exame","","","1994","","","local-only","6502b7272b7dbf0b8bf95460ad7dc3dacf250ac34620f9de5746bf5e072f1735","793203","alta","pedagogical-content; prova PDF; diretório/metadado OAB; sem disciplina confiável"
"storage/content/oab/7-exame/provas/caderno-de-prova-02-1j1xvk.pdf","pedagogical-content","prova PDF","true","leitura parcial","OAB","OAB/FGV","7-exame","","","1994","","","local-only","9989cfb08b8dfed163e91bc7e0b7624c6466165bfbc986dac5a06607267e6cfe","791693","alta","pedagogical-content; prova PDF; diretório/metadado OAB; sem disciplina confiável"
"storage/content/oab/7-exame/provas/caderno-de-prova-03-1j4qj9.pdf","pedagogical-content","prova PDF","true","leitura parcial","OAB","OAB/FGV","7-exame","","","1994","","","local-only","674751c3052ff940f1da5412f4afe7e7ebc3e7b7d7075608aaa52d50bfe9a73b","790821","alta","pedagogical-content; prova PDF; diretório/metadado OAB; sem disciplina confiável"
"storage/content/oab/7-exame/provas/caderno-de-prova-04-9qlh4z.pdf","pedagogical-content","prova PDF","true","leitura parcial","OAB","OAB/FGV","7-exame","","","1994","","","local-only","6a5af15a634ec6983bad673ebaa7ed7ed13b7e2d8186b69be8bd4508345c836f","791307","alta","pedagogical-content; prova PDF; diretório/metadado OAB; sem disciplina confiável"
"storage/content/oab/7-exame/questoes/questoes-extraidas.json","pedagogical-content","banco de questões","true","leitura bem-sucedida","OAB","OAB/FGV","7-exame","","FGV","1994","Ética Profissional","7o Exame OAB - Questao 1","local-only","3447ce8f013aa80d6aa48ff6bc0ee2b677ecb2cb0d93d65809ed6d7562e0f314","106438","alta","pedagogical-content; banco de questões; diretório/metadado OAB; diretório/estrutura"
"storage/content/oab/8-exame/metadata.json","pedagogical-container","container pedagógico","false","leitura bem-sucedida","OAB","OAB/FGV","8º Exame de Ordem Unificado","","","2026","","","local-only","ecddecd4aa2da783988f839f49ca62db6d89c715736842eee3b649d4f901bc3d","182","alta","pedagogical-container; container pedagógico; diretório/metadado OAB; sem disciplina confiável"
"storage/content/oab/9-exame/metadata.json","pedagogical-container","container pedagógico","false","leitura bem-sucedida","OAB","OAB/FGV","9º Exame de Ordem Unificado","","","2026","","","local-only","7e0de0f20e78a4bb8cce6c8ae4a2b6e3034111ab6e21b2bba35424c65bc9b559","182","alta","pedagogical-container; container pedagógico; diretório/metadado OAB; sem disciplina confiável"
"material-provas/fgv/provas PM/aluno_oficial_da_pmns101_tipo_1.pdf","pedagogical-content","prova PDF","true","leitura parcial","","","","Oficial","FGV","2021","","","local-only","43b4afe4797181c585aa0776f3fd953b7e5cd49d796495b6d0e0d88ac58b043c","1282141","alta","pedagogical-content; prova PDF; sem evidência confiável; sem disciplina confiável"
"material-provas/fgv/provas PM/aluno_oficial_da_pmns101_tipo_2.pdf","pedagogical-content","prova PDF","true","leitura parcial","","","","Oficial","FGV","2021","","","local-only","2dacf47955b4c88b9f4f616e640141515e1d7a51de87acb32e4333bb9cd41562","1282000","alta","pedagogical-content; prova PDF; sem evidência confiável; sem disciplina confiável"
"material-provas/fgv/provas PM/aluno_oficial_da_pmns101_tipo_3.pdf","pedagogical-content","prova PDF","true","leitura parcial","","","","Oficial","FGV","2021","","","local-only","d8c2e2548bec545e444b9bfd45b75c4ef98c486c9e1cea5687f31b4177b24927","1275497","alta","pedagogical-content; prova PDF; sem evidência confiável; sem disciplina confiável"
"material-provas/fgv/provas PM/aluno_oficial_da_pmns101_tipo_4.pdf","pedagogical-content","prova PDF","true","leitura parcial","","","","Oficial","FGV","2021","","","local-only","8cf0afa9e763ce2242f3c656d64664952b68547d2538550d01536ffb32a89436","1282739","alta","pedagogical-content; prova PDF; sem evidência confiável; sem disciplina confiável"
"material-provas/fgv/provas PM/aluno_oficial_da_pm_discursivansd101_tipo_1.pdf","pedagogical-content","prova PDF","true","leitura parcial","Polícia Militar","","","Oficial","FGV","2010","Redação","","local-only","f06317fc73f762a8bfc7f76baa3c868a3ed15dda9bad65496501cd5b4d0d8b31","870370","alta","pedagogical-content; prova PDF; sigla/instituição PM; diretório/estrutura"
"material-provas/fgv/provas PM/aluno_soldado_da_pmnm001_tipo_1.pdf","pedagogical-content","prova PDF","true","leitura parcial","","","","Soldado","FGV","2021","","","local-only","85b447f1f18c2f910d0da57939a71a0197c9ab804f30feed56384dde3e3fa698","1328349","alta","pedagogical-content; prova PDF; sem evidência confiável; sem disciplina confiável"
"material-provas/fgv/provas PM/aluno_soldado_da_pmnm001_tipo_2.pdf","pedagogical-content","prova PDF","true","leitura parcial","","","","Soldado","FGV","2021","","","local-only","e45f9861e644f0c6d85da195b20cf2ca478f4dbde0988fe68fb00f1a1e388a4b","1335792","alta","pedagogical-content; prova PDF; sem evidência confiável; sem disciplina confiável"
"material-provas/fgv/provas PM/aluno_soldado_da_pmnm001_tipo_3.pdf","pedagogical-content","prova PDF","true","leitura parcial","","","","Soldado","FGV","2021","","","local-only","2bdee98f88a61f6453dd9c71a5c8e1010785ba7c2ff9f7daa1221970191085bf","1335923","alta","pedagogical-content; prova PDF; sem evidência confiável; sem disciplina confiável"
"material-provas/fgv/provas PM/aluno_soldado_da_pmnm001_tipo_4.pdf","pedagogical-content","prova PDF","true","leitura parcial","","","","Soldado","FGV","2021","","","local-only","e8c7740b236954a6ff8126877a3b4c4c7f4e30e3514e00f5399d463c383d1b3d","1335701","alta","pedagogical-content; prova PDF; sem evidência confiável; sem disciplina confiável"
"material-provas/fgv/provas PM/aluno_soldado_da_pm_discursivanmd001_tipo_1.pdf","pedagogical-content","prova PDF","true","leitura parcial","Polícia Militar","","","Soldado","FGV","2022","Redação","","local-only","5c8a295e2225a3e61f898e720dc8dededc862d6a256c9aa24b792b591bafa8f3","768451","alta","pedagogical-content; prova PDF; sigla/instituição PM; diretório/estrutura"
"material-provas/fgv/provas PM/anexo-sem-titulo-00306-4.pdf","pedagogical-content","prova PDF","true","leitura parcial","","","","","FGV","2020","","","local-only","398f060edb019f9aaa8f7b653a6d68c0b50148224e152e10cf87931c11c01454","786017","alta","pedagogical-content; prova PDF; sem evidência confiável; sem disciplina confiável"
"material-provas/fgv/provas PM/anexo-sem-titulo-00312-1.pdf","pedagogical-content","prova PDF","true","leitura parcial","","","","","FGV","2020","","","local-only","f719aa6b53254996e80d043dfe6e753b4a4b390809843b1e7a7005338b281175","792185","alta","pedagogical-content; prova PDF; sem evidência confiável; sem disciplina confiável"
"material-provas/fgv/provas PM/anexo-sem-titulo-00318-2.pdf","pedagogical-content","prova PDF","true","leitura parcial","","","","","FGV","2020","","","local-only","663bc1358d629319e8adf1517582689daed5ff84b3f3838fa13197e36c38c524","785859","alta","pedagogical-content; prova PDF; sem evidência confiável; sem disciplina confiável"
"material-provas/fgv/provas PM/anexo-sem-titulo-00324-3.pdf","pedagogical-content","prova PDF","true","leitura parcial","","","","","FGV","2020","","","local-only","72eca15d758521c31f374e3f62ffbe9f608999f505a03f8d417b5d374f07002c","792839","alta","pedagogical-content; prova PDF; sem evidência confiável; sem disciplina confiável"
"material-provas/fgv/provas PM/cabo-pmcnm001-tipo-1.pdf","pedagogical-content","prova PDF","true","leitura parcial","","","","Cabo","FGV","2015","","","local-only","03453c29a2a613ea3bb65d8c19b1f7dab25b184e56c2a224a61adf8e15c96001","1236980","alta","pedagogical-content; prova PDF; sem evidência confiável; sem disciplina confiável"
"material-provas/fgv/provas PM/cabo-pmcnm001-tipo-2.pdf","pedagogical-content","prova PDF","true","leitura parcial","","","","Cabo","FGV","2015","","","local-only","a76bf14a99847c246fa252f5805cb82d45078c2598d475f842c4111c45525b95","1237895","alta","pedagogical-content; prova PDF; sem evidência confiável; sem disciplina confiável"
"material-provas/fgv/provas PM/cabo-pmcnm001-tipo-3.pdf","pedagogical-content","prova PDF","true","leitura parcial","","","","Cabo","FGV","2015","","","local-only","a1e26b1c6002622e81da75677ef3c1a4fb9f976ece41bd0c4f4d61e8eb2dab5b","1238634","alta","pedagogical-content; prova PDF; sem evidência confiável; sem disciplina confiável"
"material-provas/fgv/provas PM/cabo-pmcnm001-tipo-4.pdf","pedagogical-content","prova PDF","true","leitura parcial","","","","Cabo","FGV","2015","","","local-only","10a3099072dfe56b32b882f4746588969d80b7e25e451fe3765d4b985089aca4","1240316","alta","pedagogical-content; prova PDF; sem evidência confiável; sem disciplina confiável"
"material-provas/fgv/provas PM/cns101-aluno-oficial-combatentecns101-tipo-1.pdf","pedagogical-content","prova PDF","true","leitura parcial","","","","Oficial","FGV","1903","","","local-only","7c34ec77da09edec4b273172c3f3658e63d5a71b8e5b351535700ba9e9fe748b","1222700","alta","pedagogical-content; prova PDF; sem evidência confiável; sem disciplina confiável"
"material-provas/fgv/provas PM/cns101-aluno-oficial-combatentecns101-tipo-2.pdf","pedagogical-content","prova PDF","true","leitura parcial","","","","Oficial","FGV","1962","","","local-only","5cdb34158405758f9785c1f8f75471e33852ec0734ab2df58d22c38b3806b09d","1219606","alta","pedagogical-content; prova PDF; sem evidência confiável; sem disciplina confiável"
"material-provas/fgv/provas PM/curso-de-formacao-de-oficiais-combatentes-da-pmpbcfopb-22-tipo-1.pdf","pedagogical-content","prova PDF","true","leitura parcial","","","","Oficial","FGV","2021","","","local-only","896473842287c8fa52d81d820bbd4d33391fd9d690641fefbfc314395cfa6557","815913","alta","pedagogical-content; prova PDF; sem evidência confiável; sem disciplina confiável"
"material-provas/fgv/provas PM/curso-de-formacao-de-oficiais-combatentes-da-pmpbcfopb-22-tipo-2.pdf","pedagogical-content","prova PDF","true","leitura parcial","","","","Oficial","FGV","2021","","","local-only","baa67f5e5984b026a374d16a6d4211ffa578f2eba2704c683e4461ccb20300d4","815697","alta","pedagogical-content; prova PDF; sem evidência confiável; sem disciplina confiável"
"material-provas/fgv/provas PM/curso-de-formacao-de-oficiais-combatentes-da-pmpbcfopb-22-tipo-3.pdf","pedagogical-content","prova PDF","true","leitura parcial","","","","Oficial","FGV","2021","","","local-only","acff3825b1d9d368aaa6cc33606366d787a33829164294ba08c392e44d28877a","815979","alta","pedagogical-content; prova PDF; sem evidência confiável; sem disciplina confiável"
"material-provas/fgv/provas PM/curso-de-formacao-de-oficiais-combatentes-da-pmpbcfopb-22-tipo-4.pdf","pedagogical-content","prova PDF","true","leitura parcial","","","","Oficial","FGV","2021","","","local-only","2a4e56251f4fd7a56657c66eebb68b07f0e07840bb5df407e70e7ef4cfbe7e3a","811429","alta","pedagogical-content; prova PDF; sem evidência confiável; sem disciplina confiável"
"material-provas/fgv/provas PM/delegado-objetivacns100-tipo-1.pdf","pedagogical-content","prova PDF","true","leitura parcial","Polícia Civil","","","Delegado","FGV","2023","","","local-only","8dc6b30dcf3cc415cae4d486cfbef8d11bf5312abe68e694fd1e8742b4850e6d","1213772","alta","pedagogical-content; prova PDF; sigla/cargo policial civil; sem disciplina confiável"
"material-provas/fgv/provas PM/delegado-objetivacns100-tipo-2.pdf","pedagogical-content","prova PDF","true","leitura parcial","Polícia Civil","","","Delegado","FGV","2023","","","local-only","c41e6f8655b965e8bbf640624f1470dfd4ae3b267c855c465bd3c038deb5469e","1213540","alta","pedagogical-content; prova PDF; sigla/cargo policial civil; sem disciplina confiável"
"material-provas/fgv/provas PM/delegado-objetivacns100-tipo-3.pdf","pedagogical-content","prova PDF","true","leitura parcial","Polícia Civil","","","Delegado","FGV","2023","","","local-only","e5a88b84dcc5c17e84727de24e345c5995b76f0e3e9b61ebeaf5178ac432ec1d","1213291","alta","pedagogical-content; prova PDF; sigla/cargo policial civil; sem disciplina confiável"
"material-provas/fgv/provas PM/delegado-objetivacns100-tipo-4.pdf","pedagogical-content","prova PDF","true","leitura parcial","Polícia Civil","","","Delegado","FGV","2023","","","local-only","d137260d9ee8783f6cb43d3817f9ae0713312c3428928d8aeb892fee37b94ed2","1214618","alta","pedagogical-content; prova PDF; sigla/cargo policial civil; sem disciplina confiável"
"material-provas/fgv/provas PM/inspetor_de_policia_de_6a_classeinspetor_tipo_1_revisada.pdf","pedagogical-content","prova PDF","true","leitura parcial","Polícia Civil","","","Inspetor","FGV","1973","","","local-only","b0c31db40b63de591c5e7e77f92d0822c1cfc636336b95616fbcb7997591aa5d","1092947","alta","pedagogical-content; prova PDF; sigla/cargo policial civil; sem disciplina confiável"
"material-provas/fgv/provas PM/inspetor_de_policia_de_6a_classeinspetor_tipo_2_revisada.pdf","pedagogical-content","prova PDF","true","leitura parcial","Polícia Civil","","","Inspetor","FGV","1973","","","local-only","23a7018275307395e9bdce57867573b3664c3bbc5a72702a8e36fb4b33f0f21b","1093454","alta","pedagogical-content; prova PDF; sigla/cargo policial civil; sem disciplina confiável"
"material-provas/fgv/provas PM/inspetor_de_policia_de_6a_classeinspetor_tipo_3_revisada.pdf","pedagogical-content","prova PDF","true","leitura parcial","Polícia Civil","","","Inspetor","FGV","2019","","","local-only","60fc0ff375ef560e890503207a608f1ee26d6035d1161e6af3f5e5fe593261e6","1092331","alta","pedagogical-content; prova PDF; sigla/cargo policial civil; sem disciplina confiável"
"material-provas/fgv/provas PM/inspetor_de_policia_de_6a_classeinspetor_tipo_4_revisada.pdf","pedagogical-content","prova PDF","true","leitura parcial","Polícia Civil","","","Inspetor","FGV","1973","","","local-only","085737c358ed12509cc42a8a3702e34662da658fec565c90fc6b6f35657f11cb","1092584","alta","pedagogical-content; prova PDF; sigla/cargo policial civil; sem disciplina confiável"
"material-provas/fgv/provas PM/investigador_policial_de_3a_classeinvest_tipo_1_revisada.pdf","pedagogical-content","prova PDF","true","leitura parcial","Polícia Civil","","","Investigador","FGV","2021","","","local-only","3bb95022826819db6e61636d0b87767827f7c6286aae28b205e95c47461b07dd","1024394","alta","pedagogical-content; prova PDF; sigla/cargo policial civil; sem disciplina confiável"
"material-provas/fgv/provas PM/investigador_policial_de_3a_classeinvest_tipo_2_revisada.pdf","pedagogical-content","prova PDF","true","leitura parcial","Polícia Civil","","","Investigador","FGV","2013","","","local-only","aab0d87d6d728d1a7e4b3ef2e9173f110efc2529fb36bc1c17ba1bfbb6467f19","1022857","alta","pedagogical-content; prova PDF; sigla/cargo policial civil; sem disciplina confiável"
"material-provas/fgv/provas PM/investigador_policial_de_3a_classeinvest_tipo_3_revisada.pdf","pedagogical-content","prova PDF","true","leitura parcial","Polícia Civil","","","Investigador","FGV","2021","","","local-only","4fa632dcbbb4a6a21ec1471fadca98869d88df16ea24aa8650042d43cf123b67","1022727","alta","pedagogical-content; prova PDF; sigla/cargo policial civil; sem disciplina confiável"
"material-provas/fgv/provas PM/investigador_policial_de_3a_classeinvest_tipo_4_revisada.pdf","pedagogical-content","prova PDF","true","leitura parcial","Polícia Civil","","","Investigador","FGV","2013","","","local-only","851961cce3cca38e8b1858bf7ec740019ee826d74986daf482d7a0183b328ff2","1023968","alta","pedagogical-content; prova PDF; sigla/cargo policial civil; sem disciplina confiável"
"material-provas/fgv/provas PM/ns001_-_delegado_de_policia_-_4a_classe_prova_objetivans001_tipo_1.pdf","pedagogical-content","prova PDF","true","leitura parcial","Polícia Civil","","","Delegado","FGV","2021","","","local-only","0a52be892b45fdc3f633bc1811a1152c2ae6f8fa11441e4f9a9735bf01f27142","1268169","alta","pedagogical-content; prova PDF; sigla/cargo policial civil; sem disciplina confiável"
"material-provas/fgv/provas PM/ns001_-_delegado_de_policia_-_4a_classe_prova_objetivans001_tipo_2.pdf","pedagogical-content","prova PDF","true","leitura parcial","Polícia Civil","","","Delegado","FGV","2021","","","local-only","0a28d9ed3395182986f7df4b75275b882066c2a1aa4770fbeef460335bb03af2","1267507","alta","pedagogical-content; prova PDF; sigla/cargo policial civil; sem disciplina confiável"
"material-provas/fgv/provas PM/ns001_-_delegado_de_policia_-_4a_classe_prova_objetivans001_tipo_3.pdf","pedagogical-content","prova PDF","true","leitura parcial","Polícia Civil","","","Delegado","FGV","2021","","","local-only","a02cfafb1dab5b461c2050f101a7e5109bb240a2af3a3b625ea9e35f74cfe9da","1268933","alta","pedagogical-content; prova PDF; sigla/cargo policial civil; sem disciplina confiável"
"material-provas/fgv/provas PM/ns001_-_delegado_de_policia_-_4a_classe_prova_objetivans001_tipo_4.pdf","pedagogical-content","prova PDF","true","leitura parcial","Polícia Civil","","","Delegado","FGV","2021","","","local-only","aa5ee6a268ea7d2ceccf11e54205e161f654e9a86f730de6515d71936f71c2fb","1268944","alta","pedagogical-content; prova PDF; sigla/cargo policial civil; sem disciplina confiável"
"material-provas/fgv/provas PM/ns002_-_delegado_de_policia_-_4a_classe_prova_discursivans002_tipo_1.pdf","pedagogical-content","prova PDF","true","leitura parcial","Polícia Civil","","","Delegado","FGV","2021","Redação","","local-only","247bd87e3d7ae65bb787900d23a274df14ea6c46aa546b9988444f48706f30d1","944619","alta","pedagogical-content; prova PDF; sigla/cargo policial civil; diretório/estrutura"
"material-provas/fgv/provas PM/oficial-da-policia-militarof-pm-tipo-1.pdf","pedagogical-content","prova PDF","true","leitura parcial","Polícia Militar","","","Oficial","FGV","1995","","","local-only","b22b97e63bf9331487e104b29ff214fbf91787e7da17f71e181dd7a321144bb6","546724","alta","pedagogical-content; prova PDF; sigla/instituição PM; sem disciplina confiável"
"material-provas/fgv/provas PM/oficial-da-policia-militarof-pm-tipo-2.pdf","pedagogical-content","prova PDF","true","leitura parcial","Polícia Militar","","","Oficial","FGV","2013","","","local-only","3b23c30aa129a472cbbccc41ab9c0fffc33e39a890b0b7c7d722aec1099ad3f1","533858","alta","pedagogical-content; prova PDF; sigla/instituição PM; sem disciplina confiável"
"material-provas/fgv/provas PM/oficial-da-policia-militarof-pm-tipo-3.pdf","pedagogical-content","prova PDF","true","leitura parcial","Polícia Militar","","","Oficial","FGV","1995","","","local-only","9a9d0cac766c3c413c2aa17212fdfd10b7279b5a01c9d9e838f1b64a697b8da2","556554","alta","pedagogical-content; prova PDF; sigla/instituição PM; sem disciplina confiável"
"material-provas/fgv/provas PM/oficial-da-policia-militarof-pm-tipo-4.pdf","pedagogical-content","prova PDF","true","leitura parcial","Polícia Militar","","","Oficial","FGV","2023","","","local-only","44c6ac47f60ebcdf930d5c5afa1af13fa13114dff1a7b9ee9844a2315a6aa5a4","558388","alta","pedagogical-content; prova PDF; sigla/instituição PM; sem disciplina confiável"
"material-provas/fgv/provas PM/pcam2021e01_gabarito_definitivo.pdf","pedagogical-content","gabarito/padrão de resposta","true","leitura parcial","","","PM pcam2021","","FGV","2021","","","local-only","1b9b7aff287219efde78779bb2ebdc6ef72442db5b6b58fa549eb33dc8d96a90","89013","alta","pedagogical-content; gabarito/padrão de resposta; sem evidência confiável; sem disciplina confiável"
"material-provas/fgv/provas PM/pcrj2021e1_gabarito_definitivo.pdf","pedagogical-content","gabarito/padrão de resposta","true","leitura parcial","","","PM pcrj2021","","FGV","2021","","","local-only","525309012d9098b766df98841e7853a8b8fdc5a40eb41f573ec458cb07cadac8","93241","alta","pedagogical-content; gabarito/padrão de resposta; sem evidência confiável; sem disciplina confiável"
"material-provas/fgv/provas PM/pcrj2021e2_gabarito_definitivo.pdf","pedagogical-content","gabarito/padrão de resposta","true","leitura parcial","","","PM pcrj2021","","FGV","2021","","","local-only","bbb352ded42cc3ef9ec4cd923a4f12c94163d865d76d8becece4ba4506a925e7","93749","alta","pedagogical-content; gabarito/padrão de resposta; sem evidência confiável; sem disciplina confiável"
"material-provas/fgv/provas PM/pcrn-delegado-de-policia-civil-substituto-deleg-01-tipo-1.pdf","pedagogical-content","prova PDF","true","leitura parcial","Polícia Civil","PCRN","","Delegado","FGV","2019","","","local-only","36dbd5299eaacc939e1582072b63dfcb9dc3ef369effc97549ad5f0689c652a3","697279","alta","pedagogical-content; prova PDF; sigla/cargo policial civil; sem disciplina confiável"
"material-provas/fgv/provas PM/pcrn-delegado-de-policia-civil-substituto-deleg-01-tipo-2.pdf","pedagogical-content","prova PDF","true","leitura parcial","Polícia Civil","PCRN","","Delegado","FGV","1988","","","local-only","c292ddbbcff82e99f2e89df3f30da7e419b8a80f44ba0642bbd03235efffd9f0","698021","alta","pedagogical-content; prova PDF; sigla/cargo policial civil; sem disciplina confiável"
"material-provas/fgv/provas PM/pcrn-delegado-de-policia-civil-substituto-deleg-01-tipo-3.pdf","pedagogical-content","prova PDF","true","leitura parcial","Polícia Civil","PCRN","","Delegado","FGV","2020","","","local-only","dc18c7fb60b84c39cd8e47d19b233be760a27a076032d83a797aa3a3cecf3c1c","704878","alta","pedagogical-content; prova PDF; sigla/cargo policial civil; sem disciplina confiável"
"material-provas/fgv/provas PM/pcrn-delegado-de-policia-civil-substituto-deleg-01-tipo-4 (1).pdf","pedagogical-content","prova PDF","true","leitura parcial","Polícia Civil","PCRN","","Delegado","FGV","2020","","","local-only","e891aafacb565c58ba93d3f1d81623cfefffd6633cd7fb403f1b08a21f84a10d","698141","alta","pedagogical-content; prova PDF; sigla/cargo policial civil; sem disciplina confiável"
"material-provas/fgv/provas PM/pcrn-delegado-de-policia-civil-substituto-deleg-01-tipo-4.pdf","pedagogical-content","prova PDF","true","leitura parcial","Polícia Civil","PCRN","","Delegado","FGV","2020","","","local-only","e891aafacb565c58ba93d3f1d81623cfefffd6633cd7fb403f1b08a21f84a10d","698141","alta","pedagogical-content; prova PDF; sigla/cargo policial civil; sem disciplina confiável"
"material-provas/fgv/provas PM/pcrn-delegado-de-policia-civil-substituto-deleg-02-tipo-1-discursiva.pdf","pedagogical-content","prova PDF","true","leitura parcial","Polícia Civil","PCRN","","Delegado","FGV","2021","Redação","","local-only","a5ed03b88f5110578ba2e91f2fc4da2b7df31d4fdc1c82ecc7811320c5f9c51d","317347","alta","pedagogical-content; prova PDF; sigla/cargo policial civil; diretório/estrutura"
"material-provas/fgv/provas PM/pcrn_gabarito_definitivo.pdf","pedagogical-content","gabarito/padrão de resposta","true","leitura parcial","Polícia Civil","PCRN","","","FGV","2021","","","local-only","c80dcd8fd2d207e556ef1c0cd9ea8ac0ddb644b0f8f68d49ae73a36a38424f2e","668502","alta","pedagogical-content; gabarito/padrão de resposta; sigla/cargo policial civil; sem disciplina confiável"
"material-provas/fgv/provas PM/pcscdelegado2024_gabarito_definitivo_20240220.pdf","pedagogical-content","gabarito/padrão de resposta","true","leitura parcial","Polícia Civil","PCSC","PM pcscdelegado2024","Delegado","FGV","2023","","","local-only","f634b847fa4c0b754c2d4259fc19fa9b03a465594c23274282c07a0f58073d5c","561780","alta","pedagogical-content; gabarito/padrão de resposta; sigla/cargo policial civil; sem disciplina confiável"
"material-provas/fgv/provas PM/pm-sargentocnm001-tipo-1.pdf","pedagogical-content","prova PDF","true","leitura parcial","Polícia Militar","","","Sargento","FGV","2025","","","local-only","a986cb4bccf95a49d9a53611f4706adbd0502681763c7c5891b2396b161e82d9","475149","alta","pedagogical-content; prova PDF; sigla/instituição PM; sem disciplina confiável"
"material-provas/fgv/provas PM/pm-sargentocnm001-tipo-2.pdf","pedagogical-content","prova PDF","true","leitura parcial","Polícia Militar","","","Sargento","FGV","2025","","","local-only","27bcd3e8eaf206b17cc4424cf201fbb033a316993762b13fd2243cced3d0586f","474512","alta","pedagogical-content; prova PDF; sigla/instituição PM; sem disciplina confiável"
"material-provas/fgv/provas PM/pm-sargentocnm001-tipo-3.pdf","pedagogical-content","prova PDF","true","leitura parcial","Polícia Militar","","","Sargento","FGV","2025","","","local-only","96da808dd1cc67d07efd4282f6f560505fed3e13ad620ca01b9635df56d3bd8d","474842","alta","pedagogical-content; prova PDF; sigla/instituição PM; sem disciplina confiável"
"material-provas/fgv/provas PM/pm-sargentocnm001-tipo-4.pdf","pedagogical-content","prova PDF","true","leitura parcial","Polícia Militar","","","Sargento","FGV","2025","","","local-only","bfd6fc5cde6900f99a4101bcef75ac5cdb47447ed99032821bc63ec5fb7fa0c5","475237","alta","pedagogical-content; prova PDF; sigla/instituição PM; sem disciplina confiável"
"material-provas/fgv/provas PM/pmac2023-gabaritos-definitivo-final-para-publicacao-1.pdf","pedagogical-content","gabarito/padrão de resposta","true","leitura parcial","","","PM pmac2023","","FGV","2023","","","local-only","5b54545bde9c3a3bd09c91cea70e0ae29df3c421a167bcfc3a27b3d1d2c327c6","457097","alta","pedagogical-content; gabarito/padrão de resposta; sem evidência confiável; sem disciplina confiável"
"material-provas/fgv/provas PM/pmam2021_gabarito_definitivo_retificado_26.04.2022.pdf","pedagogical-content","gabarito/padrão de resposta","true","leitura parcial","","","PM pmam2021","","FGV","2022","","","local-only","5db6fab43d026a564df77f5fdc339655c52416af4d72702c7e47092d68eeca48","381032","alta","pedagogical-content; gabarito/padrão de resposta; sem evidência confiável; sem disciplina confiável"
"material-provas/fgv/provas PM/pmce2021_gabarito_definitivo.pdf","pedagogical-content","gabarito/padrão de resposta","true","leitura parcial","","","PM pmce2021","","FGV","2021","","","local-only","324b41b889d366d47287251641ea86cfe94584f2a450a11031f4d71599494c67","176652","alta","pedagogical-content; gabarito/padrão de resposta; sem evidência confiável; sem disciplina confiável"
"material-provas/fgv/provas PM/pmce2021_soldado_da_pm-ce_pmce01_tipo_1.pdf","pedagogical-content","prova PDF","true","leitura parcial","Polícia Militar","PMCE","PM pmce2021","Soldado","FGV","2021","","","local-only","86e9d52e497d924a46c26987c3a8bb37c96703b0950eb5dde7c0d7179c2a72f6","411682","alta","pedagogical-content; prova PDF; sigla/instituição PM; sem disciplina confiável"
"material-provas/fgv/provas PM/pmce2021_soldado_da_pm-ce_pmce01_tipo_2.pdf","pedagogical-content","prova PDF","true","leitura parcial","Polícia Militar","PMCE","PM pmce2021","Soldado","FGV","2021","","","local-only","566b69297028b525f7788c91d86f25e1f994d42c94ef417d24f5922337c951c5","411639","alta","pedagogical-content; prova PDF; sigla/instituição PM; sem disciplina confiável"
"material-provas/fgv/provas PM/pmce2021_soldado_da_pm-ce_pmce01_tipo_3.pdf","pedagogical-content","prova PDF","true","leitura parcial","Polícia Militar","PMCE","PM pmce2021","Soldado","FGV","2021","","","local-only","244e6a30b5835e79413c0f6f7625e103ccbbc37c9f942e323c9308797a004c24","411424","alta","pedagogical-content; prova PDF; sigla/instituição PM; sem disciplina confiável"
"material-provas/fgv/provas PM/pmce2021_soldado_da_pm-ce_pmce01_tipo_4.pdf","pedagogical-content","prova PDF","true","leitura parcial","Polícia Militar","PMCE","PM pmce2021","Soldado","FGV","2021","","","local-only","adad017701a07b004891781550b0ff2a2cd248d1eb5adf601770d8cc82906426","411205","alta","pedagogical-content; prova PDF; sigla/instituição PM; sem disciplina confiável"
"material-provas/fgv/provas PM/pmerj-cfo-prova-discursiva.pdf","pedagogical-content","prova PDF","true","leitura parcial","Polícia Militar","PMERJ","","Oficial","FGV","1988","Redação","","local-only","4a11d49045304892536e8ba73552745c1efbd061c3af4255fd9660513c9bef80","309542","alta","pedagogical-content; prova PDF; sigla/instituição PM; diretório/estrutura"
"material-provas/fgv/provas PM/pmerj-gabarito-definitivo-para-publicacao-oficial-da-pm.pdf","pedagogical-content","gabarito/padrão de resposta","true","leitura parcial","Polícia Militar","PMERJ","","Oficial","FGV","","","","local-only","7d695a5b79f05b51a64e884ee48e380ac94fa4af7bd97dbabab6cb9f30431cb6","195064","alta","pedagogical-content; gabarito/padrão de resposta; sigla/instituição PM; sem disciplina confiável"
"material-provas/fgv/provas PM/pmerj-gabarito-definitivo.pdf","pedagogical-content","gabarito/padrão de resposta","true","leitura parcial","Polícia Militar","PMERJ","","","FGV","2024","","","local-only","154d08acaccc1d8d20ed6637c4dd0346726d6144e34a0cf1ed81c6be2fe1b606","144592","alta","pedagogical-content; gabarito/padrão de resposta; sigla/instituição PM; sem disciplina confiável"
"material-provas/fgv/provas PM/pmerj2021-curso-de-formacao-de-oficiais-da-pmerj-pmcfo01-tipo-1.pdf","pedagogical-content","prova PDF","true","leitura parcial","Polícia Militar","PMERJ","PM pmerj2021","Oficial","FGV","2021","","","local-only","6624711931f560e6535ee562bb46b766f83023bcf6dc637ea4de422c28e8b461","517987","alta","pedagogical-content; prova PDF; sigla/instituição PM; sem disciplina confiável"
"material-provas/fgv/provas PM/pmerj2021-curso-de-formacao-de-oficiais-da-pmerj-pmcfo01-tipo-2.pdf","pedagogical-content","prova PDF","true","leitura parcial","Polícia Militar","PMERJ","PM pmerj2021","Oficial","FGV","2021","","","local-only","6e28637eb5c581d849d95a83f196f45379ece6dd846be7b680b2c9a69b1ef922","515986","alta","pedagogical-content; prova PDF; sigla/instituição PM; sem disciplina confiável"
"material-provas/fgv/provas PM/pmerj2021-curso-de-formacao-de-oficiais-da-pmerj-pmcfo01-tipo-3.pdf","pedagogical-content","prova PDF","true","leitura parcial","Polícia Militar","PMERJ","PM pmerj2021","Oficial","FGV","2021","","","local-only","337be455df243f04f7199a9feddd444f9b589614d436fbdb3f7510f2937f244e","517503","alta","pedagogical-content; prova PDF; sigla/instituição PM; sem disciplina confiável"
"material-provas/fgv/provas PM/pmerj2021-curso-de-formacao-de-oficiais-da-pmerj-pmcfo01-tipo-4.pdf","pedagogical-content","prova PDF","true","leitura parcial","Polícia Militar","PMERJ","PM pmerj2021","Oficial","FGV","2021","","","local-only","598aefc0a205e8554aaff76676301349d3445a3de5727f72d2f17596b961f570","517658","alta","pedagogical-content; prova PDF; sigla/instituição PM; sem disciplina confiável"
"material-provas/fgv/provas PM/pmerj2021_gabarito_definitivo.pdf","pedagogical-content","gabarito/padrão de resposta","true","leitura parcial","","","PM pmerj2021","","FGV","2021","","","local-only","b8881ed36217537a7b191ab7c44c38239a5f8b19155a9ec86c7eac1173d482d1","89219","alta","pedagogical-content; gabarito/padrão de resposta; sem evidência confiável; sem disciplina confiável"
"material-provas/fgv/provas PM/pmesp-sargento-2024-gabaritos-para-publicacao.pdf","pedagogical-content","gabarito/padrão de resposta","true","leitura parcial","Polícia Militar","","PM pmesp-sargento-2024","Sargento","FGV","2024","","","local-only","ad5d8169257dbe0591a77807a26ab1df827215c10f0be1b8a6cc6cc40ddd3b2b","182714","alta","pedagogical-content; gabarito/padrão de resposta; sigla/instituição PM; sem disciplina confiável"
"material-provas/fgv/provas PM/pmesp2022_gabarito_definitivo.pdf","pedagogical-content","gabarito/padrão de resposta","true","leitura parcial","","","PM pmesp2022","","FGV","2022","","","local-only","5e1409c1cb96b8fb8f352f17b6fa1b026bccfda87ac8d792b0ef22acf86a3d07","85908","alta","pedagogical-content; gabarito/padrão de resposta; sem evidência confiável; sem disciplina confiável"
"material-provas/fgv/provas PM/pmespcabo2022_gabarito_definitivo.pdf","pedagogical-content","gabarito/padrão de resposta","true","leitura parcial","","","PM pmespcabo2022","Cabo","FGV","2022","","","local-only","7f4018b13c6cae19b43f9a9eba9ae913220d6bc4e03996acc1bf824111596a9b","119920","alta","pedagogical-content; gabarito/padrão de resposta; sem evidência confiável; sem disciplina confiável"
"material-provas/fgv/provas PM/pmpb2021_gabarito_definitivo.pdf","pedagogical-content","gabarito/padrão de resposta","true","leitura parcial","","","PM pmpb2021","","FGV","2021","","","local-only","cae01f890a89717a27625f4cb52241863bad7dfe7e40dbb911c19e7d88bb3c49","104692","alta","pedagogical-content; gabarito/padrão de resposta; sem evidência confiável; sem disciplina confiável"
"material-provas/fgv/provas PM/soldado-policial-militar-classe-cpm-sel-tipo-1.pdf","pedagogical-content","prova PDF","true","leitura parcial","","","","Soldado","FGV","2004","Direito Penal Militar","","local-only","2dce8e57bc55c4980e05468162572812174925c611f4d5628215dfafead76153","1025773","alta","pedagogical-content; prova PDF; sem evidência confiável; diretório/estrutura"
"material-provas/fgv/provas PM/soldado-policial-militar-classe-cpm-sel-tipo-1_0.pdf","pedagogical-content","prova PDF","true","leitura parcial","","","","Soldado","FGV","","Direito Penal Militar","","local-only","aec274acb69c97c3e9a8608188b808056f2a8fc1f953d07239a7482682b6cd27","250307","alta","pedagogical-content; prova PDF; sem evidência confiável; diretório/estrutura"
"material-provas/fgv/provas PM/soldado-policial-militar-classe-cpm-sel-tipo-2.pdf","pedagogical-content","prova PDF","true","leitura parcial","","","","Soldado","FGV","2014","Direito Penal Militar","","local-only","996f717f24682fa6548036c9e18896a8c8b62873add89332b90f7ffdfee96b28","1025352","alta","pedagogical-content; prova PDF; sem evidência confiável; diretório/estrutura"
"material-provas/fgv/provas PM/soldado-policial-militar-classe-cpm-sel-tipo-3.pdf","pedagogical-content","prova PDF","true","leitura parcial","","","","Soldado","FGV","2017","Direito Penal Militar","","local-only","d979661f32df712ebb5b2ea993ee954c5321c0cc104931e7626aa2d4f6222f1b","1025439","alta","pedagogical-content; prova PDF; sem evidência confiável; diretório/estrutura"
"material-provas/fgv/provas PM/soldado-policial-militar-classe-cpm-sel-tipo-4.pdf","pedagogical-content","prova PDF","true","leitura parcial","","","","Soldado","FGV","1988","Direito Penal Militar","","local-only","2b36b011584fa1758421976641a1363df9b6dfeed87f4fe233e6454afbf3bd4d","1026938","alta","pedagogical-content; prova PDF; sem evidência confiável; diretório/estrutura"
"material-provas/fgv/provas PM/soldado_pm_de_2a_classe_do_quadro_de_pracas_de_policia_militar_qppmcnm001_tipo_1.pdf","pedagogical-content","prova PDF","true","leitura parcial","Polícia Militar","","","Soldado","FGV","2017","","","local-only","d2b4a9e4859920025e1dc024a83a126b1a0781a0620dfde15797c99ea2da5525","1780964","alta","pedagogical-content; prova PDF; sigla/instituição PM; sem disciplina confiável"
"material-provas/fgv/provas PM/soldado_pm_de_2a_classe_do_quadro_de_pracas_de_policia_militar_qppmcnm001_tipo_2.pdf","pedagogical-content","prova PDF","true","leitura parcial","Polícia Militar","","","Soldado","FGV","2017","","","local-only","828ff0a4d0acf383fd4d92983f99a3b08d09bbfc152517d51c2a2ce94bb201e6","1780170","alta","pedagogical-content; prova PDF; sigla/instituição PM; sem disciplina confiável"
"material-provas/fgv/provas PM/soldado_pm_de_2a_classe_do_quadro_de_pracas_de_policia_militar_qppmcnm001_tipo_3.pdf","pedagogical-content","prova PDF","true","leitura parcial","Polícia Militar","","","Soldado","FGV","2017","","","local-only","dffe077befb1efbdebe43a9647515d1876fdcb1a8949572e52ba92fadb3d59c2","1788469","alta","pedagogical-content; prova PDF; sigla/instituição PM; sem disciplina confiável"
"material-provas/fgv/provas PM/soldado_pm_de_2a_classe_do_quadro_de_pracas_de_policia_militar_qppmcnm001_tipo_4.pdf","pedagogical-content","prova PDF","true","leitura parcial","Polícia Militar","","","Soldado","FGV","2017","","","local-only","93c9fffb6fd830d21011fc6c72c39742c0b226168173a0f1c415deb1014c362b","1780882","alta","pedagogical-content; prova PDF; sigla/instituição PM; sem disciplina confiável"
"flashcards-apkg/amostra-combo-pf-prf.apkg","pedagogical-content","deck Anki","true","leitura bem-sucedida","PRF","PRF","","","","","","","local-only","2fc534aa197afea6486f449ca34bd76b5818c228847f840556cbe3c2afec4991","6085085","alta","pedagogical-content; deck Anki; sigla PRF; sem disciplina confiável"
"flashcards-apkg/amostra-detran-df.apkg","pedagogical-content","deck Anki","true","leitura bem-sucedida","DETRAN","DETRAN","","","","","","","local-only","62151e936a7624d2426396b49fcb911cbadfa40d9fa9e10dd4f0a3154bddc386","3285016","alta","pedagogical-content; deck Anki; sigla DETRAN; sem disciplina confiável"
"flashcards-apkg/amostra-gmf.apkg","pedagogical-content","deck Anki","true","leitura bem-sucedida","Guarda Municipal","","","","","","","","local-only","072f0c8c412cbc1d3ac140f1d43500fd3dab80ff1c28ddfd1117083f089c4221","4420508","alta","pedagogical-content; deck Anki; nome/sigla GM; sem disciplina confiável"
"flashcards-apkg/amostra-pcal.apkg","pedagogical-content","deck Anki","true","leitura bem-sucedida","","","","","","","","","local-only","96d851c67cf7d3033b56d833b95d939d901e9d50ff2cc14997483d57dfa53186","4377883","alta","pedagogical-content; deck Anki; sem evidência confiável; sem disciplina confiável"
"flashcards-apkg/amostra-pcba.apkg","pedagogical-content","deck Anki","true","leitura bem-sucedida","","","","","","","","","local-only","86c0730bc8722148275461cfc2d40efe6c862cce4b26e5dc89aea9415822d30d","3199562","alta","pedagogical-content; deck Anki; sem evidência confiável; sem disciplina confiável"
"flashcards-apkg/amostra-pcce.apkg","pedagogical-content","deck Anki","true","leitura bem-sucedida","","","","","","","","","local-only","62ce8b2a3277a48763212294799c0a9fa2c5305d588f3a7abbb6af4e01a78019","3654977","alta","pedagogical-content; deck Anki; sem evidência confiável; sem disciplina confiável"
"flashcards-apkg/amostra-pcdf-agente-custodia.apkg","pedagogical-content","deck Anki","true","leitura bem-sucedida","Polícia Civil","PCDF","","Agente","","","","","local-only","8f5b3cf9e1bdf5e7df2750af025a28a3481c563848831d06d0a3820182634c97","2565431","alta","pedagogical-content; deck Anki; sigla/cargo policial civil; sem disciplina confiável"
"flashcards-apkg/amostra-pcgo.apkg","pedagogical-content","deck Anki","true","leitura bem-sucedida","","","","","","","","","local-only","dfd1d0a6ff31b0d5bf01a3eee721d270a8a5ec3ab6b9a5c71a7a54895046e426","3458653","alta","pedagogical-content; deck Anki; sem evidência confiável; sem disciplina confiável"
"flashcards-apkg/amostra-pcmg.apkg","pedagogical-content","deck Anki","true","leitura bem-sucedida","","","","","","","","","local-only","9d28224d721ca9c4325ef667f1c14bf0d1c4fc71bf155fc7dd27d07473767dc4","3180393","alta","pedagogical-content; deck Anki; sem evidência confiável; sem disciplina confiável"
"flashcards-apkg/amostra-pcpi.apkg","pedagogical-content","deck Anki","true","leitura bem-sucedida","","","","","","","","","local-only","d7eb234d033c6663fd0b87182856a7b281d83a28efbc2382753aaf49c54bbd99","3449339","alta","pedagogical-content; deck Anki; sem evidência confiável; sem disciplina confiável"
"flashcards-apkg/amostra-pcsp.apkg","pedagogical-content","deck Anki","true","leitura bem-sucedida","","","","","","","","","local-only","07952c40675f8f07009ea33ec54dfdb88dabadcb33e2b40dfc42ca54441cd74c","2534715","alta","pedagogical-content; deck Anki; sem evidência confiável; sem disciplina confiável"
"flashcards-apkg/amostra-pf.apkg","pedagogical-content","deck Anki","true","leitura bem-sucedida","","","","","","","","","local-only","058916dcd5b1bd37f2be97f3187033985ae8e9fc7ac4ecb3702e9edb1bf976d9","4768746","alta","pedagogical-content; deck Anki; sem evidência confiável; sem disciplina confiável"
"flashcards-apkg/amostra-pmal.apkg","pedagogical-content","deck Anki","true","leitura bem-sucedida","","","","","","","","","local-only","68037039e4581da68bc5a54639d6506ff235176c7574d08543282a23b60452b8","3219299","alta","pedagogical-content; deck Anki; sem evidência confiável; sem disciplina confiável"
"flashcards-apkg/amostra-pmba.apkg","pedagogical-content","deck Anki","true","leitura bem-sucedida","","","","","","","","","local-only","2207967aa50b59a290bd4849282b440d82b3bb7d2d036cc15bfd44f330da0ea1","1803763","alta","pedagogical-content; deck Anki; sem evidência confiável; sem disciplina confiável"
"flashcards-apkg/amostra-pmce.apkg","pedagogical-content","deck Anki","true","leitura bem-sucedida","","","","","","","","","local-only","c92683231221bc196a98297e764c225516797315c5919e27aa1af4730e895f07","1719670","alta","pedagogical-content; deck Anki; sem evidência confiável; sem disciplina confiável"
"flashcards-apkg/amostra-pmdf.apkg","pedagogical-content","deck Anki","true","leitura bem-sucedida","","","","","","","","","local-only","2455aa58df6ace92829ab729d00c4345900cfb8d63dad38aa1671d4fff4cdf62","2994459","alta","pedagogical-content; deck Anki; sem evidência confiável; sem disciplina confiável"
"flashcards-apkg/amostra-pmerj.apkg","pedagogical-content","deck Anki","true","leitura bem-sucedida","","","","","","","","","local-only","65f1c48a3561cb4b2bb8b1bc6a443122103cb59d3e15c5adaa9009c6e39b285a","2756383","alta","pedagogical-content; deck Anki; sem evidência confiável; sem disciplina confiável"
"flashcards-apkg/amostra-pmes.apkg","pedagogical-content","deck Anki","true","leitura bem-sucedida","","","","","","","","","local-only","75df73cf3891bc6eb29dd025bdc91bd94c51893c169d22eedacfe7e2db7d53c1","1247878","alta","pedagogical-content; deck Anki; sem evidência confiável; sem disciplina confiável"
"flashcards-apkg/amostra-pmmg-cfo.apkg","pedagogical-content","deck Anki","true","leitura bem-sucedida","Polícia Militar","PMMG","","Oficial","","","","","local-only","379bd3bc6e41a054089bacf8fd98f339458613c6b8150cc58fe66930c41e8749","5749846","alta","pedagogical-content; deck Anki; sigla/instituição PM; sem disciplina confiável"
"flashcards-apkg/amostra-pmmg.apkg","pedagogical-content","deck Anki","true","leitura bem-sucedida","","","","","","","","","local-only","e9d5a4e4add55d97fee8dda94bfe5dedbf660c58665b7886f80e7974fea59cc4","1297526","alta","pedagogical-content; deck Anki; sem evidência confiável; sem disciplina confiável"
"flashcards-apkg/amostra-pmpe.apkg","pedagogical-content","deck Anki","true","leitura bem-sucedida","","","","","","","","","local-only","f83a403f413e758aec089346c18290278277780d965d8c32c8c7e086657cd939","1225972","alta","pedagogical-content; deck Anki; sem evidência confiável; sem disciplina confiável"
"flashcards-apkg/amostra-pmrn.apkg","pedagogical-content","deck Anki","true","leitura bem-sucedida","","","","","","","","","local-only","ce02b90c3fa39f49644132ee438949fa08a87ed197d0a89a902cedd71a1c470f","2324927","alta","pedagogical-content; deck Anki; sem evidência confiável; sem disciplina confiável"
"flashcards-apkg/amostra-ppba.apkg","pedagogical-content","deck Anki","true","leitura bem-sucedida","","","","","","","","","local-only","6806892f5604bada8ed0773b7359a1e14fd65665e8120a285d232fb0fafc7761","3426177","alta","pedagogical-content; deck Anki; sem evidência confiável; sem disciplina confiável"
"flashcards-apkg/amostra-ppce.apkg","pedagogical-content","deck Anki","true","leitura bem-sucedida","","","","","","","","","local-only","24411ced65bafe4d3c42ada1b33c9cc19c79c8317973055f7c652f4857c6295f","3834702","alta","pedagogical-content; deck Anki; sem evidência confiável; sem disciplina confiável"
"flashcards-apkg/amostra-ppgo.apkg","pedagogical-content","deck Anki","true","leitura bem-sucedida","","","","","","","","","local-only","db714e6cc31af68a5178c96d9d2b703c1b1e28b3b9857f5fb503d1bc4b52ae92","2681183","alta","pedagogical-content; deck Anki; sem evidência confiável; sem disciplina confiável"
"flashcards-apkg/amostra-ppmg.apkg","pedagogical-content","deck Anki","true","leitura bem-sucedida","","","","","","","","","local-only","1319485afda3df2a411fb725e425de467cb0ceab951a46373e174bca8e1c3b66","2360212","alta","pedagogical-content; deck Anki; sem evidência confiável; sem disciplina confiável"
"flashcards-apkg/amostra-pppi.apkg","pedagogical-content","deck Anki","true","leitura bem-sucedida","","","","","","","","","local-only","61ab88df91e36f273ef9ff650a2ae8e79b4f8ace6f145e48f5a18dafb34453e6","4373509","alta","pedagogical-content; deck Anki; sem evidência confiável; sem disciplina confiável"
"flashcards-apkg/amostra-prf.apkg","pedagogical-content","deck Anki","true","leitura bem-sucedida","PRF","PRF","","","","","","","local-only","499f7606754d36ee854b5d01088f203b41bbac39bc92869fab4e6f7a9c238db2","3173961","alta","pedagogical-content; deck Anki; sigla PRF; sem disciplina confiável"
"scripts/content-miner/cebraspe-local.ts","import-artifact","artefato de importação","false","leitura bem-sucedida","","","","","Cebraspe","","","","referenced-only","849f6e1d4492181d94d87ff3866fc8fafa29b0f61e03a60e6dcb668e15cb0ba6","29178","média","import-artifact; artefato de importação; sem evidência confiável; sem disciplina confiável"
"scripts/content-miner/fgv-local.ts","import-artifact","artefato de importação","false","leitura bem-sucedida","","","","","FGV","2021","","","referenced-only","b1a1f818bd6e5fa37245d88d7045def1ff256090002107ceca1e54c5d0f50ca1","20550","média","import-artifact; artefato de importação; sem evidência confiável; sem disciplina confiável"
"scripts/content-miner/leis.ts","import-artifact","artefato de importação","false","leitura bem-sucedida","","","","","","1988","","","referenced-only","06dd789637f236ae85f26e9615a73c2ffa5af7f3e0469b21107720a14a7ecaa2","16106","média","import-artifact; artefato de importação; sem evidência confiável; sem disciplina confiável"
"scripts/content-miner/manifesto-militar.json","import-artifact","artefato de importação","false","leitura bem-sucedida","","","","Soldado","Vunesp","2025","Língua Portuguesa","","referenced-only","4f76b9aecd344416b686b76c84b2f32f9a15b356a99c8529058cfb7dde70baca","19160","média","import-artifact; artefato de importação; sem evidência confiável; diretório/estrutura"
"scripts/content-miner/militar.ts","import-artifact","artefato de importação","false","leitura bem-sucedida","","","","","","","","","referenced-only","1cbe80fe2ff10988d204dc4e5e432bfb317e44bbf7b771184be5f6df2feb79bb","23084","média","import-artifact; artefato de importação; sem evidência confiável; sem disciplina confiável"
"scripts/content-miner/oab.ts","import-artifact","artefato de importação","false","leitura bem-sucedida","OAB","OAB/FGV","","","","","","","referenced-only","e9ff8fd83086bca09280d21c1b50d45673803b51bf1a169b149854e6f5da78de","31899","média","import-artifact; artefato de importação; diretório/metadado OAB; sem disciplina confiável"
"scripts/content-miner/pci-militar.config.json","import-artifact","artefato de importação","false","leitura bem-sucedida","Polícia Civil","","","","","","","","referenced-only","e1ef40a5cf996612ef58b86b2657e6662617053f4fc7355423a7491431a2b4f7","2229","média","import-artifact; artefato de importação; sigla/cargo policial civil; sem disciplina confiável"
"scripts/content-miner/pci-militar.ts","import-artifact","artefato de importação","false","leitura bem-sucedida","Polícia Civil","","","","","","","","referenced-only","29e0297a3725318634ff9b5a20c8f32963730c58ab4fffe3878251cc1f4660d0","26667","média","import-artifact; artefato de importação; sigla/cargo policial civil; sem disciplina confiável"
"scripts/content-miner/promote-fgv-local.ts","import-artifact","artefato de importação","false","leitura bem-sucedida","","","","","FGV","","","","referenced-only","cf9f353be934ba14a47c33cfdd60e4e67aa0fbdfd871a9c8fbbbb378362d105e","8969","média","import-artifact; artefato de importação; sem evidência confiável; sem disciplina confiável"
"scripts/encoding-dry-run.js","source-code","arquivo técnico","false","leitura bem-sucedida","","","","","","","","","unknown","fc3a73ce663c278fd9385037e3ca30e358f13637f0fb72ab25480dd304a9842b","3109","média","source-code; arquivo técnico; sem evidência confiável; sem disciplina confiável"
"scripts/exportar-flashcards-local.js","import-artifact","artefato de importação","false","leitura bem-sucedida","","","","","","","","","referenced-only","7b51b7ed87c7541e130a59d2500cfe74eaff0488c81ead414a8fa173b650fde5","3872","média","import-artifact; artefato de importação; sem evidência confiável; sem disciplina confiável"
"scripts/exportar-questoes-chunks.js","import-artifact","artefato de importação","false","leitura bem-sucedida","","","","","","","","","referenced-only","d96ec4fd4cd8c4bb7213ff1df934d36f6be7e4b64c8d296244beebe49ba6bd39","6112","média","import-artifact; artefato de importação; sem evidência confiável; sem disciplina confiável"
"scripts/exportar-questoes-json-chunks.js","import-artifact","artefato de importação","false","leitura bem-sucedida","","","","","","","","","referenced-only","086f514cb91997c859f9f8d4a96e8f92997bca621d6700336187446f68e629d5","4237","média","import-artifact; artefato de importação; sem evidência confiável; sem disciplina confiável"
"scripts/exportar-questoes-local.js","import-artifact","artefato de importação","false","leitura bem-sucedida","","","","","","","","","referenced-only","61a0a7fc37c9b0b36c4cf2acd9295e814070859b2fa4b13acb27474408b39f90","4135","média","import-artifact; artefato de importação; sem evidência confiável; sem disciplina confiável"
"scripts/importar-flashcards.js","import-artifact","artefato de importação","false","leitura bem-sucedida","","","","","","","","","referenced-only","125a7a349c905d74db96a59d42d25aed204699940607321e9807de19c3d90588","3585","média","import-artifact; artefato de importação; sem evidência confiável; sem disciplina confiável"
"scripts/importar-questoes.js","import-artifact","artefato de importação","false","leitura bem-sucedida","","","","","","","","","referenced-only","a524998a0e5ff2b6df1bf349523f6e1681553c520db11f722af9c22b4609c035","4154","média","import-artifact; artefato de importação; sem evidência confiável; sem disciplina confiável"
"scripts/migrar-para-nuvem.js","import-artifact","artefato de importação","false","leitura bem-sucedida","","","","","","","","","referenced-only","2abbf61e3e4f8c6aff9f6e8d3e055682a030f2e4d75a7c9749e1d80f221f9b61","13788","média","import-artifact; artefato de importação; sem evidência confiável; sem disciplina confiável"
"scripts/organizar-material.js","import-artifact","artefato de importação","false","leitura bem-sucedida","","","","","","","","","referenced-only","3cab7ef5ed2673c494e669a6d47f108fb86ae77be9e282e7f7b1cbe4abaafd25","7042","média","import-artifact; artefato de importação; sem evidência confiável; sem disciplina confiável"
"api/create-checkout.js","source-code","arquivo técnico","false","leitura bem-sucedida","","","","","","","","","unknown","60fcfdb77408f6cc701f611863c2cd4c33a6173e71f3bf9c3df13a274c1e3f2a","3704","média","source-code; arquivo técnico; sem evidência confiável; sem disciplina confiável"
"api/payment-webhook.js","source-code","arquivo técnico","false","leitura bem-sucedida","","","","","","","","","unknown","961b0f4eabb90a25714b9557e6009665ef62a1b18d0372ba30d30965ee0664c3","318","média","source-code; arquivo técnico; sem evidência confiável; sem disciplina confiável"
"components/animata/background/animated-beam.jsx","source-code","arquivo técnico","false","leitura bem-sucedida","","","","","","","","","unknown","e86a678276b0f5200465301b7e63bdf07ac5e97b1866f82a7cceab56a9761efd","2653","média","source-code; arquivo técnico; sem evidência confiável; sem disciplina confiável"
"components/animata/card/flip-card.jsx","source-code","arquivo técnico","false","leitura bem-sucedida","","","","","","","","","unknown","abb98fc75bf244eebd65a8e0744a9910e28bb1eb5d505a5ff0639438ed602dd9","1511","média","source-code; arquivo técnico; sem evidência confiável; sem disciplina confiável"
"components/animata/container/announcement-ribbon.jsx","source-code","arquivo técnico","false","leitura bem-sucedida","","","","","","2026","","","unknown","4efce2d91c8c52274e88d4f9ab2a6221f9958ea7693acfa7252882eeb1b28557","2232","média","source-code; arquivo técnico; sem evidência confiável; sem disciplina confiável"
"components/animata/container/marquee.jsx","source-code","arquivo técnico","false","leitura bem-sucedida","","","","","","","","","unknown","d6a0ab67ca42dfb41746d9c277f6b438085a802419bf36f5740eecf8f9525eaa","2003","média","source-code; arquivo técnico; sem evidência confiável; sem disciplina confiável"
"supabase/add_tour_completo.sql","database-artifact","schema/migration/seed","false","leitura bem-sucedida","","","","","","","","","backend-only","11fe3f20c7eee50934581c580085018c4e7527feb57636529fc11ac7bbf97e33","1667","média","database-artifact; schema/migration/seed; sem evidência confiável; sem disciplina confiável"
"supabase/admin_panel.sql","database-artifact","schema/migration/seed","false","leitura bem-sucedida","","","","","","","","","backend-only","22035b9e6c94eac7e2bf45e98fece873f51bae0fb1befb82d096d8c8b171bf93","4777","média","database-artifact; schema/migration/seed; sem evidência confiável; sem disciplina confiável"
"supabase/config.toml","database-artifact","schema/migration/seed","false","leitura bem-sucedida","","","","","","","","","backend-only","62596c88b629b148a516a1f137edd4e836eb21cf6b5aa8b642b1d4c93e2450db","315","média","database-artifact; schema/migration/seed; sem evidência confiável; sem disciplina confiável"
"supabase/fix_auth_production.sql","database-artifact","schema/migration/seed","false","leitura bem-sucedida","","","","","","","","","backend-only","c36543faf3dabfc21b09dbe93abc8b667352fa05301cbd35958c92b140e57dce","71931","média","database-artifact; schema/migration/seed; sem evidência confiável; sem disciplina confiável"
"supabase/fix_onboarding_sync.sql","database-artifact","schema/migration/seed","false","leitura bem-sucedida","","","","","","","","","backend-only","8e98419e0dddf5edff26f1eaa541a4f68eabdcce3089120867b1954a1958acd4","471","média","database-artifact; schema/migration/seed; sem evidência confiável; sem disciplina confiável"
"supabase/fix_planos_pagamento.sql","database-artifact","schema/migration/seed","false","leitura bem-sucedida","","","","","","","","","backend-only","227c0ac03b8f19c21b56e8c02b54babd4b419512b1e1f428f0abaa0e21ada1f7","4856","média","database-artifact; schema/migration/seed; sem evidência confiável; sem disciplina confiável"
"supabase/fix_profiles_rls.sql","database-artifact","schema/migration/seed","false","leitura bem-sucedida","","","","","","","","","backend-only","40a1b651c3faba6b09f5b63932e228822a6ad2c33bfe351081accc46986f0af3","5841","média","database-artifact; schema/migration/seed; sem evidência confiável; sem disciplina confiável"
"supabase/fix_user_data_isolation.sql","database-artifact","schema/migration/seed","false","leitura bem-sucedida","","","","","","","","","backend-only","0d4abe8470319397aae405f0e7a7ae2303b9a087a51ea1c612ee23d0f3e1cf43","2625","média","database-artifact; schema/migration/seed; sem evidência confiável; sem disciplina confiável"
"supabase/functions/admin-cancelar-acesso/index.ts","database-artifact","schema/migration/seed","false","leitura bem-sucedida","","","","","","","","","backend-only","92a74456d5ca621d55fe810ae4811a71e893fea888c89819462dd32a4f7e2faa","1347","média","database-artifact; schema/migration/seed; sem evidência confiável; sem disciplina confiável"
"supabase/functions/admin-criar-usuario/index.ts","database-artifact","schema/migration/seed","false","leitura bem-sucedida","","","","","","","","","backend-only","229625b5a8253a3b9b97c4139eb2dfdc3b7c6b49f7f797f2ca83b8d7cedbac47","2874","média","database-artifact; schema/migration/seed; sem evidência confiável; sem disciplina confiável"
"supabase/functions/admin-deletar-usuario/index.ts","database-artifact","schema/migration/seed","false","leitura bem-sucedida","","","","","","","","","backend-only","55be0a792c6112a2da41b3307a586d18cee36e0fc788cb61bdbce954dd54b770","1703","média","database-artifact; schema/migration/seed; sem evidência confiável; sem disciplina confiável"
"supabase/functions/admin-listar-usuarios/index.ts","database-artifact","schema/migration/seed","false","leitura bem-sucedida","","","","","","","","","backend-only","38b2403a3b147b08713f88458ae6f3a1d9a7d945c47c8371bdbe46aace9dc810","1637","média","database-artifact; schema/migration/seed; sem evidência confiável; sem disciplina confiável"
"supabase/functions/admin-me/index.ts","database-artifact","schema/migration/seed","false","leitura bem-sucedida","","","","","","","","","backend-only","8e30e1f05b9c29de68aea3fd9b91a281648f67e27af0f7ca2bd600a241ea77d2","1126","média","database-artifact; schema/migration/seed; sem evidência confiável; sem disciplina confiável"
"supabase/functions/admin-set-manutencao/index.ts","database-artifact","schema/migration/seed","false","leitura bem-sucedida","","","","","","","","","backend-only","085baf39fe5aac86a8c3094d395c5dea3cce5d7d7ea99ecfbc4da7b3592d8600","1181","média","database-artifact; schema/migration/seed; sem evidência confiável; sem disciplina confiável"
"supabase/functions/admin-set-plano/index.ts","database-artifact","schema/migration/seed","false","leitura bem-sucedida","","","","","","","","","backend-only","805703ef637bcaf7cc14dadea41214ddb3b5f26ed904550f10953610f72f6aa5","2428","média","database-artifact; schema/migration/seed; sem evidência confiável; sem disciplina confiável"
"supabase/functions/admin-set-vitalicio/index.ts","database-artifact","schema/migration/seed","false","leitura bem-sucedida","","","","","","","","","backend-only","c4664eefc9c3c78059812eae616d11293fec810cf1a7f685844627696a30e0c2","1911","média","database-artifact; schema/migration/seed; sem evidência confiável; sem disciplina confiável"
"supabase/functions/cancelar-assinatura/index.ts","database-artifact","schema/migration/seed","false","leitura bem-sucedida","","","","","","","","","backend-only","3b99e755d329860e045f3564debc0e0cce806737d46e09dac5dc72faa532a387","1743","média","database-artifact; schema/migration/seed; sem evidência confiável; sem disciplina confiável"
"supabase/functions/conteudo-url/index.ts","database-artifact","schema/migration/seed","false","leitura bem-sucedida","","","","","","","","","backend-only","4b042f7d2634c009f1acde4c389d8c7cc4fdd8ae446fa535be7181de473e4c24","1987","média","database-artifact; schema/migration/seed; sem evidência confiável; sem disciplina confiável"
"supabase/functions/criar-assinatura-cartao/index.ts","database-artifact","schema/migration/seed","false","leitura bem-sucedida","","","","","","","","","backend-only","f4ad64dbee592dfd07182e720efa815daafdabf1d236ca95719043c9b02abc9e","3308","média","database-artifact; schema/migration/seed; sem evidência confiável; sem disciplina confiável"
"supabase/functions/criar-pagamento-debito/index.ts","database-artifact","schema/migration/seed","false","leitura bem-sucedida","","","","","","","","","backend-only","e0bcf77bbc671c346a22e099c0760a09f4b3ed4499a90caa8a936e6e611ebc2c","4130","média","database-artifact; schema/migration/seed; sem evidência confiável; sem disciplina confiável"
"supabase/functions/criar-pagamento-pix/index.ts","database-artifact","schema/migration/seed","false","leitura bem-sucedida","","","","","","","","","backend-only","83b7392ac43fb35b2eadc8f164ad543e5da42f4cd10923ea9af7748809b93220","3622","média","database-artifact; schema/migration/seed; sem evidência confiável; sem disciplina confiável"
"supabase/functions/ia-aprova/index.ts","database-artifact","schema/migration/seed","false","leitura bem-sucedida","","","","","","2026","","","backend-only","2730fbe744321777f1f0b932ac6ce2993a464e0ed5124e38b9bdf43c0cd14c98","13547","média","database-artifact; schema/migration/seed; sem evidência confiável; sem disciplina confiável"
"supabase/functions/verificar-acesso/index.ts","database-artifact","schema/migration/seed","false","leitura bem-sucedida","","","","","","","","","backend-only","a2489ed8cfc16dcde027566090d912778a94c590338a235e97b40a6b21c59be0","993","média","database-artifact; schema/migration/seed; sem evidência confiável; sem disciplina confiável"
"supabase/functions/webhook-mercadopago/index.ts","database-artifact","schema/migration/seed","false","leitura bem-sucedida","","","","","","","","","backend-only","c83fcef6f990cf56b9cfb28f9508f7b82e19725d40c3fa8e47e5826a4cb2e813","6676","média","database-artifact; schema/migration/seed; sem evidência confiável; sem disciplina confiável"
"supabase/functions/_shared/admin.ts","database-artifact","schema/migration/seed","false","leitura bem-sucedida","","","","","","","","","backend-only","572051c0ac35d10eae3b44091723676578b5ca37e6b7bf16d90f6e5794527a1d","3268","média","database-artifact; schema/migration/seed; sem evidência confiável; sem disciplina confiável"
"supabase/functions/_shared/cors.ts","database-artifact","schema/migration/seed","false","leitura bem-sucedida","","","","","","","","","backend-only","b93139802a8adc26c05e9c12148aa45b70012b6a61969d1ab96ec6d34a39e27d","620","média","database-artifact; schema/migration/seed; sem evidência confiável; sem disciplina confiável"
"supabase/functions/_shared/mercadopago.ts","database-artifact","schema/migration/seed","false","leitura bem-sucedida","","","","","","","","","backend-only","81728e900570192aa232a53704abdd3a55de5b6087993c2aa8cdc5002c491a80","1763","média","database-artifact; schema/migration/seed; sem evidência confiável; sem disciplina confiável"
"supabase/functions/_shared/supabase.ts","database-artifact","schema/migration/seed","false","leitura bem-sucedida","","","","","","","","","backend-only","c365d6c12101015039dbdc4ffc3834b3a896b7e1010ad2f67efab96bf686e3ab","1130","média","database-artifact; schema/migration/seed; sem evidência confiável; sem disciplina confiável"
"supabase/ia_aprova.sql","database-artifact","schema/migration/seed","false","leitura bem-sucedida","","","","","","","","","backend-only","74b01c33ec54023c0ac9127339e5234bc7e8cf414c2df374ce4275763f0e6420","2083","média","database-artifact; schema/migration/seed; sem evidência confiável; sem disciplina confiável"
"supabase/leis_secas_estudo.sql","database-artifact","schema/migration/seed","false","leitura bem-sucedida","","","","","","","","","backend-only","f28acad2a4f17737879cf03e8be322ffdfcf72d4963f7f4b74a39483b2753f6c","3820","média","database-artifact; schema/migration/seed; sem evidência confiável; sem disciplina confiável"
"supabase/lote1_interacoes.sql","database-artifact","schema/migration/seed","false","leitura bem-sucedida","","","","","","","","","backend-only","3db800f395871358ccc16054810734cf864bdcbfe6c63274c4e874be4c35fc9e","2517","média","database-artifact; schema/migration/seed; sem evidência confiável; sem disciplina confiável"
"supabase/mercado_pago.sql","database-artifact","schema/migration/seed","false","leitura bem-sucedida","","","","","","","","","backend-only","5dd53b5c7099b8b7c6dd048026fb6ff12feee132dc3d5978f473be42eb7f0597","6228","média","database-artifact; schema/migration/seed; sem evidência confiável; sem disciplina confiável"
"supabase/migrate_to_cloud.sql","database-artifact","schema/migration/seed","false","leitura bem-sucedida","","","","","","","","","backend-only","ab3123ee0d79aeca3f7c04667ce2be6dcaaa8ebf59040673906b2f7aa1f36436","8615","média","database-artifact; schema/migration/seed; sem evidência confiável; sem disciplina confiável"
"supabase/migrations/20260702140000_secure_paid_content.sql","database-artifact","schema/migration/seed","false","leitura bem-sucedida","","","","","","","","","backend-only","7bf58dab1e58bcdb62d6f1cca5b530601ddf57625e9d7994010775c024332dad","5907","média","database-artifact; schema/migration/seed; sem evidência confiável; sem disciplina confiável"
"supabase/migrations/20260702140500_secure_points_and_plan_defaults.sql","database-artifact","schema/migration/seed","false","leitura bem-sucedida","","","","","","","","","backend-only","7c7414adeb8570f2baaa02f2ace739ee1762e2426c547401c4b6d22fe6e89705","2762","média","database-artifact; schema/migration/seed; sem evidência confiável; sem disciplina confiável"
"supabase/onboarding_tour_flags.sql","database-artifact","schema/migration/seed","false","leitura bem-sucedida","","","","","","","","","backend-only","a2ea568ede3a9ae81d2f4e58e6280679e6c8c30d4d27e62d4ae4c72f2d510978","704","média","database-artifact; schema/migration/seed; sem evidência confiável; sem disciplina confiável"
"supabase/plano_atividades.sql","database-artifact","schema/migration/seed","false","leitura bem-sucedida","","","","","","","","","backend-only","a20d9fab65ac2f38923298c8c9e775cf7c3bcf150dcade41e859a23c5e4ac5c8","1896","média","database-artifact; schema/migration/seed; sem evidência confiável; sem disciplina confiável"
"supabase/profile_avatars.sql","database-artifact","schema/migration/seed","false","leitura bem-sucedida","","","","","","","","","backend-only","44c196f926294b61a757f501cd78fc638b9f4b42c4536a1ccdf92de01f2b3227","1526","média","database-artifact; schema/migration/seed; sem evidência confiável; sem disciplina confiável"
"supabase/README-mercado-pago.md","database-artifact","schema/migration/seed","false","leitura bem-sucedida","","","","","","","","","backend-only","fe9347e11ffe911606d0b7e39c47bd2b987bf1935e8403bd60eabb20730668e2","2916","média","database-artifact; schema/migration/seed; sem evidência confiável; sem disciplina confiável"
"supabase/revisao_questoes.sql","database-artifact","schema/migration/seed","false","leitura bem-sucedida","","","","","","","","","backend-only","81d5dcc10af0f0ea2ef29c6f0d867797d9868cf0ae951f12076e325b8d049c9d","1933","média","database-artifact; schema/migration/seed; sem evidência confiável; sem disciplina confiável"
"supabase/schema.sql","database-artifact","schema/migration/seed","false","leitura bem-sucedida","","","","","","1988","","","backend-only","4c96d43bfd940dfe71ae8bb1da3109e367e40f35166aa3a251fe26aeb9a18adc","13092","média","database-artifact; schema/migration/seed; sem evidência confiável; sem disciplina confiável"
"prisma/schema.prisma","database-artifact","schema/migration/seed","false","leitura bem-sucedida","","","","","","","","","backend-only","ade199f8b5ef8fa8c371c5b8d6818a7a1237434056d5897b8dafe88716befee4","1172","média","database-artifact; schema/migration/seed; sem evidência confiável; sem disciplina confiável"