"caminho","motivo","impacto","podeAparecer","acao","prioridade","responsavel"
"storage/content/leis/cdc/texto.txt + storage/content/leis/ctn/texto.txt","CDC x CTN com texto identico confirmado","risco juridico critico","nao","bloquear texto.txt, buscar fonte oficial, validar hashes apos correcao","Urgente","juridico/conteudo"
"src/data/apostilas/administracao-financeira-orcamentaria.js","sem disciplina","risco de mistura ou baixa qualidade","nao automaticamente","classificar/revisar antes de publicar","Media","conteudo/taxonomia"
"src/data/apostilas/administracao-publica-gestao-publica.js","sem objetivo","risco de mistura ou baixa qualidade","nao automaticamente","classificar/revisar antes de publicar","Media","conteudo/taxonomia"
"src/data/apostilas/arquivologia.js","sem disciplina","risco de mistura ou baixa qualidade","nao automaticamente","classificar/revisar antes de publicar","Media","conteudo/taxonomia"
"src/data/apostilas/atendimento-publico-qualidade-servico-publico.js","sem objetivo","risco de mistura ou baixa qualidade","nao automaticamente","classificar/revisar antes de publicar","Media","conteudo/taxonomia"
"src/data/apostilas/atualidades.js","sem objetivo","risco de mistura ou baixa qualidade","nao automaticamente","classificar/revisar antes de publicar","Media","conteudo/taxonomia"
"src/data/apostilas/caderno-erros-inteligente.js","sem disciplina","risco de mistura ou baixa qualidade","nao automaticamente","classificar/revisar antes de publicar","Media","conteudo/taxonomia"
"src/data/apostilas/ciencias-humanas-simulados.js","sem disciplina","risco de mistura ou baixa qualidade","nao automaticamente","classificar/revisar antes de publicar","Media","conteudo/taxonomia"
"src/data/apostilas/ciencias-natureza-simulados.js","sem disciplina","risco de mistura ou baixa qualidade","nao automaticamente","classificar/revisar antes de publicar","Media","conteudo/taxonomia"
"src/data/apostilas/comentarios-questoes-ia.js","sem disciplina","risco de mistura ou baixa qualidade","nao automaticamente","classificar/revisar antes de publicar","Media","conteudo/taxonomia"
"src/data/apostilas/contabilidade-publica-basica.js","sem disciplina","risco de mistura ou baixa qualidade","nao automaticamente","classificar/revisar antes de publicar","Media","conteudo/taxonomia"
"src/data/apostilas/ctb-codigo-transito-brasileiro.js","sem disciplina","risco de mistura ou baixa qualidade","nao automaticamente","classificar/revisar antes de publicar","Urgente","conteudo/taxonomia"
"src/data/apostilas/ctb-simulados-comentados.js","sem disciplina","risco de mistura ou baixa qualidade","nao automaticamente","classificar/revisar antes de publicar","Media","conteudo/taxonomia"
"src/data/apostilas/direito-administrativo.js","sem objetivo","risco de mistura ou baixa qualidade","nao automaticamente","classificar/revisar antes de publicar","Media","conteudo/taxonomia"
"src/data/apostilas/direito-ambiental.js","sem objetivo","risco de mistura ou baixa qualidade","nao automaticamente","classificar/revisar antes de publicar","Media","conteudo/taxonomia"
"src/data/apostilas/direito-civil.js","sem objetivo","risco de mistura ou baixa qualidade","nao automaticamente","classificar/revisar antes de publicar","Media","conteudo/taxonomia"
"src/data/apostilas/direito-constitucional.js","sem objetivo","risco de mistura ou baixa qualidade","nao automaticamente","classificar/revisar antes de publicar","Media","conteudo/taxonomia"
"src/data/apostilas/direito-penal-militar.js","sem objetivo","risco de mistura ou baixa qualidade","nao automaticamente","classificar/revisar antes de publicar","Media","conteudo/taxonomia"
"src/data/apostilas/direito-penal-parte-geral.js","sem objetivo","risco de mistura ou baixa qualidade","nao automaticamente","classificar/revisar antes de publicar","Media","conteudo/taxonomia"
"src/data/apostilas/direito-processual-civil.js","sem objetivo","risco de mistura ou baixa qualidade","nao automaticamente","classificar/revisar antes de publicar","Media","conteudo/taxonomia"
"src/data/apostilas/direito-processual-penal-militar.js","sem objetivo","risco de mistura ou baixa qualidade","nao automaticamente","classificar/revisar antes de publicar","Media","conteudo/taxonomia"
"src/data/apostilas/direito-processual-penal.js","sem objetivo","risco de mistura ou baixa qualidade","nao automaticamente","classificar/revisar antes de publicar","Media","conteudo/taxonomia"
"src/data/apostilas/direito-processual-trabalho-avancado.js","sem disciplina","risco de mistura ou baixa qualidade","nao automaticamente","classificar/revisar antes de publicar","Media","conteudo/taxonomia"
"src/data/apostilas/direito-processual-trabalho.js","sem disciplina","risco de mistura ou baixa qualidade","nao automaticamente","classificar/revisar antes de publicar","Media","conteudo/taxonomia"
"src/data/apostilas/direitos-humanos.js","sem objetivo","risco de mistura ou baixa qualidade","nao automaticamente","classificar/revisar antes de publicar","Media","conteudo/taxonomia"
"src/data/apostilas/eca-avancado.js","sem disciplina","risco de mistura ou baixa qualidade","nao automaticamente","classificar/revisar antes de publicar","Media","conteudo/taxonomia"
"src/data/apostilas/eca.js","sem disciplina","risco de mistura ou baixa qualidade","nao automaticamente","classificar/revisar antes de publicar","Media","conteudo/taxonomia"
"src/data/apostilas/etica-profissional-oab.js","sem disciplina","risco de mistura ou baixa qualidade","nao automaticamente","classificar/revisar antes de publicar","Media","conteudo/taxonomia"
"src/data/apostilas/etica.js","sem objetivo","risco de mistura ou baixa qualidade","nao automaticamente","classificar/revisar antes de publicar","Media","conteudo/taxonomia"
"src/data/apostilas/filosofia-direito.js","sem objetivo","risco de mistura ou baixa qualidade","nao automaticamente","classificar/revisar antes de publicar","Media","conteudo/taxonomia"
"src/data/apostilas/flashcards-premium-disciplina.js","sem disciplina","risco de mistura ou baixa qualidade","nao automaticamente","classificar/revisar antes de publicar","Media","conteudo/taxonomia"
"src/data/apostilas/gestao-pessoas-servico-publico.js","sem objetivo","risco de mistura ou baixa qualidade","nao automaticamente","classificar/revisar antes de publicar","Media","conteudo/taxonomia"
"src/data/apostilas/governanca-integridade-compliance-publico.js","sem objetivo","risco de mistura ou baixa qualidade","nao automaticamente","classificar/revisar antes de publicar","Media","conteudo/taxonomia"
"src/data/apostilas/guarda-municipal-base-de-estudos.js","sem disciplina","risco de mistura ou baixa qualidade","nao automaticamente","classificar/revisar antes de publicar","Media","conteudo/taxonomia"
"src/data/apostilas/index.js","sem objetivo","risco de mistura ou baixa qualidade","nao automaticamente","classificar/revisar antes de publicar","Media","conteudo/taxonomia"
"src/data/apostilas/informatica.js","sem objetivo","risco de mistura ou baixa qualidade","nao automaticamente","classificar/revisar antes de publicar","Media","conteudo/taxonomia"
"src/data/apostilas/legislacao-penal-especial.js","sem objetivo","risco de mistura ou baixa qualidade","nao automaticamente","classificar/revisar antes de publicar","Urgente","conteudo/taxonomia"
"src/data/apostilas/licitacoes-contratos-modulo-exclusivo.js","sem objetivo","risco de mistura ou baixa qualidade","nao automaticamente","classificar/revisar antes de publicar","Media","conteudo/taxonomia"
"src/data/apostilas/linguagens-enem.js","sem disciplina","risco de mistura ou baixa qualidade","nao automaticamente","classificar/revisar antes de publicar","Media","conteudo/taxonomia"
"src/data/apostilas/mapas-mentais-textuais-disciplina.js","sem disciplina","risco de mistura ou baixa qualidade","nao automaticamente","classificar/revisar antes de publicar","Media","conteudo/taxonomia"
"src/data/apostilas/matematica-basica.js","sem objetivo","risco de mistura ou baixa qualidade","nao automaticamente","classificar/revisar antes de publicar","Media","conteudo/taxonomia"
"src/data/apostilas/oab-1fase-etica-comentada.js","sem disciplina","risco de mistura ou baixa qualidade","nao automaticamente","classificar/revisar antes de publicar","Media","conteudo/taxonomia"
"src/data/apostilas/oab-1fase-simulado-completo.js","sem disciplina","risco de mistura ou baixa qualidade","nao automaticamente","classificar/revisar antes de publicar","Media","conteudo/taxonomia"
"src/data/apostilas/oab-1fase-trabalho-processo-trabalho.js","sem disciplina","risco de mistura ou baixa qualidade","nao automaticamente","classificar/revisar antes de publicar","Media","conteudo/taxonomia"
"src/data/apostilas/oab-2fase-espelhos-correcao.js","sem disciplina","risco de mistura ou baixa qualidade","nao automaticamente","classificar/revisar antes de publicar","Media","conteudo/taxonomia"
"src/data/apostilas/oab-2fase-pecas-praticas.js","sem disciplina","risco de mistura ou baixa qualidade","nao automaticamente","classificar/revisar antes de publicar","Media","conteudo/taxonomia"
"src/data/apostilas/ordem-publica-defesa-social-seguranca-cidada.js","sem disciplina","risco de mistura ou baixa qualidade","nao automaticamente","classificar/revisar antes de publicar","Media","conteudo/taxonomia"
"src/data/apostilas/organizacao-judiciaria.js","sem objetivo","risco de mistura ou baixa qualidade","nao automaticamente","classificar/revisar antes de publicar","Media","conteudo/taxonomia"
"src/data/apostilas/plano-estudo-por-objetivo.js","sem disciplina","risco de mistura ou baixa qualidade","nao automaticamente","classificar/revisar antes de publicar","Media","conteudo/taxonomia"
"src/data/apostilas/prf-base-de-estudos.js","sem disciplina","risco de mistura ou baixa qualidade","nao automaticamente","classificar/revisar antes de publicar","Media","conteudo/taxonomia"
"src/data/apostilas/raciocinio-logico.js","sem objetivo","risco de mistura ou baixa qualidade","nao automaticamente","classificar/revisar antes de publicar","Media","conteudo/taxonomia"
"src/data/apostilas/redacao.js","sem objetivo","risco de mistura ou baixa qualidade","nao automaticamente","classificar/revisar antes de publicar","Media","conteudo/taxonomia"
"src/data/apostilas/regimentos-internos-tribunais.js","sem objetivo","risco de mistura ou baixa qualidade","nao automaticamente","classificar/revisar antes de publicar","Media","conteudo/taxonomia"
"src/data/apostilas/revisao-24h-prova.js","sem disciplina","risco de mistura ou baixa qualidade","nao automaticamente","classificar/revisar antes de publicar","Media","conteudo/taxonomia"
"src/data/apostilas/revisao-7-dias-prova.js","sem disciplina","risco de mistura ou baixa qualidade","nao automaticamente","classificar/revisar antes de publicar","Media","conteudo/taxonomia"
"src/data/apostilas/revisao-enem-vespera.js","sem disciplina","risco de mistura ou baixa qualidade","nao automaticamente","classificar/revisar antes de publicar","Media","conteudo/taxonomia"
"src/data/apostilas/seguranca-publica-avancada-simulados.js","sem disciplina","risco de mistura ou baixa qualidade","nao automaticamente","classificar/revisar antes de publicar","Media","conteudo/taxonomia"
"src/data/apostilas/simulados-por-banca.js","sem disciplina","risco de mistura ou baixa qualidade","nao automaticamente","classificar/revisar antes de publicar","Media","conteudo/taxonomia"
"src/data/apostilas/simulados-por-concurso.js","sem disciplina","risco de mistura ou baixa qualidade","nao automaticamente","classificar/revisar antes de publicar","Media","conteudo/taxonomia"
"src/data/apostilas/simulados-por-nivel.js","sem disciplina","risco de mistura ou baixa qualidade","nao automaticamente","classificar/revisar antes de publicar","Media","conteudo/taxonomia"
"src/data/apostilas/taf.js","sem objetivo","risco de mistura ou baixa qualidade","nao automaticamente","classificar/revisar antes de publicar","Media","conteudo/taxonomia"
"src/data/apostilas/uso-diferenciado-da-forca-atuacao-policial.js","sem disciplina","risco de mistura ou baixa qualidade","nao automaticamente","classificar/revisar antes de publicar","Media","conteudo/taxonomia"
"storage/content/leis/cdc/artigos.json","sem objetivo","risco de mistura ou baixa qualidade","nao automaticamente","classificar/revisar antes de publicar","Urgente","conteudo/taxonomia"
"storage/content/leis/cdc/meta.json","sem objetivo","risco de mistura ou baixa qualidade","nao automaticamente","classificar/revisar antes de publicar","Urgente","conteudo/taxonomia"
"storage/content/leis/cdc/texto.txt","sem objetivo","risco de mistura ou baixa qualidade","nao automaticamente","classificar/revisar antes de publicar","Urgente","conteudo/taxonomia"
"storage/content/leis/cf88/artigos.json","sem objetivo","risco de mistura ou baixa qualidade","nao automaticamente","classificar/revisar antes de publicar","Urgente","conteudo/taxonomia"
"storage/content/leis/cf88/meta.json","sem objetivo","risco de mistura ou baixa qualidade","nao automaticamente","classificar/revisar antes de publicar","Urgente","conteudo/taxonomia"
"storage/content/leis/cf88/texto.txt","sem objetivo","risco de mistura ou baixa qualidade","nao automaticamente","classificar/revisar antes de publicar","Urgente","conteudo/taxonomia"
"storage/content/leis/clt/artigos.json","sem objetivo","risco de mistura ou baixa qualidade","nao automaticamente","classificar/revisar antes de publicar","Urgente","conteudo/taxonomia"
"storage/content/leis/clt/meta.json","sem objetivo","risco de mistura ou baixa qualidade","nao automaticamente","classificar/revisar antes de publicar","Urgente","conteudo/taxonomia"
"storage/content/leis/clt/texto.txt","sem objetivo","risco de mistura ou baixa qualidade","nao automaticamente","classificar/revisar antes de publicar","Urgente","conteudo/taxonomia"
"storage/content/leis/codigo-civil/artigos.json","sem objetivo","risco de mistura ou baixa qualidade","nao automaticamente","classificar/revisar antes de publicar","Urgente","conteudo/taxonomia"
"storage/content/leis/codigo-civil/meta.json","sem objetivo","risco de mistura ou baixa qualidade","nao automaticamente","classificar/revisar antes de publicar","Urgente","conteudo/taxonomia"
"storage/content/leis/codigo-civil/texto.txt","sem objetivo","risco de mistura ou baixa qualidade","nao automaticamente","classificar/revisar antes de publicar","Urgente","conteudo/taxonomia"
"storage/content/leis/codigo-penal/artigos.json","sem objetivo","risco de mistura ou baixa qualidade","nao automaticamente","classificar/revisar antes de publicar","Urgente","conteudo/taxonomia"
"storage/content/leis/codigo-penal/meta.json","sem objetivo","risco de mistura ou baixa qualidade","nao automaticamente","classificar/revisar antes de publicar","Urgente","conteudo/taxonomia"
"storage/content/leis/codigo-penal/texto.txt","sem objetivo","risco de mistura ou baixa qualidade","nao automaticamente","classificar/revisar antes de publicar","Urgente","conteudo/taxonomia"
"storage/content/leis/cpc/artigos.json","sem objetivo","risco de mistura ou baixa qualidade","nao automaticamente","classificar/revisar antes de publicar","Urgente","conteudo/taxonomia"
"storage/content/leis/cpc/meta.json","sem objetivo","risco de mistura ou baixa qualidade","nao automaticamente","classificar/revisar antes de publicar","Urgente","conteudo/taxonomia"
"storage/content/leis/cpc/texto.txt","sem objetivo","risco de mistura ou baixa qualidade","nao automaticamente","classificar/revisar antes de publicar","Urgente","conteudo/taxonomia"
"storage/content/leis/cpp/artigos.json","sem objetivo","risco de mistura ou baixa qualidade","nao automaticamente","classificar/revisar antes de publicar","Urgente","conteudo/taxonomia"
"storage/content/leis/cpp/meta.json","sem objetivo","risco de mistura ou baixa qualidade","nao automaticamente","classificar/revisar antes de publicar","Urgente","conteudo/taxonomia"
"storage/content/leis/cpp/texto.txt","sem objetivo","risco de mistura ou baixa qualidade","nao automaticamente","classificar/revisar antes de publicar","Urgente","conteudo/taxonomia"
"storage/content/leis/ctn/artigos.json","sem objetivo","risco de mistura ou baixa qualidade","nao automaticamente","classificar/revisar antes de publicar","Urgente","conteudo/taxonomia"
"storage/content/leis/ctn/meta.json","sem objetivo","risco de mistura ou baixa qualidade","nao automaticamente","classificar/revisar antes de publicar","Urgente","conteudo/taxonomia"
"storage/content/leis/ctn/texto.txt","sem objetivo","risco de mistura ou baixa qualidade","nao automaticamente","classificar/revisar antes de publicar","Urgente","conteudo/taxonomia"
"storage/content/leis/index.json","sem objetivo","risco de mistura ou baixa qualidade","nao automaticamente","classificar/revisar antes de publicar","Urgente","conteudo/taxonomia"
"storage/content/militar/cbmal-soldado-combatente-2018-cebraspe/gabaritos/cbmal-soldado-combatente-2018-cebraspe-gabarito-definitivo.pdf","sem disciplina","risco de mistura ou baixa qualidade","nao automaticamente","classificar/revisar antes de publicar","Alta","conteudo/taxonomia"
"storage/content/militar/cbmal-soldado-combatente-2018-cebraspe/metadata.json","sem disciplina","risco de mistura ou baixa qualidade","nao automaticamente","classificar/revisar antes de publicar","Alta","conteudo/taxonomia"
"storage/content/militar/cbmal-soldado-combatente-2018-cebraspe/provas/cbmal-soldado-combatente-2018-cebraspe-prova.pdf","sem disciplina","risco de mistura ou baixa qualidade","nao automaticamente","classificar/revisar antes de publicar","Alta","conteudo/taxonomia"
"storage/content/militar/cbmal-soldado-combatente-2018-cebraspe/questoes/questoes-extraidas.json","sem disciplina","risco de mistura ou baixa qualidade","nao automaticamente","classificar/revisar antes de publicar","Alta","conteudo/taxonomia"
"storage/content/militar/cbmam-soldado-bombeiro-militar-2021-fgv/gabaritos/cbmam-soldado-bombeiro-militar-2021-fgv-gabarito-definitivo.pdf","sem disciplina","risco de mistura ou baixa qualidade","nao automaticamente","classificar/revisar antes de publicar","Alta","conteudo/taxonomia"
"storage/content/militar/cbmam-soldado-bombeiro-militar-2021-fgv/metadata.json","sem disciplina","risco de mistura ou baixa qualidade","nao automaticamente","classificar/revisar antes de publicar","Alta","conteudo/taxonomia"
"storage/content/militar/cbmam-soldado-bombeiro-militar-2021-fgv/provas/cbmam-soldado-bombeiro-militar-2021-fgv-prova.pdf","sem disciplina","risco de mistura ou baixa qualidade","nao automaticamente","classificar/revisar antes de publicar","Alta","conteudo/taxonomia"
"storage/content/militar/cbmam-soldado-bombeiro-militar-2021-fgv/questoes/questoes-extraidas.json","sem disciplina","risco de mistura ou baixa qualidade","nao automaticamente","classificar/revisar antes de publicar","Alta","conteudo/taxonomia"
"storage/content/militar/pcam-delegado-2021-fgv/metadata.json","sem disciplina","risco de mistura ou baixa qualidade","nao automaticamente","classificar/revisar antes de publicar","Alta","conteudo/taxonomia"
"storage/content/militar/pcrj-inspetor-2021-fgv/metadata.json","sem disciplina","risco de mistura ou baixa qualidade","nao automaticamente","classificar/revisar antes de publicar","Alta","conteudo/taxonomia"
"storage/content/militar/pcrj-investigador-2021-fgv/metadata.json","sem disciplina","risco de mistura ou baixa qualidade","nao automaticamente","classificar/revisar antes de publicar","Alta","conteudo/taxonomia"
"storage/content/militar/pcrn-delegado-2021-fgv/metadata.json","sem disciplina","risco de mistura ou baixa qualidade","nao automaticamente","classificar/revisar antes de publicar","Alta","conteudo/taxonomia"
"storage/content/militar/pcsc-delegado-2024-fgv/metadata.json","sem disciplina","risco de mistura ou baixa qualidade","nao automaticamente","classificar/revisar antes de publicar","Alta","conteudo/taxonomia"
"storage/content/militar/pm-ba-soldado-2023-fcc/gabaritos/pm-ba-soldado-2023-fcc-gabarito-definitivo.pdf","sem disciplina","risco de mistura ou baixa qualidade","nao automaticamente","classificar/revisar antes de publicar","Alta","conteudo/taxonomia"
"storage/content/militar/pm-ba-soldado-2023-fcc/metadata.json","sem disciplina","risco de mistura ou baixa qualidade","nao automaticamente","classificar/revisar antes de publicar","Alta","conteudo/taxonomia"
"storage/content/militar/pm-ba-soldado-2023-fcc/provas/pm-ba-soldado-2023-fcc-prova.pdf","sem disciplina","risco de mistura ou baixa qualidade","nao automaticamente","classificar/revisar antes de publicar","Alta","conteudo/taxonomia"
"storage/content/militar/pm-pb-soldado-pm-combatente-2023-ibfc/gabaritos/pm-pb-soldado-pm-combatente-2023-ibfc-gabarito-definitivo.pdf","sem disciplina","risco de mistura ou baixa qualidade","nao automaticamente","classificar/revisar antes de publicar","Alta","conteudo/taxonomia"
"storage/content/militar/pm-pb-soldado-pm-combatente-2023-ibfc/metadata.json","sem disciplina","risco de mistura ou baixa qualidade","nao automaticamente","classificar/revisar antes de publicar","Alta","conteudo/taxonomia"
"storage/content/militar/pm-pb-soldado-pm-combatente-2023-ibfc/provas/pm-pb-soldado-pm-combatente-2023-ibfc-prova.pdf","sem disciplina","risco de mistura ou baixa qualidade","nao automaticamente","classificar/revisar antes de publicar","Alta","conteudo/taxonomia"
"storage/content/militar/pm-se-soldado-pm-3a-classe-combatente-2025-selecon/gabaritos/pm-se-soldado-pm-3a-classe-combatente-2025-selecon-gabarito-definitivo.pdf","sem disciplina","risco de mistura ou baixa qualidade","nao automaticamente","classificar/revisar antes de publicar","Alta","conteudo/taxonomia"
"storage/content/militar/pm-se-soldado-pm-3a-classe-combatente-2025-selecon/metadata.json","sem disciplina","risco de mistura ou baixa qualidade","nao automaticamente","classificar/revisar antes de publicar","Alta","conteudo/taxonomia"
"storage/content/militar/pm-se-soldado-pm-3a-classe-combatente-2025-selecon/provas/pm-se-soldado-pm-3a-classe-combatente-2025-selecon-prova.pdf","sem disciplina","risco de mistura ou baixa qualidade","nao automaticamente","classificar/revisar antes de publicar","Alta","conteudo/taxonomia"
"storage/content/militar/pmac-oficial-combatente-2023-fgv/metadata.json","sem disciplina","risco de mistura ou baixa qualidade","nao automaticamente","classificar/revisar antes de publicar","Alta","conteudo/taxonomia"
"storage/content/militar/pmal-soldado-combatente-2018-cebraspe/gabaritos/pmal-soldado-combatente-2018-cebraspe-gabarito-definitivo.pdf","sem disciplina","risco de mistura ou baixa qualidade","nao automaticamente","classificar/revisar antes de publicar","Alta","conteudo/taxonomia"
"storage/content/militar/pmal-soldado-combatente-2018-cebraspe/metadata.json","sem disciplina","risco de mistura ou baixa qualidade","nao automaticamente","classificar/revisar antes de publicar","Alta","conteudo/taxonomia"
"storage/content/militar/pmal-soldado-combatente-2018-cebraspe/provas/pmal-soldado-combatente-2018-cebraspe-prova.pdf","sem disciplina","risco de mistura ou baixa qualidade","nao automaticamente","classificar/revisar antes de publicar","Alta","conteudo/taxonomia"
"storage/content/militar/pmal-soldado-combatente-2018-cebraspe/questoes/questoes-extraidas.json","sem disciplina","risco de mistura ou baixa qualidade","nao automaticamente","classificar/revisar antes de publicar","Alta","conteudo/taxonomia"
"storage/content/militar/pmam-oficial-2021-fgv/metadata.json","sem disciplina","risco de mistura ou baixa qualidade","nao automaticamente","classificar/revisar antes de publicar","Alta","conteudo/taxonomia"
"storage/content/militar/pmam-soldado-2021-fgv/metadata.json","sem disciplina","risco de mistura ou baixa qualidade","nao automaticamente","classificar/revisar antes de publicar","Alta","conteudo/taxonomia"
"storage/content/militar/pmce-soldado-2021-fgv/metadata.json","sem disciplina","risco de mistura ou baixa qualidade","nao automaticamente","classificar/revisar antes de publicar","Alta","conteudo/taxonomia"
"storage/content/militar/pmerj-cfo-2021-fgv/metadata.json","sem disciplina","risco de mistura ou baixa qualidade","nao automaticamente","classificar/revisar antes de publicar","Alta","conteudo/taxonomia"
"storage/content/militar/pmesp-cabo-2022-fgv-local/metadata.json","sem disciplina","risco de mistura ou baixa qualidade","nao automaticamente","classificar/revisar antes de publicar","Alta","conteudo/taxonomia"
"storage/content/militar/pmesp-sargento-2024-fgv/metadata.json","sem disciplina","risco de mistura ou baixa qualidade","nao automaticamente","classificar/revisar antes de publicar","Alta","conteudo/taxonomia"
"storage/content/militar/pmpb-cfo-2022-fgv/metadata.json","sem disciplina","risco de mistura ou baixa qualidade","nao automaticamente","classificar/revisar antes de publicar","Alta","conteudo/taxonomia"
"storage/content/militar/pmpi-soldado-pm-2017-nucepe-uespi/gabaritos/pmpi-soldado-pm-2017-nucepe-uespi-gabarito-definitivo.pdf","sem disciplina","risco de mistura ou baixa qualidade","nao automaticamente","classificar/revisar antes de publicar","Alta","conteudo/taxonomia"
"storage/content/militar/pmpi-soldado-pm-2017-nucepe-uespi/metadata.json","sem disciplina","risco de mistura ou baixa qualidade","nao automaticamente","classificar/revisar antes de publicar","Alta","conteudo/taxonomia"
"storage/content/militar/pmpi-soldado-pm-2017-nucepe-uespi/provas/pmpi-soldado-pm-2017-nucepe-uespi-prova.pdf","sem disciplina","risco de mistura ou baixa qualidade","nao automaticamente","classificar/revisar antes de publicar","Alta","conteudo/taxonomia"
"storage/content/militar/pmsp-cabo-pm-2022-fgv/gabaritos/pmsp-cabo-pm-2022-fgv-gabarito-definitivo.pdf","sem disciplina","risco de mistura ou baixa qualidade","nao automaticamente","classificar/revisar antes de publicar","Alta","conteudo/taxonomia"
"storage/content/militar/pmsp-cabo-pm-2022-fgv/metadata.json","sem disciplina","risco de mistura ou baixa qualidade","nao automaticamente","classificar/revisar antes de publicar","Alta","conteudo/taxonomia"
"storage/content/militar/pmsp-cabo-pm-2022-fgv/provas/pmsp-cabo-pm-2022-fgv-prova.pdf","sem disciplina","risco de mistura ou baixa qualidade","nao automaticamente","classificar/revisar antes de publicar","Alta","conteudo/taxonomia"
"storage/content/militar/pmsp-soldado-2017-vunesp/gabaritos/pmsp-soldado-2017-vunesp-gabarito-definitivo.pdf","sem disciplina","risco de mistura ou baixa qualidade","nao automaticamente","classificar/revisar antes de publicar","Alta","conteudo/taxonomia"
"storage/content/militar/pmsp-soldado-2017-vunesp/metadata.json","sem disciplina","risco de mistura ou baixa qualidade","nao automaticamente","classificar/revisar antes de publicar","Alta","conteudo/taxonomia"
"storage/content/militar/pmsp-soldado-2017-vunesp/provas/pmsp-soldado-2017-vunesp-prova.pdf","sem disciplina","risco de mistura ou baixa qualidade","nao automaticamente","classificar/revisar antes de publicar","Alta","conteudo/taxonomia"
"storage/content/militar/pmsp-soldado-2023-vunesp/gabaritos/pmsp-soldado-2023-vunesp-gabarito-definitivo.pdf","sem disciplina","risco de mistura ou baixa qualidade","nao automaticamente","classificar/revisar antes de publicar","Alta","conteudo/taxonomia"
"storage/content/militar/pmsp-soldado-2023-vunesp/metadata.json","sem disciplina","risco de mistura ou baixa qualidade","nao automaticamente","classificar/revisar antes de publicar","Alta","conteudo/taxonomia"
"storage/content/militar/pmsp-soldado-2023-vunesp/provas/pmsp-soldado-2023-vunesp-prova.pdf","sem disciplina","risco de mistura ou baixa qualidade","nao automaticamente","classificar/revisar antes de publicar","Alta","conteudo/taxonomia"
"storage/content/militar/pmsp-soldado-2024-fgv/gabaritos/pmsp-soldado-2024-fgv-gabarito-definitivo.pdf","sem disciplina","risco de mistura ou baixa qualidade","nao automaticamente","classificar/revisar antes de publicar","Alta","conteudo/taxonomia"
"storage/content/militar/pmsp-soldado-2024-fgv/metadata.json","sem disciplina","risco de mistura ou baixa qualidade","nao automaticamente","classificar/revisar antes de publicar","Alta","conteudo/taxonomia"
"storage/content/militar/pmsp-soldado-2024-fgv/provas/pmsp-soldado-2024-fgv-prova.pdf","sem disciplina","risco de mistura ou baixa qualidade","nao automaticamente","classificar/revisar antes de publicar","Alta","conteudo/taxonomia"
"storage/content/militar/pmsp-soldado-2025-fgv/gabaritos/pmsp-soldado-2025-fgv-gabarito-definitivo.pdf","sem disciplina","risco de mistura ou baixa qualidade","nao automaticamente","classificar/revisar antes de publicar","Alta","conteudo/taxonomia"
"storage/content/militar/pmsp-soldado-2025-fgv/metadata.json","sem disciplina","risco de mistura ou baixa qualidade","nao automaticamente","classificar/revisar antes de publicar","Alta","conteudo/taxonomia"
"storage/content/militar/pmsp-soldado-2025-fgv/provas/pmsp-soldado-2025-fgv-prova.pdf","sem disciplina","risco de mistura ou baixa qualidade","nao automaticamente","classificar/revisar antes de publicar","Alta","conteudo/taxonomia"
"storage/content/militar/pmto-quadro-de-pracas-da-policia-militar-2025-fgv/gabaritos/pmto-quadro-de-pracas-da-policia-militar-2025-fgv-gabarito-definitivo.pdf","sem disciplina","risco de mistura ou baixa qualidade","nao automaticamente","classificar/revisar antes de publicar","Alta","conteudo/taxonomia"
"storage/content/militar/pmto-quadro-de-pracas-da-policia-militar-2025-fgv/metadata.json","sem disciplina","risco de mistura ou baixa qualidade","nao automaticamente","classificar/revisar antes de publicar","Alta","conteudo/taxonomia"
"storage/content/militar/pmto-quadro-de-pracas-da-policia-militar-2025-fgv/provas/pmto-quadro-de-pracas-da-policia-militar-2025-fgv-prova.pdf","sem disciplina","risco de mistura ou baixa qualidade","nao automaticamente","classificar/revisar antes de publicar","Alta","conteudo/taxonomia"
"storage/content/oab/10-exame/metadata.json","sem disciplina","risco de mistura ou baixa qualidade","nao automaticamente","classificar/revisar antes de publicar","Alta","conteudo/taxonomia"
"storage/content/oab/11-exame/metadata.json","sem disciplina","risco de mistura ou baixa qualidade","nao automaticamente","classificar/revisar antes de publicar","Alta","conteudo/taxonomia"
"storage/content/oab/12-exame/metadata.json","sem disciplina","risco de mistura ou baixa qualidade","nao automaticamente","classificar/revisar antes de publicar","Alta","conteudo/taxonomia"
"storage/content/oab/13-exame/metadata.json","sem disciplina","risco de mistura ou baixa qualidade","nao automaticamente","classificar/revisar antes de publicar","Alta","conteudo/taxonomia"
"storage/content/oab/14-exame/metadata.json","sem disciplina","risco de mistura ou baixa qualidade","nao automaticamente","classificar/revisar antes de publicar","Alta","conteudo/taxonomia"
"storage/content/oab/15-exame/metadata.json","sem disciplina","risco de mistura ou baixa qualidade","nao automaticamente","classificar/revisar antes de publicar","Alta","conteudo/taxonomia"
"storage/content/oab/15-exame/provas/caderno-de-provas-direito-civil-sar2hr.pdf","sem disciplina","risco de mistura ou baixa qualidade","nao automaticamente","classificar/revisar antes de publicar","Alta","conteudo/taxonomia"
"storage/content/oab/15-exame/provas/caderno-de-provas-direito-do-trabalho-ys2xgc.pdf","sem disciplina","risco de mistura ou baixa qualidade","nao automaticamente","classificar/revisar antes de publicar","Alta","conteudo/taxonomia"
"storage/content/oab/16-exame/gabaritos/gabaritos-definitivos-da-prova-objetiva-1-fase-t734op.pdf","sem disciplina","risco de mistura ou baixa qualidade","nao automaticamente","classificar/revisar antes de publicar","Alta","conteudo/taxonomia"
"storage/content/oab/16-exame/gabaritos/gabaritos-preliminares-da-prova-objetiva-1-fase-1469zy.pdf","sem disciplina","risco de mistura ou baixa qualidade","nao automaticamente","classificar/revisar antes de publicar","Alta","conteudo/taxonomia"
"storage/content/oab/16-exame/metadata.json","sem disciplina","risco de mistura ou baixa qualidade","nao automaticamente","classificar/revisar antes de publicar","Alta","conteudo/taxonomia"
"storage/content/oab/16-exame/provas/caderno-de-prova-01-18yozo.pdf","sem disciplina","risco de mistura ou baixa qualidade","nao automaticamente","classificar/revisar antes de publicar","Alta","conteudo/taxonomia"
"storage/content/oab/16-exame/provas/caderno-de-prova-02-95ox0c.pdf","sem disciplina","risco de mistura ou baixa qualidade","nao automaticamente","classificar/revisar antes de publicar","Alta","conteudo/taxonomia"
"storage/content/oab/16-exame/provas/caderno-de-prova-03-13pdat.pdf","sem disciplina","risco de mistura ou baixa qualidade","nao automaticamente","classificar/revisar antes de publicar","Alta","conteudo/taxonomia"
"storage/content/oab/16-exame/provas/caderno-de-prova-04-1yfs87.pdf","sem disciplina","risco de mistura ou baixa qualidade","nao automaticamente","classificar/revisar antes de publicar","Alta","conteudo/taxonomia"
"storage/content/oab/16-exame/provas/caderno-de-provas-direito-civil-1221zb.pdf","sem disciplina","risco de mistura ou baixa qualidade","nao automaticamente","classificar/revisar antes de publicar","Alta","conteudo/taxonomia"
"storage/content/oab/16-exame/provas/caderno-de-provas-direito-do-trabalho-17cl7h.pdf","sem disciplina","risco de mistura ou baixa qualidade","nao automaticamente","classificar/revisar antes de publicar","Alta","conteudo/taxonomia"
"storage/content/oab/17-exame/gabaritos/gabaritos-definitivos-da-prova-objetiva-1-fase-1avzn9.pdf","sem disciplina","risco de mistura ou baixa qualidade","nao automaticamente","classificar/revisar antes de publicar","Alta","conteudo/taxonomia"
"storage/content/oab/17-exame/gabaritos/gabaritos-preliminares-da-prova-objetiva-1-fase-cvnc3q.pdf","sem disciplina","risco de mistura ou baixa qualidade","nao automaticamente","classificar/revisar antes de publicar","Alta","conteudo/taxonomia"
"storage/content/oab/17-exame/metadata.json","sem disciplina","risco de mistura ou baixa qualidade","nao automaticamente","classificar/revisar antes de publicar","Alta","conteudo/taxonomia"
"storage/content/oab/17-exame/provas/caderno-de-prova-01-dnzoxi.pdf","sem disciplina","risco de mistura ou baixa qualidade","nao automaticamente","classificar/revisar antes de publicar","Alta","conteudo/taxonomia"
"storage/content/oab/17-exame/provas/caderno-de-prova-02-117iv7.pdf","sem disciplina","risco de mistura ou baixa qualidade","nao automaticamente","classificar/revisar antes de publicar","Alta","conteudo/taxonomia"
"storage/content/oab/17-exame/provas/caderno-de-prova-03-1l5nvm.pdf","sem disciplina","risco de mistura ou baixa qualidade","nao automaticamente","classificar/revisar antes de publicar","Alta","conteudo/taxonomia"
"storage/content/oab/17-exame/provas/caderno-de-prova-04-9o2zwt.pdf","sem disciplina","risco de mistura ou baixa qualidade","nao automaticamente","classificar/revisar antes de publicar","Alta","conteudo/taxonomia"
"storage/content/oab/17-exame/provas/caderno-de-provas-direito-civil-g3lan6.pdf","sem disciplina","risco de mistura ou baixa qualidade","nao automaticamente","classificar/revisar antes de publicar","Alta","conteudo/taxonomia"
"storage/content/oab/17-exame/provas/caderno-de-provas-direito-do-trabalho-1qmz09.pdf","sem disciplina","risco de mistura ou baixa qualidade","nao automaticamente","classificar/revisar antes de publicar","Alta","conteudo/taxonomia"
"storage/content/oab/17-exame/provas/esclarecimento-materiais-e-procedimentos-para-consulta-da-prova-pratico-profissional-166pcv.pdf","sem disciplina","risco de mistura ou baixa qualidade","nao automaticamente","classificar/revisar antes de publicar","Alta","conteudo/taxonomia"
"storage/content/oab/18-exame/gabaritos/gabaritos-preliminares-da-prova-objetiva-1-fase-1ophiw.pdf","sem disciplina","risco de mistura ou baixa qualidade","nao automaticamente","classificar/revisar antes de publicar","Alta","conteudo/taxonomia"
"storage/content/oab/18-exame/metadata.json","sem disciplina","risco de mistura ou baixa qualidade","nao automaticamente","classificar/revisar antes de publicar","Alta","conteudo/taxonomia"
"storage/content/oab/18-exame/provas/caderno-de-prova-tipo-1-34r88r.pdf","sem disciplina","risco de mistura ou baixa qualidade","nao automaticamente","classificar/revisar antes de publicar","Alta","conteudo/taxonomia"
"storage/content/oab/18-exame/provas/caderno-de-prova-tipo-2-109w8g.pdf","sem disciplina","risco de mistura ou baixa qualidade","nao automaticamente","classificar/revisar antes de publicar","Alta","conteudo/taxonomia"
"storage/content/oab/18-exame/provas/caderno-de-prova-tipo-3-9ulf4i.pdf","sem disciplina","risco de mistura ou baixa qualidade","nao automaticamente","classificar/revisar antes de publicar","Alta","conteudo/taxonomia"
"storage/content/oab/18-exame/provas/caderno-de-prova-tipo-4-tcz9px.pdf","sem disciplina","risco de mistura ou baixa qualidade","nao automaticamente","classificar/revisar antes de publicar","Alta","conteudo/taxonomia"
"storage/content/oab/18-exame/provas/caderno-de-provas-direito-civil-1l0rci.pdf","sem disciplina","risco de mistura ou baixa qualidade","nao automaticamente","classificar/revisar antes de publicar","Alta","conteudo/taxonomia"
"storage/content/oab/18-exame/provas/caderno-de-provas-direito-do-trabalho-1xvx06.pdf","sem disciplina","risco de mistura ou baixa qualidade","nao automaticamente","classificar/revisar antes de publicar","Alta","conteudo/taxonomia"
"storage/content/oab/19-exame/gabaritos/gabaritos-preliminares-da-prova-objetiva-1-fase-atualizado-14pawg.pdf","sem disciplina","risco de mistura ou baixa qualidade","nao automaticamente","classificar/revisar antes de publicar","Alta","conteudo/taxonomia"
"storage/content/oab/19-exame/metadata.json","sem disciplina","risco de mistura ou baixa qualidade","nao automaticamente","classificar/revisar antes de publicar","Alta","conteudo/taxonomia"
"storage/content/oab/19-exame/provas/caderno-de-prova-tipo-1-1hvk6o.pdf","sem disciplina","risco de mistura ou baixa qualidade","nao automaticamente","classificar/revisar antes de publicar","Alta","conteudo/taxonomia"
"storage/content/oab/19-exame/provas/caderno-de-prova-tipo-2-18a4lo.pdf","sem disciplina","risco de mistura ou baixa qualidade","nao automaticamente","classificar/revisar antes de publicar","Alta","conteudo/taxonomia"
"storage/content/oab/19-exame/provas/caderno-de-prova-tipo-3-oqsrig.pdf","sem disciplina","risco de mistura ou baixa qualidade","nao automaticamente","classificar/revisar antes de publicar","Alta","conteudo/taxonomia"
"storage/content/oab/19-exame/provas/caderno-de-prova-tipo-4-1ico77.pdf","sem disciplina","risco de mistura ou baixa qualidade","nao automaticamente","classificar/revisar antes de publicar","Alta","conteudo/taxonomia"
"storage/content/oab/19-exame/provas/caderno-de-provas-direito-civil-1bmn5x.pdf","sem disciplina","risco de mistura ou baixa qualidade","nao automaticamente","classificar/revisar antes de publicar","Alta","conteudo/taxonomia"
"storage/content/oab/19-exame/provas/caderno-de-provas-direito-do-trabalho-1eo0tm.pdf","sem disciplina","risco de mistura ou baixa qualidade","nao automaticamente","classificar/revisar antes de publicar","Alta","conteudo/taxonomia"
"storage/content/oab/20-exame/gabaritos/gabaritos-preliminares-da-prova-objetiva-1-fase-9n9ffh.pdf","sem disciplina","risco de mistura ou baixa qualidade","nao automaticamente","classificar/revisar antes de publicar","Alta","conteudo/taxonomia"
"storage/content/oab/20-exame/gabaritos/gabaritos-preliminares-da-prova-objetiva-1-fase-examinandos-de-salvador-ba-1et8zc.pdf","sem disciplina","risco de mistura ou baixa qualidade","nao automaticamente","classificar/revisar antes de publicar","Alta","conteudo/taxonomia"
"storage/content/oab/20-exame/metadata.json","sem disciplina","risco de mistura ou baixa qualidade","nao automaticamente","classificar/revisar antes de publicar","Alta","conteudo/taxonomia"
"storage/content/oab/20-exame/provas/caderno-de-prova-tipo-1-15xg3w.pdf","sem disciplina","risco de mistura ou baixa qualidade","nao automaticamente","classificar/revisar antes de publicar","Alta","conteudo/taxonomia"
"storage/content/oab/20-exame/provas/caderno-de-prova-tipo-1-reaplicacao-salvador-ba-65x7zi.pdf","sem disciplina","risco de mistura ou baixa qualidade","nao automaticamente","classificar/revisar antes de publicar","Alta","conteudo/taxonomia"
"storage/content/oab/20-exame/provas/caderno-de-prova-tipo-2-maj79k.pdf","sem disciplina","risco de mistura ou baixa qualidade","nao automaticamente","classificar/revisar antes de publicar","Alta","conteudo/taxonomia"
"storage/content/oab/20-exame/provas/caderno-de-prova-tipo-2-reaplicacao-salvador-ba-1dqk0x.pdf","sem disciplina","risco de mistura ou baixa qualidade","nao automaticamente","classificar/revisar antes de publicar","Alta","conteudo/taxonomia"
"storage/content/oab/20-exame/provas/caderno-de-prova-tipo-3-bocpwt.pdf","sem disciplina","risco de mistura ou baixa qualidade","nao automaticamente","classificar/revisar antes de publicar","Alta","conteudo/taxonomia"
"storage/content/oab/20-exame/provas/caderno-de-prova-tipo-3-reaplicacao-salvador-ba-wre74g.pdf","sem disciplina","risco de mistura ou baixa qualidade","nao automaticamente","classificar/revisar antes de publicar","Alta","conteudo/taxonomia"
"storage/content/oab/20-exame/provas/caderno-de-prova-tipo-4-1458pu.pdf","sem disciplina","risco de mistura ou baixa qualidade","nao automaticamente","classificar/revisar antes de publicar","Alta","conteudo/taxonomia"
"storage/content/oab/20-exame/provas/caderno-de-prova-tipo-4-reaplicacao-salvador-ba-1aobzd.pdf","sem disciplina","risco de mistura ou baixa qualidade","nao automaticamente","classificar/revisar antes de publicar","Alta","conteudo/taxonomia"
"storage/content/oab/20-exame/provas/caderno-de-provas-direito-civil-reaplicacao-porto-velho-ro-4mstai.pdf","sem disciplina","risco de mistura ou baixa qualidade","nao automaticamente","classificar/revisar antes de publicar","Alta","conteudo/taxonomia"
"storage/content/oab/20-exame/provas/caderno-de-provas-direito-civil-sniqax.pdf","sem disciplina","risco de mistura ou baixa qualidade","nao automaticamente","classificar/revisar antes de publicar","Alta","conteudo/taxonomia"
"storage/content/oab/20-exame/provas/caderno-de-provas-direito-do-trabalho-144a12.pdf","sem disciplina","risco de mistura ou baixa qualidade","nao automaticamente","classificar/revisar antes de publicar","Alta","conteudo/taxonomia"
"storage/content/oab/20-exame/provas/caderno-de-provas-direito-do-trabalho-reaplicacao-porto-velho-ro-1xbrxh.pdf","sem disciplina","risco de mistura ou baixa qualidade","nao automaticamente","classificar/revisar antes de publicar","Alta","conteudo/taxonomia"
"storage/content/oab/2010-2-exame/gabaritos/gabarito-do-caderno-de-prova-01-uwdyvp.pdf","sem disciplina","risco de mistura ou baixa qualidade","nao automaticamente","classificar/revisar antes de publicar","Alta","conteudo/taxonomia"
"storage/content/oab/2010-2-exame/gabaritos/gabarito-do-caderno-de-prova-02-uwxrh2.pdf","sem disciplina","risco de mistura ou baixa qualidade","nao automaticamente","classificar/revisar antes de publicar","Alta","conteudo/taxonomia"
"storage/content/oab/2010-2-exame/gabaritos/gabarito-do-caderno-de-prova-03-uxhk2f.pdf","sem disciplina","risco de mistura ou baixa qualidade","nao automaticamente","classificar/revisar antes de publicar","Alta","conteudo/taxonomia"
"storage/content/oab/2010-2-exame/gabaritos/gabarito-do-caderno-de-prova-04-uy1cns.pdf","sem disciplina","risco de mistura ou baixa qualidade","nao automaticamente","classificar/revisar antes de publicar","Alta","conteudo/taxonomia"
"storage/content/oab/2010-2-exame/metadata.json","sem disciplina","risco de mistura ou baixa qualidade","nao automaticamente","classificar/revisar antes de publicar","Alta","conteudo/taxonomia"
"storage/content/oab/2010-2-exame/provas/caderno-de-prova-01-1uw61u.pdf","sem disciplina","risco de mistura ou baixa qualidade","nao automaticamente","classificar/revisar antes de publicar","Alta","conteudo/taxonomia"
"storage/content/oab/2010-2-exame/provas/caderno-de-prova-02-1uwpug.pdf","sem disciplina","risco de mistura ou baixa qualidade","nao automaticamente","classificar/revisar antes de publicar","Alta","conteudo/taxonomia"
"storage/content/oab/2010-2-exame/provas/caderno-de-prova-03-1ux9n1.pdf","sem disciplina","risco de mistura ou baixa qualidade","nao automaticamente","classificar/revisar antes de publicar","Alta","conteudo/taxonomia"
"storage/content/oab/2010-2-exame/provas/caderno-de-prova-04-1uxtfm.pdf","sem disciplina","risco de mistura ou baixa qualidade","nao automaticamente","classificar/revisar antes de publicar","Alta","conteudo/taxonomia"
"storage/content/oab/2010-2-exame/provas/caderno-de-prova-direito-civil-dex9z1.pdf","sem disciplina","risco de mistura ou baixa qualidade","nao automaticamente","classificar/revisar antes de publicar","Alta","conteudo/taxonomia"
"storage/content/oab/2010-2-exame/provas/caderno-de-prova-direito-do-trabalho-fmjw4h.pdf","sem disciplina","risco de mistura ou baixa qualidade","nao automaticamente","classificar/revisar antes de publicar","Alta","conteudo/taxonomia"
"storage/content/oab/2010-3-exame/metadata.json","sem disciplina","risco de mistura ou baixa qualidade","nao automaticamente","classificar/revisar antes de publicar","Alta","conteudo/taxonomia"
"storage/content/oab/21-exame/gabaritos/gabaritos-preliminares-da-prova-objetiva-1-fase-rv9qdu.pdf","sem disciplina","risco de mistura ou baixa qualidade","nao automaticamente","classificar/revisar antes de publicar","Alta","conteudo/taxonomia"
"storage/content/oab/21-exame/metadata.json","sem disciplina","risco de mistura ou baixa qualidade","nao automaticamente","classificar/revisar antes de publicar","Alta","conteudo/taxonomia"
"storage/content/oab/21-exame/provas/caderno-de-prova-tipo-1-l5p1dl.pdf","sem disciplina","risco de mistura ou baixa qualidade","nao automaticamente","classificar/revisar antes de publicar","Alta","conteudo/taxonomia"
"storage/content/oab/21-exame/provas/caderno-de-prova-tipo-2-1g9l1x.pdf","sem disciplina","risco de mistura ou baixa qualidade","nao automaticamente","classificar/revisar antes de publicar","Alta","conteudo/taxonomia"
"storage/content/oab/21-exame/provas/caderno-de-prova-tipo-3-c5mgwq.pdf","sem disciplina","risco de mistura ou baixa qualidade","nao automaticamente","classificar/revisar antes de publicar","Alta","conteudo/taxonomia"
"storage/content/oab/21-exame/provas/caderno-de-prova-tipo-4-172rxv.pdf","sem disciplina","risco de mistura ou baixa qualidade","nao automaticamente","classificar/revisar antes de publicar","Alta","conteudo/taxonomia"
"storage/content/oab/21-exame/provas/caderno-de-provas-direito-civil-hk4onq.pdf","sem disciplina","risco de mistura ou baixa qualidade","nao automaticamente","classificar/revisar antes de publicar","Alta","conteudo/taxonomia"
"storage/content/oab/21-exame/provas/caderno-de-provas-direito-do-trabalho-186spb.pdf","sem disciplina","risco de mistura ou baixa qualidade","nao automaticamente","classificar/revisar antes de publicar","Alta","conteudo/taxonomia"
"storage/content/oab/22-exame/gabaritos/gabaritos-preliminares-da-prova-objetiva-1-fase-mzcemy.pdf","sem disciplina","risco de mistura ou baixa qualidade","nao automaticamente","classificar/revisar antes de publicar","Alta","conteudo/taxonomia"
"storage/content/oab/22-exame/metadata.json","sem disciplina","risco de mistura ou baixa qualidade","nao automaticamente","classificar/revisar antes de publicar","Alta","conteudo/taxonomia"
"storage/content/oab/22-exame/provas/caderno-de-prova-tipo-1-13b7mz.pdf","sem disciplina","risco de mistura ou baixa qualidade","nao automaticamente","classificar/revisar antes de publicar","Alta","conteudo/taxonomia"
"storage/content/oab/22-exame/provas/caderno-de-prova-tipo-2-ufp8vd.pdf","sem disciplina","risco de mistura ou baixa qualidade","nao automaticamente","classificar/revisar antes de publicar","Alta","conteudo/taxonomia"
"storage/content/oab/22-exame/provas/caderno-de-prova-tipo-3-1hz8f5.pdf","sem disciplina","risco de mistura ou baixa qualidade","nao automaticamente","classificar/revisar antes de publicar","Alta","conteudo/taxonomia"
"storage/content/oab/22-exame/provas/caderno-de-prova-tipo-4-f45v7w.pdf","sem disciplina","risco de mistura ou baixa qualidade","nao automaticamente","classificar/revisar antes de publicar","Alta","conteudo/taxonomia"
"storage/content/oab/22-exame/provas/caderno-de-provas-direito-civil-1h1oj4.pdf","sem disciplina","risco de mistura ou baixa qualidade","nao automaticamente","classificar/revisar antes de publicar","Alta","conteudo/taxonomia"
"storage/content/oab/22-exame/provas/caderno-de-provas-direito-do-trabalho-12bkwq.pdf","sem disciplina","risco de mistura ou baixa qualidade","nao automaticamente","classificar/revisar antes de publicar","Alta","conteudo/taxonomia"
"storage/content/oab/23-exame/gabaritos/gabaritos-preliminares-da-prova-objetiva-1-fase-1ojpwd.pdf","sem disciplina","risco de mistura ou baixa qualidade","nao automaticamente","classificar/revisar antes de publicar","Alta","conteudo/taxonomia"
"storage/content/oab/23-exame/metadata.json","sem disciplina","risco de mistura ou baixa qualidade","nao automaticamente","classificar/revisar antes de publicar","Alta","conteudo/taxonomia"
"storage/content/oab/23-exame/provas/caderno-de-prova-tipo-1-1c1xvg.pdf","sem disciplina","risco de mistura ou baixa qualidade","nao automaticamente","classificar/revisar antes de publicar","Alta","conteudo/taxonomia"
"storage/content/oab/23-exame/provas/caderno-de-prova-tipo-2-1iefak.pdf","sem disciplina","risco de mistura ou baixa qualidade","nao automaticamente","classificar/revisar antes de publicar","Alta","conteudo/taxonomia"
"storage/content/oab/23-exame/provas/caderno-de-prova-tipo-3-ysnkop.pdf","sem disciplina","risco de mistura ou baixa qualidade","nao automaticamente","classificar/revisar antes de publicar","Alta","conteudo/taxonomia"
"storage/content/oab/23-exame/provas/caderno-de-prova-tipo-4-ljdfnt.pdf","sem disciplina","risco de mistura ou baixa qualidade","nao automaticamente","classificar/revisar antes de publicar","Alta","conteudo/taxonomia"
"storage/content/oab/23-exame/provas/caderno-de-provas-direito-civil-hj8jk8.pdf","sem disciplina","risco de mistura ou baixa qualidade","nao automaticamente","classificar/revisar antes de publicar","Alta","conteudo/taxonomia"
"storage/content/oab/23-exame/provas/caderno-de-provas-direito-do-trabalho-1et8my.pdf","sem disciplina","risco de mistura ou baixa qualidade","nao automaticamente","classificar/revisar antes de publicar","Alta","conteudo/taxonomia"
"storage/content/oab/24-exame/gabaritos/gabaritos-preliminares-da-prova-objetiva-1-fase-9c1rjf.pdf","sem disciplina","risco de mistura ou baixa qualidade","nao automaticamente","classificar/revisar antes de publicar","Alta","conteudo/taxonomia"
"storage/content/oab/24-exame/metadata.json","sem disciplina","risco de mistura ou baixa qualidade","nao automaticamente","classificar/revisar antes de publicar","Alta","conteudo/taxonomia"
"storage/content/oab/24-exame/provas/caderno-de-prova-tipo-1-49qjjq.pdf","sem disciplina","risco de mistura ou baixa qualidade","nao automaticamente","classificar/revisar antes de publicar","Alta","conteudo/taxonomia"
"storage/content/oab/24-exame/provas/caderno-de-prova-tipo-2-111h6i.pdf","sem disciplina","risco de mistura ou baixa qualidade","nao automaticamente","classificar/revisar antes de publicar","Alta","conteudo/taxonomia"
"storage/content/oab/24-exame/provas/caderno-de-prova-tipo-3-4odvg5.pdf","sem disciplina","risco de mistura ou baixa qualidade","nao automaticamente","classificar/revisar antes de publicar","Alta","conteudo/taxonomia"
"storage/content/oab/24-exame/provas/caderno-de-prova-tipo-4-6f5zoy.pdf","sem disciplina","risco de mistura ou baixa qualidade","nao automaticamente","classificar/revisar antes de publicar","Alta","conteudo/taxonomia"
"storage/content/oab/24-exame/provas/caderno-de-provas-direito-civil-19iftj.pdf","sem disciplina","risco de mistura ou baixa qualidade","nao automaticamente","classificar/revisar antes de publicar","Alta","conteudo/taxonomia"
"storage/content/oab/24-exame/provas/caderno-de-provas-direito-do-trabalho-1yfvfn.pdf","sem disciplina","risco de mistura ou baixa qualidade","nao automaticamente","classificar/revisar antes de publicar","Alta","conteudo/taxonomia"
"storage/content/oab/25-exame/gabaritos/gabaritos-preliminares-da-prova-objetiva-1-fase-18qbq1.pdf","sem disciplina","risco de mistura ou baixa qualidade","nao automaticamente","classificar/revisar antes de publicar","Alta","conteudo/taxonomia"
"storage/content/oab/25-exame/metadata.json","sem disciplina","risco de mistura ou baixa qualidade","nao automaticamente","classificar/revisar antes de publicar","Alta","conteudo/taxonomia"
"storage/content/oab/25-exame/provas/caderno-de-prova-tipo-1-1tybaf.pdf","sem disciplina","risco de mistura ou baixa qualidade","nao automaticamente","classificar/revisar antes de publicar","Alta","conteudo/taxonomia"
"storage/content/oab/25-exame/provas/caderno-de-prova-tipo-2-1pw0c6.pdf","sem disciplina","risco de mistura ou baixa qualidade","nao automaticamente","classificar/revisar antes de publicar","Alta","conteudo/taxonomia"
"storage/content/oab/25-exame/provas/caderno-de-prova-tipo-3-1scjjx.pdf","sem disciplina","risco de mistura ou baixa qualidade","nao automaticamente","classificar/revisar antes de publicar","Alta","conteudo/taxonomia"
"storage/content/oab/25-exame/provas/caderno-de-prova-tipo-4-5l4ybe.pdf","sem disciplina","risco de mistura ou baixa qualidade","nao automaticamente","classificar/revisar antes de publicar","Alta","conteudo/taxonomia"
"storage/content/oab/25-exame/provas/caderno-de-provas-direito-civil-1wcqbn.pdf","sem disciplina","risco de mistura ou baixa qualidade","nao automaticamente","classificar/revisar antes de publicar","Alta","conteudo/taxonomia"
"storage/content/oab/25-exame/provas/caderno-de-provas-direito-civil-porto-alegre-rs-se63et.pdf","sem disciplina","risco de mistura ou baixa qualidade","nao automaticamente","classificar/revisar antes de publicar","Alta","conteudo/taxonomia"
"storage/content/oab/25-exame/provas/caderno-de-provas-direito-do-trabalho-1x22dq.pdf","sem disciplina","risco de mistura ou baixa qualidade","nao automaticamente","classificar/revisar antes de publicar","Alta","conteudo/taxonomia"
"storage/content/oab/25-exame/provas/caderno-de-provas-direito-do-trabalho-porto-alegre-rs-n1vbxj.pdf","sem disciplina","risco de mistura ou baixa qualidade","nao automaticamente","classificar/revisar antes de publicar","Alta","conteudo/taxonomia"
"storage/content/oab/26-exame/gabaritos/gabaritos-preliminares-da-prova-objetiva-1-fase-atualizado-em-06.08.2018-1sxrjv.pdf","sem disciplina","risco de mistura ou baixa qualidade","nao automaticamente","classificar/revisar antes de publicar","Alta","conteudo/taxonomia"
"storage/content/oab/26-exame/metadata.json","sem disciplina","risco de mistura ou baixa qualidade","nao automaticamente","classificar/revisar antes de publicar","Alta","conteudo/taxonomia"
"storage/content/oab/26-exame/provas/caderno-de-prova-tipo-1-8hrwbk.pdf","sem disciplina","risco de mistura ou baixa qualidade","nao automaticamente","classificar/revisar antes de publicar","Alta","conteudo/taxonomia"
"storage/content/oab/26-exame/provas/caderno-de-prova-tipo-2-y20qzm.pdf","sem disciplina","risco de mistura ou baixa qualidade","nao automaticamente","classificar/revisar antes de publicar","Alta","conteudo/taxonomia"
"storage/content/oab/26-exame/provas/caderno-de-prova-tipo-3-1aeey7.pdf","sem disciplina","risco de mistura ou baixa qualidade","nao automaticamente","classificar/revisar antes de publicar","Alta","conteudo/taxonomia"
"storage/content/oab/26-exame/provas/caderno-de-prova-tipo-4-135evz.pdf","sem disciplina","risco de mistura ou baixa qualidade","nao automaticamente","classificar/revisar antes de publicar","Alta","conteudo/taxonomia"
"storage/content/oab/26-exame/provas/caderno-de-provas-direito-civil-9ltbgf.pdf","sem disciplina","risco de mistura ou baixa qualidade","nao automaticamente","classificar/revisar antes de publicar","Alta","conteudo/taxonomia"
"storage/content/oab/26-exame/provas/caderno-de-provas-direito-do-trabalho-1aiohq.pdf","sem disciplina","risco de mistura ou baixa qualidade","nao automaticamente","classificar/revisar antes de publicar","Alta","conteudo/taxonomia"
"storage/content/oab/27-exame/gabaritos/gabaritos-preliminares-da-prova-objetiva-1-fase-retificado-em-19.11.2018-13i9pd.pdf","sem disciplina","risco de mistura ou baixa qualidade","nao automaticamente","classificar/revisar antes de publicar","Alta","conteudo/taxonomia"
"storage/content/oab/27-exame/metadata.json","sem disciplina","risco de mistura ou baixa qualidade","nao automaticamente","classificar/revisar antes de publicar","Alta","conteudo/taxonomia"
"storage/content/oab/27-exame/provas/caderno-de-prova-tipo-1-n8lbvy.pdf","sem disciplina","risco de mistura ou baixa qualidade","nao automaticamente","classificar/revisar antes de publicar","Alta","conteudo/taxonomia"
"storage/content/oab/27-exame/provas/caderno-de-prova-tipo-2-7pcpql.pdf","sem disciplina","risco de mistura ou baixa qualidade","nao automaticamente","classificar/revisar antes de publicar","Alta","conteudo/taxonomia"
"storage/content/oab/27-exame/provas/caderno-de-prova-tipo-3-2oor9w.pdf","sem disciplina","risco de mistura ou baixa qualidade","nao automaticamente","classificar/revisar antes de publicar","Alta","conteudo/taxonomia"
"storage/content/oab/27-exame/provas/caderno-de-prova-tipo-4-19v5tb.pdf","sem disciplina","risco de mistura ou baixa qualidade","nao automaticamente","classificar/revisar antes de publicar","Alta","conteudo/taxonomia"
"storage/content/oab/27-exame/provas/caderno-de-provas-direito-civil-9u08je.pdf","sem disciplina","risco de mistura ou baixa qualidade","nao automaticamente","classificar/revisar antes de publicar","Alta","conteudo/taxonomia"
"storage/content/oab/27-exame/provas/caderno-de-provas-direito-do-trabalho-lb0oyy.pdf","sem disciplina","risco de mistura ou baixa qualidade","nao automaticamente","classificar/revisar antes de publicar","Alta","conteudo/taxonomia"
"storage/content/oab/28-exame/gabaritos/gabaritos-preliminares-da-prova-objetiva-1-fase-retificado-em-19.03.2019-166b6o.pdf","sem disciplina","risco de mistura ou baixa qualidade","nao automaticamente","classificar/revisar antes de publicar","Alta","conteudo/taxonomia"
"storage/content/oab/28-exame/metadata.json","sem disciplina","risco de mistura ou baixa qualidade","nao automaticamente","classificar/revisar antes de publicar","Alta","conteudo/taxonomia"
"storage/content/oab/28-exame/provas/caderno-de-prova-tipo-1-5ejlci.pdf","sem disciplina","risco de mistura ou baixa qualidade","nao automaticamente","classificar/revisar antes de publicar","Alta","conteudo/taxonomia"
"storage/content/oab/28-exame/provas/caderno-de-prova-tipo-2-4wwn2u.pdf","sem disciplina","risco de mistura ou baixa qualidade","nao automaticamente","classificar/revisar antes de publicar","Alta","conteudo/taxonomia"
"storage/content/oab/28-exame/provas/caderno-de-prova-tipo-3-xocsfv.pdf","sem disciplina","risco de mistura ou baixa qualidade","nao automaticamente","classificar/revisar antes de publicar","Alta","conteudo/taxonomia"
"storage/content/oab/28-exame/provas/caderno-de-prova-tipo-4-umqj1v.pdf","sem disciplina","risco de mistura ou baixa qualidade","nao automaticamente","classificar/revisar antes de publicar","Alta","conteudo/taxonomia"
"storage/content/oab/28-exame/provas/caderno-de-provas-direito-civil-fe8wt0.pdf","sem disciplina","risco de mistura ou baixa qualidade","nao automaticamente","classificar/revisar antes de publicar","Alta","conteudo/taxonomia"
"storage/content/oab/28-exame/provas/caderno-de-provas-direito-do-trabalho-1r2aor.pdf","sem disciplina","risco de mistura ou baixa qualidade","nao automaticamente","classificar/revisar antes de publicar","Alta","conteudo/taxonomia"
"storage/content/oab/29-exame/gabaritos/gabaritos-preliminares-da-prova-objetiva-1-fase-fayxg3.pdf","sem disciplina","risco de mistura ou baixa qualidade","nao automaticamente","classificar/revisar antes de publicar","Alta","conteudo/taxonomia"
"storage/content/oab/29-exame/metadata.json","sem disciplina","risco de mistura ou baixa qualidade","nao automaticamente","classificar/revisar antes de publicar","Alta","conteudo/taxonomia"
"storage/content/oab/29-exame/provas/caderno-de-prova-tipo-1-gajlkk.pdf","sem disciplina","risco de mistura ou baixa qualidade","nao automaticamente","classificar/revisar antes de publicar","Alta","conteudo/taxonomia"
"storage/content/oab/29-exame/provas/caderno-de-prova-tipo-2-8cy85q.pdf","sem disciplina","risco de mistura ou baixa qualidade","nao automaticamente","classificar/revisar antes de publicar","Alta","conteudo/taxonomia"
"storage/content/oab/29-exame/provas/caderno-de-prova-tipo-3-78hsv9.pdf","sem disciplina","risco de mistura ou baixa qualidade","nao automaticamente","classificar/revisar antes de publicar","Alta","conteudo/taxonomia"
"storage/content/oab/29-exame/provas/caderno-de-prova-tipo-4-cd4l9.pdf","sem disciplina","risco de mistura ou baixa qualidade","nao automaticamente","classificar/revisar antes de publicar","Alta","conteudo/taxonomia"
"storage/content/oab/29-exame/provas/caderno-de-provas-direito-civil-f9okl3.pdf","sem disciplina","risco de mistura ou baixa qualidade","nao automaticamente","classificar/revisar antes de publicar","Alta","conteudo/taxonomia"
"storage/content/oab/29-exame/provas/caderno-de-provas-direito-do-trabalho-p4aere.pdf","sem disciplina","risco de mistura ou baixa qualidade","nao automaticamente","classificar/revisar antes de publicar","Alta","conteudo/taxonomia"
"storage/content/oab/30-exame/gabaritos/gabaritos-preliminares-da-prova-objetiva-1-fase-1le03g.pdf","sem disciplina","risco de mistura ou baixa qualidade","nao automaticamente","classificar/revisar antes de publicar","Alta","conteudo/taxonomia"
"storage/content/oab/30-exame/metadata.json","sem disciplina","risco de mistura ou baixa qualidade","nao automaticamente","classificar/revisar antes de publicar","Alta","conteudo/taxonomia"
"storage/content/oab/30-exame/provas/caderno-de-prova-tipo-1-1lsa72.pdf","sem disciplina","risco de mistura ou baixa qualidade","nao automaticamente","classificar/revisar antes de publicar","Alta","conteudo/taxonomia"
"storage/content/oab/30-exame/provas/caderno-de-prova-tipo-2-n956uf.pdf","sem disciplina","risco de mistura ou baixa qualidade","nao automaticamente","classificar/revisar antes de publicar","Alta","conteudo/taxonomia"
"storage/content/oab/30-exame/provas/caderno-de-prova-tipo-3-5pmnsc.pdf","sem disciplina","risco de mistura ou baixa qualidade","nao automaticamente","classificar/revisar antes de publicar","Alta","conteudo/taxonomia"
"storage/content/oab/30-exame/provas/caderno-de-prova-tipo-4-7hamwx.pdf","sem disciplina","risco de mistura ou baixa qualidade","nao automaticamente","classificar/revisar antes de publicar","Alta","conteudo/taxonomia"
"storage/content/oab/30-exame/provas/caderno-de-provas-direito-civil-1i3n85.pdf","sem disciplina","risco de mistura ou baixa qualidade","nao automaticamente","classificar/revisar antes de publicar","Alta","conteudo/taxonomia"
"storage/content/oab/30-exame/provas/caderno-de-provas-direito-do-trabalho-1ilxej.pdf","sem disciplina","risco de mistura ou baixa qualidade","nao automaticamente","classificar/revisar antes de publicar","Alta","conteudo/taxonomia"
"storage/content/oab/31-exame/gabaritos/gabaritos-preliminares-da-prova-objetiva-1-fase-1erk02.pdf","sem disciplina","risco de mistura ou baixa qualidade","nao automaticamente","classificar/revisar antes de publicar","Alta","conteudo/taxonomia"
"storage/content/oab/31-exame/metadata.json","sem disciplina","risco de mistura ou baixa qualidade","nao automaticamente","classificar/revisar antes de publicar","Alta","conteudo/taxonomia"
"storage/content/oab/31-exame/provas/caderno-de-prova-tipo-1-1ms0lm.pdf","sem disciplina","risco de mistura ou baixa qualidade","nao automaticamente","classificar/revisar antes de publicar","Alta","conteudo/taxonomia"
"storage/content/oab/31-exame/provas/caderno-de-prova-tipo-2-14ld50.pdf","sem disciplina","risco de mistura ou baixa qualidade","nao automaticamente","classificar/revisar antes de publicar","Alta","conteudo/taxonomia"
"storage/content/oab/31-exame/provas/caderno-de-prova-tipo-3-xub3jg.pdf","sem disciplina","risco de mistura ou baixa qualidade","nao automaticamente","classificar/revisar antes de publicar","Alta","conteudo/taxonomia"
"storage/content/oab/31-exame/provas/caderno-de-prova-tipo-4-1kcpbi.pdf","sem disciplina","risco de mistura ou baixa qualidade","nao automaticamente","classificar/revisar antes de publicar","Alta","conteudo/taxonomia"
"storage/content/oab/31-exame/provas/caderno-de-provas-direito-civil-qxd1xx.pdf","sem disciplina","risco de mistura ou baixa qualidade","nao automaticamente","classificar/revisar antes de publicar","Alta","conteudo/taxonomia"
"storage/content/oab/31-exame/provas/caderno-de-provas-direito-do-trabalho-hb3ran.pdf","sem disciplina","risco de mistura ou baixa qualidade","nao automaticamente","classificar/revisar antes de publicar","Alta","conteudo/taxonomia"
"storage/content/oab/32-exame/gabaritos/gabaritos-preliminares-da-prova-objetiva-1-fase-9lok8x.pdf","sem disciplina","risco de mistura ou baixa qualidade","nao automaticamente","classificar/revisar antes de publicar","Alta","conteudo/taxonomia"
"storage/content/oab/32-exame/metadata.json","sem disciplina","risco de mistura ou baixa qualidade","nao automaticamente","classificar/revisar antes de publicar","Alta","conteudo/taxonomia"
"storage/content/oab/32-exame/provas/caderno-de-prova-tipo-1-1myk9o.pdf","sem disciplina","risco de mistura ou baixa qualidade","nao automaticamente","classificar/revisar antes de publicar","Alta","conteudo/taxonomia"
"storage/content/oab/32-exame/provas/caderno-de-prova-tipo-2-1fk70e.pdf","sem disciplina","risco de mistura ou baixa qualidade","nao automaticamente","classificar/revisar antes de publicar","Alta","conteudo/taxonomia"
"storage/content/oab/32-exame/provas/caderno-de-prova-tipo-3-1q01vp.pdf","sem disciplina","risco de mistura ou baixa qualidade","nao automaticamente","classificar/revisar antes de publicar","Alta","conteudo/taxonomia"
"storage/content/oab/32-exame/provas/caderno-de-prova-tipo-4-9n0css.pdf","sem disciplina","risco de mistura ou baixa qualidade","nao automaticamente","classificar/revisar antes de publicar","Alta","conteudo/taxonomia"
"storage/content/oab/32-exame/provas/caderno-de-provas-direito-civil-g2e3i9.pdf","sem disciplina","risco de mistura ou baixa qualidade","nao automaticamente","classificar/revisar antes de publicar","Alta","conteudo/taxonomia"
"storage/content/oab/32-exame/provas/caderno-de-provas-direito-do-trabalho-10i30n.pdf","sem disciplina","risco de mistura ou baixa qualidade","nao automaticamente","classificar/revisar antes de publicar","Alta","conteudo/taxonomia"
"storage/content/oab/33-exame/gabaritos/gabaritos-preliminares-da-prova-objetiva-1-fase-1tizcj.pdf","sem disciplina","risco de mistura ou baixa qualidade","nao automaticamente","classificar/revisar antes de publicar","Alta","conteudo/taxonomia"
"storage/content/oab/33-exame/metadata.json","sem disciplina","risco de mistura ou baixa qualidade","nao automaticamente","classificar/revisar antes de publicar","Alta","conteudo/taxonomia"
"storage/content/oab/33-exame/provas/caderno-de-prova-tipo-1-18f7of.pdf","sem disciplina","risco de mistura ou baixa qualidade","nao automaticamente","classificar/revisar antes de publicar","Alta","conteudo/taxonomia"
"storage/content/oab/33-exame/provas/caderno-de-prova-tipo-2-15dfgu.pdf","sem disciplina","risco de mistura ou baixa qualidade","nao automaticamente","classificar/revisar antes de publicar","Alta","conteudo/taxonomia"
"storage/content/oab/33-exame/provas/caderno-de-prova-tipo-3-9abch8.pdf","sem disciplina","risco de mistura ou baixa qualidade","nao automaticamente","classificar/revisar antes de publicar","Alta","conteudo/taxonomia"
"storage/content/oab/33-exame/provas/caderno-de-prova-tipo-4-rmxmy4.pdf","sem disciplina","risco de mistura ou baixa qualidade","nao automaticamente","classificar/revisar antes de publicar","Alta","conteudo/taxonomia"
"storage/content/oab/33-exame/provas/caderno-de-provas-direito-civil-oa0htn.pdf","sem disciplina","risco de mistura ou baixa qualidade","nao automaticamente","classificar/revisar antes de publicar","Alta","conteudo/taxonomia"
"storage/content/oab/33-exame/provas/caderno-de-provas-direito-do-trabalho-1iswlt.pdf","sem disciplina","risco de mistura ou baixa qualidade","nao automaticamente","classificar/revisar antes de publicar","Alta","conteudo/taxonomia"
"storage/content/oab/34-exame/gabaritos/gabaritos-preliminares-da-prova-objetiva-1-fase-1agp71.pdf","sem disciplina","risco de mistura ou baixa qualidade","nao automaticamente","classificar/revisar antes de publicar","Alta","conteudo/taxonomia"
"storage/content/oab/34-exame/metadata.json","sem disciplina","risco de mistura ou baixa qualidade","nao automaticamente","classificar/revisar antes de publicar","Alta","conteudo/taxonomia"
"storage/content/oab/34-exame/provas/caderno-de-prova-tipo-1-1jguo5.pdf","sem disciplina","risco de mistura ou baixa qualidade","nao automaticamente","classificar/revisar antes de publicar","Alta","conteudo/taxonomia"
"storage/content/oab/34-exame/provas/caderno-de-prova-tipo-2-jlbjkm.pdf","sem disciplina","risco de mistura ou baixa qualidade","nao automaticamente","classificar/revisar antes de publicar","Alta","conteudo/taxonomia"
"storage/content/oab/34-exame/provas/caderno-de-prova-tipo-3-xoxh9o.pdf","sem disciplina","risco de mistura ou baixa qualidade","nao automaticamente","classificar/revisar antes de publicar","Alta","conteudo/taxonomia"
"storage/content/oab/34-exame/provas/caderno-de-prova-tipo-4-8xkmxz.pdf","sem disciplina","risco de mistura ou baixa qualidade","nao automaticamente","classificar/revisar antes de publicar","Alta","conteudo/taxonomia"
"storage/content/oab/34-exame/provas/caderno-de-provas-direito-civil-1h9pe5.pdf","sem disciplina","risco de mistura ou baixa qualidade","nao automaticamente","classificar/revisar antes de publicar","Alta","conteudo/taxonomia"
"storage/content/oab/34-exame/provas/caderno-de-provas-direito-do-trabalho-1m08fy.pdf","sem disciplina","risco de mistura ou baixa qualidade","nao automaticamente","classificar/revisar antes de publicar","Alta","conteudo/taxonomia"
"storage/content/oab/35-exame/gabaritos/gabaritos-definitivos-da-prova-objetiva-1-fase-1u4p9v.pdf","sem disciplina","risco de mistura ou baixa qualidade","nao automaticamente","classificar/revisar antes de publicar","Alta","conteudo/taxonomia"
"storage/content/oab/35-exame/gabaritos/gabaritos-preliminares-da-prova-objetiva-1-fase-4qo4e2.pdf","sem disciplina","risco de mistura ou baixa qualidade","nao automaticamente","classificar/revisar antes de publicar","Alta","conteudo/taxonomia"
"storage/content/oab/35-exame/metadata.json","sem disciplina","risco de mistura ou baixa qualidade","nao automaticamente","classificar/revisar antes de publicar","Alta","conteudo/taxonomia"
"storage/content/oab/35-exame/provas/caderno-de-prova-tipo-1-1rapti.pdf","sem disciplina","risco de mistura ou baixa qualidade","nao automaticamente","classificar/revisar antes de publicar","Alta","conteudo/taxonomia"
"storage/content/oab/35-exame/provas/caderno-de-prova-tipo-2-meazhj.pdf","sem disciplina","risco de mistura ou baixa qualidade","nao automaticamente","classificar/revisar antes de publicar","Alta","conteudo/taxonomia"
"storage/content/oab/35-exame/provas/caderno-de-prova-tipo-3-nvwvch.pdf","sem disciplina","risco de mistura ou baixa qualidade","nao automaticamente","classificar/revisar antes de publicar","Alta","conteudo/taxonomia"
"storage/content/oab/35-exame/provas/caderno-de-prova-tipo-4-1y2v37.pdf","sem disciplina","risco de mistura ou baixa qualidade","nao automaticamente","classificar/revisar antes de publicar","Alta","conteudo/taxonomia"
"storage/content/oab/35-exame/provas/caderno-de-provas-direito-civil-1js7w3.pdf","sem disciplina","risco de mistura ou baixa qualidade","nao automaticamente","classificar/revisar antes de publicar","Alta","conteudo/taxonomia"
"storage/content/oab/35-exame/provas/caderno-de-provas-direito-do-trabalho-1gv26a.pdf","sem disciplina","risco de mistura ou baixa qualidade","nao automaticamente","classificar/revisar antes de publicar","Alta","conteudo/taxonomia"
"storage/content/oab/36-exame/gabaritos/gabaritos-definitivos-da-prova-objetiva-1-fase-1138md.pdf","sem disciplina","risco de mistura ou baixa qualidade","nao automaticamente","classificar/revisar antes de publicar","Alta","conteudo/taxonomia"
"storage/content/oab/36-exame/gabaritos/gabaritos-preliminares-da-prova-objetiva-1-fase-ip29f5.pdf","sem disciplina","risco de mistura ou baixa qualidade","nao automaticamente","classificar/revisar antes de publicar","Alta","conteudo/taxonomia"
"storage/content/oab/36-exame/metadata.json","sem disciplina","risco de mistura ou baixa qualidade","nao automaticamente","classificar/revisar antes de publicar","Alta","conteudo/taxonomia"
"storage/content/oab/36-exame/provas/caderno-de-prova-tipo-1-16vl03.pdf","sem disciplina","risco de mistura ou baixa qualidade","nao automaticamente","classificar/revisar antes de publicar","Alta","conteudo/taxonomia"
"storage/content/oab/36-exame/provas/caderno-de-prova-tipo-2-10xnc6.pdf","sem disciplina","risco de mistura ou baixa qualidade","nao automaticamente","classificar/revisar antes de publicar","Alta","conteudo/taxonomia"
"storage/content/oab/36-exame/provas/caderno-de-prova-tipo-3-ttft6y.pdf","sem disciplina","risco de mistura ou baixa qualidade","nao automaticamente","classificar/revisar antes de publicar","Alta","conteudo/taxonomia"
"storage/content/oab/36-exame/provas/caderno-de-prova-tipo-4-ldtu5.pdf","sem disciplina","risco de mistura ou baixa qualidade","nao automaticamente","classificar/revisar antes de publicar","Alta","conteudo/taxonomia"
"storage/content/oab/36-exame/provas/caderno-de-provas-direito-civil-nlf4em.pdf","sem disciplina","risco de mistura ou baixa qualidade","nao automaticamente","classificar/revisar antes de publicar","Alta","conteudo/taxonomia"
"storage/content/oab/37-exame/gabaritos/gabaritos-definitivos-da-prova-objetiva-1-fase-1ftur1.pdf","sem disciplina","risco de mistura ou baixa qualidade","nao automaticamente","classificar/revisar antes de publicar","Alta","conteudo/taxonomia"
"storage/content/oab/37-exame/gabaritos/gabaritos-preliminares-da-prova-objetiva-1-fase-uivq1.pdf","sem disciplina","risco de mistura ou baixa qualidade","nao automaticamente","classificar/revisar antes de publicar","Alta","conteudo/taxonomia"
"storage/content/oab/37-exame/metadata.json","sem disciplina","risco de mistura ou baixa qualidade","nao automaticamente","classificar/revisar antes de publicar","Alta","conteudo/taxonomia"
"storage/content/oab/37-exame/provas/caderno-de-prova-tipo-1-13eodq.pdf","sem disciplina","risco de mistura ou baixa qualidade","nao automaticamente","classificar/revisar antes de publicar","Alta","conteudo/taxonomia"
"storage/content/oab/37-exame/provas/caderno-de-prova-tipo-2-v4rbxg.pdf","sem disciplina","risco de mistura ou baixa qualidade","nao automaticamente","classificar/revisar antes de publicar","Alta","conteudo/taxonomia"
"storage/content/oab/37-exame/provas/caderno-de-prova-tipo-3-1ptjgk.pdf","sem disciplina","risco de mistura ou baixa qualidade","nao automaticamente","classificar/revisar antes de publicar","Alta","conteudo/taxonomia"
"storage/content/oab/37-exame/provas/caderno-de-prova-tipo-4-1mmfzo.pdf","sem disciplina","risco de mistura ou baixa qualidade","nao automaticamente","classificar/revisar antes de publicar","Alta","conteudo/taxonomia"
"storage/content/oab/37-exame/provas/caderno-de-provas-direito-civil-b96k0w.pdf","sem disciplina","risco de mistura ou baixa qualidade","nao automaticamente","classificar/revisar antes de publicar","Alta","conteudo/taxonomia"
"storage/content/oab/37-exame/provas/caderno-de-provas-direito-do-trabalho-1phi1s.pdf","sem disciplina","risco de mistura ou baixa qualidade","nao automaticamente","classificar/revisar antes de publicar","Alta","conteudo/taxonomia"
"storage/content/oab/38-exame/gabaritos/gabaritos-definitivos-da-prova-objetiva-1-fase-usmjo3.pdf","sem disciplina","risco de mistura ou baixa qualidade","nao automaticamente","classificar/revisar antes de publicar","Alta","conteudo/taxonomia"
"storage/content/oab/38-exame/gabaritos/gabaritos-preliminares-da-prova-objetiva-1-fase-1mpipe.pdf","sem disciplina","risco de mistura ou baixa qualidade","nao automaticamente","classificar/revisar antes de publicar","Alta","conteudo/taxonomia"
"storage/content/oab/38-exame/metadata.json","sem disciplina","risco de mistura ou baixa qualidade","nao automaticamente","classificar/revisar antes de publicar","Alta","conteudo/taxonomia"
"storage/content/oab/38-exame/provas/caderno-de-prova-tipo-1-1nbviw.pdf","sem disciplina","risco de mistura ou baixa qualidade","nao automaticamente","classificar/revisar antes de publicar","Alta","conteudo/taxonomia"
"storage/content/oab/38-exame/provas/caderno-de-prova-tipo-2-1mav4h.pdf","sem disciplina","risco de mistura ou baixa qualidade","nao automaticamente","classificar/revisar antes de publicar","Alta","conteudo/taxonomia"
"storage/content/oab/38-exame/provas/caderno-de-prova-tipo-3-7avmbn.pdf","sem disciplina","risco de mistura ou baixa qualidade","nao automaticamente","classificar/revisar antes de publicar","Alta","conteudo/taxonomia"
"storage/content/oab/38-exame/provas/caderno-de-prova-tipo-4-1l5upb.pdf","sem disciplina","risco de mistura ou baixa qualidade","nao automaticamente","classificar/revisar antes de publicar","Alta","conteudo/taxonomia"
"storage/content/oab/38-exame/provas/caderno-de-provas-direito-civil-5fj6zx.pdf","sem disciplina","risco de mistura ou baixa qualidade","nao automaticamente","classificar/revisar antes de publicar","Alta","conteudo/taxonomia"
"storage/content/oab/38-exame/provas/caderno-de-provas-direito-do-trabalho-hk3g3g.pdf","sem disciplina","risco de mistura ou baixa qualidade","nao automaticamente","classificar/revisar antes de publicar","Alta","conteudo/taxonomia"
"storage/content/oab/39-exame/gabaritos/gabaritos-definitivos-da-prova-objetiva-1-fase-1yuivs.pdf","sem disciplina","risco de mistura ou baixa qualidade","nao automaticamente","classificar/revisar antes de publicar","Alta","conteudo/taxonomia"
"storage/content/oab/39-exame/gabaritos/gabaritos-preliminares-da-prova-objetiva-1-fase-8lt9zn.pdf","sem disciplina","risco de mistura ou baixa qualidade","nao automaticamente","classificar/revisar antes de publicar","Alta","conteudo/taxonomia"
"storage/content/oab/39-exame/metadata.json","sem disciplina","risco de mistura ou baixa qualidade","nao automaticamente","classificar/revisar antes de publicar","Alta","conteudo/taxonomia"
"storage/content/oab/39-exame/provas/caderno-de-prova-tipo-1-1pymkz.pdf","sem disciplina","risco de mistura ou baixa qualidade","nao automaticamente","classificar/revisar antes de publicar","Alta","conteudo/taxonomia"
"storage/content/oab/39-exame/provas/caderno-de-prova-tipo-2-1vjx7k.pdf","sem disciplina","risco de mistura ou baixa qualidade","nao automaticamente","classificar/revisar antes de publicar","Alta","conteudo/taxonomia"
"storage/content/oab/39-exame/provas/caderno-de-prova-tipo-3-dyajpx.pdf","sem disciplina","risco de mistura ou baixa qualidade","nao automaticamente","classificar/revisar antes de publicar","Alta","conteudo/taxonomia"
"storage/content/oab/39-exame/provas/caderno-de-prova-tipo-4-1eaotd.pdf","sem disciplina","risco de mistura ou baixa qualidade","nao automaticamente","classificar/revisar antes de publicar","Alta","conteudo/taxonomia"
"storage/content/oab/39-exame/provas/caderno-de-provas-direito-civil-1nar5n.pdf","sem disciplina","risco de mistura ou baixa qualidade","nao automaticamente","classificar/revisar antes de publicar","Alta","conteudo/taxonomia"
"storage/content/oab/39-exame/provas/caderno-de-provas-direito-do-trabalho-164r3l.pdf","sem disciplina","risco de mistura ou baixa qualidade","nao automaticamente","classificar/revisar antes de publicar","Alta","conteudo/taxonomia"
"storage/content/oab/4-exame/metadata.json","sem disciplina","risco de mistura ou baixa qualidade","nao automaticamente","classificar/revisar antes de publicar","Alta","conteudo/taxonomia"
"storage/content/oab/40-exame/gabaritos/gabaritos-definitivos-da-prova-objetiva-1-fase-666q9e.pdf","sem disciplina","risco de mistura ou baixa qualidade","nao automaticamente","classificar/revisar antes de publicar","Alta","conteudo/taxonomia"
"storage/content/oab/40-exame/gabaritos/gabaritos-preliminares-da-prova-objetiva-1-fase-11gyjn.pdf","sem disciplina","risco de mistura ou baixa qualidade","nao automaticamente","classificar/revisar antes de publicar","Alta","conteudo/taxonomia"
"storage/content/oab/40-exame/metadata.json","sem disciplina","risco de mistura ou baixa qualidade","nao automaticamente","classificar/revisar antes de publicar","Alta","conteudo/taxonomia"
"storage/content/oab/40-exame/provas/caderno-de-prova-tipo-1-v2h0ss.pdf","sem disciplina","risco de mistura ou baixa qualidade","nao automaticamente","classificar/revisar antes de publicar","Alta","conteudo/taxonomia"
"storage/content/oab/40-exame/provas/caderno-de-prova-tipo-2-1u8tfi.pdf","sem disciplina","risco de mistura ou baixa qualidade","nao automaticamente","classificar/revisar antes de publicar","Alta","conteudo/taxonomia"
"storage/content/oab/40-exame/provas/caderno-de-prova-tipo-3-1m9zvk.pdf","sem disciplina","risco de mistura ou baixa qualidade","nao automaticamente","classificar/revisar antes de publicar","Alta","conteudo/taxonomia"
"storage/content/oab/40-exame/provas/caderno-de-prova-tipo-4-1wkrzb.pdf","sem disciplina","risco de mistura ou baixa qualidade","nao automaticamente","classificar/revisar antes de publicar","Alta","conteudo/taxonomia"
"storage/content/oab/40-exame/provas/caderno-de-provas-direito-civil-1w4h9u.pdf","sem disciplina","risco de mistura ou baixa qualidade","nao automaticamente","classificar/revisar antes de publicar","Alta","conteudo/taxonomia"
"storage/content/oab/40-exame/provas/caderno-de-provas-direito-do-trabalho-17epf5.pdf","sem disciplina","risco de mistura ou baixa qualidade","nao automaticamente","classificar/revisar antes de publicar","Alta","conteudo/taxonomia"
"storage/content/oab/41-exame/gabaritos/gabaritos-definitivos-da-prova-objetiva-1-fase-1agscl.pdf","sem disciplina","risco de mistura ou baixa qualidade","nao automaticamente","classificar/revisar antes de publicar","Alta","conteudo/taxonomia"
"storage/content/oab/41-exame/gabaritos/gabaritos-preliminares-da-prova-objetiva-1-fase-gdwb78.pdf","sem disciplina","risco de mistura ou baixa qualidade","nao automaticamente","classificar/revisar antes de publicar","Alta","conteudo/taxonomia"
"storage/content/oab/41-exame/metadata.json","sem disciplina","risco de mistura ou baixa qualidade","nao automaticamente","classificar/revisar antes de publicar","Alta","conteudo/taxonomia"
"storage/content/oab/41-exame/provas/caderno-de-prova-tipo-1-19epxk.pdf","sem disciplina","risco de mistura ou baixa qualidade","nao automaticamente","classificar/revisar antes de publicar","Alta","conteudo/taxonomia"
"storage/content/oab/41-exame/provas/caderno-de-prova-tipo-2-9nh7u7.pdf","sem disciplina","risco de mistura ou baixa qualidade","nao automaticamente","classificar/revisar antes de publicar","Alta","conteudo/taxonomia"
"storage/content/oab/41-exame/provas/caderno-de-prova-tipo-3-9n0sub.pdf","sem disciplina","risco de mistura ou baixa qualidade","nao automaticamente","classificar/revisar antes de publicar","Alta","conteudo/taxonomia"
"storage/content/oab/41-exame/provas/caderno-de-prova-tipo-4-13yqqo.pdf","sem disciplina","risco de mistura ou baixa qualidade","nao automaticamente","classificar/revisar antes de publicar","Alta","conteudo/taxonomia"
"storage/content/oab/41-exame/provas/caderno-de-provas-direito-civil-1o4o4r.pdf","sem disciplina","risco de mistura ou baixa qualidade","nao automaticamente","classificar/revisar antes de publicar","Alta","conteudo/taxonomia"
"storage/content/oab/42-exame/gabaritos/gabaritos-definitivos-da-prova-objetiva-1-fase-oz8qn8.pdf","sem disciplina","risco de mistura ou baixa qualidade","nao automaticamente","classificar/revisar antes de publicar","Alta","conteudo/taxonomia"
"storage/content/oab/42-exame/gabaritos/gabaritos-preliminares-da-prova-objetiva-1-fase-d8co1o.pdf","sem disciplina","risco de mistura ou baixa qualidade","nao automaticamente","classificar/revisar antes de publicar","Alta","conteudo/taxonomia"
"storage/content/oab/42-exame/metadata.json","sem disciplina","risco de mistura ou baixa qualidade","nao automaticamente","classificar/revisar antes de publicar","Alta","conteudo/taxonomia"
"storage/content/oab/42-exame/provas/caderno-de-prova-tipo-1-1l67c6.pdf","sem disciplina","risco de mistura ou baixa qualidade","nao automaticamente","classificar/revisar antes de publicar","Alta","conteudo/taxonomia"
"storage/content/oab/42-exame/provas/caderno-de-prova-tipo-2-mfr81p.pdf","sem disciplina","risco de mistura ou baixa qualidade","nao automaticamente","classificar/revisar antes de publicar","Alta","conteudo/taxonomia"
"storage/content/oab/42-exame/provas/caderno-de-prova-tipo-3-1muvj0.pdf","sem disciplina","risco de mistura ou baixa qualidade","nao automaticamente","classificar/revisar antes de publicar","Alta","conteudo/taxonomia"
"storage/content/oab/42-exame/provas/caderno-de-prova-tipo-4-1ib9o8.pdf","sem disciplina","risco de mistura ou baixa qualidade","nao automaticamente","classificar/revisar antes de publicar","Alta","conteudo/taxonomia"
"storage/content/oab/42-exame/provas/caderno-de-provas-direito-civil-3gfgry.pdf","sem disciplina","risco de mistura ou baixa qualidade","nao automaticamente","classificar/revisar antes de publicar","Alta","conteudo/taxonomia"
"storage/content/oab/42-exame/provas/caderno-de-provas-direito-do-trabalho-1twwac.pdf","sem disciplina","risco de mistura ou baixa qualidade","nao automaticamente","classificar/revisar antes de publicar","Alta","conteudo/taxonomia"
"storage/content/oab/43-exame/gabaritos/gabaritos-definitivos-da-prova-objetiva-1-fase-99gv56.pdf","sem disciplina","risco de mistura ou baixa qualidade","nao automaticamente","classificar/revisar antes de publicar","Alta","conteudo/taxonomia"
"storage/content/oab/43-exame/gabaritos/gabaritos-preliminares-da-prova-objetiva-1-fase-atualizado-em-30-04-2025-dojv0d.pdf","sem disciplina","risco de mistura ou baixa qualidade","nao automaticamente","classificar/revisar antes de publicar","Alta","conteudo/taxonomia"
"storage/content/oab/43-exame/metadata.json","sem disciplina","risco de mistura ou baixa qualidade","nao automaticamente","classificar/revisar antes de publicar","Alta","conteudo/taxonomia"
"storage/content/oab/43-exame/provas/caderno-de-prova-tipo-1-wjxb32.pdf","sem disciplina","risco de mistura ou baixa qualidade","nao automaticamente","classificar/revisar antes de publicar","Alta","conteudo/taxonomia"
"storage/content/oab/43-exame/provas/caderno-de-prova-tipo-2-42gb3k.pdf","sem disciplina","risco de mistura ou baixa qualidade","nao automaticamente","classificar/revisar antes de publicar","Alta","conteudo/taxonomia"
"storage/content/oab/43-exame/provas/caderno-de-prova-tipo-3-g7aski.pdf","sem disciplina","risco de mistura ou baixa qualidade","nao automaticamente","classificar/revisar antes de publicar","Alta","conteudo/taxonomia"
"storage/content/oab/43-exame/provas/caderno-de-prova-tipo-4-78iugs.pdf","sem disciplina","risco de mistura ou baixa qualidade","nao automaticamente","classificar/revisar antes de publicar","Alta","conteudo/taxonomia"
"storage/content/oab/43-exame/provas/caderno-de-provas-direito-civil-18xvwr.pdf","sem disciplina","risco de mistura ou baixa qualidade","nao automaticamente","classificar/revisar antes de publicar","Alta","conteudo/taxonomia"
"storage/content/oab/43-exame/provas/caderno-de-provas-direito-do-trabalho-148sas.pdf","sem disciplina","risco de mistura ou baixa qualidade","nao automaticamente","classificar/revisar antes de publicar","Alta","conteudo/taxonomia"
"storage/content/oab/44-exame/gabaritos/gabaritos-definitivos-da-prova-objetiva-1-fase-1ehcwq.pdf","sem disciplina","risco de mistura ou baixa qualidade","nao automaticamente","classificar/revisar antes de publicar","Alta","conteudo/taxonomia"
"storage/content/oab/44-exame/gabaritos/gabaritos-preliminares-da-prova-objetiva-1-fase-lt9f0s.pdf","sem disciplina","risco de mistura ou baixa qualidade","nao automaticamente","classificar/revisar antes de publicar","Alta","conteudo/taxonomia"
"storage/content/oab/44-exame/metadata.json","sem disciplina","risco de mistura ou baixa qualidade","nao automaticamente","classificar/revisar antes de publicar","Alta","conteudo/taxonomia"
"storage/content/oab/44-exame/provas/caderno-de-prova-tipo-1-bmn0xq.pdf","sem disciplina","risco de mistura ou baixa qualidade","nao automaticamente","classificar/revisar antes de publicar","Alta","conteudo/taxonomia"
"storage/content/oab/44-exame/provas/caderno-de-prova-tipo-2-rwnkr7.pdf","sem disciplina","risco de mistura ou baixa qualidade","nao automaticamente","classificar/revisar antes de publicar","Alta","conteudo/taxonomia"
"storage/content/oab/44-exame/provas/caderno-de-prova-tipo-3-1asweo.pdf","sem disciplina","risco de mistura ou baixa qualidade","nao automaticamente","classificar/revisar antes de publicar","Alta","conteudo/taxonomia"
"storage/content/oab/44-exame/provas/caderno-de-prova-tipo-4-1kws1b.pdf","sem disciplina","risco de mistura ou baixa qualidade","nao automaticamente","classificar/revisar antes de publicar","Alta","conteudo/taxonomia"
"storage/content/oab/44-exame/provas/caderno-de-provas-direito-civil-11y2o9.pdf","sem disciplina","risco de mistura ou baixa qualidade","nao automaticamente","classificar/revisar antes de publicar","Alta","conteudo/taxonomia"
"storage/content/oab/44-exame/provas/caderno-de-provas-direito-do-trabalho-9htmgy.pdf","sem disciplina","risco de mistura ou baixa qualidade","nao automaticamente","classificar/revisar antes de publicar","Alta","conteudo/taxonomia"
"storage/content/oab/45-exame/gabaritos/gabaritos-definitivos-da-prova-objetiva-1-fase-iamkq5.pdf","sem disciplina","risco de mistura ou baixa qualidade","nao automaticamente","classificar/revisar antes de publicar","Alta","conteudo/taxonomia"
"storage/content/oab/45-exame/gabaritos/gabaritos-preliminares-da-prova-objetiva-1-fase-atualizado-em-22.12.2025-ghhg7q.pdf","sem disciplina","risco de mistura ou baixa qualidade","nao automaticamente","classificar/revisar antes de publicar","Alta","conteudo/taxonomia"
"storage/content/oab/45-exame/metadata.json","sem disciplina","risco de mistura ou baixa qualidade","nao automaticamente","classificar/revisar antes de publicar","Alta","conteudo/taxonomia"
"storage/content/oab/45-exame/provas/caderno-de-prova-tipo-1-1e6sag.pdf","sem disciplina","risco de mistura ou baixa qualidade","nao automaticamente","classificar/revisar antes de publicar","Alta","conteudo/taxonomia"
"storage/content/oab/45-exame/provas/caderno-de-prova-tipo-2-17lo3v.pdf","sem disciplina","risco de mistura ou baixa qualidade","nao automaticamente","classificar/revisar antes de publicar","Alta","conteudo/taxonomia"
"storage/content/oab/45-exame/provas/caderno-de-prova-tipo-3-1kg5po.pdf","sem disciplina","risco de mistura ou baixa qualidade","nao automaticamente","classificar/revisar antes de publicar","Alta","conteudo/taxonomia"
"storage/content/oab/45-exame/provas/caderno-de-prova-tipo-4-hp2j7m.pdf","sem disciplina","risco de mistura ou baixa qualidade","nao automaticamente","classificar/revisar antes de publicar","Alta","conteudo/taxonomia"
"storage/content/oab/45-exame/provas/caderno-de-provas-direito-civil-6ysmi2.pdf","sem disciplina","risco de mistura ou baixa qualidade","nao automaticamente","classificar/revisar antes de publicar","Alta","conteudo/taxonomia"
"storage/content/oab/45-exame/provas/caderno-de-provas-direito-do-trabalho-1gjqe9.pdf","sem disciplina","risco de mistura ou baixa qualidade","nao automaticamente","classificar/revisar antes de publicar","Alta","conteudo/taxonomia"
"storage/content/oab/46-exame/gabaritos/gabaritos-definitivos-da-prova-objetiva-1-fase-1kizjh.pdf","sem disciplina","risco de mistura ou baixa qualidade","nao automaticamente","classificar/revisar antes de publicar","Alta","conteudo/taxonomia"
"storage/content/oab/46-exame/gabaritos/gabaritos-preliminares-da-prova-objetiva-1-fase-atualizado-em-04.05.2026-1wy91d.pdf","sem disciplina","risco de mistura ou baixa qualidade","nao automaticamente","classificar/revisar antes de publicar","Alta","conteudo/taxonomia"
"storage/content/oab/46-exame/metadata.json","sem disciplina","risco de mistura ou baixa qualidade","nao automaticamente","classificar/revisar antes de publicar","Alta","conteudo/taxonomia"
"storage/content/oab/46-exame/provas/caderno-de-prova-tipo-1-1dfntz.pdf","sem disciplina","risco de mistura ou baixa qualidade","nao automaticamente","classificar/revisar antes de publicar","Alta","conteudo/taxonomia"
"storage/content/oab/46-exame/provas/caderno-de-prova-tipo-2-1liuy6.pdf","sem disciplina","risco de mistura ou baixa qualidade","nao automaticamente","classificar/revisar antes de publicar","Alta","conteudo/taxonomia"
"storage/content/oab/46-exame/provas/caderno-de-prova-tipo-3-18v5bp.pdf","sem disciplina","risco de mistura ou baixa qualidade","nao automaticamente","classificar/revisar antes de publicar","Alta","conteudo/taxonomia"
"storage/content/oab/46-exame/provas/caderno-de-prova-tipo-4-8l7j5p.pdf","sem disciplina","risco de mistura ou baixa qualidade","nao automaticamente","classificar/revisar antes de publicar","Alta","conteudo/taxonomia"
"storage/content/oab/47-exame/metadata.json","sem disciplina","risco de mistura ou baixa qualidade","nao automaticamente","classificar/revisar antes de publicar","Alta","conteudo/taxonomia"
"storage/content/oab/5-exame/metadata.json","sem disciplina","risco de mistura ou baixa qualidade","nao automaticamente","classificar/revisar antes de publicar","Alta","conteudo/taxonomia"
"storage/content/oab/6-exame/metadata.json","sem disciplina","risco de mistura ou baixa qualidade","nao automaticamente","classificar/revisar antes de publicar","Alta","conteudo/taxonomia"
"storage/content/oab/7-exame/gabaritos/gabaritos-preliminares-da-prova-objetiva-1-fase-9rqav3.pdf","sem disciplina","risco de mistura ou baixa qualidade","nao automaticamente","classificar/revisar antes de publicar","Alta","conteudo/taxonomia"
"storage/content/oab/7-exame/metadata.json","sem disciplina","risco de mistura ou baixa qualidade","nao automaticamente","classificar/revisar antes de publicar","Alta","conteudo/taxonomia"
"storage/content/oab/7-exame/provas/caderno-de-prova-01-5noo95.pdf","sem disciplina","risco de mistura ou baixa qualidade","nao automaticamente","classificar/revisar antes de publicar","Alta","conteudo/taxonomia"
"storage/content/oab/7-exame/provas/caderno-de-prova-02-1j1xvk.pdf","sem disciplina","risco de mistura ou baixa qualidade","nao automaticamente","classificar/revisar antes de publicar","Alta","conteudo/taxonomia"
"storage/content/oab/7-exame/provas/caderno-de-prova-03-1j4qj9.pdf","sem disciplina","risco de mistura ou baixa qualidade","nao automaticamente","classificar/revisar antes de publicar","Alta","conteudo/taxonomia"
"storage/content/oab/7-exame/provas/caderno-de-prova-04-9qlh4z.pdf","sem disciplina","risco de mistura ou baixa qualidade","nao automaticamente","classificar/revisar antes de publicar","Alta","conteudo/taxonomia"
"storage/content/oab/8-exame/metadata.json","sem disciplina","risco de mistura ou baixa qualidade","nao automaticamente","classificar/revisar antes de publicar","Alta","conteudo/taxonomia"
"storage/content/oab/9-exame/metadata.json","sem disciplina","risco de mistura ou baixa qualidade","nao automaticamente","classificar/revisar antes de publicar","Alta","conteudo/taxonomia"
"material-provas/fgv/provas PM/aluno_oficial_da_pmns101_tipo_1.pdf","sem objetivo","risco de mistura ou baixa qualidade","nao automaticamente","classificar/revisar antes de publicar","Alta","conteudo/taxonomia"
"material-provas/fgv/provas PM/aluno_oficial_da_pmns101_tipo_2.pdf","sem objetivo","risco de mistura ou baixa qualidade","nao automaticamente","classificar/revisar antes de publicar","Alta","conteudo/taxonomia"
"material-provas/fgv/provas PM/aluno_oficial_da_pmns101_tipo_3.pdf","sem objetivo","risco de mistura ou baixa qualidade","nao automaticamente","classificar/revisar antes de publicar","Alta","conteudo/taxonomia"
"material-provas/fgv/provas PM/aluno_oficial_da_pmns101_tipo_4.pdf","sem objetivo","risco de mistura ou baixa qualidade","nao automaticamente","classificar/revisar antes de publicar","Alta","conteudo/taxonomia"
"material-provas/fgv/provas PM/aluno_soldado_da_pmnm001_tipo_1.pdf","sem objetivo","risco de mistura ou baixa qualidade","nao automaticamente","classificar/revisar antes de publicar","Alta","conteudo/taxonomia"
"material-provas/fgv/provas PM/aluno_soldado_da_pmnm001_tipo_2.pdf","sem objetivo","risco de mistura ou baixa qualidade","nao automaticamente","classificar/revisar antes de publicar","Alta","conteudo/taxonomia"
"material-provas/fgv/provas PM/aluno_soldado_da_pmnm001_tipo_3.pdf","sem objetivo","risco de mistura ou baixa qualidade","nao automaticamente","classificar/revisar antes de publicar","Alta","conteudo/taxonomia"
"material-provas/fgv/provas PM/aluno_soldado_da_pmnm001_tipo_4.pdf","sem objetivo","risco de mistura ou baixa qualidade","nao automaticamente","classificar/revisar antes de publicar","Alta","conteudo/taxonomia"
"material-provas/fgv/provas PM/anexo-sem-titulo-00306-4.pdf","sem objetivo","risco de mistura ou baixa qualidade","nao automaticamente","classificar/revisar antes de publicar","Alta","conteudo/taxonomia"
"material-provas/fgv/provas PM/anexo-sem-titulo-00312-1.pdf","sem objetivo","risco de mistura ou baixa qualidade","nao automaticamente","classificar/revisar antes de publicar","Alta","conteudo/taxonomia"
"material-provas/fgv/provas PM/anexo-sem-titulo-00318-2.pdf","sem objetivo","risco de mistura ou baixa qualidade","nao automaticamente","classificar/revisar antes de publicar","Alta","conteudo/taxonomia"
"material-provas/fgv/provas PM/anexo-sem-titulo-00324-3.pdf","sem objetivo","risco de mistura ou baixa qualidade","nao automaticamente","classificar/revisar antes de publicar","Alta","conteudo/taxonomia"
"material-provas/fgv/provas PM/cabo-pmcnm001-tipo-1.pdf","sem objetivo","risco de mistura ou baixa qualidade","nao automaticamente","classificar/revisar antes de publicar","Alta","conteudo/taxonomia"
"material-provas/fgv/provas PM/cabo-pmcnm001-tipo-2.pdf","sem objetivo","risco de mistura ou baixa qualidade","nao automaticamente","classificar/revisar antes de publicar","Alta","conteudo/taxonomia"
"material-provas/fgv/provas PM/cabo-pmcnm001-tipo-3.pdf","sem objetivo","risco de mistura ou baixa qualidade","nao automaticamente","classificar/revisar antes de publicar","Alta","conteudo/taxonomia"
"material-provas/fgv/provas PM/cabo-pmcnm001-tipo-4.pdf","sem objetivo","risco de mistura ou baixa qualidade","nao automaticamente","classificar/revisar antes de publicar","Alta","conteudo/taxonomia"
"material-provas/fgv/provas PM/cns101-aluno-oficial-combatentecns101-tipo-1.pdf","sem objetivo","risco de mistura ou baixa qualidade","nao automaticamente","classificar/revisar antes de publicar","Alta","conteudo/taxonomia"
"material-provas/fgv/provas PM/cns101-aluno-oficial-combatentecns101-tipo-2.pdf","sem objetivo","risco de mistura ou baixa qualidade","nao automaticamente","classificar/revisar antes de publicar","Alta","conteudo/taxonomia"
"material-provas/fgv/provas PM/curso-de-formacao-de-oficiais-combatentes-da-pmpbcfopb-22-tipo-1.pdf","sem objetivo","risco de mistura ou baixa qualidade","nao automaticamente","classificar/revisar antes de publicar","Alta","conteudo/taxonomia"
"material-provas/fgv/provas PM/curso-de-formacao-de-oficiais-combatentes-da-pmpbcfopb-22-tipo-2.pdf","sem objetivo","risco de mistura ou baixa qualidade","nao automaticamente","classificar/revisar antes de publicar","Alta","conteudo/taxonomia"
"material-provas/fgv/provas PM/curso-de-formacao-de-oficiais-combatentes-da-pmpbcfopb-22-tipo-3.pdf","sem objetivo","risco de mistura ou baixa qualidade","nao automaticamente","classificar/revisar antes de publicar","Alta","conteudo/taxonomia"
"material-provas/fgv/provas PM/curso-de-formacao-de-oficiais-combatentes-da-pmpbcfopb-22-tipo-4.pdf","sem objetivo","risco de mistura ou baixa qualidade","nao automaticamente","classificar/revisar antes de publicar","Alta","conteudo/taxonomia"
"material-provas/fgv/provas PM/delegado-objetivacns100-tipo-1.pdf","sem disciplina","risco de mistura ou baixa qualidade","nao automaticamente","classificar/revisar antes de publicar","Alta","conteudo/taxonomia"
"material-provas/fgv/provas PM/delegado-objetivacns100-tipo-2.pdf","sem disciplina","risco de mistura ou baixa qualidade","nao automaticamente","classificar/revisar antes de publicar","Alta","conteudo/taxonomia"
"material-provas/fgv/provas PM/delegado-objetivacns100-tipo-3.pdf","sem disciplina","risco de mistura ou baixa qualidade","nao automaticamente","classificar/revisar antes de publicar","Alta","conteudo/taxonomia"
"material-provas/fgv/provas PM/delegado-objetivacns100-tipo-4.pdf","sem disciplina","risco de mistura ou baixa qualidade","nao automaticamente","classificar/revisar antes de publicar","Alta","conteudo/taxonomia"
"material-provas/fgv/provas PM/inspetor_de_policia_de_6a_classeinspetor_tipo_1_revisada.pdf","sem disciplina","risco de mistura ou baixa qualidade","nao automaticamente","classificar/revisar antes de publicar","Alta","conteudo/taxonomia"
"material-provas/fgv/provas PM/inspetor_de_policia_de_6a_classeinspetor_tipo_2_revisada.pdf","sem disciplina","risco de mistura ou baixa qualidade","nao automaticamente","classificar/revisar antes de publicar","Alta","conteudo/taxonomia"
"material-provas/fgv/provas PM/inspetor_de_policia_de_6a_classeinspetor_tipo_3_revisada.pdf","sem disciplina","risco de mistura ou baixa qualidade","nao automaticamente","classificar/revisar antes de publicar","Alta","conteudo/taxonomia"
"material-provas/fgv/provas PM/inspetor_de_policia_de_6a_classeinspetor_tipo_4_revisada.pdf","sem disciplina","risco de mistura ou baixa qualidade","nao automaticamente","classificar/revisar antes de publicar","Alta","conteudo/taxonomia"
"material-provas/fgv/provas PM/investigador_policial_de_3a_classeinvest_tipo_1_revisada.pdf","sem disciplina","risco de mistura ou baixa qualidade","nao automaticamente","classificar/revisar antes de publicar","Alta","conteudo/taxonomia"
"material-provas/fgv/provas PM/investigador_policial_de_3a_classeinvest_tipo_2_revisada.pdf","sem disciplina","risco de mistura ou baixa qualidade","nao automaticamente","classificar/revisar antes de publicar","Alta","conteudo/taxonomia"
"material-provas/fgv/provas PM/investigador_policial_de_3a_classeinvest_tipo_3_revisada.pdf","sem disciplina","risco de mistura ou baixa qualidade","nao automaticamente","classificar/revisar antes de publicar","Alta","conteudo/taxonomia"
"material-provas/fgv/provas PM/investigador_policial_de_3a_classeinvest_tipo_4_revisada.pdf","sem disciplina","risco de mistura ou baixa qualidade","nao automaticamente","classificar/revisar antes de publicar","Alta","conteudo/taxonomia"
"material-provas/fgv/provas PM/ns001_-_delegado_de_policia_-_4a_classe_prova_objetivans001_tipo_1.pdf","sem disciplina","risco de mistura ou baixa qualidade","nao automaticamente","classificar/revisar antes de publicar","Alta","conteudo/taxonomia"
"material-provas/fgv/provas PM/ns001_-_delegado_de_policia_-_4a_classe_prova_objetivans001_tipo_2.pdf","sem disciplina","risco de mistura ou baixa qualidade","nao automaticamente","classificar/revisar antes de publicar","Alta","conteudo/taxonomia"
"material-provas/fgv/provas PM/ns001_-_delegado_de_policia_-_4a_classe_prova_objetivans001_tipo_3.pdf","sem disciplina","risco de mistura ou baixa qualidade","nao automaticamente","classificar/revisar antes de publicar","Alta","conteudo/taxonomia"
"material-provas/fgv/provas PM/ns001_-_delegado_de_policia_-_4a_classe_prova_objetivans001_tipo_4.pdf","sem disciplina","risco de mistura ou baixa qualidade","nao automaticamente","classificar/revisar antes de publicar","Alta","conteudo/taxonomia"
"material-provas/fgv/provas PM/oficial-da-policia-militarof-pm-tipo-1.pdf","sem disciplina","risco de mistura ou baixa qualidade","nao automaticamente","classificar/revisar antes de publicar","Alta","conteudo/taxonomia"
"material-provas/fgv/provas PM/oficial-da-policia-militarof-pm-tipo-2.pdf","sem disciplina","risco de mistura ou baixa qualidade","nao automaticamente","classificar/revisar antes de publicar","Alta","conteudo/taxonomia"
"material-provas/fgv/provas PM/oficial-da-policia-militarof-pm-tipo-3.pdf","sem disciplina","risco de mistura ou baixa qualidade","nao automaticamente","classificar/revisar antes de publicar","Alta","conteudo/taxonomia"
"material-provas/fgv/provas PM/oficial-da-policia-militarof-pm-tipo-4.pdf","sem disciplina","risco de mistura ou baixa qualidade","nao automaticamente","classificar/revisar antes de publicar","Alta","conteudo/taxonomia"
"material-provas/fgv/provas PM/pcam2021e01_gabarito_definitivo.pdf","sem objetivo","risco de mistura ou baixa qualidade","nao automaticamente","classificar/revisar antes de publicar","Alta","conteudo/taxonomia"
"material-provas/fgv/provas PM/pcrj2021e1_gabarito_definitivo.pdf","sem objetivo","risco de mistura ou baixa qualidade","nao automaticamente","classificar/revisar antes de publicar","Alta","conteudo/taxonomia"
"material-provas/fgv/provas PM/pcrj2021e2_gabarito_definitivo.pdf","sem objetivo","risco de mistura ou baixa qualidade","nao automaticamente","classificar/revisar antes de publicar","Alta","conteudo/taxonomia"
"material-provas/fgv/provas PM/pcrn-delegado-de-policia-civil-substituto-deleg-01-tipo-1.pdf","sem disciplina","risco de mistura ou baixa qualidade","nao automaticamente","classificar/revisar antes de publicar","Alta","conteudo/taxonomia"
"material-provas/fgv/provas PM/pcrn-delegado-de-policia-civil-substituto-deleg-01-tipo-2.pdf","sem disciplina","risco de mistura ou baixa qualidade","nao automaticamente","classificar/revisar antes de publicar","Alta","conteudo/taxonomia"
"material-provas/fgv/provas PM/pcrn-delegado-de-policia-civil-substituto-deleg-01-tipo-3.pdf","sem disciplina","risco de mistura ou baixa qualidade","nao automaticamente","classificar/revisar antes de publicar","Alta","conteudo/taxonomia"
"material-provas/fgv/provas PM/pcrn-delegado-de-policia-civil-substituto-deleg-01-tipo-4 (1).pdf","sem disciplina","risco de mistura ou baixa qualidade","nao automaticamente","classificar/revisar antes de publicar","Alta","conteudo/taxonomia"
"material-provas/fgv/provas PM/pcrn-delegado-de-policia-civil-substituto-deleg-01-tipo-4.pdf","sem disciplina","risco de mistura ou baixa qualidade","nao automaticamente","classificar/revisar antes de publicar","Alta","conteudo/taxonomia"
"material-provas/fgv/provas PM/pcrn_gabarito_definitivo.pdf","sem disciplina","risco de mistura ou baixa qualidade","nao automaticamente","classificar/revisar antes de publicar","Alta","conteudo/taxonomia"
"material-provas/fgv/provas PM/pcscdelegado2024_gabarito_definitivo_20240220.pdf","sem disciplina","risco de mistura ou baixa qualidade","nao automaticamente","classificar/revisar antes de publicar","Alta","conteudo/taxonomia"
"material-provas/fgv/provas PM/pm-sargentocnm001-tipo-1.pdf","sem disciplina","risco de mistura ou baixa qualidade","nao automaticamente","classificar/revisar antes de publicar","Alta","conteudo/taxonomia"
"material-provas/fgv/provas PM/pm-sargentocnm001-tipo-2.pdf","sem disciplina","risco de mistura ou baixa qualidade","nao automaticamente","classificar/revisar antes de publicar","Alta","conteudo/taxonomia"
"material-provas/fgv/provas PM/pm-sargentocnm001-tipo-3.pdf","sem disciplina","risco de mistura ou baixa qualidade","nao automaticamente","classificar/revisar antes de publicar","Alta","conteudo/taxonomia"
"material-provas/fgv/provas PM/pm-sargentocnm001-tipo-4.pdf","sem disciplina","risco de mistura ou baixa qualidade","nao automaticamente","classificar/revisar antes de publicar","Alta","conteudo/taxonomia"
"material-provas/fgv/provas PM/pmac2023-gabaritos-definitivo-final-para-publicacao-1.pdf","sem objetivo","risco de mistura ou baixa qualidade","nao automaticamente","classificar/revisar antes de publicar","Alta","conteudo/taxonomia"
"material-provas/fgv/provas PM/pmam2021_gabarito_definitivo_retificado_26.04.2022.pdf","sem objetivo","risco de mistura ou baixa qualidade","nao automaticamente","classificar/revisar antes de publicar","Alta","conteudo/taxonomia"
"material-provas/fgv/provas PM/pmce2021_gabarito_definitivo.pdf","sem objetivo","risco de mistura ou baixa qualidade","nao automaticamente","classificar/revisar antes de publicar","Alta","conteudo/taxonomia"
