"contentId","caminho","tipo","objetivo","disciplina","assunto","interface","acao","quarentena","prioridade"
"content:src-data-apostilas-administracao-financeira-orcamentaria-js","src/data/apostilas/administracao-financeira-orcamentaria.js","apostila/módulo","Concursos Fiscais","","orçamento como lei, plano financeiro e instrumento de controle democrático","direct-ui-connection","manter e validar filtro objetivo","sim","Media"
"content:src-data-apostilas-administracao-publica-gestao-publica-js","src/data/apostilas/administracao-publica-gestao-publica.js","apostila/módulo","","Direito Administrativo","diferença entre Estado, governo e Administração, separando função política de execução administrativa","direct-ui-connection","manter e validar filtro objetivo","sim","Media"
"content:src-data-apostilas-arquivologia-js","src/data/apostilas/arquivologia.js","apostila/módulo","Concursos Administrativos","","arquivo como conjunto org[caractere ilegivel]nico de documentos produzidos por atividade institucional","direct-ui-connection","manter e validar filtro objetivo","sim","Media"
"content:src-data-apostilas-atendimento-publico-qualidade-servico-publico-js","src/data/apostilas/atendimento-publico-qualidade-servico-publico.js","apostila/módulo","","","atendimento como expressão concreta de cidadania, eficiência e respeito","direct-ui-connection","manter e validar filtro objetivo","sim","Media"
"content:src-data-apostilas-atualidades-avancada-js","src/data/apostilas/atualidades-avancada.js","apostila/módulo","OAB","Atualidades","leitura cr[caractere ilegivel]tica de fatos","direct-ui-connection","manter e validar filtro objetivo","nao","Media"
"content:src-data-apostilas-atualidades-js","src/data/apostilas/atualidades.js","apostila/módulo","","Atualidades","M[caractere ilegivel]todo de estudo","direct-ui-connection","manter e validar filtro objetivo","sim","Media"
"content:src-data-apostilas-banco-repertorios-redacao-js","src/data/apostilas/banco-repertorios-redacao.js","redação","OAB","Redação","Constitui[caractere ilegivel][caractere ilegivel]o, cidadania e dignidade humana","direct-ui-connection","manter e validar filtro objetivo","nao","Media"
"content:src-data-apostilas-banco-temas-redacao-policial-js","src/data/apostilas/banco-temas-redacao-policial.js","redação","OAB","Redação","Viol[caractere ilegivel]ncia urbana, preven[caractere ilegivel][caractere ilegivel]o e responsabilidade compartilhada","direct-ui-connection","manter e validar filtro objetivo","nao","Media"
"content:src-data-apostilas-biologia-enem-js","src/data/apostilas/biologia-enem.js","apostila/módulo","ENEM","Biologia","Citologia, membranas e metabolismo celular","direct-ui-connection","manter e validar filtro objetivo","nao","Media"
"content:src-data-apostilas-caderno-erros-inteligente-js","src/data/apostilas/caderno-erros-inteligente.js","apostila/módulo","OAB","","Erro conceitual, erro de atenção e erro de estratégia","direct-ui-connection","manter e validar filtro objetivo","sim","Media"
"content:src-data-apostilas-ciencias-humanas-simulados-js","src/data/apostilas/ciencias-humanas-simulados.js","simulado","ENEM","","Simulado 1: fontes hist[caractere ilegivel]ricas e cartografia","direct-ui-connection","manter e validar filtro objetivo","sim","Media"
"content:src-data-apostilas-ciencias-natureza-simulados-js","src/data/apostilas/ciencias-natureza-simulados.js","simulado","ENEM","","Simulado 1: m[caractere ilegivel]todo cient[caractere ilegivel]fico e gr[caractere ilegivel]ficos","direct-ui-connection","manter e validar filtro objetivo","sim","Media"
"content:src-data-apostilas-comentarios-questoes-ia-js","src/data/apostilas/comentarios-questoes-ia.js","banco de questões","OAB","","O que um comentário de IA precisa ter","direct-ui-connection","manter e validar filtro objetivo","sim","Media"
"content:src-data-apostilas-contabilidade-publica-basica-js","src/data/apostilas/contabilidade-publica-basica.js","apostila/módulo","Concursos Fiscais","","registro, evidencia[caractere ilegivel][caractere ilegivel]o e controle do patrim[caractere ilegivel]nio p[caractere ilegivel]blico e atos relevantes","direct-ui-connection","manter e validar filtro objetivo","sim","Media"
"content:src-data-apostilas-criminologia-seguranca-publica-avancada-js","src/data/apostilas/criminologia-seguranca-publica-avancada.js","apostila/módulo","Tribunais","Criminologia e Segurança Pública","Fundamentos da Criminologia","direct-ui-connection","manter e validar filtro objetivo","nao","Media"
"content:src-data-apostilas-criminologia-simulados-comentados-js","src/data/apostilas/criminologia-simulados-comentados.js","simulado","Guarda Municipal","Criminologia e Segurança Pública","criminologia estuda crime, criminoso, v[caractere ilegivel]tima e controle social com m[caractere ilegivel]todo emp[caractere ilegivel]rico e interdisciplinar","direct-ui-connection","manter e validar filtro objetivo","nao","Media"
"content:src-data-apostilas-ctb-codigo-transito-brasileiro-js","src/data/apostilas/ctb-codigo-transito-brasileiro.js","apostila/módulo","Tribunais","","Sistema Nacional de Tr[caractere ilegivel]nsito","direct-ui-connection","manter e validar filtro objetivo","sim","Urgente"
"content:src-data-apostilas-ctb-simulados-comentados-js","src/data/apostilas/ctb-simulados-comentados.js","simulado","PRF","","[caractere ilegivel]rg[caractere ilegivel]os de tr[caractere ilegivel]nsito possuem compet[caractere ilegivel]ncias espec[caractere ilegivel]ficas de normatiza[caractere ilegivel][caractere ilegivel]o, fiscaliza[caractere ilegivel][caractere ilegivel]o, julgamento e educa[caractere ilegivel][caractere ilegivel]o","direct-ui-connection","manter e validar filtro objetivo","sim","Media"
"content:src-data-apostilas-direito-administrativo-avancado-js","src/data/apostilas/direito-administrativo-avancado.js","apostila/módulo","OAB","Direito Administrativo","l[caractere ilegivel]gica da Administra[caractere ilegivel][caractere ilegivel]o P[caractere ilegivel]blica","direct-ui-connection","manter e validar filtro objetivo","nao","Media"
"content:src-data-apostilas-direito-administrativo-js","src/data/apostilas/direito-administrativo.js","apostila/módulo","","Direito Administrativo","Organiza[caractere ilegivel][caractere ilegivel]o administrativa","direct-ui-connection","manter e validar filtro objetivo","sim","Media"
"content:src-data-apostilas-direito-ambiental-avancado-js","src/data/apostilas/direito-ambiental-avancado.js","apostila/módulo","OAB","Direito Ambiental","Meio ambiente e princípios ambientais","direct-ui-connection","manter e validar filtro objetivo","nao","Media"
"content:src-data-apostilas-direito-ambiental-js","src/data/apostilas/direito-ambiental.js","apostila/módulo","","Direito Ambiental","Meio ambiente na Constitui[caractere ilegivel][caractere ilegivel]o e princ[caractere ilegivel]pios ambientais","direct-ui-connection","manter e validar filtro objetivo","sim","Media"
"content:src-data-apostilas-direito-civil-avancado-js","src/data/apostilas/direito-civil-avancado.js","apostila/módulo","OAB","Direito Civil","Pessoa natural, personalidade, capacidade e direitos da personalidade","direct-ui-connection","manter e validar filtro objetivo","nao","Media"
"content:src-data-apostilas-direito-civil-js","src/data/apostilas/direito-civil.js","apostila/módulo","","Direito Civil","Lei de Introdu[caractere ilegivel][caractere ilegivel]o [caractere ilegivel]s Normas do Direito Brasileiro","direct-ui-connection","manter e validar filtro objetivo","sim","Media"
"content:src-data-apostilas-direito-constitucional-avancado-js","src/data/apostilas/direito-constitucional-avancado.js","apostila/módulo","OAB","Direito Constitucional","base do sistema constitucional","direct-ui-connection","manter e validar filtro objetivo","nao","Media"
"content:src-data-apostilas-direito-constitucional-js","src/data/apostilas/direito-constitucional.js","apostila/módulo","","Direito Constitucional","Teoria constitucional","direct-ui-connection","manter e validar filtro objetivo","sim","Media"
"content:src-data-apostilas-direito-consumidor-avancado-js","src/data/apostilas/direito-consumidor-avancado.js","apostila/módulo","OAB","Direito do Consumidor","Relação de consumo e vulnerabilidade","direct-ui-connection","manter e validar filtro objetivo","nao","Media"
"content:src-data-apostilas-direito-consumidor-js","src/data/apostilas/direito-consumidor.js","apostila/módulo","OAB","Direito do Consumidor","Elementos da rela[caractere ilegivel][caractere ilegivel]o de consumo","direct-ui-connection","manter e validar filtro objetivo","nao","Media"
"content:src-data-apostilas-direito-digital-lgpd-avancado-js","src/data/apostilas/direito-digital-lgpd-avancado.js","apostila/módulo","OAB","Direito Digital/LGPD","Fundamentos do Direito Digital","direct-ui-connection","manter e validar filtro objetivo","nao","Media"
"content:src-data-apostilas-direito-digital-lgpd-crimes-ciberneticos-js","src/data/apostilas/direito-digital-lgpd-crimes-ciberneticos.js","apostila/módulo","Tribunais","Direito Penal","No[caractere ilegivel][caractere ilegivel]es iniciais de Direito Digital","direct-ui-connection","manter e validar filtro objetivo","nao","Media"
"content:src-data-apostilas-direito-eleitoral-avancado-js","src/data/apostilas/direito-eleitoral-avancado.js","apostila/módulo","OAB","Direito Eleitoral","Direitos políticos e alistamento","direct-ui-connection","manter e validar filtro objetivo","nao","Urgente"
"content:src-data-apostilas-direito-eleitoral-js","src/data/apostilas/direito-eleitoral.js","apostila/módulo","Tribunais","Direito Eleitoral","Direitos pol[caractere ilegivel]ticos, soberania popular, alistamento e voto","direct-ui-connection","manter e validar filtro objetivo","nao","Urgente"
"content:src-data-apostilas-direito-empresarial-avancado-js","src/data/apostilas/direito-empresarial-avancado.js","apostila/módulo","OAB","Direito Empresarial","Empresa, empresário e estabelecimento","direct-ui-connection","manter e validar filtro objetivo","nao","Media"
"content:src-data-apostilas-direito-empresarial-js","src/data/apostilas/direito-empresarial.js","apostila/módulo","OAB","Direito Empresarial","Empres[caractere ilegivel]rio e empresa","direct-ui-connection","manter e validar filtro objetivo","nao","Media"
"content:src-data-apostilas-direito-financeiro-avancado-js","src/data/apostilas/direito-financeiro-avancado.js","apostila/módulo","OAB","Direito Financeiro","Atividade financeira do Estado","direct-ui-connection","manter e validar filtro objetivo","nao","Media"
"content:src-data-apostilas-direito-financeiro-js","src/data/apostilas/direito-financeiro.js","apostila/módulo","OAB","Direito Financeiro","Direito Financeiro: conceito, objeto, fontes e autonomia","direct-ui-connection","manter e validar filtro objetivo","nao","Media"
"content:src-data-apostilas-direito-internacional-avancado-js","src/data/apostilas/direito-internacional-avancado.js","apostila/módulo","OAB","Direito Internacional","Fontes do Direito Internacional","direct-ui-connection","manter e validar filtro objetivo","nao","Media"
"content:src-data-apostilas-direito-internacional-js","src/data/apostilas/direito-internacional.js","apostila/módulo","Tribunais","Direito Internacional","Fontes, sujeitos e princ[caractere ilegivel]pios do Direito Internacional P[caractere ilegivel]blico","direct-ui-connection","manter e validar filtro objetivo","nao","Media"
"content:src-data-apostilas-direito-penal-militar-avancado-js","src/data/apostilas/direito-penal-militar-avancado.js","apostila/módulo","Corpo de Bombeiros","Direito Penal Militar","hierarquia, disciplina, regularidade das institui[caractere ilegivel][caractere ilegivel]es militares e prote[caractere ilegivel][caractere ilegivel]o do servi[caractere ilegivel]o","direct-ui-connection","manter e validar filtro objetivo","nao","Media"
"content:src-data-apostilas-direito-penal-militar-js","src/data/apostilas/direito-penal-militar.js","apostila/módulo","","Direito Penal Militar","Conceito de crime militar","direct-ui-connection","manter e validar filtro objetivo","sim","Media"
"content:src-data-apostilas-direito-penal-parte-especial-avancado-js","src/data/apostilas/direito-penal-parte-especial-avancado.js","apostila/módulo","OAB","Direito Penal","vida humana como bem jur[caractere ilegivel]dico, diferen[caractere ilegivel]a entre matar, induzir, auxiliar e criar situa[caractere ilegivel][caractere ilegivel]o de risco extremo","direct-ui-connection","manter e validar filtro objetivo","nao","Media"
"content:src-data-apostilas-direito-penal-parte-geral-avancado-js","src/data/apostilas/direito-penal-parte-geral-avancado.js","apostila/módulo","OAB","Direito Penal","limites do poder punitivo","direct-ui-connection","manter e validar filtro objetivo","nao","Media"
"content:src-data-apostilas-direito-penal-parte-geral-js","src/data/apostilas/direito-penal-parte-geral.js","apostila/módulo","","Direito Penal","Princ[caractere ilegivel]pios penais","direct-ui-connection","manter e validar filtro objetivo","sim","Media"
"content:src-data-apostilas-direito-previdenciario-avancado-js","src/data/apostilas/direito-previdenciario-avancado.js","apostila/módulo","OAB","Direito Previdenciário","Seguridade Social e Previdência","direct-ui-connection","manter e validar filtro objetivo","nao","Media"
"content:src-data-apostilas-direito-previdenciario-js","src/data/apostilas/direito-previdenciario.js","apostila/módulo","OAB","Direito Previdenciário","Seguridade Social, Previdência Social e RGPS","direct-ui-connection","manter e validar filtro objetivo","nao","Media"
"content:src-data-apostilas-direito-processual-civil-avancado-js","src/data/apostilas/direito-processual-civil-avancado.js","apostila/módulo","OAB","Direito Processual Civil","Princ[caractere ilegivel]pios processuais, acesso [caractere ilegivel] justi[caractere ilegivel]a e coopera[caractere ilegivel][caractere ilegivel]o","direct-ui-connection","manter e validar filtro objetivo","nao","Media"
"content:src-data-apostilas-direito-processual-civil-js","src/data/apostilas/direito-processual-civil.js","apostila/módulo","","Direito Processual Civil","Princ[caractere ilegivel]pios processuais civis","direct-ui-connection","manter e validar filtro objetivo","sim","Media"
"content:src-data-apostilas-direito-processual-penal-avancado-js","src/data/apostilas/direito-processual-penal-avancado.js","apostila/módulo","OAB","Direito Processual Penal","procedimento investigativo, informatividade, sigilo, contraditório diferido e justa causa","direct-ui-connection","manter e validar filtro objetivo","nao","Media"
"content:src-data-apostilas-direito-processual-penal-militar-avancado-js","src/data/apostilas/direito-processual-penal-militar-avancado.js","apostila/módulo","Corpo de Bombeiros","Direito Processual Penal Militar","apura[caractere ilegivel][caractere ilegivel]o de crime militar, documenta[caractere ilegivel][caractere ilegivel]o, preserva[caractere ilegivel][caractere ilegivel]o de prova e relat[caractere ilegivel]rio","direct-ui-connection","manter e validar filtro objetivo","nao","Media"
"content:src-data-apostilas-direito-processual-penal-militar-js","src/data/apostilas/direito-processual-penal-militar.js","apostila/módulo","","Direito Processual Penal Militar","Inqu[caractere ilegivel]rito Policial Militar","direct-ui-connection","manter e validar filtro objetivo","sim","Media"
"content:src-data-apostilas-direito-processual-penal-js","src/data/apostilas/direito-processual-penal.js","apostila/módulo","","Direito Processual Penal","Princ[caractere ilegivel]pios processuais","direct-ui-connection","manter e validar filtro objetivo","sim","Media"
"content:src-data-apostilas-direito-processual-trabalho-avancado-js","src/data/apostilas/direito-processual-trabalho-avancado.js","apostila/módulo","OAB","","Compet[caractere ilegivel]ncia da Justi[caractere ilegivel]a do Trabalho","direct-ui-connection","manter e validar filtro objetivo","sim","Media"
"content:src-data-apostilas-direito-processual-trabalho-js","src/data/apostilas/direito-processual-trabalho.js","apostila/módulo","OAB","","Princ[caractere ilegivel]pios processuais trabalhistas","direct-ui-connection","manter e validar filtro objetivo","sim","Media"
"content:src-data-apostilas-direito-trabalho-avancado-js","src/data/apostilas/direito-trabalho-avancado.js","apostila/módulo","OAB","Direito do Trabalho","Relação de emprego e trabalho autônomo","direct-ui-connection","manter e validar filtro objetivo","nao","Media"
"content:src-data-apostilas-direito-trabalho-js","src/data/apostilas/direito-trabalho.js","apostila/módulo","OAB","Direito do Trabalho","Princ[caractere ilegivel]pios trabalhistas","direct-ui-connection","manter e validar filtro objetivo","nao","Media"
"content:src-data-apostilas-direito-tributario-avancado-js","src/data/apostilas/direito-tributario-avancado.js","apostila/módulo","OAB","Direito Tributário","Sistema tribut[caractere ilegivel]rio e esp[caractere ilegivel]cies tribut[caractere ilegivel]rias","direct-ui-connection","manter e validar filtro objetivo","nao","Media"
"content:src-data-apostilas-direito-tributario-js","src/data/apostilas/direito-tributario.js","apostila/módulo","Tribunais","Direito Tributário","Sistema Tribut[caractere ilegivel]rio Nacional e conceito de tributo","direct-ui-connection","manter e validar filtro objetivo","nao","Media"
"content:src-data-apostilas-direitos-humanos-atividade-policial-casos-praticos-js","src/data/apostilas/direitos-humanos-atividade-policial-casos-praticos.js","apostila/módulo","PRF","Direitos Humanos","abordagem leg[caractere ilegivel]tima precisa de base objetiva, urbanidade, busca limitada e registro quando necess[caractere ilegivel]rio","direct-ui-connection","manter e validar filtro objetivo","nao","Media"
"content:src-data-apostilas-direitos-humanos-avancado-js","src/data/apostilas/direitos-humanos-avancado.js","apostila/módulo","OAB","Direitos Humanos","fundamentos dos direitos humanos","direct-ui-connection","manter e validar filtro objetivo","nao","Media"
"content:src-data-apostilas-direitos-humanos-js","src/data/apostilas/direitos-humanos.js","apostila/módulo","","Direitos Humanos","Teoria geral dos direitos humanos","direct-ui-connection","manter e validar filtro objetivo","sim","Media"
"content:src-data-apostilas-eca-avancado-js","src/data/apostilas/eca-avancado.js","apostila/módulo","OAB","","Proteção integral e prioridade absoluta","direct-ui-connection","manter e validar filtro objetivo","sim","Media"
"content:src-data-apostilas-eca-js","src/data/apostilas/eca.js","apostila/módulo","OAB","","Princ[caractere ilegivel]pios estruturantes do ECA","direct-ui-connection","manter e validar filtro objetivo","sim","Media"
"content:src-data-apostilas-etica-profissional-oab-js","src/data/apostilas/etica-profissional-oab.js","apostila/módulo","OAB","","Regras deontol[caractere ilegivel]gicas fundamentais","direct-ui-connection","manter e validar filtro objetivo","sim","Media"
"content:src-data-apostilas-etica-js","src/data/apostilas/etica.js","apostila/módulo","","","Teoria da [caractere ilegivel]tica","direct-ui-connection","manter e validar filtro objetivo","sim","Media"
"content:src-data-apostilas-filosofia-direito-js","src/data/apostilas/filosofia-direito.js","apostila/módulo","","Filosofia","Conceito de Filosofia do Direito, dogm[caractere ilegivel]tica jur[caractere ilegivel]dica e pensamento cr[caractere ilegivel]tico","direct-ui-connection","manter e validar filtro objetivo","sim","Media"
"content:src-data-apostilas-filosofia-enem-js","src/data/apostilas/filosofia-enem.js","apostila/módulo","ENEM","Filosofia","Origem da filosofia e passagem do mito ao logos","direct-ui-connection","manter e validar filtro objetivo","nao","Media"
"content:src-data-apostilas-fisica-enem-js","src/data/apostilas/fisica-enem.js","apostila/módulo","ENEM","Física","Cinem[caractere ilegivel]tica, gr[caractere ilegivel]ficos e movimento","direct-ui-connection","manter e validar filtro objetivo","nao","Media"
"content:src-data-apostilas-flashcards-premium-disciplina-js","src/data/apostilas/flashcards-premium-disciplina.js","flashcards","OAB","","Como criar flashcards que ensinam","direct-ui-connection","manter e validar filtro objetivo","sim","Media"
"content:src-data-apostilas-geografia-enem-js","src/data/apostilas/geografia-enem.js","apostila/módulo","ENEM","Geografia","Cartografia, escala e orienta[caractere ilegivel][caractere ilegivel]o espacial","direct-ui-connection","manter e validar filtro objetivo","nao","Media"
"content:src-data-apostilas-gestao-pessoas-servico-publico-js","src/data/apostilas/gestao-pessoas-servico-publico.js","apostila/módulo","","","gestão de pessoas como alinhamento entre servidores, competências e entrega pública","direct-ui-connection","manter e validar filtro objetivo","sim","Media"
"content:src-data-apostilas-governanca-integridade-compliance-publico-js","src/data/apostilas/governanca-integridade-compliance-publico.js","apostila/módulo","","","direção, monitoramento e avaliação para entregar valor público com controle","direct-ui-connection","manter e validar filtro objetivo","sim","Media"
"content:src-data-apostilas-guarda-municipal-base-de-estudos-js","src/data/apostilas/guarda-municipal-base-de-estudos.js","apostila/módulo","Guarda Municipal","","guarda municipal protege bens, servi[caractere ilegivel]os e instala[caractere ilegivel][caractere ilegivel]es, com atua[caractere ilegivel][caractere ilegivel]o preventiva e comunit[caractere ilegivel]ria conforme legisla[caractere ilegivel][caractere ilegivel]o","direct-ui-connection","manter e validar filtro objetivo","sim","Media"
"content:src-data-apostilas-historia-enem-js","src/data/apostilas/historia-enem.js","apostila/módulo","ENEM","História","Tempo hist[caractere ilegivel]rico, fontes e mem[caractere ilegivel]ria","direct-ui-connection","manter e validar filtro objetivo","nao","Media"
"content:src-data-apostilas-index-js","src/data/apostilas/index.js","apostila/módulo","","","","direct-ui-connection","manter e validar filtro objetivo","sim","Media"
"content:src-data-apostilas-informatica-avancada-js","src/data/apostilas/informatica-avancada.js","apostila/módulo","OAB","Informática","base computacional","direct-ui-connection","manter e validar filtro objetivo","nao","Media"
"content:src-data-apostilas-informatica-js","src/data/apostilas/informatica.js","apostila/módulo","","Informática","Conceitos b[caractere ilegivel]sicos de inform[caractere ilegivel]tica","direct-ui-connection","manter e validar filtro objetivo","sim","Media"
"content:src-data-apostilas-legislacao-institucional-pmma-avancada-js","src/data/apostilas/legislacao-institucional-pmma-avancada.js","apostila/módulo","Polícia Militar","Legislação Institucional PMMA","Estatuto dos Policiais Militares do Maranh[caractere ilegivel]o","direct-ui-connection","manter e validar filtro objetivo","nao","Urgente"
"content:src-data-apostilas-legislacao-institucional-pmma-simulados-comentados-js","src/data/apostilas/legislacao-institucional-pmma-simulados-comentados.js","simulado","Polícia Militar","Legislação Institucional PMMA","estrutura militar estadual, valores, obediência legal e dever funcional","direct-ui-connection","manter e validar filtro objetivo","nao","Urgente"
"content:src-data-apostilas-legislacao-institucional-pmma-js","src/data/apostilas/legislacao-institucional-pmma.js","apostila/módulo","Polícia Militar","Legislação Institucional PMMA","Legisla[caractere ilegivel][caractere ilegivel]o institucional","direct-ui-connection","manter e validar filtro objetivo","nao","Urgente"
"content:src-data-apostilas-legislacao-penal-especial-avancada-js","src/data/apostilas/legislacao-penal-especial-avancada.js","apostila/módulo","OAB","Direito Penal","tratamento penal mais rigoroso, equipara[caractere ilegivel][caractere ilegivel]es constitucionais e consequ[caractere ilegivel]ncias processuais","direct-ui-connection","manter e validar filtro objetivo","nao","Urgente"
"content:src-data-apostilas-legislacao-penal-especial-js","src/data/apostilas/legislacao-penal-especial.js","apostila/módulo","","Direito Penal","Lei de Drogas","direct-ui-connection","manter e validar filtro objetivo","sim","Urgente"
"content:src-data-apostilas-legislacao-pmma-questoes-por-artigo-js","src/data/apostilas/legislacao-pmma-questoes-por-artigo.js","banco de questões","Polícia Militar","Legislação Institucional PMMA","miss[caractere ilegivel]o, hierarquia e disciplina formam a base da organiza[caractere ilegivel][caractere ilegivel]o militar estadual","direct-ui-connection","manter e validar filtro objetivo","nao","Urgente"
"content:src-data-apostilas-licitacoes-contratos-modulo-exclusivo-js","src/data/apostilas/licitacoes-contratos-modulo-exclusivo.js","apostila/módulo","","Direito Administrativo","licitação como instrumento para contratar solução vantajosa e controlar risco","direct-ui-connection","manter e validar filtro objetivo","sim","Media"
"content:src-data-apostilas-linguagens-enem-js","src/data/apostilas/linguagens-enem.js","apostila/módulo","ENEM","","Interpretação de textos verbais e não verbais","direct-ui-connection","manter e validar filtro objetivo","sim","Media"
"content:src-data-apostilas-mapas-mentais-textuais-disciplina-js","src/data/apostilas/mapas-mentais-textuais-disciplina.js","mapa mental","OAB","","Portugu[caractere ilegivel]s: interpreta[caractere ilegivel][caractere ilegivel]o, gram[caractere ilegivel]tica e reda[caractere ilegivel][caractere ilegivel]o","direct-ui-connection","manter e validar filtro objetivo","sim","Media"
"content:src-data-apostilas-matematica-basica-js","src/data/apostilas/matematica-basica.js","apostila/módulo","","Raciocínio Lógico-Matemático","Aritm[caractere ilegivel]tica b[caractere ilegivel]sica","direct-ui-connection","manter e validar filtro objetivo","sim","Media"
"content:src-data-apostilas-matematica-enem-js","src/data/apostilas/matematica-enem.js","apostila/módulo","ENEM","Raciocínio Lógico-Matemático","Raz[caractere ilegivel]o, propor[caractere ilegivel][caractere ilegivel]o, escala e regra de tr[caractere ilegivel]s","direct-ui-connection","manter e validar filtro objetivo","nao","Media"
"content:src-data-apostilas-matematica-raciocinio-logico-avancado-js","src/data/apostilas/matematica-raciocinio-logico-avancado.js","apostila/módulo","OAB","Raciocínio Lógico-Matemático","l[caractere ilegivel]gica proposicional","direct-ui-connection","manter e validar filtro objetivo","nao","Media"
"content:src-data-apostilas-oab-1fase-direito-administrativo-js","src/data/apostilas/oab-1fase-direito-administrativo.js","apostila/módulo","OAB","Direito Administrativo","Princípios administrativos e regime jurídico","direct-ui-connection","manter e validar filtro objetivo","nao","Media"
"content:src-data-apostilas-oab-1fase-direito-civil-js","src/data/apostilas/oab-1fase-direito-civil.js","apostila/módulo","OAB","Direito Civil","LINDB e aplicação da lei civil","direct-ui-connection","manter e validar filtro objetivo","nao","Media"
"content:src-data-apostilas-oab-1fase-direito-constitucional-js","src/data/apostilas/oab-1fase-direito-constitucional.js","apostila/módulo","OAB","Direito Constitucional","Princípios fundamentais e interpretação constitucional","direct-ui-connection","manter e validar filtro objetivo","nao","Media"
"content:src-data-apostilas-oab-1fase-direito-penal-js","src/data/apostilas/oab-1fase-direito-penal.js","apostila/módulo","OAB","Direito Penal","Princ[caractere ilegivel]pios penais e lei penal","direct-ui-connection","manter e validar filtro objetivo","nao","Media"
"content:src-data-apostilas-oab-1fase-etica-comentada-js","src/data/apostilas/oab-1fase-etica-comentada.js","apostila/módulo","OAB","","Inscri[caractere ilegivel][caractere ilegivel]o, atividade privativa e atos de advocacia","direct-ui-connection","manter e validar filtro objetivo","sim","Media"
"content:src-data-apostilas-oab-1fase-processo-civil-js","src/data/apostilas/oab-1fase-processo-civil.js","apostila/módulo","OAB","Direito Processual Civil","Jurisdi[caractere ilegivel][caractere ilegivel]o, a[caractere ilegivel][caractere ilegivel]o e pressupostos processuais","direct-ui-connection","manter e validar filtro objetivo","nao","Media"
"content:src-data-apostilas-oab-1fase-processo-penal-js","src/data/apostilas/oab-1fase-processo-penal.js","apostila/módulo","OAB","Direito Processual Penal","Inquérito policial e investigação","direct-ui-connection","manter e validar filtro objetivo","nao","Media"
"content:src-data-apostilas-oab-1fase-simulado-completo-js","src/data/apostilas/oab-1fase-simulado-completo.js","simulado","OAB","","Ética profissional e Estatuto da Advocacia no simulado","direct-ui-connection","manter e validar filtro objetivo","sim","Media"
"content:src-data-apostilas-oab-1fase-trabalho-processo-trabalho-js","src/data/apostilas/oab-1fase-trabalho-processo-trabalho.js","apostila/módulo","OAB","","Relação de emprego e contrato de trabalho","direct-ui-connection","manter e validar filtro objetivo","sim","Media"
"content:src-data-apostilas-oab-2fase-espelhos-correcao-js","src/data/apostilas/oab-2fase-espelhos-correcao.js","redação","OAB","","Como o espelho distribui pontos","direct-ui-connection","manter e validar filtro objetivo","sim","Media"
"content:src-data-apostilas-oab-2fase-pecas-praticas-js","src/data/apostilas/oab-2fase-pecas-praticas.js","redação","OAB","","Diagnóstico da peça e leitura do problema","direct-ui-connection","manter e validar filtro objetivo","sim","Media"
"content:src-data-apostilas-oab-2fase-treino-discursivas-js","src/data/apostilas/oab-2fase-treino-discursivas.js","apostila/módulo","OAB","Redação","Método IRAC adaptado à OAB","direct-ui-connection","manter e validar filtro objetivo","nao","Media"
"content:src-data-apostilas-ordem-publica-defesa-social-seguranca-cidada-js","src/data/apostilas/ordem-publica-defesa-social-seguranca-cidada.js","apostila/módulo","Guarda Municipal","","tranquilidade, salubridade, paz social, direitos e preven[caractere ilegivel][caractere ilegivel]o","direct-ui-connection","manter e validar filtro objetivo","sim","Media"
"content:src-data-apostilas-organizacao-judiciaria-js","src/data/apostilas/organizacao-judiciaria.js","apostila/módulo","","","organiza[caractere ilegivel][caractere ilegivel]o do Judici[caractere ilegivel]rio como fun[caractere ilegivel][caractere ilegivel]o estatal de solu[caractere ilegivel][caractere ilegivel]o de conflitos e controle de direitos","direct-ui-connection","manter e validar filtro objetivo","sim","Media"
"content:src-data-apostilas-plano-estudo-por-objetivo-js","src/data/apostilas/plano-estudo-por-objetivo.js","apostila/módulo","OAB","","Onboarding do aluno","direct-ui-connection","manter e validar filtro objetivo","sim","Media"
"content:src-data-apostilas-pmma-caderno-de-erros-inteligente-js","src/data/apostilas/pmma-caderno-de-erros-inteligente.js","apostila/módulo","Polícia Militar","Legislação Institucional PMMA","todo erro por comando nasce de não separar o que a questão pergunta do que ela informa","direct-ui-connection","manter e validar filtro objetivo","nao","Media"
"content:src-data-apostilas-pmma-revisao-de-vespera-js","src/data/apostilas/pmma-revisao-de-vespera.js","apostila/módulo","Polícia Militar","Legislação Institucional PMMA","v[caractere ilegivel]spera serve para consolidar pontos de alto retorno, n[caractere ilegivel]o para tentar estudar tudo do zero","direct-ui-connection","manter e validar filtro objetivo","nao","Media"
"content:src-data-apostilas-pmma-simulado-final-completo-js","src/data/apostilas/pmma-simulado-final-completo.js","simulado","Polícia Militar","Legislação Institucional PMMA","interpreta[caractere ilegivel][caractere ilegivel]o, coes[caractere ilegivel]o, pontua[caractere ilegivel][caractere ilegivel]o e reescrita precisam preservar sentido e comando","direct-ui-connection","manter e validar filtro objetivo","nao","Media"
"content:src-data-apostilas-policia-comunitaria-mediacao-conflitos-js","src/data/apostilas/policia-comunitaria-mediacao-conflitos.js","apostila/módulo","Guarda Municipal","Criminologia e Segurança Pública","aproximação, confiança, corresponsabilidade e prevenção orientada ao problema","direct-ui-connection","manter e validar filtro objetivo","nao","Media"
"content:src-data-apostilas-policia-penal-base-de-estudos-js","src/data/apostilas/policia-penal-base-de-estudos.js","apostila/módulo","Polícia Penal","Direito Penal","polícia penal atua na segurança dos estabelecimentos penais e custódia legal","direct-ui-connection","manter e validar filtro objetivo","nao","Media"
"content:src-data-apostilas-portugues-avancado-js","src/data/apostilas/portugues-avancado.js","apostila/módulo","OAB","Língua Portuguesa","leitura estrat[caractere ilegivel]gica","direct-ui-connection","manter e validar filtro objetivo","nao","Media"
"content:src-data-apostilas-portugues-pmma-interpretacao-js","src/data/apostilas/portugues-pmma-interpretacao.js","apostila/módulo","Polícia Militar","Legislação Institucional PMMA","Interpreta[caractere ilegivel][caractere ilegivel]o de texto","direct-ui-connection","manter e validar filtro objetivo","nao","Media"
"content:src-data-apostilas-portugues-pmma-ortografia-morfologia-js","src/data/apostilas/portugues-pmma-ortografia-morfologia.js","apostila/módulo","Polícia Militar","Legislação Institucional PMMA","Ortografia","direct-ui-connection","manter e validar filtro objetivo","nao","Media"
"content:src-data-apostilas-portugues-pmma-sintaxe-js","src/data/apostilas/portugues-pmma-sintaxe.js","apostila/módulo","Polícia Militar","Legislação Institucional PMMA","Concord[caractere ilegivel]ncia verbal","direct-ui-connection","manter e validar filtro objetivo","nao","Media"
"content:src-data-apostilas-prf-base-de-estudos-js","src/data/apostilas/prf-base-de-estudos.js","apostila/módulo","PRF","","PRF atua na seguran[caractere ilegivel]a p[caractere ilegivel]blica e vi[caractere ilegivel]ria em rodovias e [caractere ilegivel]reas de interesse federal conforme compet[caractere ilegivel]ncia","direct-ui-connection","manter e validar filtro objetivo","sim","Media"
"content:src-data-apostilas-quimica-enem-js","src/data/apostilas/quimica-enem.js","apostila/módulo","ENEM","Química","Mat[caractere ilegivel]ria, propriedades e separa[caractere ilegivel][caractere ilegivel]o de misturas","direct-ui-connection","manter e validar filtro objetivo","nao","Media"
"content:src-data-apostilas-raciocinio-logico-js","src/data/apostilas/raciocinio-logico.js","apostila/módulo","","Raciocínio Lógico-Matemático","L[caractere ilegivel]gica proposicional","direct-ui-connection","manter e validar filtro objetivo","sim","Media"
"content:src-data-apostilas-redacao-concursos-policiais-js","src/data/apostilas/redacao-concursos-policiais.js","redação","OAB","Redação","montagem do texto dissertativo para banca policial","direct-ui-connection","manter e validar filtro objetivo","nao","Media"
"content:src-data-apostilas-redacao-enem-js","src/data/apostilas/redacao-enem.js","redação","ENEM","Redação","Compet[caractere ilegivel]ncias da reda[caractere ilegivel][caractere ilegivel]o e leitura da proposta","direct-ui-connection","manter e validar filtro objetivo","nao","Media"
"content:src-data-apostilas-redacao-js","src/data/apostilas/redacao.js","redação","","Redação","Estrutura textual","direct-ui-connection","manter e validar filtro objetivo","sim","Media"
"content:src-data-apostilas-regimentos-internos-tribunais-js","src/data/apostilas/regimentos-internos-tribunais.js","apostila/módulo","","","m[caractere ilegivel]todo para transformar artigos regimentais em mapa de compet[caractere ilegivel]ncia e procedimento","direct-ui-connection","manter e validar filtro objetivo","sim","Media"
"content:src-data-apostilas-revisao-24h-prova-js","src/data/apostilas/revisao-24h-prova.js","apostila/módulo","OAB","","Objetivo real das [caractere ilegivel]ltimas 24 horas","direct-ui-connection","manter e validar filtro objetivo","sim","Media"
"content:src-data-apostilas-revisao-7-dias-prova-js","src/data/apostilas/revisao-7-dias-prova.js","apostila/módulo","OAB","","Diagnóstico da semana final","direct-ui-connection","manter e validar filtro objetivo","sim","Media"
"content:src-data-apostilas-revisao-enem-vespera-js","src/data/apostilas/revisao-enem-vespera.js","apostila/módulo","ENEM","","Plano de revis[caractere ilegivel]o das [caractere ilegivel]ltimas 48 horas","direct-ui-connection","manter e validar filtro objetivo","sim","Media"
"content:src-data-apostilas-seguranca-publica-avancada-simulados-js","src/data/apostilas/seguranca-publica-avancada-simulados.js","simulado","PRF","","seguran[caractere ilegivel]a p[caractere ilegivel]blica como dever do Estado e responsabilidade de todos, com [caractere ilegivel]rg[caractere ilegivel]os e compet[caractere ilegivel]ncias distintos","direct-ui-connection","manter e validar filtro objetivo","sim","Media"
"content:src-data-apostilas-simulados-por-banca-js","src/data/apostilas/simulados-por-banca.js","simulado","OAB","","Por que banca muda estratégia","direct-ui-connection","manter e validar filtro objetivo","sim","Media"
"content:src-data-apostilas-simulados-por-concurso-js","src/data/apostilas/simulados-por-concurso.js","simulado","OAB","","Simulado PMMA","direct-ui-connection","manter e validar filtro objetivo","sim","Media"
"content:src-data-apostilas-simulados-por-nivel-js","src/data/apostilas/simulados-por-nivel.js","simulado","OAB","","Nível iniciante","direct-ui-connection","manter e validar filtro objetivo","sim","Media"
"content:src-data-apostilas-sociologia-enem-js","src/data/apostilas/sociologia-enem.js","apostila/módulo","ENEM","Sociologia","Imagina[caractere ilegivel][caractere ilegivel]o sociol[caractere ilegivel]gica e fato social","direct-ui-connection","manter e validar filtro objetivo","nao","Media"
"content:src-data-apostilas-taf-js","src/data/apostilas/taf.js","TAF","","","Teste de Aptid[caractere ilegivel]o F[caractere ilegivel]sica","direct-ui-connection","manter e validar filtro objetivo","sim","Media"
"content:src-data-apostilas-uso-diferenciado-da-forca-atuacao-policial-js","src/data/apostilas/uso-diferenciado-da-forca-atuacao-policial.js","apostila/módulo","Guarda Municipal","","for[caractere ilegivel]a como meio excepcional, progressivo, controlado e justific[caractere ilegivel]vel","direct-ui-connection","manter e validar filtro objetivo","sim","Media"
"content:storage-content-leis-cdc-artigos-json","storage/content/leis/cdc/artigos.json","lei/legislação","","Direito do Consumidor","","local-only","planejar importacao/conexao","sim","Urgente"
"content:storage-content-leis-cdc-meta-json","storage/content/leis/cdc/meta.json","lei/legislação","","Direito do Consumidor","","local-only","planejar importacao/conexao","sim","Urgente"
"content:storage-content-leis-cdc-texto-txt","storage/content/leis/cdc/texto.txt","lei/legislação","","Direito do Consumidor","","local-only","planejar importacao/conexao","sim","Urgente"
"content:storage-content-leis-cf88-artigos-json","storage/content/leis/cf88/artigos.json","lei/legislação","","Direito Constitucional","","local-only","planejar importacao/conexao","sim","Urgente"
"content:storage-content-leis-cf88-meta-json","storage/content/leis/cf88/meta.json","lei/legislação","","Direito Constitucional","","local-only","planejar importacao/conexao","sim","Urgente"
"content:storage-content-leis-cf88-texto-txt","storage/content/leis/cf88/texto.txt","lei/legislação","","Direito Constitucional","","local-only","planejar importacao/conexao","sim","Urgente"
"content:storage-content-leis-clt-artigos-json","storage/content/leis/clt/artigos.json","lei/legislação","","Direito do Trabalho","","local-only","planejar importacao/conexao","sim","Urgente"
"content:storage-content-leis-clt-meta-json","storage/content/leis/clt/meta.json","lei/legislação","","Direito do Trabalho","","local-only","planejar importacao/conexao","sim","Urgente"
"content:storage-content-leis-clt-texto-txt","storage/content/leis/clt/texto.txt","lei/legislação","","Direito do Trabalho","","local-only","planejar importacao/conexao","sim","Urgente"
"content:storage-content-leis-codigo-civil-artigos-json","storage/content/leis/codigo-civil/artigos.json","lei/legislação","","","","local-only","planejar importacao/conexao","sim","Urgente"
"content:storage-content-leis-codigo-civil-meta-json","storage/content/leis/codigo-civil/meta.json","lei/legislação","","Direito Civil","","local-only","planejar importacao/conexao","sim","Urgente"
"content:storage-content-leis-codigo-civil-texto-txt","storage/content/leis/codigo-civil/texto.txt","lei/legislação","","","","local-only","planejar importacao/conexao","sim","Urgente"
"content:storage-content-leis-codigo-etica-oab-artigos-json","storage/content/leis/codigo-etica-oab/artigos.json","lei/legislação","OAB","Ética Profissional","","local-only","planejar importacao/conexao","nao","Urgente"
"content:storage-content-leis-codigo-etica-oab-meta-json","storage/content/leis/codigo-etica-oab/meta.json","lei/legislação","OAB","Ética Profissional","","local-only","planejar importacao/conexao","nao","Urgente"
"content:storage-content-leis-codigo-etica-oab-texto-txt","storage/content/leis/codigo-etica-oab/texto.txt","lei/legislação","OAB","Ética Profissional","","local-only","planejar importacao/conexao","nao","Urgente"
"content:storage-content-leis-codigo-penal-artigos-json","storage/content/leis/codigo-penal/artigos.json","lei/legislação","","Direito Penal","","local-only","planejar importacao/conexao","sim","Urgente"
"content:storage-content-leis-codigo-penal-meta-json","storage/content/leis/codigo-penal/meta.json","lei/legislação","","Direito Penal","","local-only","planejar importacao/conexao","sim","Urgente"
"content:storage-content-leis-codigo-penal-texto-txt","storage/content/leis/codigo-penal/texto.txt","lei/legislação","","Direito Penal","","local-only","planejar importacao/conexao","sim","Urgente"
"content:storage-content-leis-cpc-artigos-json","storage/content/leis/cpc/artigos.json","lei/legislação","","Direito Processual Civil","","local-only","planejar importacao/conexao","sim","Urgente"
"content:storage-content-leis-cpc-meta-json","storage/content/leis/cpc/meta.json","lei/legislação","","Direito Processual Civil","","local-only","planejar importacao/conexao","sim","Urgente"
"content:storage-content-leis-cpc-texto-txt","storage/content/leis/cpc/texto.txt","lei/legislação","","Direito Processual Civil","","local-only","planejar importacao/conexao","sim","Urgente"
"content:storage-content-leis-cpp-artigos-json","storage/content/leis/cpp/artigos.json","lei/legislação","","Direito Processual Penal","","local-only","planejar importacao/conexao","sim","Urgente"
"content:storage-content-leis-cpp-meta-json","storage/content/leis/cpp/meta.json","lei/legislação","","Direito Processual Penal","","local-only","planejar importacao/conexao","sim","Urgente"
"content:storage-content-leis-cpp-texto-txt","storage/content/leis/cpp/texto.txt","lei/legislação","","Direito Processual Penal","","local-only","planejar importacao/conexao","sim","Urgente"
"content:storage-content-leis-ctn-artigos-json","storage/content/leis/ctn/artigos.json","lei/legislação","","Direito Tributário","","local-only","planejar importacao/conexao","sim","Urgente"
"content:storage-content-leis-ctn-meta-json","storage/content/leis/ctn/meta.json","lei/legislação","","Direito Tributário","","local-only","planejar importacao/conexao","sim","Urgente"
"content:storage-content-leis-ctn-texto-txt","storage/content/leis/ctn/texto.txt","lei/legislação","","Direito Tributário","","local-only","planejar importacao/conexao","sim","Urgente"
"content:storage-content-leis-estatuto-oab-artigos-json","storage/content/leis/estatuto-oab/artigos.json","lei/legislação","OAB","Ética Profissional","","local-only","planejar importacao/conexao","nao","Urgente"
"content:storage-content-leis-estatuto-oab-meta-json","storage/content/leis/estatuto-oab/meta.json","lei/legislação","OAB","Ética Profissional","","local-only","planejar importacao/conexao","nao","Urgente"
"content:storage-content-leis-estatuto-oab-texto-txt","storage/content/leis/estatuto-oab/texto.txt","lei/legislação","OAB","Ética Profissional","","local-only","planejar importacao/conexao","nao","Urgente"
"content:storage-content-leis-index-json","storage/content/leis/index.json","lei/legislação","","Direito Constitucional","","local-only","planejar importacao/conexao","sim","Urgente"
"content:storage-content-leis-regulamento-oab-artigos-json","storage/content/leis/regulamento-oab/artigos.json","lei/legislação","OAB","Ética Profissional","","local-only","planejar importacao/conexao","nao","Urgente"
"content:storage-content-leis-regulamento-oab-meta-json","storage/content/leis/regulamento-oab/meta.json","lei/legislação","OAB","Ética Profissional","","local-only","planejar importacao/conexao","nao","Urgente"
"content:storage-content-leis-regulamento-oab-texto-txt","storage/content/leis/regulamento-oab/texto.txt","lei/legislação","OAB","Ética Profissional","","local-only","planejar importacao/conexao","nao","Urgente"
"content:storage-content-militar-cbmal-soldado-combatente-2018-cebraspe-gabaritos-cbmal-soldado-com","storage/content/militar/cbmal-soldado-combatente-2018-cebraspe/gabaritos/cbmal-soldado-combatente-2018-cebraspe-gabarito-definitivo.pdf","gabarito/padrão de resposta","Corpo de Bombeiros","","","local-only","planejar importacao/conexao","sim","Alta"
"content:storage-content-militar-cbmal-soldado-combatente-2018-cebraspe-metadata-json","storage/content/militar/cbmal-soldado-combatente-2018-cebraspe/metadata.json","container pedagógico","Corpo de Bombeiros","","","local-only","planejar importacao/conexao","sim","Alta"
"content:storage-content-militar-cbmal-soldado-combatente-2018-cebraspe-provas-cbmal-soldado-combat","storage/content/militar/cbmal-soldado-combatente-2018-cebraspe/provas/cbmal-soldado-combatente-2018-cebraspe-prova.pdf","prova PDF","Corpo de Bombeiros","","","local-only","planejar importacao/conexao","sim","Alta"
"content:storage-content-militar-cbmal-soldado-combatente-2018-cebraspe-questoes-questoes-extraidas","storage/content/militar/cbmal-soldado-combatente-2018-cebraspe/questoes/questoes-extraidas.json","banco de questões","Corpo de Bombeiros","","","local-only","planejar importacao/conexao","sim","Alta"
"content:storage-content-militar-cbmam-soldado-bombeiro-militar-2021-fgv-gabaritos-cbmam-soldado-bo","storage/content/militar/cbmam-soldado-bombeiro-militar-2021-fgv/gabaritos/cbmam-soldado-bombeiro-militar-2021-fgv-gabarito-definitivo.pdf","gabarito/padrão de resposta","Corpo de Bombeiros","","","local-only","planejar importacao/conexao","sim","Alta"
"content:storage-content-militar-cbmam-soldado-bombeiro-militar-2021-fgv-metadata-json","storage/content/militar/cbmam-soldado-bombeiro-militar-2021-fgv/metadata.json","container pedagógico","Corpo de Bombeiros","","","local-only","planejar importacao/conexao","sim","Alta"
"content:storage-content-militar-cbmam-soldado-bombeiro-militar-2021-fgv-provas-cbmam-soldado-bombe","storage/content/militar/cbmam-soldado-bombeiro-militar-2021-fgv/provas/cbmam-soldado-bombeiro-militar-2021-fgv-prova.pdf","prova PDF","Corpo de Bombeiros","","","local-only","planejar importacao/conexao","sim","Alta"
"content:storage-content-militar-cbmam-soldado-bombeiro-militar-2021-fgv-questoes-questoes-extraida","storage/content/militar/cbmam-soldado-bombeiro-militar-2021-fgv/questoes/questoes-extraidas.json","banco de questões","Corpo de Bombeiros","","","local-only","planejar importacao/conexao","sim","Alta"
"content:storage-content-militar-pcam-delegado-2021-fgv-metadata-json","storage/content/militar/pcam-delegado-2021-fgv/metadata.json","container pedagógico","Polícia Civil","","","local-only","planejar importacao/conexao","sim","Alta"
"content:storage-content-militar-pcam-delegado-2021-fgv-questoes-questoes-extraidas-json","storage/content/militar/pcam-delegado-2021-fgv/questoes/questoes-extraidas.json","banco de questões","Polícia Civil","Direito Constitucional","","local-only","planejar importacao/conexao","nao","Alta"
"content:storage-content-militar-pcrj-inspetor-2021-fgv-metadata-json","storage/content/militar/pcrj-inspetor-2021-fgv/metadata.json","container pedagógico","Polícia Civil","","","local-only","planejar importacao/conexao","sim","Alta"
"content:storage-content-militar-pcrj-inspetor-2021-fgv-questoes-questoes-extraidas-json","storage/content/militar/pcrj-inspetor-2021-fgv/questoes/questoes-extraidas.json","banco de questões","Polícia Civil","Língua Portuguesa","","local-only","planejar importacao/conexao","nao","Alta"
"content:storage-content-militar-pcrj-investigador-2021-fgv-metadata-json","storage/content/militar/pcrj-investigador-2021-fgv/metadata.json","container pedagógico","Polícia Civil","","","local-only","planejar importacao/conexao","sim","Alta"
"content:storage-content-militar-pcrj-investigador-2021-fgv-questoes-questoes-extraidas-json","storage/content/militar/pcrj-investigador-2021-fgv/questoes/questoes-extraidas.json","banco de questões","Polícia Civil","Língua Portuguesa","","local-only","planejar importacao/conexao","nao","Alta"
"content:storage-content-militar-pcrn-delegado-2021-fgv-metadata-json","storage/content/militar/pcrn-delegado-2021-fgv/metadata.json","container pedagógico","Polícia Civil","","","local-only","planejar importacao/conexao","sim","Alta"
"content:storage-content-militar-pcrn-delegado-2021-fgv-questoes-questoes-extraidas-json","storage/content/militar/pcrn-delegado-2021-fgv/questoes/questoes-extraidas.json","banco de questões","Polícia Civil","Direito Constitucional","","local-only","planejar importacao/conexao","nao","Alta"
"content:storage-content-militar-pcsc-delegado-2024-fgv-metadata-json","storage/content/militar/pcsc-delegado-2024-fgv/metadata.json","container pedagógico","Polícia Civil","","","local-only","planejar importacao/conexao","sim","Alta"
"content:storage-content-militar-pcsc-delegado-2024-fgv-questoes-questoes-extraidas-json","storage/content/militar/pcsc-delegado-2024-fgv/questoes/questoes-extraidas.json","banco de questões","Polícia Civil","Língua Portuguesa","","local-only","planejar importacao/conexao","nao","Alta"
"content:storage-content-militar-pm-ba-soldado-2023-fcc-gabaritos-pm-ba-soldado-2023-fcc-gabarito-d","storage/content/militar/pm-ba-soldado-2023-fcc/gabaritos/pm-ba-soldado-2023-fcc-gabarito-definitivo.pdf","gabarito/padrão de resposta","Polícia Militar","","","local-only","planejar importacao/conexao","sim","Alta"
"content:storage-content-militar-pm-ba-soldado-2023-fcc-metadata-json","storage/content/militar/pm-ba-soldado-2023-fcc/metadata.json","container pedagógico","Polícia Militar","","","local-only","planejar importacao/conexao","sim","Alta"
"content:storage-content-militar-pm-ba-soldado-2023-fcc-provas-pm-ba-soldado-2023-fcc-prova-pdf","storage/content/militar/pm-ba-soldado-2023-fcc/provas/pm-ba-soldado-2023-fcc-prova.pdf","prova PDF","Polícia Militar","","","local-only","planejar importacao/conexao","sim","Alta"
"content:storage-content-militar-pm-ba-soldado-2023-fcc-questoes-questoes-extraidas-json","storage/content/militar/pm-ba-soldado-2023-fcc/questoes/questoes-extraidas.json","banco de questões","Polícia Militar","Língua Portuguesa","","local-only","planejar importacao/conexao","nao","Alta"
"content:storage-content-militar-pm-pb-soldado-pm-combatente-2023-ibfc-gabaritos-pm-pb-soldado-pm-c","storage/content/militar/pm-pb-soldado-pm-combatente-2023-ibfc/gabaritos/pm-pb-soldado-pm-combatente-2023-ibfc-gabarito-definitivo.pdf","gabarito/padrão de resposta","Polícia Militar","","","local-only","planejar importacao/conexao","sim","Alta"
"content:storage-content-militar-pm-pb-soldado-pm-combatente-2023-ibfc-metadata-json","storage/content/militar/pm-pb-soldado-pm-combatente-2023-ibfc/metadata.json","container pedagógico","Polícia Militar","","","local-only","planejar importacao/conexao","sim","Alta"
"content:storage-content-militar-pm-pb-soldado-pm-combatente-2023-ibfc-provas-pm-pb-soldado-pm-comb","storage/content/militar/pm-pb-soldado-pm-combatente-2023-ibfc/provas/pm-pb-soldado-pm-combatente-2023-ibfc-prova.pdf","prova PDF","Polícia Militar","","","local-only","planejar importacao/conexao","sim","Alta"
"content:storage-content-militar-pm-pb-soldado-pm-combatente-2023-ibfc-questoes-questoes-extraidas-","storage/content/militar/pm-pb-soldado-pm-combatente-2023-ibfc/questoes/questoes-extraidas.json","banco de questões","Polícia Militar","Língua Portuguesa","","local-only","planejar importacao/conexao","nao","Alta"
"content:storage-content-militar-pm-se-soldado-pm-3a-classe-combatente-2025-selecon-gabaritos-pm-se","storage/content/militar/pm-se-soldado-pm-3a-classe-combatente-2025-selecon/gabaritos/pm-se-soldado-pm-3a-classe-combatente-2025-selecon-gabarito-definitivo.pdf","gabarito/padrão de resposta","Polícia Militar","","","local-only","planejar importacao/conexao","sim","Alta"
"content:storage-content-militar-pm-se-soldado-pm-3a-classe-combatente-2025-selecon-metadata-json","storage/content/militar/pm-se-soldado-pm-3a-classe-combatente-2025-selecon/metadata.json","container pedagógico","Polícia Militar","","","local-only","planejar importacao/conexao","sim","Alta"
"content:storage-content-militar-pm-se-soldado-pm-3a-classe-combatente-2025-selecon-provas-pm-se-so","storage/content/militar/pm-se-soldado-pm-3a-classe-combatente-2025-selecon/provas/pm-se-soldado-pm-3a-classe-combatente-2025-selecon-prova.pdf","prova PDF","Polícia Militar","","","local-only","planejar importacao/conexao","sim","Alta"
"content:storage-content-militar-pm-se-soldado-pm-3a-classe-combatente-2025-selecon-questoes-questo","storage/content/militar/pm-se-soldado-pm-3a-classe-combatente-2025-selecon/questoes/questoes-extraidas.json","banco de questões","Polícia Militar","Língua Portuguesa","","local-only","planejar importacao/conexao","nao","Alta"
"content:storage-content-militar-pmac-oficial-combatente-2023-fgv-metadata-json","storage/content/militar/pmac-oficial-combatente-2023-fgv/metadata.json","container pedagógico","Polícia Militar","","","local-only","planejar importacao/conexao","sim","Alta"
"content:storage-content-militar-pmac-oficial-combatente-2023-fgv-questoes-questoes-extraidas-json","storage/content/militar/pmac-oficial-combatente-2023-fgv/questoes/questoes-extraidas.json","banco de questões","Polícia Militar","Língua Portuguesa","","local-only","planejar importacao/conexao","nao","Alta"
"content:storage-content-militar-pmal-soldado-combatente-2018-cebraspe-gabaritos-pmal-soldado-comba","storage/content/militar/pmal-soldado-combatente-2018-cebraspe/gabaritos/pmal-soldado-combatente-2018-cebraspe-gabarito-definitivo.pdf","gabarito/padrão de resposta","Polícia Militar","","","local-only","planejar importacao/conexao","sim","Alta"
"content:storage-content-militar-pmal-soldado-combatente-2018-cebraspe-metadata-json","storage/content/militar/pmal-soldado-combatente-2018-cebraspe/metadata.json","container pedagógico","Polícia Militar","","","local-only","planejar importacao/conexao","sim","Alta"
"content:storage-content-militar-pmal-soldado-combatente-2018-cebraspe-provas-pmal-soldado-combaten","storage/content/militar/pmal-soldado-combatente-2018-cebraspe/provas/pmal-soldado-combatente-2018-cebraspe-prova.pdf","prova PDF","Polícia Militar","","","local-only","planejar importacao/conexao","sim","Alta"
"content:storage-content-militar-pmal-soldado-combatente-2018-cebraspe-questoes-questoes-extraidas-","storage/content/militar/pmal-soldado-combatente-2018-cebraspe/questoes/questoes-extraidas.json","banco de questões","Polícia Militar","","","local-only","planejar importacao/conexao","sim","Alta"
"content:storage-content-militar-pmam-oficial-2021-fgv-metadata-json","storage/content/militar/pmam-oficial-2021-fgv/metadata.json","container pedagógico","Polícia Militar","","","local-only","planejar importacao/conexao","sim","Alta"
"content:storage-content-militar-pmam-oficial-2021-fgv-questoes-questoes-extraidas-json","storage/content/militar/pmam-oficial-2021-fgv/questoes/questoes-extraidas.json","banco de questões","Polícia Militar","Língua Portuguesa","","local-only","planejar importacao/conexao","nao","Alta"
"content:storage-content-militar-pmam-soldado-2021-fgv-metadata-json","storage/content/militar/pmam-soldado-2021-fgv/metadata.json","container pedagógico","Polícia Militar","","","local-only","planejar importacao/conexao","sim","Alta"
"content:storage-content-militar-pmam-soldado-2021-fgv-questoes-questoes-extraidas-json","storage/content/militar/pmam-soldado-2021-fgv/questoes/questoes-extraidas.json","banco de questões","Polícia Militar","Língua Portuguesa","","local-only","planejar importacao/conexao","nao","Alta"
"content:storage-content-militar-pmce-soldado-2021-fgv-metadata-json","storage/content/militar/pmce-soldado-2021-fgv/metadata.json","container pedagógico","Polícia Militar","","","local-only","planejar importacao/conexao","sim","Alta"
"content:storage-content-militar-pmce-soldado-2021-fgv-questoes-questoes-extraidas-json","storage/content/militar/pmce-soldado-2021-fgv/questoes/questoes-extraidas.json","banco de questões","Polícia Militar","Língua Portuguesa","","local-only","planejar importacao/conexao","nao","Alta"
"content:storage-content-militar-pmerj-cfo-2021-fgv-metadata-json","storage/content/militar/pmerj-cfo-2021-fgv/metadata.json","container pedagógico","Polícia Militar","","","local-only","planejar importacao/conexao","sim","Alta"
"content:storage-content-militar-pmerj-cfo-2021-fgv-questoes-questoes-extraidas-json","storage/content/militar/pmerj-cfo-2021-fgv/questoes/questoes-extraidas.json","banco de questões","Polícia Militar","Direito Administrativo","","local-only","planejar importacao/conexao","nao","Alta"
"content:storage-content-militar-pmesp-cabo-2022-fgv-local-metadata-json","storage/content/militar/pmesp-cabo-2022-fgv-local/metadata.json","container pedagógico","Polícia Militar","","","local-only","planejar importacao/conexao","sim","Alta"
"content:storage-content-militar-pmesp-cabo-2022-fgv-local-questoes-questoes-extraidas-json","storage/content/militar/pmesp-cabo-2022-fgv-local/questoes/questoes-extraidas.json","banco de questões","Polícia Militar","Língua Portuguesa","","local-only","planejar importacao/conexao","nao","Alta"
"content:storage-content-militar-pmesp-sargento-2024-fgv-metadata-json","storage/content/militar/pmesp-sargento-2024-fgv/metadata.json","container pedagógico","Polícia Militar","","","local-only","planejar importacao/conexao","sim","Alta"
"content:storage-content-militar-pmesp-sargento-2024-fgv-questoes-questoes-extraidas-json","storage/content/militar/pmesp-sargento-2024-fgv/questoes/questoes-extraidas.json","banco de questões","Polícia Militar","Língua Portuguesa","","local-only","planejar importacao/conexao","nao","Alta"
"content:storage-content-militar-pmma-soldado-do-quadro-de-praca-policial-2017-cebraspe-gabaritos-p","storage/content/militar/pmma-soldado-do-quadro-de-praca-policial-2017-cebraspe/gabaritos/pmma-soldado-do-quadro-de-praca-policial-2017-cebraspe-gabarito-definitivo.pdf","gabarito/padrão de resposta","Polícia Militar","Legislação Institucional PMMA","","local-only","planejar importacao/conexao","nao","Alta"
"content:storage-content-militar-pmma-soldado-do-quadro-de-praca-policial-2017-cebraspe-metadata-js","storage/content/militar/pmma-soldado-do-quadro-de-praca-policial-2017-cebraspe/metadata.json","container pedagógico","Polícia Militar","Legislação Institucional PMMA","","local-only","planejar importacao/conexao","nao","Alta"
"content:storage-content-militar-pmma-soldado-do-quadro-de-praca-policial-2017-cebraspe-provas-pmma","storage/content/militar/pmma-soldado-do-quadro-de-praca-policial-2017-cebraspe/provas/pmma-soldado-do-quadro-de-praca-policial-2017-cebraspe-prova.pdf","prova PDF","Polícia Militar","Legislação Institucional PMMA","","local-only","planejar importacao/conexao","nao","Alta"
"content:storage-content-militar-pmma-soldado-do-quadro-de-praca-policial-2017-cebraspe-questoes-qu","storage/content/militar/pmma-soldado-do-quadro-de-praca-policial-2017-cebraspe/questoes/questoes-extraidas.json","banco de questões","Polícia Militar","Legislação Institucional PMMA","","local-only","planejar importacao/conexao","nao","Alta"
"content:storage-content-militar-pmpb-cfo-2022-fgv-metadata-json","storage/content/militar/pmpb-cfo-2022-fgv/metadata.json","container pedagógico","Polícia Militar","","","local-only","planejar importacao/conexao","sim","Alta"
"content:storage-content-militar-pmpb-cfo-2022-fgv-questoes-questoes-extraidas-json","storage/content/militar/pmpb-cfo-2022-fgv/questoes/questoes-extraidas.json","banco de questões","Polícia Militar","Língua Portuguesa","","local-only","planejar importacao/conexao","nao","Alta"
"content:storage-content-militar-pmpi-soldado-pm-2017-nucepe-uespi-gabaritos-pmpi-soldado-pm-2017-n","storage/content/militar/pmpi-soldado-pm-2017-nucepe-uespi/gabaritos/pmpi-soldado-pm-2017-nucepe-uespi-gabarito-definitivo.pdf","gabarito/padrão de resposta","Polícia Militar","","","local-only","planejar importacao/conexao","sim","Alta"
"content:storage-content-militar-pmpi-soldado-pm-2017-nucepe-uespi-metadata-json","storage/content/militar/pmpi-soldado-pm-2017-nucepe-uespi/metadata.json","container pedagógico","Polícia Militar","","","local-only","planejar importacao/conexao","sim","Alta"
"content:storage-content-militar-pmpi-soldado-pm-2017-nucepe-uespi-provas-pmpi-soldado-pm-2017-nuce","storage/content/militar/pmpi-soldado-pm-2017-nucepe-uespi/provas/pmpi-soldado-pm-2017-nucepe-uespi-prova.pdf","prova PDF","Polícia Militar","","","local-only","planejar importacao/conexao","sim","Alta"
"content:storage-content-militar-pmpi-soldado-pm-2017-nucepe-uespi-questoes-questoes-extraidas-json","storage/content/militar/pmpi-soldado-pm-2017-nucepe-uespi/questoes/questoes-extraidas.json","banco de questões","Polícia Militar","Língua Portuguesa","","local-only","planejar importacao/conexao","nao","Alta"
"content:storage-content-militar-pmsp-cabo-pm-2022-fgv-gabaritos-pmsp-cabo-pm-2022-fgv-gabarito-def","storage/content/militar/pmsp-cabo-pm-2022-fgv/gabaritos/pmsp-cabo-pm-2022-fgv-gabarito-definitivo.pdf","gabarito/padrão de resposta","Polícia Militar","","","local-only","planejar importacao/conexao","sim","Alta"
"content:storage-content-militar-pmsp-cabo-pm-2022-fgv-metadata-json","storage/content/militar/pmsp-cabo-pm-2022-fgv/metadata.json","container pedagógico","Polícia Militar","","","local-only","planejar importacao/conexao","sim","Alta"
"content:storage-content-militar-pmsp-cabo-pm-2022-fgv-provas-pmsp-cabo-pm-2022-fgv-prova-pdf","storage/content/militar/pmsp-cabo-pm-2022-fgv/provas/pmsp-cabo-pm-2022-fgv-prova.pdf","prova PDF","Polícia Militar","","","local-only","planejar importacao/conexao","sim","Alta"
"content:storage-content-militar-pmsp-cabo-pm-2022-fgv-questoes-questoes-extraidas-json","storage/content/militar/pmsp-cabo-pm-2022-fgv/questoes/questoes-extraidas.json","banco de questões","Polícia Militar","Língua Portuguesa","","local-only","planejar importacao/conexao","nao","Alta"
"content:storage-content-militar-pmsp-soldado-2017-vunesp-gabaritos-pmsp-soldado-2017-vunesp-gabari","storage/content/militar/pmsp-soldado-2017-vunesp/gabaritos/pmsp-soldado-2017-vunesp-gabarito-definitivo.pdf","gabarito/padrão de resposta","Polícia Militar","","","local-only","planejar importacao/conexao","sim","Alta"
"content:storage-content-militar-pmsp-soldado-2017-vunesp-metadata-json","storage/content/militar/pmsp-soldado-2017-vunesp/metadata.json","container pedagógico","Polícia Militar","","","local-only","planejar importacao/conexao","sim","Alta"
"content:storage-content-militar-pmsp-soldado-2017-vunesp-provas-pmsp-soldado-2017-vunesp-prova-pdf","storage/content/militar/pmsp-soldado-2017-vunesp/provas/pmsp-soldado-2017-vunesp-prova.pdf","prova PDF","Polícia Militar","","","local-only","planejar importacao/conexao","sim","Alta"
"content:storage-content-militar-pmsp-soldado-2017-vunesp-questoes-questoes-extraidas-json","storage/content/militar/pmsp-soldado-2017-vunesp/questoes/questoes-extraidas.json","banco de questões","Polícia Militar","Língua Portuguesa","","local-only","planejar importacao/conexao","nao","Alta"
"content:storage-content-militar-pmsp-soldado-2023-vunesp-gabaritos-pmsp-soldado-2023-vunesp-gabari","storage/content/militar/pmsp-soldado-2023-vunesp/gabaritos/pmsp-soldado-2023-vunesp-gabarito-definitivo.pdf","gabarito/padrão de resposta","Polícia Militar","","","local-only","planejar importacao/conexao","sim","Alta"
"content:storage-content-militar-pmsp-soldado-2023-vunesp-metadata-json","storage/content/militar/pmsp-soldado-2023-vunesp/metadata.json","container pedagógico","Polícia Militar","","","local-only","planejar importacao/conexao","sim","Alta"
"content:storage-content-militar-pmsp-soldado-2023-vunesp-provas-pmsp-soldado-2023-vunesp-prova-pdf","storage/content/militar/pmsp-soldado-2023-vunesp/provas/pmsp-soldado-2023-vunesp-prova.pdf","prova PDF","Polícia Militar","","","local-only","planejar importacao/conexao","sim","Alta"
"content:storage-content-militar-pmsp-soldado-2023-vunesp-questoes-questoes-extraidas-json","storage/content/militar/pmsp-soldado-2023-vunesp/questoes/questoes-extraidas.json","banco de questões","Polícia Militar","Língua Portuguesa","","local-only","planejar importacao/conexao","nao","Alta"
"content:storage-content-militar-pmsp-soldado-2024-fgv-gabaritos-pmsp-soldado-2024-fgv-gabarito-def","storage/content/militar/pmsp-soldado-2024-fgv/gabaritos/pmsp-soldado-2024-fgv-gabarito-definitivo.pdf","gabarito/padrão de resposta","Polícia Militar","","","local-only","planejar importacao/conexao","sim","Alta"
"content:storage-content-militar-pmsp-soldado-2024-fgv-metadata-json","storage/content/militar/pmsp-soldado-2024-fgv/metadata.json","container pedagógico","Polícia Militar","","","local-only","planejar importacao/conexao","sim","Alta"
"content:storage-content-militar-pmsp-soldado-2024-fgv-provas-pmsp-soldado-2024-fgv-prova-pdf","storage/content/militar/pmsp-soldado-2024-fgv/provas/pmsp-soldado-2024-fgv-prova.pdf","prova PDF","Polícia Militar","","","local-only","planejar importacao/conexao","sim","Alta"
"content:storage-content-militar-pmsp-soldado-2024-fgv-questoes-questoes-extraidas-json","storage/content/militar/pmsp-soldado-2024-fgv/questoes/questoes-extraidas.json","banco de questões","Polícia Militar","Língua Portuguesa","","local-only","planejar importacao/conexao","nao","Alta"
"content:storage-content-militar-pmsp-soldado-2025-fgv-gabaritos-pmsp-soldado-2025-fgv-gabarito-def","storage/content/militar/pmsp-soldado-2025-fgv/gabaritos/pmsp-soldado-2025-fgv-gabarito-definitivo.pdf","gabarito/padrão de resposta","Polícia Militar","","","local-only","planejar importacao/conexao","sim","Alta"
"content:storage-content-militar-pmsp-soldado-2025-fgv-metadata-json","storage/content/militar/pmsp-soldado-2025-fgv/metadata.json","container pedagógico","Polícia Militar","","","local-only","planejar importacao/conexao","sim","Alta"
"content:storage-content-militar-pmsp-soldado-2025-fgv-provas-pmsp-soldado-2025-fgv-prova-pdf","storage/content/militar/pmsp-soldado-2025-fgv/provas/pmsp-soldado-2025-fgv-prova.pdf","prova PDF","Polícia Militar","","","local-only","planejar importacao/conexao","sim","Alta"
"content:storage-content-militar-pmsp-soldado-2025-fgv-questoes-questoes-extraidas-json","storage/content/militar/pmsp-soldado-2025-fgv/questoes/questoes-extraidas.json","banco de questões","Polícia Militar","Língua Portuguesa","","local-only","planejar importacao/conexao","nao","Alta"
"content:storage-content-militar-pmto-quadro-de-pracas-da-policia-militar-2025-fgv-gabaritos-pmto-q","storage/content/militar/pmto-quadro-de-pracas-da-policia-militar-2025-fgv/gabaritos/pmto-quadro-de-pracas-da-policia-militar-2025-fgv-gabarito-definitivo.pdf","gabarito/padrão de resposta","Polícia Militar","","","local-only","planejar importacao/conexao","sim","Alta"
"content:storage-content-militar-pmto-quadro-de-pracas-da-policia-militar-2025-fgv-metadata-json","storage/content/militar/pmto-quadro-de-pracas-da-policia-militar-2025-fgv/metadata.json","container pedagógico","Polícia Militar","","","local-only","planejar importacao/conexao","sim","Alta"
"content:storage-content-militar-pmto-quadro-de-pracas-da-policia-militar-2025-fgv-provas-pmto-quad","storage/content/militar/pmto-quadro-de-pracas-da-policia-militar-2025-fgv/provas/pmto-quadro-de-pracas-da-policia-militar-2025-fgv-prova.pdf","prova PDF","Polícia Militar","","","local-only","planejar importacao/conexao","sim","Alta"
"content:storage-content-militar-pmto-quadro-de-pracas-da-policia-militar-2025-fgv-questoes-questoe","storage/content/militar/pmto-quadro-de-pracas-da-policia-militar-2025-fgv/questoes/questoes-extraidas.json","banco de questões","Polícia Militar","Língua Portuguesa","","local-only","planejar importacao/conexao","nao","Alta"
"content:storage-content-oab-10-exame-metadata-json","storage/content/oab/10-exame/metadata.json","container pedagógico","OAB","","","local-only","planejar importacao/conexao","sim","Alta"
"content:storage-content-oab-11-exame-metadata-json","storage/content/oab/11-exame/metadata.json","container pedagógico","OAB","","","local-only","planejar importacao/conexao","sim","Alta"
"content:storage-content-oab-12-exame-metadata-json","storage/content/oab/12-exame/metadata.json","container pedagógico","OAB","","","local-only","planejar importacao/conexao","sim","Alta"
"content:storage-content-oab-13-exame-metadata-json","storage/content/oab/13-exame/metadata.json","container pedagógico","OAB","","","local-only","planejar importacao/conexao","sim","Alta"
"content:storage-content-oab-14-exame-metadata-json","storage/content/oab/14-exame/metadata.json","container pedagógico","OAB","","","local-only","planejar importacao/conexao","sim","Alta"
"content:storage-content-oab-15-exame-metadata-json","storage/content/oab/15-exame/metadata.json","container pedagógico","OAB","","","local-only","planejar importacao/conexao","sim","Alta"
"content:storage-content-oab-15-exame-provas-caderno-de-provas-direito-administrativo-19vvnu-pdf","storage/content/oab/15-exame/provas/caderno-de-provas-direito-administrativo-19vvnu.pdf","prova PDF","OAB","Direito Administrativo","","local-only","planejar importacao/conexao","nao","Alta"
"content:storage-content-oab-15-exame-provas-caderno-de-provas-direito-civil-sar2hr-pdf","storage/content/oab/15-exame/provas/caderno-de-provas-direito-civil-sar2hr.pdf","prova PDF","OAB","","","local-only","planejar importacao/conexao","sim","Alta"
"content:storage-content-oab-15-exame-provas-caderno-de-provas-direito-constitucional-15wc24-pdf","storage/content/oab/15-exame/provas/caderno-de-provas-direito-constitucional-15wc24.pdf","prova PDF","OAB","Direito Constitucional","","local-only","planejar importacao/conexao","nao","Alta"
"content:storage-content-oab-15-exame-provas-caderno-de-provas-direito-do-trabalho-ys2xgc-pdf","storage/content/oab/15-exame/provas/caderno-de-provas-direito-do-trabalho-ys2xgc.pdf","prova PDF","OAB","","","local-only","planejar importacao/conexao","sim","Alta"
"content:storage-content-oab-15-exame-provas-caderno-de-provas-direito-empresarial-1yw2i4-pdf","storage/content/oab/15-exame/provas/caderno-de-provas-direito-empresarial-1yw2i4.pdf","prova PDF","OAB","Direito Empresarial","","local-only","planejar importacao/conexao","nao","Alta"
"content:storage-content-oab-15-exame-provas-caderno-de-provas-direito-penal-1f7tn6-pdf","storage/content/oab/15-exame/provas/caderno-de-provas-direito-penal-1f7tn6.pdf","prova PDF","OAB","Direito Penal","","local-only","planejar importacao/conexao","nao","Alta"
"content:storage-content-oab-15-exame-provas-caderno-de-provas-direito-tributario-uumxfr-pdf","storage/content/oab/15-exame/provas/caderno-de-provas-direito-tributario-uumxfr.pdf","prova PDF","OAB","Direito Tributário","","local-only","planejar importacao/conexao","nao","Alta"
"content:storage-content-oab-16-exame-gabaritos-gabaritos-definitivos-da-prova-objetiva-1-fase-t734","storage/content/oab/16-exame/gabaritos/gabaritos-definitivos-da-prova-objetiva-1-fase-t734op.pdf","gabarito/padrão de resposta","OAB","","","local-only","planejar importacao/conexao","sim","Alta"
"content:storage-content-oab-16-exame-gabaritos-gabaritos-preliminares-da-prova-objetiva-1-fase-146","storage/content/oab/16-exame/gabaritos/gabaritos-preliminares-da-prova-objetiva-1-fase-1469zy.pdf","gabarito/padrão de resposta","OAB","","","local-only","planejar importacao/conexao","sim","Alta"
"content:storage-content-oab-16-exame-metadata-json","storage/content/oab/16-exame/metadata.json","container pedagógico","OAB","","","local-only","planejar importacao/conexao","sim","Alta"
"content:storage-content-oab-16-exame-provas-caderno-de-prova-01-18yozo-pdf","storage/content/oab/16-exame/provas/caderno-de-prova-01-18yozo.pdf","prova PDF","OAB","","","local-only","planejar importacao/conexao","sim","Alta"
"content:storage-content-oab-16-exame-provas-caderno-de-prova-02-95ox0c-pdf","storage/content/oab/16-exame/provas/caderno-de-prova-02-95ox0c.pdf","prova PDF","OAB","","","local-only","planejar importacao/conexao","sim","Alta"
"content:storage-content-oab-16-exame-provas-caderno-de-prova-03-13pdat-pdf","storage/content/oab/16-exame/provas/caderno-de-prova-03-13pdat.pdf","prova PDF","OAB","","","local-only","planejar importacao/conexao","sim","Alta"
"content:storage-content-oab-16-exame-provas-caderno-de-prova-04-1yfs87-pdf","storage/content/oab/16-exame/provas/caderno-de-prova-04-1yfs87.pdf","prova PDF","OAB","","","local-only","planejar importacao/conexao","sim","Alta"
"content:storage-content-oab-16-exame-provas-caderno-de-provas-direito-administrativo-edxrv4-pdf","storage/content/oab/16-exame/provas/caderno-de-provas-direito-administrativo-edxrv4.pdf","prova PDF","OAB","Direito Administrativo","","local-only","planejar importacao/conexao","nao","Alta"
"content:storage-content-oab-16-exame-provas-caderno-de-provas-direito-civil-1221zb-pdf","storage/content/oab/16-exame/provas/caderno-de-provas-direito-civil-1221zb.pdf","prova PDF","OAB","","","local-only","planejar importacao/conexao","sim","Alta"
"content:storage-content-oab-16-exame-provas-caderno-de-provas-direito-constitucional-rawx81-pdf","storage/content/oab/16-exame/provas/caderno-de-provas-direito-constitucional-rawx81.pdf","prova PDF","OAB","Direito Constitucional","","local-only","planejar importacao/conexao","nao","Alta"
"content:storage-content-oab-16-exame-provas-caderno-de-provas-direito-do-trabalho-17cl7h-pdf","storage/content/oab/16-exame/provas/caderno-de-provas-direito-do-trabalho-17cl7h.pdf","prova PDF","OAB","","","local-only","planejar importacao/conexao","sim","Alta"
"content:storage-content-oab-16-exame-provas-caderno-de-provas-direito-empresarial-st7h0d-pdf","storage/content/oab/16-exame/provas/caderno-de-provas-direito-empresarial-st7h0d.pdf","prova PDF","OAB","Direito Empresarial","","local-only","planejar importacao/conexao","nao","Alta"
"content:storage-content-oab-16-exame-provas-caderno-de-provas-direito-penal-1n7nnc-pdf","storage/content/oab/16-exame/provas/caderno-de-provas-direito-penal-1n7nnc.pdf","prova PDF","OAB","Direito Penal","","local-only","planejar importacao/conexao","nao","Alta"
"content:storage-content-oab-16-exame-provas-caderno-de-provas-direito-tributario-1lodof-pdf","storage/content/oab/16-exame/provas/caderno-de-provas-direito-tributario-1lodof.pdf","prova PDF","OAB","Direito Tributário","","local-only","planejar importacao/conexao","nao","Alta"
"content:storage-content-oab-16-exame-questoes-questoes-extraidas-json","storage/content/oab/16-exame/questoes/questoes-extraidas.json","banco de questões","OAB","Ética Profissional","16o Exame OAB - Questao 1","local-only","planejar importacao/conexao","nao","Alta"
"content:storage-content-oab-17-exame-gabaritos-gabaritos-definitivos-da-prova-objetiva-1-fase-1avz","storage/content/oab/17-exame/gabaritos/gabaritos-definitivos-da-prova-objetiva-1-fase-1avzn9.pdf","gabarito/padrão de resposta","OAB","","","local-only","planejar importacao/conexao","sim","Alta"
"content:storage-content-oab-17-exame-gabaritos-gabaritos-preliminares-da-prova-objetiva-1-fase-cvn","storage/content/oab/17-exame/gabaritos/gabaritos-preliminares-da-prova-objetiva-1-fase-cvnc3q.pdf","gabarito/padrão de resposta","OAB","","","local-only","planejar importacao/conexao","sim","Alta"
"content:storage-content-oab-17-exame-metadata-json","storage/content/oab/17-exame/metadata.json","container pedagógico","OAB","","","local-only","planejar importacao/conexao","sim","Alta"
"content:storage-content-oab-17-exame-provas-caderno-de-prova-01-dnzoxi-pdf","storage/content/oab/17-exame/provas/caderno-de-prova-01-dnzoxi.pdf","prova PDF","OAB","","","local-only","planejar importacao/conexao","sim","Alta"
"content:storage-content-oab-17-exame-provas-caderno-de-prova-02-117iv7-pdf","storage/content/oab/17-exame/provas/caderno-de-prova-02-117iv7.pdf","prova PDF","OAB","","","local-only","planejar importacao/conexao","sim","Alta"
"content:storage-content-oab-17-exame-provas-caderno-de-prova-03-1l5nvm-pdf","storage/content/oab/17-exame/provas/caderno-de-prova-03-1l5nvm.pdf","prova PDF","OAB","","","local-only","planejar importacao/conexao","sim","Alta"
"content:storage-content-oab-17-exame-provas-caderno-de-prova-04-9o2zwt-pdf","storage/content/oab/17-exame/provas/caderno-de-prova-04-9o2zwt.pdf","prova PDF","OAB","","","local-only","planejar importacao/conexao","sim","Alta"
"content:storage-content-oab-17-exame-provas-caderno-de-provas-direito-administrativo-p4q5jm-pdf","storage/content/oab/17-exame/provas/caderno-de-provas-direito-administrativo-p4q5jm.pdf","prova PDF","OAB","Direito Administrativo","","local-only","planejar importacao/conexao","nao","Alta"
"content:storage-content-oab-17-exame-provas-caderno-de-provas-direito-civil-g3lan6-pdf","storage/content/oab/17-exame/provas/caderno-de-provas-direito-civil-g3lan6.pdf","prova PDF","OAB","","","local-only","planejar importacao/conexao","sim","Alta"
"content:storage-content-oab-17-exame-provas-caderno-de-provas-direito-constitucional-aoi9pq-pdf","storage/content/oab/17-exame/provas/caderno-de-provas-direito-constitucional-aoi9pq.pdf","prova PDF","OAB","Direito Constitucional","","local-only","planejar importacao/conexao","nao","Alta"
"content:storage-content-oab-17-exame-provas-caderno-de-provas-direito-do-trabalho-1qmz09-pdf","storage/content/oab/17-exame/provas/caderno-de-provas-direito-do-trabalho-1qmz09.pdf","prova PDF","OAB","","","local-only","planejar importacao/conexao","sim","Alta"
"content:storage-content-oab-17-exame-provas-caderno-de-provas-direito-empresarial-vxp9dg-pdf","storage/content/oab/17-exame/provas/caderno-de-provas-direito-empresarial-vxp9dg.pdf","prova PDF","OAB","Direito Empresarial","","local-only","planejar importacao/conexao","nao","Alta"
"content:storage-content-oab-17-exame-provas-caderno-de-provas-direito-penal-l3b60i-pdf","storage/content/oab/17-exame/provas/caderno-de-provas-direito-penal-l3b60i.pdf","prova PDF","OAB","Direito Penal","","local-only","planejar importacao/conexao","nao","Alta"
"content:storage-content-oab-17-exame-provas-caderno-de-provas-direito-tributario-wdtyaj-pdf","storage/content/oab/17-exame/provas/caderno-de-provas-direito-tributario-wdtyaj.pdf","prova PDF","OAB","Direito Tributário","","local-only","planejar importacao/conexao","nao","Alta"
"content:storage-content-oab-17-exame-provas-esclarecimento-materiais-e-procedimentos-para-consulta","storage/content/oab/17-exame/provas/esclarecimento-materiais-e-procedimentos-para-consulta-da-prova-pratico-profissional-166pcv.pdf","prova PDF","OAB","","","local-only","planejar importacao/conexao","sim","Alta"
"content:storage-content-oab-17-exame-questoes-questoes-extraidas-json","storage/content/oab/17-exame/questoes/questoes-extraidas.json","banco de questões","OAB","Ética Profissional","17o Exame OAB - Questao 1","local-only","planejar importacao/conexao","nao","Alta"
"content:storage-content-oab-18-exame-gabaritos-gabaritos-preliminares-da-prova-objetiva-1-fase-1op","storage/content/oab/18-exame/gabaritos/gabaritos-preliminares-da-prova-objetiva-1-fase-1ophiw.pdf","gabarito/padrão de resposta","OAB","","","local-only","planejar importacao/conexao","sim","Alta"
"content:storage-content-oab-18-exame-metadata-json","storage/content/oab/18-exame/metadata.json","container pedagógico","OAB","","","local-only","planejar importacao/conexao","sim","Alta"
"content:storage-content-oab-18-exame-provas-caderno-de-prova-tipo-1-34r88r-pdf","storage/content/oab/18-exame/provas/caderno-de-prova-tipo-1-34r88r.pdf","prova PDF","OAB","","","local-only","planejar importacao/conexao","sim","Alta"
"content:storage-content-oab-18-exame-provas-caderno-de-prova-tipo-2-109w8g-pdf","storage/content/oab/18-exame/provas/caderno-de-prova-tipo-2-109w8g.pdf","prova PDF","OAB","","","local-only","planejar importacao/conexao","sim","Alta"
"content:storage-content-oab-18-exame-provas-caderno-de-prova-tipo-3-9ulf4i-pdf","storage/content/oab/18-exame/provas/caderno-de-prova-tipo-3-9ulf4i.pdf","prova PDF","OAB","","","local-only","planejar importacao/conexao","sim","Alta"
"content:storage-content-oab-18-exame-provas-caderno-de-prova-tipo-4-tcz9px-pdf","storage/content/oab/18-exame/provas/caderno-de-prova-tipo-4-tcz9px.pdf","prova PDF","OAB","","","local-only","planejar importacao/conexao","sim","Alta"
"content:storage-content-oab-18-exame-provas-caderno-de-provas-direito-administrativo-15ofpz-pdf","storage/content/oab/18-exame/provas/caderno-de-provas-direito-administrativo-15ofpz.pdf","prova PDF","OAB","Direito Administrativo","","local-only","planejar importacao/conexao","nao","Alta"
"content:storage-content-oab-18-exame-provas-caderno-de-provas-direito-civil-1l0rci-pdf","storage/content/oab/18-exame/provas/caderno-de-provas-direito-civil-1l0rci.pdf","prova PDF","OAB","","","local-only","planejar importacao/conexao","sim","Alta"
"content:storage-content-oab-18-exame-provas-caderno-de-provas-direito-constitucional-h1cqu7-pdf","storage/content/oab/18-exame/provas/caderno-de-provas-direito-constitucional-h1cqu7.pdf","prova PDF","OAB","Direito Constitucional","","local-only","planejar importacao/conexao","nao","Alta"
"content:storage-content-oab-18-exame-provas-caderno-de-provas-direito-do-trabalho-1xvx06-pdf","storage/content/oab/18-exame/provas/caderno-de-provas-direito-do-trabalho-1xvx06.pdf","prova PDF","OAB","","","local-only","planejar importacao/conexao","sim","Alta"
"content:storage-content-oab-18-exame-provas-caderno-de-provas-direito-empresarial-1ys78g-pdf","storage/content/oab/18-exame/provas/caderno-de-provas-direito-empresarial-1ys78g.pdf","prova PDF","OAB","Direito Empresarial","","local-only","planejar importacao/conexao","nao","Alta"
"content:storage-content-oab-18-exame-provas-caderno-de-provas-direito-penal-1mai88-pdf","storage/content/oab/18-exame/provas/caderno-de-provas-direito-penal-1mai88.pdf","prova PDF","OAB","Direito Penal","","local-only","planejar importacao/conexao","nao","Alta"
"content:storage-content-oab-18-exame-provas-caderno-de-provas-direito-tributario-y8p7mx-pdf","storage/content/oab/18-exame/provas/caderno-de-provas-direito-tributario-y8p7mx.pdf","prova PDF","OAB","Direito Tributário","","local-only","planejar importacao/conexao","nao","Alta"
"content:storage-content-oab-18-exame-questoes-questoes-extraidas-json","storage/content/oab/18-exame/questoes/questoes-extraidas.json","banco de questões","OAB","Ética Profissional","18o Exame OAB - Questao 1","local-only","planejar importacao/conexao","nao","Alta"
"content:storage-content-oab-19-exame-gabaritos-gabaritos-preliminares-da-prova-objetiva-1-fase-atu","storage/content/oab/19-exame/gabaritos/gabaritos-preliminares-da-prova-objetiva-1-fase-atualizado-14pawg.pdf","gabarito/padrão de resposta","OAB","","","local-only","planejar importacao/conexao","sim","Alta"
"content:storage-content-oab-19-exame-metadata-json","storage/content/oab/19-exame/metadata.json","container pedagógico","OAB","","","local-only","planejar importacao/conexao","sim","Alta"
"content:storage-content-oab-19-exame-provas-caderno-de-prova-tipo-1-1hvk6o-pdf","storage/content/oab/19-exame/provas/caderno-de-prova-tipo-1-1hvk6o.pdf","prova PDF","OAB","","","local-only","planejar importacao/conexao","sim","Alta"
"content:storage-content-oab-19-exame-provas-caderno-de-prova-tipo-2-18a4lo-pdf","storage/content/oab/19-exame/provas/caderno-de-prova-tipo-2-18a4lo.pdf","prova PDF","OAB","","","local-only","planejar importacao/conexao","sim","Alta"
"content:storage-content-oab-19-exame-provas-caderno-de-prova-tipo-3-oqsrig-pdf","storage/content/oab/19-exame/provas/caderno-de-prova-tipo-3-oqsrig.pdf","prova PDF","OAB","","","local-only","planejar importacao/conexao","sim","Alta"
"content:storage-content-oab-19-exame-provas-caderno-de-prova-tipo-4-1ico77-pdf","storage/content/oab/19-exame/provas/caderno-de-prova-tipo-4-1ico77.pdf","prova PDF","OAB","","","local-only","planejar importacao/conexao","sim","Alta"
"content:storage-content-oab-19-exame-provas-caderno-de-provas-direito-administrativo-1uxypj-pdf","storage/content/oab/19-exame/provas/caderno-de-provas-direito-administrativo-1uxypj.pdf","prova PDF","OAB","Direito Administrativo","","local-only","planejar importacao/conexao","nao","Alta"
"content:storage-content-oab-19-exame-provas-caderno-de-provas-direito-civil-1bmn5x-pdf","storage/content/oab/19-exame/provas/caderno-de-provas-direito-civil-1bmn5x.pdf","prova PDF","OAB","","","local-only","planejar importacao/conexao","sim","Alta"
"content:storage-content-oab-19-exame-provas-caderno-de-provas-direito-constitucional-o9zw1g-pdf","storage/content/oab/19-exame/provas/caderno-de-provas-direito-constitucional-o9zw1g.pdf","prova PDF","OAB","Direito Constitucional","","local-only","planejar importacao/conexao","nao","Alta"
"content:storage-content-oab-19-exame-provas-caderno-de-provas-direito-do-trabalho-1eo0tm-pdf","storage/content/oab/19-exame/provas/caderno-de-provas-direito-do-trabalho-1eo0tm.pdf","prova PDF","OAB","","","local-only","planejar importacao/conexao","sim","Alta"
"content:storage-content-oab-19-exame-provas-caderno-de-provas-direito-empresarial-1jb92v-pdf","storage/content/oab/19-exame/provas/caderno-de-provas-direito-empresarial-1jb92v.pdf","prova PDF","OAB","Direito Empresarial","","local-only","planejar importacao/conexao","nao","Alta"
"content:storage-content-oab-19-exame-provas-caderno-de-provas-direito-penal-q68kux-pdf","storage/content/oab/19-exame/provas/caderno-de-provas-direito-penal-q68kux.pdf","prova PDF","OAB","Direito Penal","","local-only","planejar importacao/conexao","nao","Alta"
"content:storage-content-oab-19-exame-provas-caderno-de-provas-direito-tributario-dm88p5-pdf","storage/content/oab/19-exame/provas/caderno-de-provas-direito-tributario-dm88p5.pdf","prova PDF","OAB","Direito Tributário","","local-only","planejar importacao/conexao","nao","Alta"
"content:storage-content-oab-19-exame-questoes-questoes-extraidas-json","storage/content/oab/19-exame/questoes/questoes-extraidas.json","banco de questões","OAB","Ética Profissional","19o Exame OAB - Questao 1","local-only","planejar importacao/conexao","nao","Alta"
"content:storage-content-oab-20-exame-gabaritos-gabaritos-preliminares-da-prova-objetiva-1-fase-9n9","storage/content/oab/20-exame/gabaritos/gabaritos-preliminares-da-prova-objetiva-1-fase-9n9ffh.pdf","gabarito/padrão de resposta","OAB","","","local-only","planejar importacao/conexao","sim","Alta"
"content:storage-content-oab-20-exame-gabaritos-gabaritos-preliminares-da-prova-objetiva-1-fase-exa","storage/content/oab/20-exame/gabaritos/gabaritos-preliminares-da-prova-objetiva-1-fase-examinandos-de-salvador-ba-1et8zc.pdf","gabarito/padrão de resposta","OAB","","","local-only","planejar importacao/conexao","sim","Alta"
"content:storage-content-oab-20-exame-metadata-json","storage/content/oab/20-exame/metadata.json","container pedagógico","OAB","","","local-only","planejar importacao/conexao","sim","Alta"
"content:storage-content-oab-20-exame-provas-caderno-de-prova-tipo-1-15xg3w-pdf","storage/content/oab/20-exame/provas/caderno-de-prova-tipo-1-15xg3w.pdf","prova PDF","OAB","","","local-only","planejar importacao/conexao","sim","Alta"
"content:storage-content-oab-20-exame-provas-caderno-de-prova-tipo-1-reaplicacao-salvador-ba-65x7zi","storage/content/oab/20-exame/provas/caderno-de-prova-tipo-1-reaplicacao-salvador-ba-65x7zi.pdf","prova PDF","OAB","","","local-only","planejar importacao/conexao","sim","Alta"
"content:storage-content-oab-20-exame-provas-caderno-de-prova-tipo-2-maj79k-pdf","storage/content/oab/20-exame/provas/caderno-de-prova-tipo-2-maj79k.pdf","prova PDF","OAB","","","local-only","planejar importacao/conexao","sim","Alta"
"content:storage-content-oab-20-exame-provas-caderno-de-prova-tipo-2-reaplicacao-salvador-ba-1dqk0x","storage/content/oab/20-exame/provas/caderno-de-prova-tipo-2-reaplicacao-salvador-ba-1dqk0x.pdf","prova PDF","OAB","","","local-only","planejar importacao/conexao","sim","Alta"
"content:storage-content-oab-20-exame-provas-caderno-de-prova-tipo-3-bocpwt-pdf","storage/content/oab/20-exame/provas/caderno-de-prova-tipo-3-bocpwt.pdf","prova PDF","OAB","","","local-only","planejar importacao/conexao","sim","Alta"
"content:storage-content-oab-20-exame-provas-caderno-de-prova-tipo-3-reaplicacao-salvador-ba-wre74g","storage/content/oab/20-exame/provas/caderno-de-prova-tipo-3-reaplicacao-salvador-ba-wre74g.pdf","prova PDF","OAB","","","local-only","planejar importacao/conexao","sim","Alta"
"content:storage-content-oab-20-exame-provas-caderno-de-prova-tipo-4-1458pu-pdf","storage/content/oab/20-exame/provas/caderno-de-prova-tipo-4-1458pu.pdf","prova PDF","OAB","","","local-only","planejar importacao/conexao","sim","Alta"
"content:storage-content-oab-20-exame-provas-caderno-de-prova-tipo-4-reaplicacao-salvador-ba-1aobzd","storage/content/oab/20-exame/provas/caderno-de-prova-tipo-4-reaplicacao-salvador-ba-1aobzd.pdf","prova PDF","OAB","","","local-only","planejar importacao/conexao","sim","Alta"
"content:storage-content-oab-20-exame-provas-caderno-de-provas-direito-administrativo-1vqru8-pdf","storage/content/oab/20-exame/provas/caderno-de-provas-direito-administrativo-1vqru8.pdf","prova PDF","OAB","Direito Administrativo","","local-only","planejar importacao/conexao","nao","Alta"
"content:storage-content-oab-20-exame-provas-caderno-de-provas-direito-administrativo-reaplicacao-p","storage/content/oab/20-exame/provas/caderno-de-provas-direito-administrativo-reaplicacao-porto-velho-ro-1ghgn2.pdf","prova PDF","OAB","Direito Administrativo","","local-only","planejar importacao/conexao","nao","Alta"
"content:storage-content-oab-20-exame-provas-caderno-de-provas-direito-civil-reaplicacao-porto-velh","storage/content/oab/20-exame/provas/caderno-de-provas-direito-civil-reaplicacao-porto-velho-ro-4mstai.pdf","prova PDF","OAB","","","local-only","planejar importacao/conexao","sim","Alta"
"content:storage-content-oab-20-exame-provas-caderno-de-provas-direito-civil-sniqax-pdf","storage/content/oab/20-exame/provas/caderno-de-provas-direito-civil-sniqax.pdf","prova PDF","OAB","","","local-only","planejar importacao/conexao","sim","Alta"
"content:storage-content-oab-20-exame-provas-caderno-de-provas-direito-constitucional-reaplicacao-p","storage/content/oab/20-exame/provas/caderno-de-provas-direito-constitucional-reaplicacao-porto-velho-ro-10ewfi.pdf","prova PDF","OAB","Direito Constitucional","","local-only","planejar importacao/conexao","nao","Alta"
"content:storage-content-oab-20-exame-provas-caderno-de-provas-direito-constitucional-viwa5u-pdf","storage/content/oab/20-exame/provas/caderno-de-provas-direito-constitucional-viwa5u.pdf","prova PDF","OAB","Direito Constitucional","","local-only","planejar importacao/conexao","nao","Alta"
"content:storage-content-oab-20-exame-provas-caderno-de-provas-direito-do-trabalho-144a12-pdf","storage/content/oab/20-exame/provas/caderno-de-provas-direito-do-trabalho-144a12.pdf","prova PDF","OAB","","","local-only","planejar importacao/conexao","sim","Alta"
"content:storage-content-oab-20-exame-provas-caderno-de-provas-direito-do-trabalho-reaplicacao-port","storage/content/oab/20-exame/provas/caderno-de-provas-direito-do-trabalho-reaplicacao-porto-velho-ro-1xbrxh.pdf","prova PDF","OAB","","","local-only","planejar importacao/conexao","sim","Alta"
"content:storage-content-oab-20-exame-provas-caderno-de-provas-direito-empresarial-4rlub2-pdf","storage/content/oab/20-exame/provas/caderno-de-provas-direito-empresarial-4rlub2.pdf","prova PDF","OAB","Direito Empresarial","","local-only","planejar importacao/conexao","nao","Alta"
"content:storage-content-oab-20-exame-provas-caderno-de-provas-direito-empresarial-reaplicacao-port","storage/content/oab/20-exame/provas/caderno-de-provas-direito-empresarial-reaplicacao-porto-velho-ro-shohmj.pdf","prova PDF","OAB","Direito Empresarial","","local-only","planejar importacao/conexao","nao","Alta"
"content:storage-content-oab-20-exame-provas-caderno-de-provas-direito-penal-oef0i-pdf","storage/content/oab/20-exame/provas/caderno-de-provas-direito-penal-oef0i.pdf","prova PDF","OAB","Direito Penal","","local-only","planejar importacao/conexao","nao","Alta"
"content:storage-content-oab-20-exame-provas-caderno-de-provas-direito-penal-reaplicacao-porto-velh","storage/content/oab/20-exame/provas/caderno-de-provas-direito-penal-reaplicacao-porto-velho-ro-1v4qt4.pdf","prova PDF","OAB","Direito Penal","","local-only","planejar importacao/conexao","nao","Alta"
"content:storage-content-oab-20-exame-provas-caderno-de-provas-direito-tributario-1rnh5z-pdf","storage/content/oab/20-exame/provas/caderno-de-provas-direito-tributario-1rnh5z.pdf","prova PDF","OAB","Direito Tributário","","local-only","planejar importacao/conexao","nao","Alta"
"content:storage-content-oab-20-exame-provas-caderno-de-provas-direito-tributario-reaplicacao-porto","storage/content/oab/20-exame/provas/caderno-de-provas-direito-tributario-reaplicacao-porto-velho-ro-sak8p5.pdf","prova PDF","OAB","Direito Tributário","","local-only","planejar importacao/conexao","nao","Alta"
"content:storage-content-oab-20-exame-questoes-questoes-extraidas-json","storage/content/oab/20-exame/questoes/questoes-extraidas.json","banco de questões","OAB","Ética Profissional","20o Exame OAB - Questao 1","local-only","planejar importacao/conexao","nao","Alta"
"content:storage-content-oab-2010-2-exame-gabaritos-gabarito-do-caderno-de-prova-01-uwdyvp-pdf","storage/content/oab/2010-2-exame/gabaritos/gabarito-do-caderno-de-prova-01-uwdyvp.pdf","gabarito/padrão de resposta","OAB","","","local-only","planejar importacao/conexao","sim","Alta"
"content:storage-content-oab-2010-2-exame-gabaritos-gabarito-do-caderno-de-prova-02-uwxrh2-pdf","storage/content/oab/2010-2-exame/gabaritos/gabarito-do-caderno-de-prova-02-uwxrh2.pdf","gabarito/padrão de resposta","OAB","","","local-only","planejar importacao/conexao","sim","Alta"
"content:storage-content-oab-2010-2-exame-gabaritos-gabarito-do-caderno-de-prova-03-uxhk2f-pdf","storage/content/oab/2010-2-exame/gabaritos/gabarito-do-caderno-de-prova-03-uxhk2f.pdf","gabarito/padrão de resposta","OAB","","","local-only","planejar importacao/conexao","sim","Alta"
"content:storage-content-oab-2010-2-exame-gabaritos-gabarito-do-caderno-de-prova-04-uy1cns-pdf","storage/content/oab/2010-2-exame/gabaritos/gabarito-do-caderno-de-prova-04-uy1cns.pdf","gabarito/padrão de resposta","OAB","","","local-only","planejar importacao/conexao","sim","Alta"
"content:storage-content-oab-2010-2-exame-metadata-json","storage/content/oab/2010-2-exame/metadata.json","container pedagógico","OAB","","","local-only","planejar importacao/conexao","sim","Alta"
"content:storage-content-oab-2010-2-exame-provas-caderno-de-prova-01-1uw61u-pdf","storage/content/oab/2010-2-exame/provas/caderno-de-prova-01-1uw61u.pdf","prova PDF","OAB","","","local-only","planejar importacao/conexao","sim","Alta"
"content:storage-content-oab-2010-2-exame-provas-caderno-de-prova-02-1uwpug-pdf","storage/content/oab/2010-2-exame/provas/caderno-de-prova-02-1uwpug.pdf","prova PDF","OAB","","","local-only","planejar importacao/conexao","sim","Alta"
"content:storage-content-oab-2010-2-exame-provas-caderno-de-prova-03-1ux9n1-pdf","storage/content/oab/2010-2-exame/provas/caderno-de-prova-03-1ux9n1.pdf","prova PDF","OAB","","","local-only","planejar importacao/conexao","sim","Alta"
"content:storage-content-oab-2010-2-exame-provas-caderno-de-prova-04-1uxtfm-pdf","storage/content/oab/2010-2-exame/provas/caderno-de-prova-04-1uxtfm.pdf","prova PDF","OAB","","","local-only","planejar importacao/conexao","sim","Alta"
"content:storage-content-oab-2010-2-exame-provas-caderno-de-prova-direito-administrativo-1ws6qe-pdf","storage/content/oab/2010-2-exame/provas/caderno-de-prova-direito-administrativo-1ws6qe.pdf","prova PDF","OAB","Direito Administrativo","","local-only","planejar importacao/conexao","nao","Alta"
"content:storage-content-oab-2010-2-exame-provas-caderno-de-prova-direito-civil-dex9z1-pdf","storage/content/oab/2010-2-exame/provas/caderno-de-prova-direito-civil-dex9z1.pdf","prova PDF","OAB","","","local-only","planejar importacao/conexao","sim","Alta"
"content:storage-content-oab-2010-2-exame-provas-caderno-de-prova-direito-constitucional-1lxr7l-pdf","storage/content/oab/2010-2-exame/provas/caderno-de-prova-direito-constitucional-1lxr7l.pdf","prova PDF","OAB","Direito Constitucional","","local-only","planejar importacao/conexao","nao","Alta"
"content:storage-content-oab-2010-2-exame-provas-caderno-de-prova-direito-do-trabalho-fmjw4h-pdf","storage/content/oab/2010-2-exame/provas/caderno-de-prova-direito-do-trabalho-fmjw4h.pdf","prova PDF","OAB","","","local-only","planejar importacao/conexao","sim","Alta"
"content:storage-content-oab-2010-2-exame-provas-caderno-de-prova-direito-empresarial-1ptnu8-pdf","storage/content/oab/2010-2-exame/provas/caderno-de-prova-direito-empresarial-1ptnu8.pdf","prova PDF","OAB","Direito Empresarial","","local-only","planejar importacao/conexao","nao","Alta"
"content:storage-content-oab-2010-2-exame-provas-caderno-de-prova-direito-penal-10c8zo-pdf","storage/content/oab/2010-2-exame/provas/caderno-de-prova-direito-penal-10c8zo.pdf","prova PDF","OAB","Direito Penal","","local-only","planejar importacao/conexao","nao","Alta"
"content:storage-content-oab-2010-2-exame-provas-caderno-de-prova-direito-tributario-1nxefc-pdf","storage/content/oab/2010-2-exame/provas/caderno-de-prova-direito-tributario-1nxefc.pdf","prova PDF","OAB","Direito Tributário","","local-only","planejar importacao/conexao","nao","Alta"
"content:storage-content-oab-2010-2-exame-questoes-questoes-extraidas-json","storage/content/oab/2010-2-exame/questoes/questoes-extraidas.json","banco de questões","OAB","Ética Profissional","2010-2o Exame OAB - Questao 1","local-only","planejar importacao/conexao","nao","Alta"
"content:storage-content-oab-2010-3-exame-metadata-json","storage/content/oab/2010-3-exame/metadata.json","container pedagógico","OAB","","","local-only","planejar importacao/conexao","sim","Alta"
"content:storage-content-oab-21-exame-gabaritos-gabaritos-preliminares-da-prova-objetiva-1-fase-rv9","storage/content/oab/21-exame/gabaritos/gabaritos-preliminares-da-prova-objetiva-1-fase-rv9qdu.pdf","gabarito/padrão de resposta","OAB","","","local-only","planejar importacao/conexao","sim","Alta"
"content:storage-content-oab-21-exame-metadata-json","storage/content/oab/21-exame/metadata.json","container pedagógico","OAB","","","local-only","planejar importacao/conexao","sim","Alta"
"content:storage-content-oab-21-exame-provas-caderno-de-prova-tipo-1-l5p1dl-pdf","storage/content/oab/21-exame/provas/caderno-de-prova-tipo-1-l5p1dl.pdf","prova PDF","OAB","","","local-only","planejar importacao/conexao","sim","Alta"
"content:storage-content-oab-21-exame-provas-caderno-de-prova-tipo-2-1g9l1x-pdf","storage/content/oab/21-exame/provas/caderno-de-prova-tipo-2-1g9l1x.pdf","prova PDF","OAB","","","local-only","planejar importacao/conexao","sim","Alta"
"content:storage-content-oab-21-exame-provas-caderno-de-prova-tipo-3-c5mgwq-pdf","storage/content/oab/21-exame/provas/caderno-de-prova-tipo-3-c5mgwq.pdf","prova PDF","OAB","","","local-only","planejar importacao/conexao","sim","Alta"
"content:storage-content-oab-21-exame-provas-caderno-de-prova-tipo-4-172rxv-pdf","storage/content/oab/21-exame/provas/caderno-de-prova-tipo-4-172rxv.pdf","prova PDF","OAB","","","local-only","planejar importacao/conexao","sim","Alta"
"content:storage-content-oab-21-exame-provas-caderno-de-provas-direito-administrativo-s0c6e9-pdf","storage/content/oab/21-exame/provas/caderno-de-provas-direito-administrativo-s0c6e9.pdf","prova PDF","OAB","Direito Administrativo","","local-only","planejar importacao/conexao","nao","Alta"
"content:storage-content-oab-21-exame-provas-caderno-de-provas-direito-civil-hk4onq-pdf","storage/content/oab/21-exame/provas/caderno-de-provas-direito-civil-hk4onq.pdf","prova PDF","OAB","","","local-only","planejar importacao/conexao","sim","Alta"
"content:storage-content-oab-21-exame-provas-caderno-de-provas-direito-constitucional-16hlwp-pdf","storage/content/oab/21-exame/provas/caderno-de-provas-direito-constitucional-16hlwp.pdf","prova PDF","OAB","Direito Constitucional","","local-only","planejar importacao/conexao","nao","Alta"
"content:storage-content-oab-21-exame-provas-caderno-de-provas-direito-do-trabalho-186spb-pdf","storage/content/oab/21-exame/provas/caderno-de-provas-direito-do-trabalho-186spb.pdf","prova PDF","OAB","","","local-only","planejar importacao/conexao","sim","Alta"
"content:storage-content-oab-21-exame-provas-caderno-de-provas-direito-empresarial-1423pp-pdf","storage/content/oab/21-exame/provas/caderno-de-provas-direito-empresarial-1423pp.pdf","prova PDF","OAB","Direito Empresarial","","local-only","planejar importacao/conexao","nao","Alta"
"content:storage-content-oab-21-exame-provas-caderno-de-provas-direito-penal-j5l4cg-pdf","storage/content/oab/21-exame/provas/caderno-de-provas-direito-penal-j5l4cg.pdf","prova PDF","OAB","Direito Penal","","local-only","planejar importacao/conexao","nao","Alta"
"content:storage-content-oab-21-exame-provas-caderno-de-provas-direito-tributario-yctc4-pdf","storage/content/oab/21-exame/provas/caderno-de-provas-direito-tributario-yctc4.pdf","prova PDF","OAB","Direito Tributário","","local-only","planejar importacao/conexao","nao","Alta"
"content:storage-content-oab-21-exame-questoes-questoes-extraidas-json","storage/content/oab/21-exame/questoes/questoes-extraidas.json","banco de questões","OAB","Ética Profissional","21o Exame OAB - Questao 1","local-only","planejar importacao/conexao","nao","Alta"
"content:storage-content-oab-22-exame-gabaritos-gabaritos-preliminares-da-prova-objetiva-1-fase-mzc","storage/content/oab/22-exame/gabaritos/gabaritos-preliminares-da-prova-objetiva-1-fase-mzcemy.pdf","gabarito/padrão de resposta","OAB","","","local-only","planejar importacao/conexao","sim","Alta"
"content:storage-content-oab-22-exame-metadata-json","storage/content/oab/22-exame/metadata.json","container pedagógico","OAB","","","local-only","planejar importacao/conexao","sim","Alta"
"content:storage-content-oab-22-exame-provas-caderno-de-prova-tipo-1-13b7mz-pdf","storage/content/oab/22-exame/provas/caderno-de-prova-tipo-1-13b7mz.pdf","prova PDF","OAB","","","local-only","planejar importacao/conexao","sim","Alta"
"content:storage-content-oab-22-exame-provas-caderno-de-prova-tipo-2-ufp8vd-pdf","storage/content/oab/22-exame/provas/caderno-de-prova-tipo-2-ufp8vd.pdf","prova PDF","OAB","","","local-only","planejar importacao/conexao","sim","Alta"
"content:storage-content-oab-22-exame-provas-caderno-de-prova-tipo-3-1hz8f5-pdf","storage/content/oab/22-exame/provas/caderno-de-prova-tipo-3-1hz8f5.pdf","prova PDF","OAB","","","local-only","planejar importacao/conexao","sim","Alta"
"content:storage-content-oab-22-exame-provas-caderno-de-prova-tipo-4-f45v7w-pdf","storage/content/oab/22-exame/provas/caderno-de-prova-tipo-4-f45v7w.pdf","prova PDF","OAB","","","local-only","planejar importacao/conexao","sim","Alta"
"content:storage-content-oab-22-exame-provas-caderno-de-provas-direito-administrativo-191tz4-pdf","storage/content/oab/22-exame/provas/caderno-de-provas-direito-administrativo-191tz4.pdf","prova PDF","OAB","Direito Administrativo","","local-only","planejar importacao/conexao","nao","Alta"
"content:storage-content-oab-22-exame-provas-caderno-de-provas-direito-civil-1h1oj4-pdf","storage/content/oab/22-exame/provas/caderno-de-provas-direito-civil-1h1oj4.pdf","prova PDF","OAB","","","local-only","planejar importacao/conexao","sim","Alta"
"content:storage-content-oab-22-exame-provas-caderno-de-provas-direito-constitucional-1sjbr2-pdf","storage/content/oab/22-exame/provas/caderno-de-provas-direito-constitucional-1sjbr2.pdf","prova PDF","OAB","Direito Constitucional","","local-only","planejar importacao/conexao","nao","Alta"
"content:storage-content-oab-22-exame-provas-caderno-de-provas-direito-do-trabalho-12bkwq-pdf","storage/content/oab/22-exame/provas/caderno-de-provas-direito-do-trabalho-12bkwq.pdf","prova PDF","OAB","","","local-only","planejar importacao/conexao","sim","Alta"
"content:storage-content-oab-22-exame-provas-caderno-de-provas-direito-empresarial-fmwp31-pdf","storage/content/oab/22-exame/provas/caderno-de-provas-direito-empresarial-fmwp31.pdf","prova PDF","OAB","Direito Empresarial","","local-only","planejar importacao/conexao","nao","Alta"
"content:storage-content-oab-22-exame-provas-caderno-de-provas-direito-penal-gu1b5q-pdf","storage/content/oab/22-exame/provas/caderno-de-provas-direito-penal-gu1b5q.pdf","prova PDF","OAB","Direito Penal","","local-only","planejar importacao/conexao","nao","Alta"
"content:storage-content-oab-22-exame-provas-caderno-de-provas-direito-tributario-1x570d-pdf","storage/content/oab/22-exame/provas/caderno-de-provas-direito-tributario-1x570d.pdf","prova PDF","OAB","Direito Tributário","","local-only","planejar importacao/conexao","nao","Alta"
"content:storage-content-oab-22-exame-questoes-questoes-extraidas-json","storage/content/oab/22-exame/questoes/questoes-extraidas.json","banco de questões","OAB","Ética Profissional","22o Exame OAB - Questao 1","local-only","planejar importacao/conexao","nao","Alta"
"content:storage-content-oab-23-exame-gabaritos-gabaritos-preliminares-da-prova-objetiva-1-fase-1oj","storage/content/oab/23-exame/gabaritos/gabaritos-preliminares-da-prova-objetiva-1-fase-1ojpwd.pdf","gabarito/padrão de resposta","OAB","","","local-only","planejar importacao/conexao","sim","Alta"
"content:storage-content-oab-23-exame-metadata-json","storage/content/oab/23-exame/metadata.json","container pedagógico","OAB","","","local-only","planejar importacao/conexao","sim","Alta"
"content:storage-content-oab-23-exame-provas-caderno-de-prova-tipo-1-1c1xvg-pdf","storage/content/oab/23-exame/provas/caderno-de-prova-tipo-1-1c1xvg.pdf","prova PDF","OAB","","","local-only","planejar importacao/conexao","sim","Alta"
"content:storage-content-oab-23-exame-provas-caderno-de-prova-tipo-2-1iefak-pdf","storage/content/oab/23-exame/provas/caderno-de-prova-tipo-2-1iefak.pdf","prova PDF","OAB","","","local-only","planejar importacao/conexao","sim","Alta"
"content:storage-content-oab-23-exame-provas-caderno-de-prova-tipo-3-ysnkop-pdf","storage/content/oab/23-exame/provas/caderno-de-prova-tipo-3-ysnkop.pdf","prova PDF","OAB","","","local-only","planejar importacao/conexao","sim","Alta"
"content:storage-content-oab-23-exame-provas-caderno-de-prova-tipo-4-ljdfnt-pdf","storage/content/oab/23-exame/provas/caderno-de-prova-tipo-4-ljdfnt.pdf","prova PDF","OAB","","","local-only","planejar importacao/conexao","sim","Alta"
"content:storage-content-oab-23-exame-provas-caderno-de-provas-direito-administrativo-y6jdmh-pdf","storage/content/oab/23-exame/provas/caderno-de-provas-direito-administrativo-y6jdmh.pdf","prova PDF","OAB","Direito Administrativo","","local-only","planejar importacao/conexao","nao","Alta"
"content:storage-content-oab-23-exame-provas-caderno-de-provas-direito-civil-hj8jk8-pdf","storage/content/oab/23-exame/provas/caderno-de-provas-direito-civil-hj8jk8.pdf","prova PDF","OAB","","","local-only","planejar importacao/conexao","sim","Alta"
"content:storage-content-oab-23-exame-provas-caderno-de-provas-direito-constitucional-1fuojd-pdf","storage/content/oab/23-exame/provas/caderno-de-provas-direito-constitucional-1fuojd.pdf","prova PDF","OAB","Direito Constitucional","","local-only","planejar importacao/conexao","nao","Alta"
"content:storage-content-oab-23-exame-provas-caderno-de-provas-direito-do-trabalho-1et8my-pdf","storage/content/oab/23-exame/provas/caderno-de-provas-direito-do-trabalho-1et8my.pdf","prova PDF","OAB","","","local-only","planejar importacao/conexao","sim","Alta"
"content:storage-content-oab-23-exame-provas-caderno-de-provas-direito-empresarial-vbdzef-pdf","storage/content/oab/23-exame/provas/caderno-de-provas-direito-empresarial-vbdzef.pdf","prova PDF","OAB","Direito Empresarial","","local-only","planejar importacao/conexao","nao","Alta"
"content:storage-content-oab-23-exame-provas-caderno-de-provas-direito-penal-ahpwjf-pdf","storage/content/oab/23-exame/provas/caderno-de-provas-direito-penal-ahpwjf.pdf","prova PDF","OAB","Direito Penal","","local-only","planejar importacao/conexao","nao","Alta"
"content:storage-content-oab-23-exame-provas-caderno-de-provas-direito-tributario-1sr5xa-pdf","storage/content/oab/23-exame/provas/caderno-de-provas-direito-tributario-1sr5xa.pdf","prova PDF","OAB","Direito Tributário","","local-only","planejar importacao/conexao","nao","Alta"
"content:storage-content-oab-23-exame-questoes-questoes-extraidas-json","storage/content/oab/23-exame/questoes/questoes-extraidas.json","banco de questões","OAB","Ética Profissional","23o Exame OAB - Questao 1","local-only","planejar importacao/conexao","nao","Alta"
"content:storage-content-oab-24-exame-gabaritos-gabaritos-preliminares-da-prova-objetiva-1-fase-9c1","storage/content/oab/24-exame/gabaritos/gabaritos-preliminares-da-prova-objetiva-1-fase-9c1rjf.pdf","gabarito/padrão de resposta","OAB","","","local-only","planejar importacao/conexao","sim","Alta"
"content:storage-content-oab-24-exame-metadata-json","storage/content/oab/24-exame/metadata.json","container pedagógico","OAB","","","local-only","planejar importacao/conexao","sim","Alta"
"content:storage-content-oab-24-exame-provas-caderno-de-prova-tipo-1-49qjjq-pdf","storage/content/oab/24-exame/provas/caderno-de-prova-tipo-1-49qjjq.pdf","prova PDF","OAB","","","local-only","planejar importacao/conexao","sim","Alta"
"content:storage-content-oab-24-exame-provas-caderno-de-prova-tipo-2-111h6i-pdf","storage/content/oab/24-exame/provas/caderno-de-prova-tipo-2-111h6i.pdf","prova PDF","OAB","","","local-only","planejar importacao/conexao","sim","Alta"
"content:storage-content-oab-24-exame-provas-caderno-de-prova-tipo-3-4odvg5-pdf","storage/content/oab/24-exame/provas/caderno-de-prova-tipo-3-4odvg5.pdf","prova PDF","OAB","","","local-only","planejar importacao/conexao","sim","Alta"
"content:storage-content-oab-24-exame-provas-caderno-de-prova-tipo-4-6f5zoy-pdf","storage/content/oab/24-exame/provas/caderno-de-prova-tipo-4-6f5zoy.pdf","prova PDF","OAB","","","local-only","planejar importacao/conexao","sim","Alta"
"content:storage-content-oab-24-exame-provas-caderno-de-provas-direito-administrativo-5ubhw-pdf","storage/content/oab/24-exame/provas/caderno-de-provas-direito-administrativo-5ubhw.pdf","prova PDF","OAB","Direito Administrativo","","local-only","planejar importacao/conexao","nao","Alta"
"content:storage-content-oab-24-exame-provas-caderno-de-provas-direito-civil-19iftj-pdf","storage/content/oab/24-exame/provas/caderno-de-provas-direito-civil-19iftj.pdf","prova PDF","OAB","","","local-only","planejar importacao/conexao","sim","Alta"
"content:storage-content-oab-24-exame-provas-caderno-de-provas-direito-constitucional-n0zgmw-pdf","storage/content/oab/24-exame/provas/caderno-de-provas-direito-constitucional-n0zgmw.pdf","prova PDF","OAB","Direito Constitucional","","local-only","planejar importacao/conexao","nao","Alta"
"content:storage-content-oab-24-exame-provas-caderno-de-provas-direito-do-trabalho-1yfvfn-pdf","storage/content/oab/24-exame/provas/caderno-de-provas-direito-do-trabalho-1yfvfn.pdf","prova PDF","OAB","","","local-only","planejar importacao/conexao","sim","Alta"
"content:storage-content-oab-24-exame-provas-caderno-de-provas-direito-empresarial-iz0gam-pdf","storage/content/oab/24-exame/provas/caderno-de-provas-direito-empresarial-iz0gam.pdf","prova PDF","OAB","Direito Empresarial","","local-only","planejar importacao/conexao","nao","Alta"
"content:storage-content-oab-24-exame-provas-caderno-de-provas-direito-penal-g2zlgb-pdf","storage/content/oab/24-exame/provas/caderno-de-provas-direito-penal-g2zlgb.pdf","prova PDF","OAB","Direito Penal","","local-only","planejar importacao/conexao","nao","Alta"
"content:storage-content-oab-24-exame-provas-caderno-de-provas-direito-tributario-tmwwol-pdf","storage/content/oab/24-exame/provas/caderno-de-provas-direito-tributario-tmwwol.pdf","prova PDF","OAB","Direito Tributário","","local-only","planejar importacao/conexao","nao","Alta"
"content:storage-content-oab-24-exame-questoes-questoes-extraidas-json","storage/content/oab/24-exame/questoes/questoes-extraidas.json","banco de questões","OAB","Ética Profissional","24o Exame OAB - Questao 1","local-only","planejar importacao/conexao","nao","Alta"
"content:storage-content-oab-25-exame-gabaritos-gabaritos-preliminares-da-prova-objetiva-1-fase-18q","storage/content/oab/25-exame/gabaritos/gabaritos-preliminares-da-prova-objetiva-1-fase-18qbq1.pdf","gabarito/padrão de resposta","OAB","","","local-only","planejar importacao/conexao","sim","Alta"
"content:storage-content-oab-25-exame-metadata-json","storage/content/oab/25-exame/metadata.json","container pedagógico","OAB","","","local-only","planejar importacao/conexao","sim","Alta"
"content:storage-content-oab-25-exame-provas-caderno-de-prova-tipo-1-1tybaf-pdf","storage/content/oab/25-exame/provas/caderno-de-prova-tipo-1-1tybaf.pdf","prova PDF","OAB","","","local-only","planejar importacao/conexao","sim","Alta"
"content:storage-content-oab-25-exame-provas-caderno-de-prova-tipo-2-1pw0c6-pdf","storage/content/oab/25-exame/provas/caderno-de-prova-tipo-2-1pw0c6.pdf","prova PDF","OAB","","","local-only","planejar importacao/conexao","sim","Alta"
"content:storage-content-oab-25-exame-provas-caderno-de-prova-tipo-3-1scjjx-pdf","storage/content/oab/25-exame/provas/caderno-de-prova-tipo-3-1scjjx.pdf","prova PDF","OAB","","","local-only","planejar importacao/conexao","sim","Alta"
"content:storage-content-oab-25-exame-provas-caderno-de-prova-tipo-4-5l4ybe-pdf","storage/content/oab/25-exame/provas/caderno-de-prova-tipo-4-5l4ybe.pdf","prova PDF","OAB","","","local-only","planejar importacao/conexao","sim","Alta"
"content:storage-content-oab-25-exame-provas-caderno-de-provas-direito-administrativo-dj21d2-pdf","storage/content/oab/25-exame/provas/caderno-de-provas-direito-administrativo-dj21d2.pdf","prova PDF","OAB","Direito Administrativo","","local-only","planejar importacao/conexao","nao","Alta"
"content:storage-content-oab-25-exame-provas-caderno-de-provas-direito-administrativo-porto-alegre-","storage/content/oab/25-exame/provas/caderno-de-provas-direito-administrativo-porto-alegre-rs-10826q.pdf","prova PDF","OAB","Direito Administrativo","","local-only","planejar importacao/conexao","nao","Alta"
"content:storage-content-oab-25-exame-provas-caderno-de-provas-direito-civil-1wcqbn-pdf","storage/content/oab/25-exame/provas/caderno-de-provas-direito-civil-1wcqbn.pdf","prova PDF","OAB","","","local-only","planejar importacao/conexao","sim","Alta"
"content:storage-content-oab-25-exame-provas-caderno-de-provas-direito-civil-porto-alegre-rs-se63et","storage/content/oab/25-exame/provas/caderno-de-provas-direito-civil-porto-alegre-rs-se63et.pdf","prova PDF","OAB","","","local-only","planejar importacao/conexao","sim","Alta"
"content:storage-content-oab-25-exame-provas-caderno-de-provas-direito-constitucional-1yv27n-pdf","storage/content/oab/25-exame/provas/caderno-de-provas-direito-constitucional-1yv27n.pdf","prova PDF","OAB","Direito Constitucional","","local-only","planejar importacao/conexao","nao","Alta"
"content:storage-content-oab-25-exame-provas-caderno-de-provas-direito-constitucional-porto-alegre-","storage/content/oab/25-exame/provas/caderno-de-provas-direito-constitucional-porto-alegre-rs-lj1fuj.pdf","prova PDF","OAB","Direito Constitucional","","local-only","planejar importacao/conexao","nao","Alta"
"content:storage-content-oab-25-exame-provas-caderno-de-provas-direito-do-trabalho-1x22dq-pdf","storage/content/oab/25-exame/provas/caderno-de-provas-direito-do-trabalho-1x22dq.pdf","prova PDF","OAB","","","local-only","planejar importacao/conexao","sim","Alta"
"content:storage-content-oab-25-exame-provas-caderno-de-provas-direito-do-trabalho-porto-alegre-rs-","storage/content/oab/25-exame/provas/caderno-de-provas-direito-do-trabalho-porto-alegre-rs-n1vbxj.pdf","prova PDF","OAB","","","local-only","planejar importacao/conexao","sim","Alta"
"content:storage-content-oab-25-exame-provas-caderno-de-provas-direito-empresarial-14yoar-pdf","storage/content/oab/25-exame/provas/caderno-de-provas-direito-empresarial-14yoar.pdf","prova PDF","OAB","Direito Empresarial","","local-only","planejar importacao/conexao","nao","Alta"
"content:storage-content-oab-25-exame-provas-caderno-de-provas-direito-empresarial-porto-alegre-rs-","storage/content/oab/25-exame/provas/caderno-de-provas-direito-empresarial-porto-alegre-rs-4qsfvz.pdf","prova PDF","OAB","Direito Empresarial","","local-only","planejar importacao/conexao","nao","Alta"
"content:storage-content-oab-25-exame-provas-caderno-de-provas-direito-penal-1kq6ok-pdf","storage/content/oab/25-exame/provas/caderno-de-provas-direito-penal-1kq6ok.pdf","prova PDF","OAB","Direito Penal","","local-only","planejar importacao/conexao","nao","Alta"
"content:storage-content-oab-25-exame-provas-caderno-de-provas-direito-penal-porto-alegre-rs-i3r0q9","storage/content/oab/25-exame/provas/caderno-de-provas-direito-penal-porto-alegre-rs-i3r0q9.pdf","prova PDF","OAB","Direito Penal","","local-only","planejar importacao/conexao","nao","Alta"
"content:storage-content-oab-25-exame-provas-caderno-de-provas-direito-tributario-1hjvkm-pdf","storage/content/oab/25-exame/provas/caderno-de-provas-direito-tributario-1hjvkm.pdf","prova PDF","OAB","Direito Tributário","","local-only","planejar importacao/conexao","nao","Alta"
"content:storage-content-oab-25-exame-provas-caderno-de-provas-direito-tributario-porto-alegre-rs-1","storage/content/oab/25-exame/provas/caderno-de-provas-direito-tributario-porto-alegre-rs-1jgoh7.pdf","prova PDF","OAB","Direito Tributário","","local-only","planejar importacao/conexao","nao","Alta"
"content:storage-content-oab-25-exame-questoes-questoes-extraidas-json","storage/content/oab/25-exame/questoes/questoes-extraidas.json","banco de questões","OAB","Ética Profissional","25o Exame OAB - Questao 1","local-only","planejar importacao/conexao","nao","Alta"
"content:storage-content-oab-26-exame-gabaritos-gabaritos-preliminares-da-prova-objetiva-1-fase-atu","storage/content/oab/26-exame/gabaritos/gabaritos-preliminares-da-prova-objetiva-1-fase-atualizado-em-06.08.2018-1sxrjv.pdf","gabarito/padrão de resposta","OAB","","","local-only","planejar importacao/conexao","sim","Alta"
"content:storage-content-oab-26-exame-metadata-json","storage/content/oab/26-exame/metadata.json","container pedagógico","OAB","","","local-only","planejar importacao/conexao","sim","Alta"
"content:storage-content-oab-26-exame-provas-caderno-de-prova-tipo-1-8hrwbk-pdf","storage/content/oab/26-exame/provas/caderno-de-prova-tipo-1-8hrwbk.pdf","prova PDF","OAB","","","local-only","planejar importacao/conexao","sim","Alta"
"content:storage-content-oab-26-exame-provas-caderno-de-prova-tipo-2-y20qzm-pdf","storage/content/oab/26-exame/provas/caderno-de-prova-tipo-2-y20qzm.pdf","prova PDF","OAB","","","local-only","planejar importacao/conexao","sim","Alta"
"content:storage-content-oab-26-exame-provas-caderno-de-prova-tipo-3-1aeey7-pdf","storage/content/oab/26-exame/provas/caderno-de-prova-tipo-3-1aeey7.pdf","prova PDF","OAB","","","local-only","planejar importacao/conexao","sim","Alta"
"content:storage-content-oab-26-exame-provas-caderno-de-prova-tipo-4-135evz-pdf","storage/content/oab/26-exame/provas/caderno-de-prova-tipo-4-135evz.pdf","prova PDF","OAB","","","local-only","planejar importacao/conexao","sim","Alta"
"content:storage-content-oab-26-exame-provas-caderno-de-provas-direito-administrativo-1s4jjy-pdf","storage/content/oab/26-exame/provas/caderno-de-provas-direito-administrativo-1s4jjy.pdf","prova PDF","OAB","Direito Administrativo","","local-only","planejar importacao/conexao","nao","Alta"
"content:storage-content-oab-26-exame-provas-caderno-de-provas-direito-civil-9ltbgf-pdf","storage/content/oab/26-exame/provas/caderno-de-provas-direito-civil-9ltbgf.pdf","prova PDF","OAB","","","local-only","planejar importacao/conexao","sim","Alta"
"content:storage-content-oab-26-exame-provas-caderno-de-provas-direito-constitucional-5rajdq-pdf","storage/content/oab/26-exame/provas/caderno-de-provas-direito-constitucional-5rajdq.pdf","prova PDF","OAB","Direito Constitucional","","local-only","planejar importacao/conexao","nao","Alta"
"content:storage-content-oab-26-exame-provas-caderno-de-provas-direito-do-trabalho-1aiohq-pdf","storage/content/oab/26-exame/provas/caderno-de-provas-direito-do-trabalho-1aiohq.pdf","prova PDF","OAB","","","local-only","planejar importacao/conexao","sim","Alta"
"content:storage-content-oab-26-exame-provas-caderno-de-provas-direito-empresarial-1knu8b-pdf","storage/content/oab/26-exame/provas/caderno-de-provas-direito-empresarial-1knu8b.pdf","prova PDF","OAB","Direito Empresarial","","local-only","planejar importacao/conexao","nao","Alta"
"content:storage-content-oab-26-exame-provas-caderno-de-provas-direito-penal-q3hxlz-pdf","storage/content/oab/26-exame/provas/caderno-de-provas-direito-penal-q3hxlz.pdf","prova PDF","OAB","Direito Penal","","local-only","planejar importacao/conexao","nao","Alta"
"content:storage-content-oab-26-exame-provas-caderno-de-provas-direito-tributario-i6gfn5-pdf","storage/content/oab/26-exame/provas/caderno-de-provas-direito-tributario-i6gfn5.pdf","prova PDF","OAB","Direito Tributário","","local-only","planejar importacao/conexao","nao","Alta"
"content:storage-content-oab-26-exame-questoes-questoes-extraidas-json","storage/content/oab/26-exame/questoes/questoes-extraidas.json","banco de questões","OAB","Ética Profissional","26o Exame OAB - Questao 1","local-only","planejar importacao/conexao","nao","Alta"
"content:storage-content-oab-27-exame-gabaritos-gabaritos-preliminares-da-prova-objetiva-1-fase-ret","storage/content/oab/27-exame/gabaritos/gabaritos-preliminares-da-prova-objetiva-1-fase-retificado-em-19.11.2018-13i9pd.pdf","gabarito/padrão de resposta","OAB","","","local-only","planejar importacao/conexao","sim","Alta"
"content:storage-content-oab-27-exame-metadata-json","storage/content/oab/27-exame/metadata.json","container pedagógico","OAB","","","local-only","planejar importacao/conexao","sim","Alta"
"content:storage-content-oab-27-exame-provas-caderno-de-prova-tipo-1-n8lbvy-pdf","storage/content/oab/27-exame/provas/caderno-de-prova-tipo-1-n8lbvy.pdf","prova PDF","OAB","","","local-only","planejar importacao/conexao","sim","Alta"
"content:storage-content-oab-27-exame-provas-caderno-de-prova-tipo-2-7pcpql-pdf","storage/content/oab/27-exame/provas/caderno-de-prova-tipo-2-7pcpql.pdf","prova PDF","OAB","","","local-only","planejar importacao/conexao","sim","Alta"
"content:storage-content-oab-27-exame-provas-caderno-de-prova-tipo-3-2oor9w-pdf","storage/content/oab/27-exame/provas/caderno-de-prova-tipo-3-2oor9w.pdf","prova PDF","OAB","","","local-only","planejar importacao/conexao","sim","Alta"
"content:storage-content-oab-27-exame-provas-caderno-de-prova-tipo-4-19v5tb-pdf","storage/content/oab/27-exame/provas/caderno-de-prova-tipo-4-19v5tb.pdf","prova PDF","OAB","","","local-only","planejar importacao/conexao","sim","Alta"
"content:storage-content-oab-27-exame-provas-caderno-de-provas-direito-administrativo-1yux7c-pdf","storage/content/oab/27-exame/provas/caderno-de-provas-direito-administrativo-1yux7c.pdf","prova PDF","OAB","Direito Administrativo","","local-only","planejar importacao/conexao","nao","Alta"
"content:storage-content-oab-27-exame-provas-caderno-de-provas-direito-civil-9u08je-pdf","storage/content/oab/27-exame/provas/caderno-de-provas-direito-civil-9u08je.pdf","prova PDF","OAB","","","local-only","planejar importacao/conexao","sim","Alta"
"content:storage-content-oab-27-exame-provas-caderno-de-provas-direito-constitucional-1mdcos-pdf","storage/content/oab/27-exame/provas/caderno-de-provas-direito-constitucional-1mdcos.pdf","prova PDF","OAB","Direito Constitucional","","local-only","planejar importacao/conexao","nao","Alta"
"content:storage-content-oab-27-exame-provas-caderno-de-provas-direito-do-trabalho-lb0oyy-pdf","storage/content/oab/27-exame/provas/caderno-de-provas-direito-do-trabalho-lb0oyy.pdf","prova PDF","OAB","","","local-only","planejar importacao/conexao","sim","Alta"
"content:storage-content-oab-27-exame-provas-caderno-de-provas-direito-empresarial-6uvocn-pdf","storage/content/oab/27-exame/provas/caderno-de-provas-direito-empresarial-6uvocn.pdf","prova PDF","OAB","Direito Empresarial","","local-only","planejar importacao/conexao","nao","Alta"
"content:storage-content-oab-27-exame-provas-caderno-de-provas-direito-penal-zvkr8-pdf","storage/content/oab/27-exame/provas/caderno-de-provas-direito-penal-zvkr8.pdf","prova PDF","OAB","Direito Penal","","local-only","planejar importacao/conexao","nao","Alta"
"content:storage-content-oab-27-exame-provas-caderno-de-provas-direito-tributario-18qc4f-pdf","storage/content/oab/27-exame/provas/caderno-de-provas-direito-tributario-18qc4f.pdf","prova PDF","OAB","Direito Tributário","","local-only","planejar importacao/conexao","nao","Alta"
"content:storage-content-oab-27-exame-questoes-questoes-extraidas-json","storage/content/oab/27-exame/questoes/questoes-extraidas.json","banco de questões","OAB","Ética Profissional","27o Exame OAB - Questao 1","local-only","planejar importacao/conexao","nao","Alta"
"content:storage-content-oab-28-exame-gabaritos-gabaritos-preliminares-da-prova-objetiva-1-fase-ret","storage/content/oab/28-exame/gabaritos/gabaritos-preliminares-da-prova-objetiva-1-fase-retificado-em-19.03.2019-166b6o.pdf","gabarito/padrão de resposta","OAB","","","local-only","planejar importacao/conexao","sim","Alta"
"content:storage-content-oab-28-exame-metadata-json","storage/content/oab/28-exame/metadata.json","container pedagógico","OAB","","","local-only","planejar importacao/conexao","sim","Alta"
"content:storage-content-oab-28-exame-provas-caderno-de-prova-tipo-1-5ejlci-pdf","storage/content/oab/28-exame/provas/caderno-de-prova-tipo-1-5ejlci.pdf","prova PDF","OAB","","","local-only","planejar importacao/conexao","sim","Alta"
"content:storage-content-oab-28-exame-provas-caderno-de-prova-tipo-2-4wwn2u-pdf","storage/content/oab/28-exame/provas/caderno-de-prova-tipo-2-4wwn2u.pdf","prova PDF","OAB","","","local-only","planejar importacao/conexao","sim","Alta"
"content:storage-content-oab-28-exame-provas-caderno-de-prova-tipo-3-xocsfv-pdf","storage/content/oab/28-exame/provas/caderno-de-prova-tipo-3-xocsfv.pdf","prova PDF","OAB","","","local-only","planejar importacao/conexao","sim","Alta"
"content:storage-content-oab-28-exame-provas-caderno-de-prova-tipo-4-umqj1v-pdf","storage/content/oab/28-exame/provas/caderno-de-prova-tipo-4-umqj1v.pdf","prova PDF","OAB","","","local-only","planejar importacao/conexao","sim","Alta"
"content:storage-content-oab-28-exame-provas-caderno-de-provas-direito-administrativo-9zp750-pdf","storage/content/oab/28-exame/provas/caderno-de-provas-direito-administrativo-9zp750.pdf","prova PDF","OAB","Direito Administrativo","","local-only","planejar importacao/conexao","nao","Alta"
"content:storage-content-oab-28-exame-provas-caderno-de-provas-direito-civil-fe8wt0-pdf","storage/content/oab/28-exame/provas/caderno-de-provas-direito-civil-fe8wt0.pdf","prova PDF","OAB","","","local-only","planejar importacao/conexao","sim","Alta"
"content:storage-content-oab-28-exame-provas-caderno-de-provas-direito-constitucional-1yx6il-pdf","storage/content/oab/28-exame/provas/caderno-de-provas-direito-constitucional-1yx6il.pdf","prova PDF","OAB","Direito Constitucional","","local-only","planejar importacao/conexao","nao","Alta"
"content:storage-content-oab-28-exame-provas-caderno-de-provas-direito-do-trabalho-1r2aor-pdf","storage/content/oab/28-exame/provas/caderno-de-provas-direito-do-trabalho-1r2aor.pdf","prova PDF","OAB","","","local-only","planejar importacao/conexao","sim","Alta"
"content:storage-content-oab-28-exame-provas-caderno-de-provas-direito-empresarial-1n2l2q-pdf","storage/content/oab/28-exame/provas/caderno-de-provas-direito-empresarial-1n2l2q.pdf","prova PDF","OAB","Direito Empresarial","","local-only","planejar importacao/conexao","nao","Alta"
"content:storage-content-oab-28-exame-provas-caderno-de-provas-direito-penal-8yd7j7-pdf","storage/content/oab/28-exame/provas/caderno-de-provas-direito-penal-8yd7j7.pdf","prova PDF","OAB","Direito Penal","","local-only","planejar importacao/conexao","nao","Alta"
"content:storage-content-oab-28-exame-provas-caderno-de-provas-direito-tributario-1uktuz-pdf","storage/content/oab/28-exame/provas/caderno-de-provas-direito-tributario-1uktuz.pdf","prova PDF","OAB","Direito Tributário","","local-only","planejar importacao/conexao","nao","Alta"
"content:storage-content-oab-28-exame-questoes-questoes-extraidas-json","storage/content/oab/28-exame/questoes/questoes-extraidas.json","banco de questões","OAB","Ética Profissional","28o Exame OAB - Questao 1","local-only","planejar importacao/conexao","nao","Alta"
"content:storage-content-oab-29-exame-gabaritos-gabaritos-preliminares-da-prova-objetiva-1-fase-fay","storage/content/oab/29-exame/gabaritos/gabaritos-preliminares-da-prova-objetiva-1-fase-fayxg3.pdf","gabarito/padrão de resposta","OAB","","","local-only","planejar importacao/conexao","sim","Alta"
"content:storage-content-oab-29-exame-metadata-json","storage/content/oab/29-exame/metadata.json","container pedagógico","OAB","","","local-only","planejar importacao/conexao","sim","Alta"
"content:storage-content-oab-29-exame-provas-caderno-de-prova-tipo-1-gajlkk-pdf","storage/content/oab/29-exame/provas/caderno-de-prova-tipo-1-gajlkk.pdf","prova PDF","OAB","","","local-only","planejar importacao/conexao","sim","Alta"
"content:storage-content-oab-29-exame-provas-caderno-de-prova-tipo-2-8cy85q-pdf","storage/content/oab/29-exame/provas/caderno-de-prova-tipo-2-8cy85q.pdf","prova PDF","OAB","","","local-only","planejar importacao/conexao","sim","Alta"
"content:storage-content-oab-29-exame-provas-caderno-de-prova-tipo-3-78hsv9-pdf","storage/content/oab/29-exame/provas/caderno-de-prova-tipo-3-78hsv9.pdf","prova PDF","OAB","","","local-only","planejar importacao/conexao","sim","Alta"
"content:storage-content-oab-29-exame-provas-caderno-de-prova-tipo-4-cd4l9-pdf","storage/content/oab/29-exame/provas/caderno-de-prova-tipo-4-cd4l9.pdf","prova PDF","OAB","","","local-only","planejar importacao/conexao","sim","Alta"
"content:storage-content-oab-29-exame-provas-caderno-de-provas-direito-administrativo-3ng1vl-pdf","storage/content/oab/29-exame/provas/caderno-de-provas-direito-administrativo-3ng1vl.pdf","prova PDF","OAB","Direito Administrativo","","local-only","planejar importacao/conexao","nao","Alta"
"content:storage-content-oab-29-exame-provas-caderno-de-provas-direito-civil-f9okl3-pdf","storage/content/oab/29-exame/provas/caderno-de-provas-direito-civil-f9okl3.pdf","prova PDF","OAB","","","local-only","planejar importacao/conexao","sim","Alta"
"content:storage-content-oab-29-exame-provas-caderno-de-provas-direito-constitucional-1lceft-pdf","storage/content/oab/29-exame/provas/caderno-de-provas-direito-constitucional-1lceft.pdf","prova PDF","OAB","Direito Constitucional","","local-only","planejar importacao/conexao","nao","Alta"
"content:storage-content-oab-29-exame-provas-caderno-de-provas-direito-do-trabalho-p4aere-pdf","storage/content/oab/29-exame/provas/caderno-de-provas-direito-do-trabalho-p4aere.pdf","prova PDF","OAB","","","local-only","planejar importacao/conexao","sim","Alta"
"content:storage-content-oab-29-exame-provas-caderno-de-provas-direito-empresarial-v7rzq9-pdf","storage/content/oab/29-exame/provas/caderno-de-provas-direito-empresarial-v7rzq9.pdf","prova PDF","OAB","Direito Empresarial","","local-only","planejar importacao/conexao","nao","Alta"
"content:storage-content-oab-29-exame-provas-caderno-de-provas-direito-penal-1au4t8-pdf","storage/content/oab/29-exame/provas/caderno-de-provas-direito-penal-1au4t8.pdf","prova PDF","OAB","Direito Penal","","local-only","planejar importacao/conexao","nao","Alta"
"content:storage-content-oab-29-exame-provas-caderno-de-provas-direito-tributario-f8b41f-pdf","storage/content/oab/29-exame/provas/caderno-de-provas-direito-tributario-f8b41f.pdf","prova PDF","OAB","Direito Tributário","","local-only","planejar importacao/conexao","nao","Alta"
"content:storage-content-oab-29-exame-questoes-questoes-extraidas-json","storage/content/oab/29-exame/questoes/questoes-extraidas.json","banco de questões","OAB","Ética Profissional","29o Exame OAB - Questao 1","local-only","planejar importacao/conexao","nao","Alta"
"content:storage-content-oab-30-exame-gabaritos-gabaritos-preliminares-da-prova-objetiva-1-fase-1le","storage/content/oab/30-exame/gabaritos/gabaritos-preliminares-da-prova-objetiva-1-fase-1le03g.pdf","gabarito/padrão de resposta","OAB","","","local-only","planejar importacao/conexao","sim","Alta"
"content:storage-content-oab-30-exame-metadata-json","storage/content/oab/30-exame/metadata.json","container pedagógico","OAB","","","local-only","planejar importacao/conexao","sim","Alta"
"content:storage-content-oab-30-exame-provas-caderno-de-prova-tipo-1-1lsa72-pdf","storage/content/oab/30-exame/provas/caderno-de-prova-tipo-1-1lsa72.pdf","prova PDF","OAB","","","local-only","planejar importacao/conexao","sim","Alta"
"content:storage-content-oab-30-exame-provas-caderno-de-prova-tipo-2-n956uf-pdf","storage/content/oab/30-exame/provas/caderno-de-prova-tipo-2-n956uf.pdf","prova PDF","OAB","","","local-only","planejar importacao/conexao","sim","Alta"
"content:storage-content-oab-30-exame-provas-caderno-de-prova-tipo-3-5pmnsc-pdf","storage/content/oab/30-exame/provas/caderno-de-prova-tipo-3-5pmnsc.pdf","prova PDF","OAB","","","local-only","planejar importacao/conexao","sim","Alta"
"content:storage-content-oab-30-exame-provas-caderno-de-prova-tipo-4-7hamwx-pdf","storage/content/oab/30-exame/provas/caderno-de-prova-tipo-4-7hamwx.pdf","prova PDF","OAB","","","local-only","planejar importacao/conexao","sim","Alta"
"content:storage-content-oab-30-exame-provas-caderno-de-provas-direito-administrativo-1vyk4e-pdf","storage/content/oab/30-exame/provas/caderno-de-provas-direito-administrativo-1vyk4e.pdf","prova PDF","OAB","Direito Administrativo","","local-only","planejar importacao/conexao","nao","Alta"
"content:storage-content-oab-30-exame-provas-caderno-de-provas-direito-civil-1i3n85-pdf","storage/content/oab/30-exame/provas/caderno-de-provas-direito-civil-1i3n85.pdf","prova PDF","OAB","","","local-only","planejar importacao/conexao","sim","Alta"
"content:storage-content-oab-30-exame-provas-caderno-de-provas-direito-constitucional-1j4lun-pdf","storage/content/oab/30-exame/provas/caderno-de-provas-direito-constitucional-1j4lun.pdf","prova PDF","OAB","Direito Constitucional","","local-only","planejar importacao/conexao","nao","Alta"
"content:storage-content-oab-30-exame-provas-caderno-de-provas-direito-do-trabalho-1ilxej-pdf","storage/content/oab/30-exame/provas/caderno-de-provas-direito-do-trabalho-1ilxej.pdf","prova PDF","OAB","","","local-only","planejar importacao/conexao","sim","Alta"
"content:storage-content-oab-30-exame-provas-caderno-de-provas-direito-empresarial-g6wvnn-pdf","storage/content/oab/30-exame/provas/caderno-de-provas-direito-empresarial-g6wvnn.pdf","prova PDF","OAB","Direito Empresarial","","local-only","planejar importacao/conexao","nao","Alta"
"content:storage-content-oab-30-exame-provas-caderno-de-provas-direito-penal-1x1q9s-pdf","storage/content/oab/30-exame/provas/caderno-de-provas-direito-penal-1x1q9s.pdf","prova PDF","OAB","Direito Penal","","local-only","planejar importacao/conexao","nao","Alta"
"content:storage-content-oab-30-exame-provas-caderno-de-provas-direito-tributario-9axzpg-pdf","storage/content/oab/30-exame/provas/caderno-de-provas-direito-tributario-9axzpg.pdf","prova PDF","OAB","Direito Tributário","","local-only","planejar importacao/conexao","nao","Alta"
"content:storage-content-oab-30-exame-questoes-questoes-extraidas-json","storage/content/oab/30-exame/questoes/questoes-extraidas.json","banco de questões","OAB","Ética Profissional","30o Exame OAB - Questao 1","local-only","planejar importacao/conexao","nao","Alta"
"content:storage-content-oab-31-exame-gabaritos-gabaritos-preliminares-da-prova-objetiva-1-fase-1er","storage/content/oab/31-exame/gabaritos/gabaritos-preliminares-da-prova-objetiva-1-fase-1erk02.pdf","gabarito/padrão de resposta","OAB","","","local-only","planejar importacao/conexao","sim","Alta"
"content:storage-content-oab-31-exame-metadata-json","storage/content/oab/31-exame/metadata.json","container pedagógico","OAB","","","local-only","planejar importacao/conexao","sim","Alta"
"content:storage-content-oab-31-exame-provas-caderno-de-prova-tipo-1-1ms0lm-pdf","storage/content/oab/31-exame/provas/caderno-de-prova-tipo-1-1ms0lm.pdf","prova PDF","OAB","","","local-only","planejar importacao/conexao","sim","Alta"
"content:storage-content-oab-31-exame-provas-caderno-de-prova-tipo-2-14ld50-pdf","storage/content/oab/31-exame/provas/caderno-de-prova-tipo-2-14ld50.pdf","prova PDF","OAB","","","local-only","planejar importacao/conexao","sim","Alta"
"content:storage-content-oab-31-exame-provas-caderno-de-prova-tipo-3-xub3jg-pdf","storage/content/oab/31-exame/provas/caderno-de-prova-tipo-3-xub3jg.pdf","prova PDF","OAB","","","local-only","planejar importacao/conexao","sim","Alta"
"content:storage-content-oab-31-exame-provas-caderno-de-prova-tipo-4-1kcpbi-pdf","storage/content/oab/31-exame/provas/caderno-de-prova-tipo-4-1kcpbi.pdf","prova PDF","OAB","","","local-only","planejar importacao/conexao","sim","Alta"
"content:storage-content-oab-31-exame-provas-caderno-de-provas-direito-administrativo-1i6edv-pdf","storage/content/oab/31-exame/provas/caderno-de-provas-direito-administrativo-1i6edv.pdf","prova PDF","OAB","Direito Administrativo","","local-only","planejar importacao/conexao","nao","Alta"
"content:storage-content-oab-31-exame-provas-caderno-de-provas-direito-civil-qxd1xx-pdf","storage/content/oab/31-exame/provas/caderno-de-provas-direito-civil-qxd1xx.pdf","prova PDF","OAB","","","local-only","planejar importacao/conexao","sim","Alta"
"content:storage-content-oab-31-exame-provas-caderno-de-provas-direito-constitucional-1ely8n-pdf","storage/content/oab/31-exame/provas/caderno-de-provas-direito-constitucional-1ely8n.pdf","prova PDF","OAB","Direito Constitucional","","local-only","planejar importacao/conexao","nao","Alta"
"content:storage-content-oab-31-exame-provas-caderno-de-provas-direito-do-trabalho-hb3ran-pdf","storage/content/oab/31-exame/provas/caderno-de-provas-direito-do-trabalho-hb3ran.pdf","prova PDF","OAB","","","local-only","planejar importacao/conexao","sim","Alta"
"content:storage-content-oab-31-exame-provas-caderno-de-provas-direito-penal-cwo9j3-pdf","storage/content/oab/31-exame/provas/caderno-de-provas-direito-penal-cwo9j3.pdf","prova PDF","OAB","Direito Penal","","local-only","planejar importacao/conexao","nao","Alta"
"content:storage-content-oab-31-exame-provas-caderno-de-provas-direito-tributario-1f97vb-pdf","storage/content/oab/31-exame/provas/caderno-de-provas-direito-tributario-1f97vb.pdf","prova PDF","OAB","Direito Tributário","","local-only","planejar importacao/conexao","nao","Alta"
"content:storage-content-oab-31-exame-provas-caderno-de-provas-direitoempresarial-1prl0e-pdf","storage/content/oab/31-exame/provas/caderno-de-provas-direitoempresarial-1prl0e.pdf","prova PDF","OAB","Direito Empresarial","","local-only","planejar importacao/conexao","nao","Alta"
"content:storage-content-oab-31-exame-questoes-questoes-extraidas-json","storage/content/oab/31-exame/questoes/questoes-extraidas.json","banco de questões","OAB","Ética Profissional","31o Exame OAB - Questao 1","local-only","planejar importacao/conexao","nao","Alta"
"content:storage-content-oab-32-exame-gabaritos-gabaritos-preliminares-da-prova-objetiva-1-fase-9lo","storage/content/oab/32-exame/gabaritos/gabaritos-preliminares-da-prova-objetiva-1-fase-9lok8x.pdf","gabarito/padrão de resposta","OAB","","","local-only","planejar importacao/conexao","sim","Alta"
"content:storage-content-oab-32-exame-metadata-json","storage/content/oab/32-exame/metadata.json","container pedagógico","OAB","","","local-only","planejar importacao/conexao","sim","Alta"
"content:storage-content-oab-32-exame-provas-caderno-de-prova-tipo-1-1myk9o-pdf","storage/content/oab/32-exame/provas/caderno-de-prova-tipo-1-1myk9o.pdf","prova PDF","OAB","","","local-only","planejar importacao/conexao","sim","Alta"
"content:storage-content-oab-32-exame-provas-caderno-de-prova-tipo-2-1fk70e-pdf","storage/content/oab/32-exame/provas/caderno-de-prova-tipo-2-1fk70e.pdf","prova PDF","OAB","","","local-only","planejar importacao/conexao","sim","Alta"
"content:storage-content-oab-32-exame-provas-caderno-de-prova-tipo-3-1q01vp-pdf","storage/content/oab/32-exame/provas/caderno-de-prova-tipo-3-1q01vp.pdf","prova PDF","OAB","","","local-only","planejar importacao/conexao","sim","Alta"
"content:storage-content-oab-32-exame-provas-caderno-de-prova-tipo-4-9n0css-pdf","storage/content/oab/32-exame/provas/caderno-de-prova-tipo-4-9n0css.pdf","prova PDF","OAB","","","local-only","planejar importacao/conexao","sim","Alta"
"content:storage-content-oab-32-exame-provas-caderno-de-provas-direito-administrativo-qp9rwz-pdf","storage/content/oab/32-exame/provas/caderno-de-provas-direito-administrativo-qp9rwz.pdf","prova PDF","OAB","Direito Administrativo","","local-only","planejar importacao/conexao","nao","Alta"
"content:storage-content-oab-32-exame-provas-caderno-de-provas-direito-civil-g2e3i9-pdf","storage/content/oab/32-exame/provas/caderno-de-provas-direito-civil-g2e3i9.pdf","prova PDF","OAB","","","local-only","planejar importacao/conexao","sim","Alta"
"content:storage-content-oab-32-exame-provas-caderno-de-provas-direito-constitucional-1lzpq9-pdf","storage/content/oab/32-exame/provas/caderno-de-provas-direito-constitucional-1lzpq9.pdf","prova PDF","OAB","Direito Constitucional","","local-only","planejar importacao/conexao","nao","Alta"
"content:storage-content-oab-32-exame-provas-caderno-de-provas-direito-do-trabalho-10i30n-pdf","storage/content/oab/32-exame/provas/caderno-de-provas-direito-do-trabalho-10i30n.pdf","prova PDF","OAB","","","local-only","planejar importacao/conexao","sim","Alta"
"content:storage-content-oab-32-exame-provas-caderno-de-provas-direito-empresarial-1sy2qx-pdf","storage/content/oab/32-exame/provas/caderno-de-provas-direito-empresarial-1sy2qx.pdf","prova PDF","OAB","Direito Empresarial","","local-only","planejar importacao/conexao","nao","Alta"
"content:storage-content-oab-32-exame-provas-caderno-de-provas-direito-penal-vv5nam-pdf","storage/content/oab/32-exame/provas/caderno-de-provas-direito-penal-vv5nam.pdf","prova PDF","OAB","Direito Penal","","local-only","planejar importacao/conexao","nao","Alta"
"content:storage-content-oab-32-exame-provas-caderno-de-provas-direito-tributario-5du0fk-pdf","storage/content/oab/32-exame/provas/caderno-de-provas-direito-tributario-5du0fk.pdf","prova PDF","OAB","Direito Tributário","","local-only","planejar importacao/conexao","nao","Alta"
"content:storage-content-oab-32-exame-questoes-questoes-extraidas-json","storage/content/oab/32-exame/questoes/questoes-extraidas.json","banco de questões","OAB","Ética Profissional","32o Exame OAB - Questao 1","local-only","planejar importacao/conexao","nao","Alta"
"content:storage-content-oab-33-exame-gabaritos-gabaritos-preliminares-da-prova-objetiva-1-fase-1ti","storage/content/oab/33-exame/gabaritos/gabaritos-preliminares-da-prova-objetiva-1-fase-1tizcj.pdf","gabarito/padrão de resposta","OAB","","","local-only","planejar importacao/conexao","sim","Alta"
"content:storage-content-oab-33-exame-metadata-json","storage/content/oab/33-exame/metadata.json","container pedagógico","OAB","","","local-only","planejar importacao/conexao","sim","Alta"
"content:storage-content-oab-33-exame-provas-caderno-de-prova-tipo-1-18f7of-pdf","storage/content/oab/33-exame/provas/caderno-de-prova-tipo-1-18f7of.pdf","prova PDF","OAB","","","local-only","planejar importacao/conexao","sim","Alta"
"content:storage-content-oab-33-exame-provas-caderno-de-prova-tipo-2-15dfgu-pdf","storage/content/oab/33-exame/provas/caderno-de-prova-tipo-2-15dfgu.pdf","prova PDF","OAB","","","local-only","planejar importacao/conexao","sim","Alta"
"content:storage-content-oab-33-exame-provas-caderno-de-prova-tipo-3-9abch8-pdf","storage/content/oab/33-exame/provas/caderno-de-prova-tipo-3-9abch8.pdf","prova PDF","OAB","","","local-only","planejar importacao/conexao","sim","Alta"
"content:storage-content-oab-33-exame-provas-caderno-de-prova-tipo-4-rmxmy4-pdf","storage/content/oab/33-exame/provas/caderno-de-prova-tipo-4-rmxmy4.pdf","prova PDF","OAB","","","local-only","planejar importacao/conexao","sim","Alta"
"content:storage-content-oab-33-exame-provas-caderno-de-provas-direito-administrativo-16ekz3-pdf","storage/content/oab/33-exame/provas/caderno-de-provas-direito-administrativo-16ekz3.pdf","prova PDF","OAB","Direito Administrativo","","local-only","planejar importacao/conexao","nao","Alta"
"content:storage-content-oab-33-exame-provas-caderno-de-provas-direito-civil-oa0htn-pdf","storage/content/oab/33-exame/provas/caderno-de-provas-direito-civil-oa0htn.pdf","prova PDF","OAB","","","local-only","planejar importacao/conexao","sim","Alta"
"content:storage-content-oab-33-exame-provas-caderno-de-provas-direito-constitucional-15tzce-pdf","storage/content/oab/33-exame/provas/caderno-de-provas-direito-constitucional-15tzce.pdf","prova PDF","OAB","Direito Constitucional","","local-only","planejar importacao/conexao","nao","Alta"
"content:storage-content-oab-33-exame-provas-caderno-de-provas-direito-do-trabalho-1iswlt-pdf","storage/content/oab/33-exame/provas/caderno-de-provas-direito-do-trabalho-1iswlt.pdf","prova PDF","OAB","","","local-only","planejar importacao/conexao","sim","Alta"
"content:storage-content-oab-33-exame-provas-caderno-de-provas-direito-empresarial-1kpmni-pdf","storage/content/oab/33-exame/provas/caderno-de-provas-direito-empresarial-1kpmni.pdf","prova PDF","OAB","Direito Empresarial","","local-only","planejar importacao/conexao","nao","Alta"
"content:storage-content-oab-33-exame-provas-caderno-de-provas-direito-penal-1w28mp-pdf","storage/content/oab/33-exame/provas/caderno-de-provas-direito-penal-1w28mp.pdf","prova PDF","OAB","Direito Penal","","local-only","planejar importacao/conexao","nao","Alta"
"content:storage-content-oab-33-exame-provas-caderno-de-provas-direito-tributario-i65xgw-pdf","storage/content/oab/33-exame/provas/caderno-de-provas-direito-tributario-i65xgw.pdf","prova PDF","OAB","Direito Tributário","","local-only","planejar importacao/conexao","nao","Alta"
"content:storage-content-oab-33-exame-questoes-questoes-extraidas-json","storage/content/oab/33-exame/questoes/questoes-extraidas.json","banco de questões","OAB","Ética Profissional","33o Exame OAB - Questao 1","local-only","planejar importacao/conexao","nao","Alta"
"content:storage-content-oab-34-exame-gabaritos-gabaritos-preliminares-da-prova-objetiva-1-fase-1ag","storage/content/oab/34-exame/gabaritos/gabaritos-preliminares-da-prova-objetiva-1-fase-1agp71.pdf","gabarito/padrão de resposta","OAB","","","local-only","planejar importacao/conexao","sim","Alta"
"content:storage-content-oab-34-exame-metadata-json","storage/content/oab/34-exame/metadata.json","container pedagógico","OAB","","","local-only","planejar importacao/conexao","sim","Alta"
"content:storage-content-oab-34-exame-provas-caderno-de-prova-tipo-1-1jguo5-pdf","storage/content/oab/34-exame/provas/caderno-de-prova-tipo-1-1jguo5.pdf","prova PDF","OAB","","","local-only","planejar importacao/conexao","sim","Alta"
"content:storage-content-oab-34-exame-provas-caderno-de-prova-tipo-2-jlbjkm-pdf","storage/content/oab/34-exame/provas/caderno-de-prova-tipo-2-jlbjkm.pdf","prova PDF","OAB","","","local-only","planejar importacao/conexao","sim","Alta"
"content:storage-content-oab-34-exame-provas-caderno-de-prova-tipo-3-xoxh9o-pdf","storage/content/oab/34-exame/provas/caderno-de-prova-tipo-3-xoxh9o.pdf","prova PDF","OAB","","","local-only","planejar importacao/conexao","sim","Alta"
"content:storage-content-oab-34-exame-provas-caderno-de-prova-tipo-4-8xkmxz-pdf","storage/content/oab/34-exame/provas/caderno-de-prova-tipo-4-8xkmxz.pdf","prova PDF","OAB","","","local-only","planejar importacao/conexao","sim","Alta"
"content:storage-content-oab-34-exame-provas-caderno-de-provas-direito-administrativo-1atduw-pdf","storage/content/oab/34-exame/provas/caderno-de-provas-direito-administrativo-1atduw.pdf","prova PDF","OAB","Direito Administrativo","","local-only","planejar importacao/conexao","nao","Alta"
"content:storage-content-oab-34-exame-provas-caderno-de-provas-direito-civil-1h9pe5-pdf","storage/content/oab/34-exame/provas/caderno-de-provas-direito-civil-1h9pe5.pdf","prova PDF","OAB","","","local-only","planejar importacao/conexao","sim","Alta"
"content:storage-content-oab-34-exame-provas-caderno-de-provas-direito-constitucional-1w79jv-pdf","storage/content/oab/34-exame/provas/caderno-de-provas-direito-constitucional-1w79jv.pdf","prova PDF","OAB","Direito Constitucional","","local-only","planejar importacao/conexao","nao","Alta"
"content:storage-content-oab-34-exame-provas-caderno-de-provas-direito-do-trabalho-1m08fy-pdf","storage/content/oab/34-exame/provas/caderno-de-provas-direito-do-trabalho-1m08fy.pdf","prova PDF","OAB","","","local-only","planejar importacao/conexao","sim","Alta"
"content:storage-content-oab-34-exame-provas-caderno-de-provas-direito-empresarial-jc6r5q-pdf","storage/content/oab/34-exame/provas/caderno-de-provas-direito-empresarial-jc6r5q.pdf","prova PDF","OAB","Direito Empresarial","","local-only","planejar importacao/conexao","nao","Alta"
"content:storage-content-oab-34-exame-provas-caderno-de-provas-direito-penal-vevdr9-pdf","storage/content/oab/34-exame/provas/caderno-de-provas-direito-penal-vevdr9.pdf","prova PDF","OAB","Direito Penal","","local-only","planejar importacao/conexao","nao","Alta"
"content:storage-content-oab-34-exame-provas-caderno-de-provas-direito-tributario-19u313-pdf","storage/content/oab/34-exame/provas/caderno-de-provas-direito-tributario-19u313.pdf","prova PDF","OAB","Direito Tributário","","local-only","planejar importacao/conexao","nao","Alta"
"content:storage-content-oab-34-exame-questoes-questoes-extraidas-json","storage/content/oab/34-exame/questoes/questoes-extraidas.json","banco de questões","OAB","Ética Profissional","34o Exame OAB - Questao 1","local-only","planejar importacao/conexao","nao","Alta"
"content:storage-content-oab-35-exame-gabaritos-gabaritos-definitivos-da-prova-objetiva-1-fase-1u4p","storage/content/oab/35-exame/gabaritos/gabaritos-definitivos-da-prova-objetiva-1-fase-1u4p9v.pdf","gabarito/padrão de resposta","OAB","","","local-only","planejar importacao/conexao","sim","Alta"
"content:storage-content-oab-35-exame-gabaritos-gabaritos-preliminares-da-prova-objetiva-1-fase-4qo","storage/content/oab/35-exame/gabaritos/gabaritos-preliminares-da-prova-objetiva-1-fase-4qo4e2.pdf","gabarito/padrão de resposta","OAB","","","local-only","planejar importacao/conexao","sim","Alta"
"content:storage-content-oab-35-exame-metadata-json","storage/content/oab/35-exame/metadata.json","container pedagógico","OAB","","","local-only","planejar importacao/conexao","sim","Alta"
"content:storage-content-oab-35-exame-provas-caderno-de-prova-tipo-1-1rapti-pdf","storage/content/oab/35-exame/provas/caderno-de-prova-tipo-1-1rapti.pdf","prova PDF","OAB","","","local-only","planejar importacao/conexao","sim","Alta"
"content:storage-content-oab-35-exame-provas-caderno-de-prova-tipo-2-meazhj-pdf","storage/content/oab/35-exame/provas/caderno-de-prova-tipo-2-meazhj.pdf","prova PDF","OAB","","","local-only","planejar importacao/conexao","sim","Alta"
"content:storage-content-oab-35-exame-provas-caderno-de-prova-tipo-3-nvwvch-pdf","storage/content/oab/35-exame/provas/caderno-de-prova-tipo-3-nvwvch.pdf","prova PDF","OAB","","","local-only","planejar importacao/conexao","sim","Alta"
"content:storage-content-oab-35-exame-provas-caderno-de-prova-tipo-4-1y2v37-pdf","storage/content/oab/35-exame/provas/caderno-de-prova-tipo-4-1y2v37.pdf","prova PDF","OAB","","","local-only","planejar importacao/conexao","sim","Alta"
"content:storage-content-oab-35-exame-provas-caderno-de-provas-direito-administrativo-151bph-pdf","storage/content/oab/35-exame/provas/caderno-de-provas-direito-administrativo-151bph.pdf","prova PDF","OAB","Direito Administrativo","","local-only","planejar importacao/conexao","nao","Alta"
"content:storage-content-oab-35-exame-provas-caderno-de-provas-direito-civil-1js7w3-pdf","storage/content/oab/35-exame/provas/caderno-de-provas-direito-civil-1js7w3.pdf","prova PDF","OAB","","","local-only","planejar importacao/conexao","sim","Alta"
"content:storage-content-oab-35-exame-provas-caderno-de-provas-direito-constitucional-ayslrl-pdf","storage/content/oab/35-exame/provas/caderno-de-provas-direito-constitucional-ayslrl.pdf","prova PDF","OAB","Direito Constitucional","","local-only","planejar importacao/conexao","nao","Alta"
"content:storage-content-oab-35-exame-provas-caderno-de-provas-direito-do-trabalho-1gv26a-pdf","storage/content/oab/35-exame/provas/caderno-de-provas-direito-do-trabalho-1gv26a.pdf","prova PDF","OAB","","","local-only","planejar importacao/conexao","sim","Alta"
"content:storage-content-oab-35-exame-provas-caderno-de-provas-direito-empresarial-l5j3rs-pdf","storage/content/oab/35-exame/provas/caderno-de-provas-direito-empresarial-l5j3rs.pdf","prova PDF","OAB","Direito Empresarial","","local-only","planejar importacao/conexao","nao","Alta"
"content:storage-content-oab-35-exame-provas-caderno-de-provas-direito-penal-s9kvrg-pdf","storage/content/oab/35-exame/provas/caderno-de-provas-direito-penal-s9kvrg.pdf","prova PDF","OAB","Direito Penal","","local-only","planejar importacao/conexao","nao","Alta"
"content:storage-content-oab-35-exame-provas-caderno-de-provas-direito-tributario-1cx9t0-pdf","storage/content/oab/35-exame/provas/caderno-de-provas-direito-tributario-1cx9t0.pdf","prova PDF","OAB","Direito Tributário","","local-only","planejar importacao/conexao","nao","Alta"
"content:storage-content-oab-35-exame-questoes-questoes-extraidas-json","storage/content/oab/35-exame/questoes/questoes-extraidas.json","banco de questões","OAB","Ética Profissional","35o Exame OAB - Questao 1","local-only","planejar importacao/conexao","nao","Alta"
"content:storage-content-oab-36-exame-gabaritos-gabaritos-definitivos-da-prova-objetiva-1-fase-1138","storage/content/oab/36-exame/gabaritos/gabaritos-definitivos-da-prova-objetiva-1-fase-1138md.pdf","gabarito/padrão de resposta","OAB","","","local-only","planejar importacao/conexao","sim","Alta"
"content:storage-content-oab-36-exame-gabaritos-gabaritos-preliminares-da-prova-objetiva-1-fase-ip2","storage/content/oab/36-exame/gabaritos/gabaritos-preliminares-da-prova-objetiva-1-fase-ip29f5.pdf","gabarito/padrão de resposta","OAB","","","local-only","planejar importacao/conexao","sim","Alta"
"content:storage-content-oab-36-exame-metadata-json","storage/content/oab/36-exame/metadata.json","container pedagógico","OAB","","","local-only","planejar importacao/conexao","sim","Alta"
"content:storage-content-oab-36-exame-provas-caderno-de-prova-tipo-1-16vl03-pdf","storage/content/oab/36-exame/provas/caderno-de-prova-tipo-1-16vl03.pdf","prova PDF","OAB","","","local-only","planejar importacao/conexao","sim","Alta"
"content:storage-content-oab-36-exame-provas-caderno-de-prova-tipo-2-10xnc6-pdf","storage/content/oab/36-exame/provas/caderno-de-prova-tipo-2-10xnc6.pdf","prova PDF","OAB","","","local-only","planejar importacao/conexao","sim","Alta"
"content:storage-content-oab-36-exame-provas-caderno-de-prova-tipo-3-ttft6y-pdf","storage/content/oab/36-exame/provas/caderno-de-prova-tipo-3-ttft6y.pdf","prova PDF","OAB","","","local-only","planejar importacao/conexao","sim","Alta"
"content:storage-content-oab-36-exame-provas-caderno-de-prova-tipo-4-ldtu5-pdf","storage/content/oab/36-exame/provas/caderno-de-prova-tipo-4-ldtu5.pdf","prova PDF","OAB","","","local-only","planejar importacao/conexao","sim","Alta"
"content:storage-content-oab-36-exame-provas-caderno-de-provas-direito-administrativo-bypn8y-pdf","storage/content/oab/36-exame/provas/caderno-de-provas-direito-administrativo-bypn8y.pdf","prova PDF","OAB","Direito Administrativo","","local-only","planejar importacao/conexao","nao","Alta"
"content:storage-content-oab-36-exame-provas-caderno-de-provas-direito-civil-nlf4em-pdf","storage/content/oab/36-exame/provas/caderno-de-provas-direito-civil-nlf4em.pdf","prova PDF","OAB","","","local-only","planejar importacao/conexao","sim","Alta"
"content:storage-content-oab-36-exame-provas-caderno-de-provas-direito-constitucional-zagls9-pdf","storage/content/oab/36-exame/provas/caderno-de-provas-direito-constitucional-zagls9.pdf","prova PDF","OAB","Direito Constitucional","","local-only","planejar importacao/conexao","nao","Alta"
"content:storage-content-oab-36-exame-provas-caderno-de-provas-direito-empresarial-13e59d-pdf","storage/content/oab/36-exame/provas/caderno-de-provas-direito-empresarial-13e59d.pdf","prova PDF","OAB","Direito Empresarial","","local-only","planejar importacao/conexao","nao","Alta"
"content:storage-content-oab-36-exame-provas-caderno-de-provas-direito-penal-g0rvr8-pdf","storage/content/oab/36-exame/provas/caderno-de-provas-direito-penal-g0rvr8.pdf","prova PDF","OAB","Direito Penal","","local-only","planejar importacao/conexao","nao","Alta"
"content:storage-content-oab-36-exame-provas-caderno-de-provas-direito-trabalho-3l9xqq-pdf","storage/content/oab/36-exame/provas/caderno-de-provas-direito-trabalho-3l9xqq.pdf","prova PDF","OAB","Direito do Trabalho","","local-only","planejar importacao/conexao","nao","Alta"
"content:storage-content-oab-36-exame-provas-caderno-de-provas-direito-tributario-1wnl44-pdf","storage/content/oab/36-exame/provas/caderno-de-provas-direito-tributario-1wnl44.pdf","prova PDF","OAB","Direito Tributário","","local-only","planejar importacao/conexao","nao","Alta"
"content:storage-content-oab-36-exame-questoes-questoes-extraidas-json","storage/content/oab/36-exame/questoes/questoes-extraidas.json","banco de questões","OAB","Ética Profissional","36o Exame OAB - Questao 1","local-only","planejar importacao/conexao","nao","Alta"
"content:storage-content-oab-37-exame-gabaritos-gabaritos-definitivos-da-prova-objetiva-1-fase-1ftu","storage/content/oab/37-exame/gabaritos/gabaritos-definitivos-da-prova-objetiva-1-fase-1ftur1.pdf","gabarito/padrão de resposta","OAB","","","local-only","planejar importacao/conexao","sim","Alta"
"content:storage-content-oab-37-exame-gabaritos-gabaritos-preliminares-da-prova-objetiva-1-fase-uiv","storage/content/oab/37-exame/gabaritos/gabaritos-preliminares-da-prova-objetiva-1-fase-uivq1.pdf","gabarito/padrão de resposta","OAB","","","local-only","planejar importacao/conexao","sim","Alta"
"content:storage-content-oab-37-exame-metadata-json","storage/content/oab/37-exame/metadata.json","container pedagógico","OAB","","","local-only","planejar importacao/conexao","sim","Alta"
"content:storage-content-oab-37-exame-provas-caderno-de-prova-tipo-1-13eodq-pdf","storage/content/oab/37-exame/provas/caderno-de-prova-tipo-1-13eodq.pdf","prova PDF","OAB","","","local-only","planejar importacao/conexao","sim","Alta"
"content:storage-content-oab-37-exame-provas-caderno-de-prova-tipo-2-v4rbxg-pdf","storage/content/oab/37-exame/provas/caderno-de-prova-tipo-2-v4rbxg.pdf","prova PDF","OAB","","","local-only","planejar importacao/conexao","sim","Alta"
"content:storage-content-oab-37-exame-provas-caderno-de-prova-tipo-3-1ptjgk-pdf","storage/content/oab/37-exame/provas/caderno-de-prova-tipo-3-1ptjgk.pdf","prova PDF","OAB","","","local-only","planejar importacao/conexao","sim","Alta"
"content:storage-content-oab-37-exame-provas-caderno-de-prova-tipo-4-1mmfzo-pdf","storage/content/oab/37-exame/provas/caderno-de-prova-tipo-4-1mmfzo.pdf","prova PDF","OAB","","","local-only","planejar importacao/conexao","sim","Alta"
"content:storage-content-oab-37-exame-provas-caderno-de-provas-direito-administrativo-1831hr-pdf","storage/content/oab/37-exame/provas/caderno-de-provas-direito-administrativo-1831hr.pdf","prova PDF","OAB","Direito Administrativo","","local-only","planejar importacao/conexao","nao","Alta"
"content:storage-content-oab-37-exame-provas-caderno-de-provas-direito-civil-b96k0w-pdf","storage/content/oab/37-exame/provas/caderno-de-provas-direito-civil-b96k0w.pdf","prova PDF","OAB","","","local-only","planejar importacao/conexao","sim","Alta"
"content:storage-content-oab-37-exame-provas-caderno-de-provas-direito-constitucional-kiul4n-pdf","storage/content/oab/37-exame/provas/caderno-de-provas-direito-constitucional-kiul4n.pdf","prova PDF","OAB","Direito Constitucional","","local-only","planejar importacao/conexao","nao","Alta"
"content:storage-content-oab-37-exame-provas-caderno-de-provas-direito-do-trabalho-1phi1s-pdf","storage/content/oab/37-exame/provas/caderno-de-provas-direito-do-trabalho-1phi1s.pdf","prova PDF","OAB","","","local-only","planejar importacao/conexao","sim","Alta"
"content:storage-content-oab-37-exame-provas-caderno-de-provas-direito-empresarial-piv8cj-pdf","storage/content/oab/37-exame/provas/caderno-de-provas-direito-empresarial-piv8cj.pdf","prova PDF","OAB","Direito Empresarial","","local-only","planejar importacao/conexao","nao","Alta"
"content:storage-content-oab-37-exame-provas-caderno-de-provas-direito-penal-g5hmqx-pdf","storage/content/oab/37-exame/provas/caderno-de-provas-direito-penal-g5hmqx.pdf","prova PDF","OAB","Direito Penal","","local-only","planejar importacao/conexao","nao","Alta"
"content:storage-content-oab-37-exame-provas-caderno-de-provas-direito-tributario-1tfph6-pdf","storage/content/oab/37-exame/provas/caderno-de-provas-direito-tributario-1tfph6.pdf","prova PDF","OAB","Direito Tributário","","local-only","planejar importacao/conexao","nao","Alta"
"content:storage-content-oab-37-exame-questoes-questoes-extraidas-json","storage/content/oab/37-exame/questoes/questoes-extraidas.json","banco de questões","OAB","Ética Profissional","37o Exame OAB - Questao 1","local-only","planejar importacao/conexao","nao","Alta"
"content:storage-content-oab-38-exame-gabaritos-gabaritos-definitivos-da-prova-objetiva-1-fase-usmj","storage/content/oab/38-exame/gabaritos/gabaritos-definitivos-da-prova-objetiva-1-fase-usmjo3.pdf","gabarito/padrão de resposta","OAB","","","local-only","planejar importacao/conexao","sim","Alta"
"content:storage-content-oab-38-exame-gabaritos-gabaritos-preliminares-da-prova-objetiva-1-fase-1mp","storage/content/oab/38-exame/gabaritos/gabaritos-preliminares-da-prova-objetiva-1-fase-1mpipe.pdf","gabarito/padrão de resposta","OAB","","","local-only","planejar importacao/conexao","sim","Alta"
"content:storage-content-oab-38-exame-metadata-json","storage/content/oab/38-exame/metadata.json","container pedagógico","OAB","","","local-only","planejar importacao/conexao","sim","Alta"
"content:storage-content-oab-38-exame-provas-caderno-de-prova-tipo-1-1nbviw-pdf","storage/content/oab/38-exame/provas/caderno-de-prova-tipo-1-1nbviw.pdf","prova PDF","OAB","","","local-only","planejar importacao/conexao","sim","Alta"
"content:storage-content-oab-38-exame-provas-caderno-de-prova-tipo-2-1mav4h-pdf","storage/content/oab/38-exame/provas/caderno-de-prova-tipo-2-1mav4h.pdf","prova PDF","OAB","","","local-only","planejar importacao/conexao","sim","Alta"
"content:storage-content-oab-38-exame-provas-caderno-de-prova-tipo-3-7avmbn-pdf","storage/content/oab/38-exame/provas/caderno-de-prova-tipo-3-7avmbn.pdf","prova PDF","OAB","","","local-only","planejar importacao/conexao","sim","Alta"
"content:storage-content-oab-38-exame-provas-caderno-de-prova-tipo-4-1l5upb-pdf","storage/content/oab/38-exame/provas/caderno-de-prova-tipo-4-1l5upb.pdf","prova PDF","OAB","","","local-only","planejar importacao/conexao","sim","Alta"
"content:storage-content-oab-38-exame-provas-caderno-de-provas-direito-administrativo-1bumpr-pdf","storage/content/oab/38-exame/provas/caderno-de-provas-direito-administrativo-1bumpr.pdf","prova PDF","OAB","Direito Administrativo","","local-only","planejar importacao/conexao","nao","Alta"
"content:storage-content-oab-38-exame-provas-caderno-de-provas-direito-civil-5fj6zx-pdf","storage/content/oab/38-exame/provas/caderno-de-provas-direito-civil-5fj6zx.pdf","prova PDF","OAB","","","local-only","planejar importacao/conexao","sim","Alta"
"content:storage-content-oab-38-exame-provas-caderno-de-provas-direito-constitucional-18w6wa-pdf","storage/content/oab/38-exame/provas/caderno-de-provas-direito-constitucional-18w6wa.pdf","prova PDF","OAB","Direito Constitucional","","local-only","planejar importacao/conexao","nao","Alta"
"content:storage-content-oab-38-exame-provas-caderno-de-provas-direito-do-trabalho-hk3g3g-pdf","storage/content/oab/38-exame/provas/caderno-de-provas-direito-do-trabalho-hk3g3g.pdf","prova PDF","OAB","","","local-only","planejar importacao/conexao","sim","Alta"
"content:storage-content-oab-38-exame-provas-caderno-de-provas-direito-empresarial-fury8p-pdf","storage/content/oab/38-exame/provas/caderno-de-provas-direito-empresarial-fury8p.pdf","prova PDF","OAB","Direito Empresarial","","local-only","planejar importacao/conexao","nao","Alta"
"content:storage-content-oab-38-exame-provas-caderno-de-provas-direito-penal-1mu7gw-pdf","storage/content/oab/38-exame/provas/caderno-de-provas-direito-penal-1mu7gw.pdf","prova PDF","OAB","Direito Penal","","local-only","planejar importacao/conexao","nao","Alta"
"content:storage-content-oab-38-exame-provas-caderno-de-provas-direito-tributario-1cunam-pdf","storage/content/oab/38-exame/provas/caderno-de-provas-direito-tributario-1cunam.pdf","prova PDF","OAB","Direito Tributário","","local-only","planejar importacao/conexao","nao","Alta"
"content:storage-content-oab-38-exame-questoes-questoes-extraidas-json","storage/content/oab/38-exame/questoes/questoes-extraidas.json","banco de questões","OAB","Ética Profissional","38o Exame OAB - Questao 1","local-only","planejar importacao/conexao","nao","Alta"
"content:storage-content-oab-39-exame-gabaritos-gabaritos-definitivos-da-prova-objetiva-1-fase-1yui","storage/content/oab/39-exame/gabaritos/gabaritos-definitivos-da-prova-objetiva-1-fase-1yuivs.pdf","gabarito/padrão de resposta","OAB","","","local-only","planejar importacao/conexao","sim","Alta"
"content:storage-content-oab-39-exame-gabaritos-gabaritos-preliminares-da-prova-objetiva-1-fase-8lt","storage/content/oab/39-exame/gabaritos/gabaritos-preliminares-da-prova-objetiva-1-fase-8lt9zn.pdf","gabarito/padrão de resposta","OAB","","","local-only","planejar importacao/conexao","sim","Alta"
"content:storage-content-oab-39-exame-metadata-json","storage/content/oab/39-exame/metadata.json","container pedagógico","OAB","","","local-only","planejar importacao/conexao","sim","Alta"
"content:storage-content-oab-39-exame-provas-caderno-de-prova-tipo-1-1pymkz-pdf","storage/content/oab/39-exame/provas/caderno-de-prova-tipo-1-1pymkz.pdf","prova PDF","OAB","","","local-only","planejar importacao/conexao","sim","Alta"
"content:storage-content-oab-39-exame-provas-caderno-de-prova-tipo-2-1vjx7k-pdf","storage/content/oab/39-exame/provas/caderno-de-prova-tipo-2-1vjx7k.pdf","prova PDF","OAB","","","local-only","planejar importacao/conexao","sim","Alta"
"content:storage-content-oab-39-exame-provas-caderno-de-prova-tipo-3-dyajpx-pdf","storage/content/oab/39-exame/provas/caderno-de-prova-tipo-3-dyajpx.pdf","prova PDF","OAB","","","local-only","planejar importacao/conexao","sim","Alta"
"content:storage-content-oab-39-exame-provas-caderno-de-prova-tipo-4-1eaotd-pdf","storage/content/oab/39-exame/provas/caderno-de-prova-tipo-4-1eaotd.pdf","prova PDF","OAB","","","local-only","planejar importacao/conexao","sim","Alta"
"content:storage-content-oab-39-exame-provas-caderno-de-provas-direito-administrativo-1djqac-pdf","storage/content/oab/39-exame/provas/caderno-de-provas-direito-administrativo-1djqac.pdf","prova PDF","OAB","Direito Administrativo","","local-only","planejar importacao/conexao","nao","Alta"
"content:storage-content-oab-39-exame-provas-caderno-de-provas-direito-civil-1nar5n-pdf","storage/content/oab/39-exame/provas/caderno-de-provas-direito-civil-1nar5n.pdf","prova PDF","OAB","","","local-only","planejar importacao/conexao","sim","Alta"
"content:storage-content-oab-39-exame-provas-caderno-de-provas-direito-constitucional-18zaa7-pdf","storage/content/oab/39-exame/provas/caderno-de-provas-direito-constitucional-18zaa7.pdf","prova PDF","OAB","Direito Constitucional","","local-only","planejar importacao/conexao","nao","Alta"
"content:storage-content-oab-39-exame-provas-caderno-de-provas-direito-do-trabalho-164r3l-pdf","storage/content/oab/39-exame/provas/caderno-de-provas-direito-do-trabalho-164r3l.pdf","prova PDF","OAB","","","local-only","planejar importacao/conexao","sim","Alta"
"content:storage-content-oab-39-exame-provas-caderno-de-provas-direito-empresarial-i3q3x5-pdf","storage/content/oab/39-exame/provas/caderno-de-provas-direito-empresarial-i3q3x5.pdf","prova PDF","OAB","Direito Empresarial","","local-only","planejar importacao/conexao","nao","Alta"
"content:storage-content-oab-39-exame-provas-caderno-de-provas-direito-penal-cvz7rh-pdf","storage/content/oab/39-exame/provas/caderno-de-provas-direito-penal-cvz7rh.pdf","prova PDF","OAB","Direito Penal","","local-only","planejar importacao/conexao","nao","Alta"
"content:storage-content-oab-39-exame-provas-caderno-de-provas-direito-tributario-1nrwxp-pdf","storage/content/oab/39-exame/provas/caderno-de-provas-direito-tributario-1nrwxp.pdf","prova PDF","OAB","Direito Tributário","","local-only","planejar importacao/conexao","nao","Alta"
"content:storage-content-oab-39-exame-questoes-questoes-extraidas-json","storage/content/oab/39-exame/questoes/questoes-extraidas.json","banco de questões","OAB","Ética Profissional","39o Exame OAB - Questao 1","local-only","planejar importacao/conexao","nao","Alta"
"content:storage-content-oab-4-exame-metadata-json","storage/content/oab/4-exame/metadata.json","container pedagógico","OAB","","","local-only","planejar importacao/conexao","sim","Alta"
"content:storage-content-oab-40-exame-gabaritos-gabaritos-definitivos-da-prova-objetiva-1-fase-666q","storage/content/oab/40-exame/gabaritos/gabaritos-definitivos-da-prova-objetiva-1-fase-666q9e.pdf","gabarito/padrão de resposta","OAB","","","local-only","planejar importacao/conexao","sim","Alta"
"content:storage-content-oab-40-exame-gabaritos-gabaritos-preliminares-da-prova-objetiva-1-fase-11g","storage/content/oab/40-exame/gabaritos/gabaritos-preliminares-da-prova-objetiva-1-fase-11gyjn.pdf","gabarito/padrão de resposta","OAB","","","local-only","planejar importacao/conexao","sim","Alta"
"content:storage-content-oab-40-exame-metadata-json","storage/content/oab/40-exame/metadata.json","container pedagógico","OAB","","","local-only","planejar importacao/conexao","sim","Alta"
"content:storage-content-oab-40-exame-provas-caderno-de-prova-tipo-1-v2h0ss-pdf","storage/content/oab/40-exame/provas/caderno-de-prova-tipo-1-v2h0ss.pdf","prova PDF","OAB","","","local-only","planejar importacao/conexao","sim","Alta"
"content:storage-content-oab-40-exame-provas-caderno-de-prova-tipo-2-1u8tfi-pdf","storage/content/oab/40-exame/provas/caderno-de-prova-tipo-2-1u8tfi.pdf","prova PDF","OAB","","","local-only","planejar importacao/conexao","sim","Alta"
"content:storage-content-oab-40-exame-provas-caderno-de-prova-tipo-3-1m9zvk-pdf","storage/content/oab/40-exame/provas/caderno-de-prova-tipo-3-1m9zvk.pdf","prova PDF","OAB","","","local-only","planejar importacao/conexao","sim","Alta"
"content:storage-content-oab-40-exame-provas-caderno-de-prova-tipo-4-1wkrzb-pdf","storage/content/oab/40-exame/provas/caderno-de-prova-tipo-4-1wkrzb.pdf","prova PDF","OAB","","","local-only","planejar importacao/conexao","sim","Alta"
"content:storage-content-oab-40-exame-provas-caderno-de-provas-direito-administrativo-1375r6-pdf","storage/content/oab/40-exame/provas/caderno-de-provas-direito-administrativo-1375r6.pdf","prova PDF","OAB","Direito Administrativo","","local-only","planejar importacao/conexao","nao","Alta"
"content:storage-content-oab-40-exame-provas-caderno-de-provas-direito-civil-1w4h9u-pdf","storage/content/oab/40-exame/provas/caderno-de-provas-direito-civil-1w4h9u.pdf","prova PDF","OAB","","","local-only","planejar importacao/conexao","sim","Alta"
"content:storage-content-oab-40-exame-provas-caderno-de-provas-direito-constitucional-1dil97-pdf","storage/content/oab/40-exame/provas/caderno-de-provas-direito-constitucional-1dil97.pdf","prova PDF","OAB","Direito Constitucional","","local-only","planejar importacao/conexao","nao","Alta"
"content:storage-content-oab-40-exame-provas-caderno-de-provas-direito-do-trabalho-17epf5-pdf","storage/content/oab/40-exame/provas/caderno-de-provas-direito-do-trabalho-17epf5.pdf","prova PDF","OAB","","","local-only","planejar importacao/conexao","sim","Alta"
"content:storage-content-oab-40-exame-provas-caderno-de-provas-direito-empresarial-8dlhhq-pdf","storage/content/oab/40-exame/provas/caderno-de-provas-direito-empresarial-8dlhhq.pdf","prova PDF","OAB","Direito Empresarial","","local-only","planejar importacao/conexao","nao","Alta"
"content:storage-content-oab-40-exame-provas-caderno-de-provas-direito-penal-1eev3u-pdf","storage/content/oab/40-exame/provas/caderno-de-provas-direito-penal-1eev3u.pdf","prova PDF","OAB","Direito Penal","","local-only","planejar importacao/conexao","nao","Alta"
"content:storage-content-oab-40-exame-provas-caderno-de-provas-direito-tributario-1std0g-pdf","storage/content/oab/40-exame/provas/caderno-de-provas-direito-tributario-1std0g.pdf","prova PDF","OAB","Direito Tributário","","local-only","planejar importacao/conexao","nao","Alta"
"content:storage-content-oab-40-exame-questoes-questoes-extraidas-json","storage/content/oab/40-exame/questoes/questoes-extraidas.json","banco de questões","OAB","Ética Profissional","40o Exame OAB - Questao 1","local-only","planejar importacao/conexao","nao","Alta"
"content:storage-content-oab-41-exame-gabaritos-gabaritos-definitivos-da-prova-objetiva-1-fase-1ags","storage/content/oab/41-exame/gabaritos/gabaritos-definitivos-da-prova-objetiva-1-fase-1agscl.pdf","gabarito/padrão de resposta","OAB","","","local-only","planejar importacao/conexao","sim","Alta"
"content:storage-content-oab-41-exame-gabaritos-gabaritos-preliminares-da-prova-objetiva-1-fase-gdw","storage/content/oab/41-exame/gabaritos/gabaritos-preliminares-da-prova-objetiva-1-fase-gdwb78.pdf","gabarito/padrão de resposta","OAB","","","local-only","planejar importacao/conexao","sim","Alta"
"content:storage-content-oab-41-exame-metadata-json","storage/content/oab/41-exame/metadata.json","container pedagógico","OAB","","","local-only","planejar importacao/conexao","sim","Alta"
"content:storage-content-oab-41-exame-provas-caderno-de-prova-tipo-1-19epxk-pdf","storage/content/oab/41-exame/provas/caderno-de-prova-tipo-1-19epxk.pdf","prova PDF","OAB","","","local-only","planejar importacao/conexao","sim","Alta"
"content:storage-content-oab-41-exame-provas-caderno-de-prova-tipo-2-9nh7u7-pdf","storage/content/oab/41-exame/provas/caderno-de-prova-tipo-2-9nh7u7.pdf","prova PDF","OAB","","","local-only","planejar importacao/conexao","sim","Alta"
"content:storage-content-oab-41-exame-provas-caderno-de-prova-tipo-3-9n0sub-pdf","storage/content/oab/41-exame/provas/caderno-de-prova-tipo-3-9n0sub.pdf","prova PDF","OAB","","","local-only","planejar importacao/conexao","sim","Alta"
"content:storage-content-oab-41-exame-provas-caderno-de-prova-tipo-4-13yqqo-pdf","storage/content/oab/41-exame/provas/caderno-de-prova-tipo-4-13yqqo.pdf","prova PDF","OAB","","","local-only","planejar importacao/conexao","sim","Alta"
"content:storage-content-oab-41-exame-provas-caderno-de-provas-direito-administrativo-402my0-pdf","storage/content/oab/41-exame/provas/caderno-de-provas-direito-administrativo-402my0.pdf","prova PDF","OAB","Direito Administrativo","","local-only","planejar importacao/conexao","nao","Alta"
"content:storage-content-oab-41-exame-provas-caderno-de-provas-direito-civil-1o4o4r-pdf","storage/content/oab/41-exame/provas/caderno-de-provas-direito-civil-1o4o4r.pdf","prova PDF","OAB","","","local-only","planejar importacao/conexao","sim","Alta"
"content:storage-content-oab-41-exame-provas-caderno-de-provas-direito-constitucional-qkez6x-pdf","storage/content/oab/41-exame/provas/caderno-de-provas-direito-constitucional-qkez6x.pdf","prova PDF","OAB","Direito Constitucional","","local-only","planejar importacao/conexao","nao","Alta"
"content:storage-content-oab-41-exame-provas-caderno-de-provas-direito-empresarial-172s0s-pdf","storage/content/oab/41-exame/provas/caderno-de-provas-direito-empresarial-172s0s.pdf","prova PDF","OAB","Direito Empresarial","","local-only","planejar importacao/conexao","nao","Alta"
"content:storage-content-oab-41-exame-provas-caderno-de-provas-direito-penal-ksdt00-pdf","storage/content/oab/41-exame/provas/caderno-de-provas-direito-penal-ksdt00.pdf","prova PDF","OAB","Direito Penal","","local-only","planejar importacao/conexao","nao","Alta"
"content:storage-content-oab-41-exame-provas-caderno-de-provas-direito-tributario-hm4xng-pdf","storage/content/oab/41-exame/provas/caderno-de-provas-direito-tributario-hm4xng.pdf","prova PDF","OAB","Direito Tributário","","local-only","planejar importacao/conexao","nao","Alta"
"content:storage-content-oab-41-exame-questoes-questoes-extraidas-json","storage/content/oab/41-exame/questoes/questoes-extraidas.json","banco de questões","OAB","Ética Profissional","41o Exame OAB - Questao 1","local-only","planejar importacao/conexao","nao","Alta"
"content:storage-content-oab-42-exame-gabaritos-gabaritos-definitivos-da-prova-objetiva-1-fase-oz8q","storage/content/oab/42-exame/gabaritos/gabaritos-definitivos-da-prova-objetiva-1-fase-oz8qn8.pdf","gabarito/padrão de resposta","OAB","","","local-only","planejar importacao/conexao","sim","Alta"
"content:storage-content-oab-42-exame-gabaritos-gabaritos-preliminares-da-prova-objetiva-1-fase-d8c","storage/content/oab/42-exame/gabaritos/gabaritos-preliminares-da-prova-objetiva-1-fase-d8co1o.pdf","gabarito/padrão de resposta","OAB","","","local-only","planejar importacao/conexao","sim","Alta"
"content:storage-content-oab-42-exame-metadata-json","storage/content/oab/42-exame/metadata.json","container pedagógico","OAB","","","local-only","planejar importacao/conexao","sim","Alta"
"content:storage-content-oab-42-exame-provas-caderno-de-prova-tipo-1-1l67c6-pdf","storage/content/oab/42-exame/provas/caderno-de-prova-tipo-1-1l67c6.pdf","prova PDF","OAB","","","local-only","planejar importacao/conexao","sim","Alta"
"content:storage-content-oab-42-exame-provas-caderno-de-prova-tipo-2-mfr81p-pdf","storage/content/oab/42-exame/provas/caderno-de-prova-tipo-2-mfr81p.pdf","prova PDF","OAB","","","local-only","planejar importacao/conexao","sim","Alta"
"content:storage-content-oab-42-exame-provas-caderno-de-prova-tipo-3-1muvj0-pdf","storage/content/oab/42-exame/provas/caderno-de-prova-tipo-3-1muvj0.pdf","prova PDF","OAB","","","local-only","planejar importacao/conexao","sim","Alta"
"content:storage-content-oab-42-exame-provas-caderno-de-prova-tipo-4-1ib9o8-pdf","storage/content/oab/42-exame/provas/caderno-de-prova-tipo-4-1ib9o8.pdf","prova PDF","OAB","","","local-only","planejar importacao/conexao","sim","Alta"
"content:storage-content-oab-42-exame-provas-caderno-de-provas-direito-administrativo-157co2-pdf","storage/content/oab/42-exame/provas/caderno-de-provas-direito-administrativo-157co2.pdf","prova PDF","OAB","Direito Administrativo","","local-only","planejar importacao/conexao","nao","Alta"
"content:storage-content-oab-42-exame-provas-caderno-de-provas-direito-civil-3gfgry-pdf","storage/content/oab/42-exame/provas/caderno-de-provas-direito-civil-3gfgry.pdf","prova PDF","OAB","","","local-only","planejar importacao/conexao","sim","Alta"
"content:storage-content-oab-42-exame-provas-caderno-de-provas-direito-constitucional-d1ziy9-pdf","storage/content/oab/42-exame/provas/caderno-de-provas-direito-constitucional-d1ziy9.pdf","prova PDF","OAB","Direito Constitucional","","local-only","planejar importacao/conexao","nao","Alta"
"content:storage-content-oab-42-exame-provas-caderno-de-provas-direito-do-trabalho-1twwac-pdf","storage/content/oab/42-exame/provas/caderno-de-provas-direito-do-trabalho-1twwac.pdf","prova PDF","OAB","","","local-only","planejar importacao/conexao","sim","Alta"
"content:storage-content-oab-42-exame-provas-caderno-de-provas-direito-empresarial-3gflxd-pdf","storage/content/oab/42-exame/provas/caderno-de-provas-direito-empresarial-3gflxd.pdf","prova PDF","OAB","Direito Empresarial","","local-only","planejar importacao/conexao","nao","Alta"
"content:storage-content-oab-42-exame-provas-caderno-de-provas-direito-penal-1uveat-pdf","storage/content/oab/42-exame/provas/caderno-de-provas-direito-penal-1uveat.pdf","prova PDF","OAB","Direito Penal","","local-only","planejar importacao/conexao","nao","Alta"
"content:storage-content-oab-42-exame-provas-caderno-de-provas-direito-tributario-r6a39c-pdf","storage/content/oab/42-exame/provas/caderno-de-provas-direito-tributario-r6a39c.pdf","prova PDF","OAB","Direito Tributário","","local-only","planejar importacao/conexao","nao","Alta"
"content:storage-content-oab-42-exame-questoes-questoes-extraidas-json","storage/content/oab/42-exame/questoes/questoes-extraidas.json","banco de questões","OAB","Ética Profissional","42o Exame OAB - Questao 1","local-only","planejar importacao/conexao","nao","Alta"
"content:storage-content-oab-43-exame-gabaritos-gabaritos-definitivos-da-prova-objetiva-1-fase-99gv","storage/content/oab/43-exame/gabaritos/gabaritos-definitivos-da-prova-objetiva-1-fase-99gv56.pdf","gabarito/padrão de resposta","OAB","","","local-only","planejar importacao/conexao","sim","Alta"
"content:storage-content-oab-43-exame-gabaritos-gabaritos-preliminares-da-prova-objetiva-1-fase-atu","storage/content/oab/43-exame/gabaritos/gabaritos-preliminares-da-prova-objetiva-1-fase-atualizado-em-30-04-2025-dojv0d.pdf","gabarito/padrão de resposta","OAB","","","local-only","planejar importacao/conexao","sim","Alta"
"content:storage-content-oab-43-exame-metadata-json","storage/content/oab/43-exame/metadata.json","container pedagógico","OAB","","","local-only","planejar importacao/conexao","sim","Alta"
"content:storage-content-oab-43-exame-provas-caderno-de-prova-tipo-1-wjxb32-pdf","storage/content/oab/43-exame/provas/caderno-de-prova-tipo-1-wjxb32.pdf","prova PDF","OAB","","","local-only","planejar importacao/conexao","sim","Alta"
"content:storage-content-oab-43-exame-provas-caderno-de-prova-tipo-2-42gb3k-pdf","storage/content/oab/43-exame/provas/caderno-de-prova-tipo-2-42gb3k.pdf","prova PDF","OAB","","","local-only","planejar importacao/conexao","sim","Alta"
"content:storage-content-oab-43-exame-provas-caderno-de-prova-tipo-3-g7aski-pdf","storage/content/oab/43-exame/provas/caderno-de-prova-tipo-3-g7aski.pdf","prova PDF","OAB","","","local-only","planejar importacao/conexao","sim","Alta"
"content:storage-content-oab-43-exame-provas-caderno-de-prova-tipo-4-78iugs-pdf","storage/content/oab/43-exame/provas/caderno-de-prova-tipo-4-78iugs.pdf","prova PDF","OAB","","","local-only","planejar importacao/conexao","sim","Alta"
"content:storage-content-oab-43-exame-provas-caderno-de-provas-direito-administrativo-gmo2xi-pdf","storage/content/oab/43-exame/provas/caderno-de-provas-direito-administrativo-gmo2xi.pdf","prova PDF","OAB","Direito Administrativo","","local-only","planejar importacao/conexao","nao","Alta"
"content:storage-content-oab-43-exame-provas-caderno-de-provas-direito-civil-18xvwr-pdf","storage/content/oab/43-exame/provas/caderno-de-provas-direito-civil-18xvwr.pdf","prova PDF","OAB","","","local-only","planejar importacao/conexao","sim","Alta"
"content:storage-content-oab-43-exame-provas-caderno-de-provas-direito-constitucional-1bglgz-pdf","storage/content/oab/43-exame/provas/caderno-de-provas-direito-constitucional-1bglgz.pdf","prova PDF","OAB","Direito Constitucional","","local-only","planejar importacao/conexao","nao","Alta"
"content:storage-content-oab-43-exame-provas-caderno-de-provas-direito-do-trabalho-148sas-pdf","storage/content/oab/43-exame/provas/caderno-de-provas-direito-do-trabalho-148sas.pdf","prova PDF","OAB","","","local-only","planejar importacao/conexao","sim","Alta"
"content:storage-content-oab-43-exame-provas-caderno-de-provas-direito-empresarial-9o7pp5-pdf","storage/content/oab/43-exame/provas/caderno-de-provas-direito-empresarial-9o7pp5.pdf","prova PDF","OAB","Direito Empresarial","","local-only","planejar importacao/conexao","nao","Alta"
"content:storage-content-oab-43-exame-provas-caderno-de-provas-direito-penal-1791h6-pdf","storage/content/oab/43-exame/provas/caderno-de-provas-direito-penal-1791h6.pdf","prova PDF","OAB","Direito Penal","","local-only","planejar importacao/conexao","nao","Alta"
"content:storage-content-oab-43-exame-provas-caderno-de-provas-direito-tributario-vm5lsm-pdf","storage/content/oab/43-exame/provas/caderno-de-provas-direito-tributario-vm5lsm.pdf","prova PDF","OAB","Direito Tributário","","local-only","planejar importacao/conexao","nao","Alta"
"content:storage-content-oab-43-exame-questoes-questoes-extraidas-json","storage/content/oab/43-exame/questoes/questoes-extraidas.json","banco de questões","OAB","Ética Profissional","43o Exame OAB - Questao 1","local-only","planejar importacao/conexao","nao","Alta"
"content:storage-content-oab-44-exame-gabaritos-gabaritos-definitivos-da-prova-objetiva-1-fase-1ehc","storage/content/oab/44-exame/gabaritos/gabaritos-definitivos-da-prova-objetiva-1-fase-1ehcwq.pdf","gabarito/padrão de resposta","OAB","","","local-only","planejar importacao/conexao","sim","Alta"
"content:storage-content-oab-44-exame-gabaritos-gabaritos-preliminares-da-prova-objetiva-1-fase-lt9","storage/content/oab/44-exame/gabaritos/gabaritos-preliminares-da-prova-objetiva-1-fase-lt9f0s.pdf","gabarito/padrão de resposta","OAB","","","local-only","planejar importacao/conexao","sim","Alta"
"content:storage-content-oab-44-exame-metadata-json","storage/content/oab/44-exame/metadata.json","container pedagógico","OAB","","","local-only","planejar importacao/conexao","sim","Alta"
"content:storage-content-oab-44-exame-provas-caderno-de-prova-tipo-1-bmn0xq-pdf","storage/content/oab/44-exame/provas/caderno-de-prova-tipo-1-bmn0xq.pdf","prova PDF","OAB","","","local-only","planejar importacao/conexao","sim","Alta"
"content:storage-content-oab-44-exame-provas-caderno-de-prova-tipo-2-rwnkr7-pdf","storage/content/oab/44-exame/provas/caderno-de-prova-tipo-2-rwnkr7.pdf","prova PDF","OAB","","","local-only","planejar importacao/conexao","sim","Alta"
"content:storage-content-oab-44-exame-provas-caderno-de-prova-tipo-3-1asweo-pdf","storage/content/oab/44-exame/provas/caderno-de-prova-tipo-3-1asweo.pdf","prova PDF","OAB","","","local-only","planejar importacao/conexao","sim","Alta"
"content:storage-content-oab-44-exame-provas-caderno-de-prova-tipo-4-1kws1b-pdf","storage/content/oab/44-exame/provas/caderno-de-prova-tipo-4-1kws1b.pdf","prova PDF","OAB","","","local-only","planejar importacao/conexao","sim","Alta"
"content:storage-content-oab-44-exame-provas-caderno-de-provas-direito-administrativo-7xzvov-pdf","storage/content/oab/44-exame/provas/caderno-de-provas-direito-administrativo-7xzvov.pdf","prova PDF","OAB","Direito Administrativo","","local-only","planejar importacao/conexao","nao","Alta"
"content:storage-content-oab-44-exame-provas-caderno-de-provas-direito-civil-11y2o9-pdf","storage/content/oab/44-exame/provas/caderno-de-provas-direito-civil-11y2o9.pdf","prova PDF","OAB","","","local-only","planejar importacao/conexao","sim","Alta"
"content:storage-content-oab-44-exame-provas-caderno-de-provas-direito-constitucional-bmq3a-pdf","storage/content/oab/44-exame/provas/caderno-de-provas-direito-constitucional-bmq3a.pdf","prova PDF","OAB","Direito Constitucional","","local-only","planejar importacao/conexao","nao","Alta"
"content:storage-content-oab-44-exame-provas-caderno-de-provas-direito-do-trabalho-9htmgy-pdf","storage/content/oab/44-exame/provas/caderno-de-provas-direito-do-trabalho-9htmgy.pdf","prova PDF","OAB","","","local-only","planejar importacao/conexao","sim","Alta"
"content:storage-content-oab-44-exame-provas-caderno-de-provas-direito-empresarial-1wr9ta-pdf","storage/content/oab/44-exame/provas/caderno-de-provas-direito-empresarial-1wr9ta.pdf","prova PDF","OAB","Direito Empresarial","","local-only","planejar importacao/conexao","nao","Alta"
"content:storage-content-oab-44-exame-provas-caderno-de-provas-direito-penal-1xaiqz-pdf","storage/content/oab/44-exame/provas/caderno-de-provas-direito-penal-1xaiqz.pdf","prova PDF","OAB","Direito Penal","","local-only","planejar importacao/conexao","nao","Alta"
"content:storage-content-oab-44-exame-provas-caderno-de-provas-direito-tributario-195his-pdf","storage/content/oab/44-exame/provas/caderno-de-provas-direito-tributario-195his.pdf","prova PDF","OAB","Direito Tributário","","local-only","planejar importacao/conexao","nao","Alta"
"content:storage-content-oab-44-exame-questoes-questoes-extraidas-json","storage/content/oab/44-exame/questoes/questoes-extraidas.json","banco de questões","OAB","Ética Profissional","44o Exame OAB - Questao 1","local-only","planejar importacao/conexao","nao","Alta"
"content:storage-content-oab-45-exame-gabaritos-gabaritos-definitivos-da-prova-objetiva-1-fase-iamk","storage/content/oab/45-exame/gabaritos/gabaritos-definitivos-da-prova-objetiva-1-fase-iamkq5.pdf","gabarito/padrão de resposta","OAB","","","local-only","planejar importacao/conexao","sim","Alta"
"content:storage-content-oab-45-exame-gabaritos-gabaritos-preliminares-da-prova-objetiva-1-fase-atu","storage/content/oab/45-exame/gabaritos/gabaritos-preliminares-da-prova-objetiva-1-fase-atualizado-em-22.12.2025-ghhg7q.pdf","gabarito/padrão de resposta","OAB","","","local-only","planejar importacao/conexao","sim","Alta"
"content:storage-content-oab-45-exame-metadata-json","storage/content/oab/45-exame/metadata.json","container pedagógico","OAB","","","local-only","planejar importacao/conexao","sim","Alta"
"content:storage-content-oab-45-exame-provas-caderno-de-prova-tipo-1-1e6sag-pdf","storage/content/oab/45-exame/provas/caderno-de-prova-tipo-1-1e6sag.pdf","prova PDF","OAB","","","local-only","planejar importacao/conexao","sim","Alta"
"content:storage-content-oab-45-exame-provas-caderno-de-prova-tipo-2-17lo3v-pdf","storage/content/oab/45-exame/provas/caderno-de-prova-tipo-2-17lo3v.pdf","prova PDF","OAB","","","local-only","planejar importacao/conexao","sim","Alta"
"content:storage-content-oab-45-exame-provas-caderno-de-prova-tipo-3-1kg5po-pdf","storage/content/oab/45-exame/provas/caderno-de-prova-tipo-3-1kg5po.pdf","prova PDF","OAB","","","local-only","planejar importacao/conexao","sim","Alta"
"content:storage-content-oab-45-exame-provas-caderno-de-prova-tipo-4-hp2j7m-pdf","storage/content/oab/45-exame/provas/caderno-de-prova-tipo-4-hp2j7m.pdf","prova PDF","OAB","","","local-only","planejar importacao/conexao","sim","Alta"
"content:storage-content-oab-45-exame-provas-caderno-de-provas-direito-administrativo-18f4gb-pdf","storage/content/oab/45-exame/provas/caderno-de-provas-direito-administrativo-18f4gb.pdf","prova PDF","OAB","Direito Administrativo","","local-only","planejar importacao/conexao","nao","Alta"
"content:storage-content-oab-45-exame-provas-caderno-de-provas-direito-civil-6ysmi2-pdf","storage/content/oab/45-exame/provas/caderno-de-provas-direito-civil-6ysmi2.pdf","prova PDF","OAB","","","local-only","planejar importacao/conexao","sim","Alta"
"content:storage-content-oab-45-exame-provas-caderno-de-provas-direito-constitucional-jo56bf-pdf","storage/content/oab/45-exame/provas/caderno-de-provas-direito-constitucional-jo56bf.pdf","prova PDF","OAB","Direito Constitucional","","local-only","planejar importacao/conexao","nao","Alta"
"content:storage-content-oab-45-exame-provas-caderno-de-provas-direito-do-trabalho-1gjqe9-pdf","storage/content/oab/45-exame/provas/caderno-de-provas-direito-do-trabalho-1gjqe9.pdf","prova PDF","OAB","","","local-only","planejar importacao/conexao","sim","Alta"
"content:storage-content-oab-45-exame-provas-caderno-de-provas-direito-empresarial-1nc4hy-pdf","storage/content/oab/45-exame/provas/caderno-de-provas-direito-empresarial-1nc4hy.pdf","prova PDF","OAB","Direito Empresarial","","local-only","planejar importacao/conexao","nao","Alta"
"content:storage-content-oab-45-exame-provas-caderno-de-provas-direito-penal-175dyx-pdf","storage/content/oab/45-exame/provas/caderno-de-provas-direito-penal-175dyx.pdf","prova PDF","OAB","Direito Penal","","local-only","planejar importacao/conexao","nao","Alta"
"content:storage-content-oab-45-exame-provas-caderno-de-provas-direito-tributario-11v67s-pdf","storage/content/oab/45-exame/provas/caderno-de-provas-direito-tributario-11v67s.pdf","prova PDF","OAB","Direito Tributário","","local-only","planejar importacao/conexao","nao","Alta"
"content:storage-content-oab-45-exame-questoes-questoes-extraidas-json","storage/content/oab/45-exame/questoes/questoes-extraidas.json","banco de questões","OAB","Ética Profissional","45o Exame OAB - Questao 1","local-only","planejar importacao/conexao","nao","Alta"
"content:storage-content-oab-46-exame-gabaritos-gabaritos-definitivos-da-prova-objetiva-1-fase-1kiz","storage/content/oab/46-exame/gabaritos/gabaritos-definitivos-da-prova-objetiva-1-fase-1kizjh.pdf","gabarito/padrão de resposta","OAB","","","local-only","planejar importacao/conexao","sim","Alta"
"content:storage-content-oab-46-exame-gabaritos-gabaritos-preliminares-da-prova-objetiva-1-fase-atu","storage/content/oab/46-exame/gabaritos/gabaritos-preliminares-da-prova-objetiva-1-fase-atualizado-em-04.05.2026-1wy91d.pdf","gabarito/padrão de resposta","OAB","","","local-only","planejar importacao/conexao","sim","Alta"
"content:storage-content-oab-46-exame-metadata-json","storage/content/oab/46-exame/metadata.json","container pedagógico","OAB","","","local-only","planejar importacao/conexao","sim","Alta"
"content:storage-content-oab-46-exame-provas-caderno-de-prova-tipo-1-1dfntz-pdf","storage/content/oab/46-exame/provas/caderno-de-prova-tipo-1-1dfntz.pdf","prova PDF","OAB","","","local-only","planejar importacao/conexao","sim","Alta"
"content:storage-content-oab-46-exame-provas-caderno-de-prova-tipo-2-1liuy6-pdf","storage/content/oab/46-exame/provas/caderno-de-prova-tipo-2-1liuy6.pdf","prova PDF","OAB","","","local-only","planejar importacao/conexao","sim","Alta"
"content:storage-content-oab-46-exame-provas-caderno-de-prova-tipo-3-18v5bp-pdf","storage/content/oab/46-exame/provas/caderno-de-prova-tipo-3-18v5bp.pdf","prova PDF","OAB","","","local-only","planejar importacao/conexao","sim","Alta"
"content:storage-content-oab-46-exame-provas-caderno-de-prova-tipo-4-8l7j5p-pdf","storage/content/oab/46-exame/provas/caderno-de-prova-tipo-4-8l7j5p.pdf","prova PDF","OAB","","","local-only","planejar importacao/conexao","sim","Alta"
"content:storage-content-oab-46-exame-questoes-questoes-extraidas-json","storage/content/oab/46-exame/questoes/questoes-extraidas.json","banco de questões","OAB","Ética Profissional","46o Exame OAB - Questao 1","local-only","planejar importacao/conexao","nao","Alta"
"content:storage-content-oab-47-exame-metadata-json","storage/content/oab/47-exame/metadata.json","container pedagógico","OAB","","","local-only","planejar importacao/conexao","sim","Alta"
"content:storage-content-oab-5-exame-metadata-json","storage/content/oab/5-exame/metadata.json","container pedagógico","OAB","","","local-only","planejar importacao/conexao","sim","Alta"
"content:storage-content-oab-6-exame-metadata-json","storage/content/oab/6-exame/metadata.json","container pedagógico","OAB","","","local-only","planejar importacao/conexao","sim","Alta"
"content:storage-content-oab-7-exame-gabaritos-gabaritos-preliminares-da-prova-objetiva-1-fase-9rqa","storage/content/oab/7-exame/gabaritos/gabaritos-preliminares-da-prova-objetiva-1-fase-9rqav3.pdf","gabarito/padrão de resposta","OAB","","","local-only","planejar importacao/conexao","sim","Alta"
"content:storage-content-oab-7-exame-metadata-json","storage/content/oab/7-exame/metadata.json","container pedagógico","OAB","","","local-only","planejar importacao/conexao","sim","Alta"
"content:storage-content-oab-7-exame-provas-caderno-de-prova-01-5noo95-pdf","storage/content/oab/7-exame/provas/caderno-de-prova-01-5noo95.pdf","prova PDF","OAB","","","local-only","planejar importacao/conexao","sim","Alta"
"content:storage-content-oab-7-exame-provas-caderno-de-prova-02-1j1xvk-pdf","storage/content/oab/7-exame/provas/caderno-de-prova-02-1j1xvk.pdf","prova PDF","OAB","","","local-only","planejar importacao/conexao","sim","Alta"
"content:storage-content-oab-7-exame-provas-caderno-de-prova-03-1j4qj9-pdf","storage/content/oab/7-exame/provas/caderno-de-prova-03-1j4qj9.pdf","prova PDF","OAB","","","local-only","planejar importacao/conexao","sim","Alta"
"content:storage-content-oab-7-exame-provas-caderno-de-prova-04-9qlh4z-pdf","storage/content/oab/7-exame/provas/caderno-de-prova-04-9qlh4z.pdf","prova PDF","OAB","","","local-only","planejar importacao/conexao","sim","Alta"
"content:storage-content-oab-7-exame-questoes-questoes-extraidas-json","storage/content/oab/7-exame/questoes/questoes-extraidas.json","banco de questões","OAB","Ética Profissional","7o Exame OAB - Questao 1","local-only","planejar importacao/conexao","nao","Alta"
"content:storage-content-oab-8-exame-metadata-json","storage/content/oab/8-exame/metadata.json","container pedagógico","OAB","","","local-only","planejar importacao/conexao","sim","Alta"
"content:storage-content-oab-9-exame-metadata-json","storage/content/oab/9-exame/metadata.json","container pedagógico","OAB","","","local-only","planejar importacao/conexao","sim","Alta"
"content:material-provas-fgv-provas-pm-aluno-oficial-da-pmns101-tipo-1-pdf","material-provas/fgv/provas PM/aluno_oficial_da_pmns101_tipo_1.pdf","prova PDF","","","","local-only","planejar importacao/conexao","sim","Alta"
"content:material-provas-fgv-provas-pm-aluno-oficial-da-pmns101-tipo-2-pdf","material-provas/fgv/provas PM/aluno_oficial_da_pmns101_tipo_2.pdf","prova PDF","","","","local-only","planejar importacao/conexao","sim","Alta"
"content:material-provas-fgv-provas-pm-aluno-oficial-da-pmns101-tipo-3-pdf","material-provas/fgv/provas PM/aluno_oficial_da_pmns101_tipo_3.pdf","prova PDF","","","","local-only","planejar importacao/conexao","sim","Alta"
"content:material-provas-fgv-provas-pm-aluno-oficial-da-pmns101-tipo-4-pdf","material-provas/fgv/provas PM/aluno_oficial_da_pmns101_tipo_4.pdf","prova PDF","","","","local-only","planejar importacao/conexao","sim","Alta"
"content:material-provas-fgv-provas-pm-aluno-oficial-da-pm-discursivansd101-tipo-1-pdf","material-provas/fgv/provas PM/aluno_oficial_da_pm_discursivansd101_tipo_1.pdf","prova PDF","Polícia Militar","Redação","","local-only","planejar importacao/conexao","nao","Alta"
"content:material-provas-fgv-provas-pm-aluno-soldado-da-pmnm001-tipo-1-pdf","material-provas/fgv/provas PM/aluno_soldado_da_pmnm001_tipo_1.pdf","prova PDF","","","","local-only","planejar importacao/conexao","sim","Alta"
"content:material-provas-fgv-provas-pm-aluno-soldado-da-pmnm001-tipo-2-pdf","material-provas/fgv/provas PM/aluno_soldado_da_pmnm001_tipo_2.pdf","prova PDF","","","","local-only","planejar importacao/conexao","sim","Alta"
"content:material-provas-fgv-provas-pm-aluno-soldado-da-pmnm001-tipo-3-pdf","material-provas/fgv/provas PM/aluno_soldado_da_pmnm001_tipo_3.pdf","prova PDF","","","","local-only","planejar importacao/conexao","sim","Alta"
"content:material-provas-fgv-provas-pm-aluno-soldado-da-pmnm001-tipo-4-pdf","material-provas/fgv/provas PM/aluno_soldado_da_pmnm001_tipo_4.pdf","prova PDF","","","","local-only","planejar importacao/conexao","sim","Alta"
"content:material-provas-fgv-provas-pm-aluno-soldado-da-pm-discursivanmd001-tipo-1-pdf","material-provas/fgv/provas PM/aluno_soldado_da_pm_discursivanmd001_tipo_1.pdf","prova PDF","Polícia Militar","Redação","","local-only","planejar importacao/conexao","nao","Alta"
"content:material-provas-fgv-provas-pm-anexo-sem-titulo-00306-4-pdf","material-provas/fgv/provas PM/anexo-sem-titulo-00306-4.pdf","prova PDF","","","","local-only","planejar importacao/conexao","sim","Alta"
"content:material-provas-fgv-provas-pm-anexo-sem-titulo-00312-1-pdf","material-provas/fgv/provas PM/anexo-sem-titulo-00312-1.pdf","prova PDF","","","","local-only","planejar importacao/conexao","sim","Alta"
"content:material-provas-fgv-provas-pm-anexo-sem-titulo-00318-2-pdf","material-provas/fgv/provas PM/anexo-sem-titulo-00318-2.pdf","prova PDF","","","","local-only","planejar importacao/conexao","sim","Alta"
"content:material-provas-fgv-provas-pm-anexo-sem-titulo-00324-3-pdf","material-provas/fgv/provas PM/anexo-sem-titulo-00324-3.pdf","prova PDF","","","","local-only","planejar importacao/conexao","sim","Alta"
"content:material-provas-fgv-provas-pm-cabo-pmcnm001-tipo-1-pdf","material-provas/fgv/provas PM/cabo-pmcnm001-tipo-1.pdf","prova PDF","","","","local-only","planejar importacao/conexao","sim","Alta"
"content:material-provas-fgv-provas-pm-cabo-pmcnm001-tipo-2-pdf","material-provas/fgv/provas PM/cabo-pmcnm001-tipo-2.pdf","prova PDF","","","","local-only","planejar importacao/conexao","sim","Alta"
"content:material-provas-fgv-provas-pm-cabo-pmcnm001-tipo-3-pdf","material-provas/fgv/provas PM/cabo-pmcnm001-tipo-3.pdf","prova PDF","","","","local-only","planejar importacao/conexao","sim","Alta"
"content:material-provas-fgv-provas-pm-cabo-pmcnm001-tipo-4-pdf","material-provas/fgv/provas PM/cabo-pmcnm001-tipo-4.pdf","prova PDF","","","","local-only","planejar importacao/conexao","sim","Alta"
"content:material-provas-fgv-provas-pm-cns101-aluno-oficial-combatentecns101-tipo-1-pdf","material-provas/fgv/provas PM/cns101-aluno-oficial-combatentecns101-tipo-1.pdf","prova PDF","","","","local-only","planejar importacao/conexao","sim","Alta"
"content:material-provas-fgv-provas-pm-cns101-aluno-oficial-combatentecns101-tipo-2-pdf","material-provas/fgv/provas PM/cns101-aluno-oficial-combatentecns101-tipo-2.pdf","prova PDF","","","","local-only","planejar importacao/conexao","sim","Alta"
"content:material-provas-fgv-provas-pm-curso-de-formacao-de-oficiais-combatentes-da-pmpbcfopb-22-ti","material-provas/fgv/provas PM/curso-de-formacao-de-oficiais-combatentes-da-pmpbcfopb-22-tipo-1.pdf","prova PDF","","","","local-only","planejar importacao/conexao","sim","Alta"
"content:material-provas-fgv-provas-pm-curso-de-formacao-de-oficiais-combatentes-da-pmpbcfopb-22-ti","material-provas/fgv/provas PM/curso-de-formacao-de-oficiais-combatentes-da-pmpbcfopb-22-tipo-2.pdf","prova PDF","","","","local-only","planejar importacao/conexao","sim","Alta"
"content:material-provas-fgv-provas-pm-curso-de-formacao-de-oficiais-combatentes-da-pmpbcfopb-22-ti","material-provas/fgv/provas PM/curso-de-formacao-de-oficiais-combatentes-da-pmpbcfopb-22-tipo-3.pdf","prova PDF","","","","local-only","planejar importacao/conexao","sim","Alta"
"content:material-provas-fgv-provas-pm-curso-de-formacao-de-oficiais-combatentes-da-pmpbcfopb-22-ti","material-provas/fgv/provas PM/curso-de-formacao-de-oficiais-combatentes-da-pmpbcfopb-22-tipo-4.pdf","prova PDF","","","","local-only","planejar importacao/conexao","sim","Alta"
"content:material-provas-fgv-provas-pm-delegado-objetivacns100-tipo-1-pdf","material-provas/fgv/provas PM/delegado-objetivacns100-tipo-1.pdf","prova PDF","Polícia Civil","","","local-only","planejar importacao/conexao","sim","Alta"
"content:material-provas-fgv-provas-pm-delegado-objetivacns100-tipo-2-pdf","material-provas/fgv/provas PM/delegado-objetivacns100-tipo-2.pdf","prova PDF","Polícia Civil","","","local-only","planejar importacao/conexao","sim","Alta"
"content:material-provas-fgv-provas-pm-delegado-objetivacns100-tipo-3-pdf","material-provas/fgv/provas PM/delegado-objetivacns100-tipo-3.pdf","prova PDF","Polícia Civil","","","local-only","planejar importacao/conexao","sim","Alta"
"content:material-provas-fgv-provas-pm-delegado-objetivacns100-tipo-4-pdf","material-provas/fgv/provas PM/delegado-objetivacns100-tipo-4.pdf","prova PDF","Polícia Civil","","","local-only","planejar importacao/conexao","sim","Alta"
"content:material-provas-fgv-provas-pm-inspetor-de-policia-de-6a-classeinspetor-tipo-1-revisada-pdf","material-provas/fgv/provas PM/inspetor_de_policia_de_6a_classeinspetor_tipo_1_revisada.pdf","prova PDF","Polícia Civil","","","local-only","planejar importacao/conexao","sim","Alta"
"content:material-provas-fgv-provas-pm-inspetor-de-policia-de-6a-classeinspetor-tipo-2-revisada-pdf","material-provas/fgv/provas PM/inspetor_de_policia_de_6a_classeinspetor_tipo_2_revisada.pdf","prova PDF","Polícia Civil","","","local-only","planejar importacao/conexao","sim","Alta"
"content:material-provas-fgv-provas-pm-inspetor-de-policia-de-6a-classeinspetor-tipo-3-revisada-pdf","material-provas/fgv/provas PM/inspetor_de_policia_de_6a_classeinspetor_tipo_3_revisada.pdf","prova PDF","Polícia Civil","","","local-only","planejar importacao/conexao","sim","Alta"
"content:material-provas-fgv-provas-pm-inspetor-de-policia-de-6a-classeinspetor-tipo-4-revisada-pdf","material-provas/fgv/provas PM/inspetor_de_policia_de_6a_classeinspetor_tipo_4_revisada.pdf","prova PDF","Polícia Civil","","","local-only","planejar importacao/conexao","sim","Alta"
"content:material-provas-fgv-provas-pm-investigador-policial-de-3a-classeinvest-tipo-1-revisada-pdf","material-provas/fgv/provas PM/investigador_policial_de_3a_classeinvest_tipo_1_revisada.pdf","prova PDF","Polícia Civil","","","local-only","planejar importacao/conexao","sim","Alta"
"content:material-provas-fgv-provas-pm-investigador-policial-de-3a-classeinvest-tipo-2-revisada-pdf","material-provas/fgv/provas PM/investigador_policial_de_3a_classeinvest_tipo_2_revisada.pdf","prova PDF","Polícia Civil","","","local-only","planejar importacao/conexao","sim","Alta"
"content:material-provas-fgv-provas-pm-investigador-policial-de-3a-classeinvest-tipo-3-revisada-pdf","material-provas/fgv/provas PM/investigador_policial_de_3a_classeinvest_tipo_3_revisada.pdf","prova PDF","Polícia Civil","","","local-only","planejar importacao/conexao","sim","Alta"
"content:material-provas-fgv-provas-pm-investigador-policial-de-3a-classeinvest-tipo-4-revisada-pdf","material-provas/fgv/provas PM/investigador_policial_de_3a_classeinvest_tipo_4_revisada.pdf","prova PDF","Polícia Civil","","","local-only","planejar importacao/conexao","sim","Alta"
"content:material-provas-fgv-provas-pm-ns001-delegado-de-policia-4a-classe-prova-objetivans001-tipo","material-provas/fgv/provas PM/ns001_-_delegado_de_policia_-_4a_classe_prova_objetivans001_tipo_1.pdf","prova PDF","Polícia Civil","","","local-only","planejar importacao/conexao","sim","Alta"
"content:material-provas-fgv-provas-pm-ns001-delegado-de-policia-4a-classe-prova-objetivans001-tipo","material-provas/fgv/provas PM/ns001_-_delegado_de_policia_-_4a_classe_prova_objetivans001_tipo_2.pdf","prova PDF","Polícia Civil","","","local-only","planejar importacao/conexao","sim","Alta"
"content:material-provas-fgv-provas-pm-ns001-delegado-de-policia-4a-classe-prova-objetivans001-tipo","material-provas/fgv/provas PM/ns001_-_delegado_de_policia_-_4a_classe_prova_objetivans001_tipo_3.pdf","prova PDF","Polícia Civil","","","local-only","planejar importacao/conexao","sim","Alta"
"content:material-provas-fgv-provas-pm-ns001-delegado-de-policia-4a-classe-prova-objetivans001-tipo","material-provas/fgv/provas PM/ns001_-_delegado_de_policia_-_4a_classe_prova_objetivans001_tipo_4.pdf","prova PDF","Polícia Civil","","","local-only","planejar importacao/conexao","sim","Alta"
"content:material-provas-fgv-provas-pm-ns002-delegado-de-policia-4a-classe-prova-discursivans002-ti","material-provas/fgv/provas PM/ns002_-_delegado_de_policia_-_4a_classe_prova_discursivans002_tipo_1.pdf","prova PDF","Polícia Civil","Redação","","local-only","planejar importacao/conexao","nao","Alta"
"content:material-provas-fgv-provas-pm-oficial-da-policia-militarof-pm-tipo-1-pdf","material-provas/fgv/provas PM/oficial-da-policia-militarof-pm-tipo-1.pdf","prova PDF","Polícia Militar","","","local-only","planejar importacao/conexao","sim","Alta"
"content:material-provas-fgv-provas-pm-oficial-da-policia-militarof-pm-tipo-2-pdf","material-provas/fgv/provas PM/oficial-da-policia-militarof-pm-tipo-2.pdf","prova PDF","Polícia Militar","","","local-only","planejar importacao/conexao","sim","Alta"
"content:material-provas-fgv-provas-pm-oficial-da-policia-militarof-pm-tipo-3-pdf","material-provas/fgv/provas PM/oficial-da-policia-militarof-pm-tipo-3.pdf","prova PDF","Polícia Militar","","","local-only","planejar importacao/conexao","sim","Alta"
"content:material-provas-fgv-provas-pm-oficial-da-policia-militarof-pm-tipo-4-pdf","material-provas/fgv/provas PM/oficial-da-policia-militarof-pm-tipo-4.pdf","prova PDF","Polícia Militar","","","local-only","planejar importacao/conexao","sim","Alta"
"content:material-provas-fgv-provas-pm-pcam2021e01-gabarito-definitivo-pdf","material-provas/fgv/provas PM/pcam2021e01_gabarito_definitivo.pdf","gabarito/padrão de resposta","","","","local-only","planejar importacao/conexao","sim","Alta"
"content:material-provas-fgv-provas-pm-pcrj2021e1-gabarito-definitivo-pdf","material-provas/fgv/provas PM/pcrj2021e1_gabarito_definitivo.pdf","gabarito/padrão de resposta","","","","local-only","planejar importacao/conexao","sim","Alta"
"content:material-provas-fgv-provas-pm-pcrj2021e2-gabarito-definitivo-pdf","material-provas/fgv/provas PM/pcrj2021e2_gabarito_definitivo.pdf","gabarito/padrão de resposta","","","","local-only","planejar importacao/conexao","sim","Alta"
"content:material-provas-fgv-provas-pm-pcrn-delegado-de-policia-civil-substituto-deleg-01-tipo-1-pd","material-provas/fgv/provas PM/pcrn-delegado-de-policia-civil-substituto-deleg-01-tipo-1.pdf","prova PDF","Polícia Civil","","","local-only","planejar importacao/conexao","sim","Alta"
"content:material-provas-fgv-provas-pm-pcrn-delegado-de-policia-civil-substituto-deleg-01-tipo-2-pd","material-provas/fgv/provas PM/pcrn-delegado-de-policia-civil-substituto-deleg-01-tipo-2.pdf","prova PDF","Polícia Civil","","","local-only","planejar importacao/conexao","sim","Alta"
"content:material-provas-fgv-provas-pm-pcrn-delegado-de-policia-civil-substituto-deleg-01-tipo-3-pd","material-provas/fgv/provas PM/pcrn-delegado-de-policia-civil-substituto-deleg-01-tipo-3.pdf","prova PDF","Polícia Civil","","","local-only","planejar importacao/conexao","sim","Alta"
"content:material-provas-fgv-provas-pm-pcrn-delegado-de-policia-civil-substituto-deleg-01-tipo-4-1-","material-provas/fgv/provas PM/pcrn-delegado-de-policia-civil-substituto-deleg-01-tipo-4 (1).pdf","prova PDF","Polícia Civil","","","local-only","planejar importacao/conexao","sim","Alta"
"content:material-provas-fgv-provas-pm-pcrn-delegado-de-policia-civil-substituto-deleg-01-tipo-4-pd","material-provas/fgv/provas PM/pcrn-delegado-de-policia-civil-substituto-deleg-01-tipo-4.pdf","prova PDF","Polícia Civil","","","local-only","planejar importacao/conexao","sim","Alta"
"content:material-provas-fgv-provas-pm-pcrn-delegado-de-policia-civil-substituto-deleg-02-tipo-1-di","material-provas/fgv/provas PM/pcrn-delegado-de-policia-civil-substituto-deleg-02-tipo-1-discursiva.pdf","prova PDF","Polícia Civil","Redação","","local-only","planejar importacao/conexao","nao","Alta"
"content:material-provas-fgv-provas-pm-pcrn-gabarito-definitivo-pdf","material-provas/fgv/provas PM/pcrn_gabarito_definitivo.pdf","gabarito/padrão de resposta","Polícia Civil","","","local-only","planejar importacao/conexao","sim","Alta"
"content:material-provas-fgv-provas-pm-pcscdelegado2024-gabarito-definitivo-20240220-pdf","material-provas/fgv/provas PM/pcscdelegado2024_gabarito_definitivo_20240220.pdf","gabarito/padrão de resposta","Polícia Civil","","","local-only","planejar importacao/conexao","sim","Alta"
"content:material-provas-fgv-provas-pm-pm-sargentocnm001-tipo-1-pdf","material-provas/fgv/provas PM/pm-sargentocnm001-tipo-1.pdf","prova PDF","Polícia Militar","","","local-only","planejar importacao/conexao","sim","Alta"
"content:material-provas-fgv-provas-pm-pm-sargentocnm001-tipo-2-pdf","material-provas/fgv/provas PM/pm-sargentocnm001-tipo-2.pdf","prova PDF","Polícia Militar","","","local-only","planejar importacao/conexao","sim","Alta"
"content:material-provas-fgv-provas-pm-pm-sargentocnm001-tipo-3-pdf","material-provas/fgv/provas PM/pm-sargentocnm001-tipo-3.pdf","prova PDF","Polícia Militar","","","local-only","planejar importacao/conexao","sim","Alta"
"content:material-provas-fgv-provas-pm-pm-sargentocnm001-tipo-4-pdf","material-provas/fgv/provas PM/pm-sargentocnm001-tipo-4.pdf","prova PDF","Polícia Militar","","","local-only","planejar importacao/conexao","sim","Alta"
"content:material-provas-fgv-provas-pm-pmac2023-gabaritos-definitivo-final-para-publicacao-1-pdf","material-provas/fgv/provas PM/pmac2023-gabaritos-definitivo-final-para-publicacao-1.pdf","gabarito/padrão de resposta","","","","local-only","planejar importacao/conexao","sim","Alta"
"content:material-provas-fgv-provas-pm-pmam2021-gabarito-definitivo-retificado-26-04-2022-pdf","material-provas/fgv/provas PM/pmam2021_gabarito_definitivo_retificado_26.04.2022.pdf","gabarito/padrão de resposta","","","","local-only","planejar importacao/conexao","sim","Alta"
"content:material-provas-fgv-provas-pm-pmce2021-gabarito-definitivo-pdf","material-provas/fgv/provas PM/pmce2021_gabarito_definitivo.pdf","gabarito/padrão de resposta","","","","local-only","planejar importacao/conexao","sim","Alta"
"content:material-provas-fgv-provas-pm-pmce2021-soldado-da-pm-ce-pmce01-tipo-1-pdf","material-provas/fgv/provas PM/pmce2021_soldado_da_pm-ce_pmce01_tipo_1.pdf","prova PDF","Polícia Militar","","","local-only","planejar importacao/conexao","sim","Alta"
"content:material-provas-fgv-provas-pm-pmce2021-soldado-da-pm-ce-pmce01-tipo-2-pdf","material-provas/fgv/provas PM/pmce2021_soldado_da_pm-ce_pmce01_tipo_2.pdf","prova PDF","Polícia Militar","","","local-only","planejar importacao/conexao","sim","Alta"
"content:material-provas-fgv-provas-pm-pmce2021-soldado-da-pm-ce-pmce01-tipo-3-pdf","material-provas/fgv/provas PM/pmce2021_soldado_da_pm-ce_pmce01_tipo_3.pdf","prova PDF","Polícia Militar","","","local-only","planejar importacao/conexao","sim","Alta"
"content:material-provas-fgv-provas-pm-pmce2021-soldado-da-pm-ce-pmce01-tipo-4-pdf","material-provas/fgv/provas PM/pmce2021_soldado_da_pm-ce_pmce01_tipo_4.pdf","prova PDF","Polícia Militar","","","local-only","planejar importacao/conexao","sim","Alta"
"content:material-provas-fgv-provas-pm-pmerj-cfo-prova-discursiva-pdf","material-provas/fgv/provas PM/pmerj-cfo-prova-discursiva.pdf","prova PDF","Polícia Militar","Redação","","local-only","planejar importacao/conexao","nao","Alta"
"content:material-provas-fgv-provas-pm-pmerj-gabarito-definitivo-para-publicacao-oficial-da-pm-pdf","material-provas/fgv/provas PM/pmerj-gabarito-definitivo-para-publicacao-oficial-da-pm.pdf","gabarito/padrão de resposta","Polícia Militar","","","local-only","planejar importacao/conexao","sim","Alta"
"content:material-provas-fgv-provas-pm-pmerj-gabarito-definitivo-pdf","material-provas/fgv/provas PM/pmerj-gabarito-definitivo.pdf","gabarito/padrão de resposta","Polícia Militar","","","local-only","planejar importacao/conexao","sim","Alta"
"content:material-provas-fgv-provas-pm-pmerj2021-curso-de-formacao-de-oficiais-da-pmerj-pmcfo01-tip","material-provas/fgv/provas PM/pmerj2021-curso-de-formacao-de-oficiais-da-pmerj-pmcfo01-tipo-1.pdf","prova PDF","Polícia Militar","","","local-only","planejar importacao/conexao","sim","Alta"
"content:material-provas-fgv-provas-pm-pmerj2021-curso-de-formacao-de-oficiais-da-pmerj-pmcfo01-tip","material-provas/fgv/provas PM/pmerj2021-curso-de-formacao-de-oficiais-da-pmerj-pmcfo01-tipo-2.pdf","prova PDF","Polícia Militar","","","local-only","planejar importacao/conexao","sim","Alta"
"content:material-provas-fgv-provas-pm-pmerj2021-curso-de-formacao-de-oficiais-da-pmerj-pmcfo01-tip","material-provas/fgv/provas PM/pmerj2021-curso-de-formacao-de-oficiais-da-pmerj-pmcfo01-tipo-3.pdf","prova PDF","Polícia Militar","","","local-only","planejar importacao/conexao","sim","Alta"
"content:material-provas-fgv-provas-pm-pmerj2021-curso-de-formacao-de-oficiais-da-pmerj-pmcfo01-tip","material-provas/fgv/provas PM/pmerj2021-curso-de-formacao-de-oficiais-da-pmerj-pmcfo01-tipo-4.pdf","prova PDF","Polícia Militar","","","local-only","planejar importacao/conexao","sim","Alta"
"content:material-provas-fgv-provas-pm-pmerj2021-gabarito-definitivo-pdf","material-provas/fgv/provas PM/pmerj2021_gabarito_definitivo.pdf","gabarito/padrão de resposta","","","","local-only","planejar importacao/conexao","sim","Alta"
"content:material-provas-fgv-provas-pm-pmesp-sargento-2024-gabaritos-para-publicacao-pdf","material-provas/fgv/provas PM/pmesp-sargento-2024-gabaritos-para-publicacao.pdf","gabarito/padrão de resposta","Polícia Militar","","","local-only","planejar importacao/conexao","sim","Alta"
"content:material-provas-fgv-provas-pm-pmesp2022-gabarito-definitivo-pdf","material-provas/fgv/provas PM/pmesp2022_gabarito_definitivo.pdf","gabarito/padrão de resposta","","","","local-only","planejar importacao/conexao","sim","Alta"
"content:material-provas-fgv-provas-pm-pmespcabo2022-gabarito-definitivo-pdf","material-provas/fgv/provas PM/pmespcabo2022_gabarito_definitivo.pdf","gabarito/padrão de resposta","","","","local-only","planejar importacao/conexao","sim","Alta"
"content:material-provas-fgv-provas-pm-pmpb2021-gabarito-definitivo-pdf","material-provas/fgv/provas PM/pmpb2021_gabarito_definitivo.pdf","gabarito/padrão de resposta","","","","local-only","planejar importacao/conexao","sim","Alta"
"content:material-provas-fgv-provas-pm-soldado-policial-militar-classe-cpm-sel-tipo-1-pdf","material-provas/fgv/provas PM/soldado-policial-militar-classe-cpm-sel-tipo-1.pdf","prova PDF","","Direito Penal Militar","","local-only","planejar importacao/conexao","sim","Alta"
"content:material-provas-fgv-provas-pm-soldado-policial-militar-classe-cpm-sel-tipo-1-0-pdf","material-provas/fgv/provas PM/soldado-policial-militar-classe-cpm-sel-tipo-1_0.pdf","prova PDF","","Direito Penal Militar","","local-only","planejar importacao/conexao","sim","Alta"
"content:material-provas-fgv-provas-pm-soldado-policial-militar-classe-cpm-sel-tipo-2-pdf","material-provas/fgv/provas PM/soldado-policial-militar-classe-cpm-sel-tipo-2.pdf","prova PDF","","Direito Penal Militar","","local-only","planejar importacao/conexao","sim","Alta"
"content:material-provas-fgv-provas-pm-soldado-policial-militar-classe-cpm-sel-tipo-3-pdf","material-provas/fgv/provas PM/soldado-policial-militar-classe-cpm-sel-tipo-3.pdf","prova PDF","","Direito Penal Militar","","local-only","planejar importacao/conexao","sim","Alta"
"content:material-provas-fgv-provas-pm-soldado-policial-militar-classe-cpm-sel-tipo-4-pdf","material-provas/fgv/provas PM/soldado-policial-militar-classe-cpm-sel-tipo-4.pdf","prova PDF","","Direito Penal Militar","","local-only","planejar importacao/conexao","sim","Alta"
"content:material-provas-fgv-provas-pm-soldado-pm-de-2a-classe-do-quadro-de-pracas-de-policia-milit","material-provas/fgv/provas PM/soldado_pm_de_2a_classe_do_quadro_de_pracas_de_policia_militar_qppmcnm001_tipo_1.pdf","prova PDF","Polícia Militar","","","local-only","planejar importacao/conexao","sim","Alta"
"content:material-provas-fgv-provas-pm-soldado-pm-de-2a-classe-do-quadro-de-pracas-de-policia-milit","material-provas/fgv/provas PM/soldado_pm_de_2a_classe_do_quadro_de_pracas_de_policia_militar_qppmcnm001_tipo_2.pdf","prova PDF","Polícia Militar","","","local-only","planejar importacao/conexao","sim","Alta"
"content:material-provas-fgv-provas-pm-soldado-pm-de-2a-classe-do-quadro-de-pracas-de-policia-milit","material-provas/fgv/provas PM/soldado_pm_de_2a_classe_do_quadro_de_pracas_de_policia_militar_qppmcnm001_tipo_3.pdf","prova PDF","Polícia Militar","","","local-only","planejar importacao/conexao","sim","Alta"
"content:material-provas-fgv-provas-pm-soldado-pm-de-2a-classe-do-quadro-de-pracas-de-policia-milit","material-provas/fgv/provas PM/soldado_pm_de_2a_classe_do_quadro_de_pracas_de_policia_militar_qppmcnm001_tipo_4.pdf","prova PDF","Polícia Militar","","","local-only","planejar importacao/conexao","sim","Alta"
"content:flashcards-apkg-amostra-combo-pf-prf-apkg","flashcards-apkg/amostra-combo-pf-prf.apkg","deck Anki","PRF","","","local-only","planejar importacao/conexao","sim","Alta"
"content:flashcards-apkg-amostra-detran-df-apkg","flashcards-apkg/amostra-detran-df.apkg","deck Anki","DETRAN","","","local-only","planejar importacao/conexao","sim","Alta"
"content:flashcards-apkg-amostra-gmf-apkg","flashcards-apkg/amostra-gmf.apkg","deck Anki","Guarda Municipal","","","local-only","planejar importacao/conexao","sim","Alta"
"content:flashcards-apkg-amostra-pcal-apkg","flashcards-apkg/amostra-pcal.apkg","deck Anki","","","","local-only","planejar importacao/conexao","sim","Alta"
"content:flashcards-apkg-amostra-pcba-apkg","flashcards-apkg/amostra-pcba.apkg","deck Anki","","","","local-only","planejar importacao/conexao","sim","Alta"
"content:flashcards-apkg-amostra-pcce-apkg","flashcards-apkg/amostra-pcce.apkg","deck Anki","","","","local-only","planejar importacao/conexao","sim","Alta"
"content:flashcards-apkg-amostra-pcdf-agente-custodia-apkg","flashcards-apkg/amostra-pcdf-agente-custodia.apkg","deck Anki","Polícia Civil","","","local-only","planejar importacao/conexao","sim","Alta"
"content:flashcards-apkg-amostra-pcgo-apkg","flashcards-apkg/amostra-pcgo.apkg","deck Anki","","","","local-only","planejar importacao/conexao","sim","Alta"
"content:flashcards-apkg-amostra-pcmg-apkg","flashcards-apkg/amostra-pcmg.apkg","deck Anki","","","","local-only","planejar importacao/conexao","sim","Alta"
"content:flashcards-apkg-amostra-pcpi-apkg","flashcards-apkg/amostra-pcpi.apkg","deck Anki","","","","local-only","planejar importacao/conexao","sim","Alta"
"content:flashcards-apkg-amostra-pcsp-apkg","flashcards-apkg/amostra-pcsp.apkg","deck Anki","","","","local-only","planejar importacao/conexao","sim","Alta"
"content:flashcards-apkg-amostra-pf-apkg","flashcards-apkg/amostra-pf.apkg","deck Anki","","","","local-only","planejar importacao/conexao","sim","Alta"
"content:flashcards-apkg-amostra-pmal-apkg","flashcards-apkg/amostra-pmal.apkg","deck Anki","","","","local-only","planejar importacao/conexao","sim","Alta"
"content:flashcards-apkg-amostra-pmba-apkg","flashcards-apkg/amostra-pmba.apkg","deck Anki","","","","local-only","planejar importacao/conexao","sim","Alta"
"content:flashcards-apkg-amostra-pmce-apkg","flashcards-apkg/amostra-pmce.apkg","deck Anki","","","","local-only","planejar importacao/conexao","sim","Alta"
"content:flashcards-apkg-amostra-pmdf-apkg","flashcards-apkg/amostra-pmdf.apkg","deck Anki","","","","local-only","planejar importacao/conexao","sim","Alta"
"content:flashcards-apkg-amostra-pmerj-apkg","flashcards-apkg/amostra-pmerj.apkg","deck Anki","","","","local-only","planejar importacao/conexao","sim","Alta"
"content:flashcards-apkg-amostra-pmes-apkg","flashcards-apkg/amostra-pmes.apkg","deck Anki","","","","local-only","planejar importacao/conexao","sim","Alta"
"content:flashcards-apkg-amostra-pmmg-cfo-apkg","flashcards-apkg/amostra-pmmg-cfo.apkg","deck Anki","Polícia Militar","","","local-only","planejar importacao/conexao","sim","Alta"
"content:flashcards-apkg-amostra-pmmg-apkg","flashcards-apkg/amostra-pmmg.apkg","deck Anki","","","","local-only","planejar importacao/conexao","sim","Alta"
"content:flashcards-apkg-amostra-pmpe-apkg","flashcards-apkg/amostra-pmpe.apkg","deck Anki","","","","local-only","planejar importacao/conexao","sim","Alta"
"content:flashcards-apkg-amostra-pmrn-apkg","flashcards-apkg/amostra-pmrn.apkg","deck Anki","","","","local-only","planejar importacao/conexao","sim","Alta"
"content:flashcards-apkg-amostra-ppba-apkg","flashcards-apkg/amostra-ppba.apkg","deck Anki","","","","local-only","planejar importacao/conexao","sim","Alta"
"content:flashcards-apkg-amostra-ppce-apkg","flashcards-apkg/amostra-ppce.apkg","deck Anki","","","","local-only","planejar importacao/conexao","sim","Alta"
"content:flashcards-apkg-amostra-ppgo-apkg","flashcards-apkg/amostra-ppgo.apkg","deck Anki","","","","local-only","planejar importacao/conexao","sim","Alta"
"content:flashcards-apkg-amostra-ppmg-apkg","flashcards-apkg/amostra-ppmg.apkg","deck Anki","","","","local-only","planejar importacao/conexao","sim","Alta"
"content:flashcards-apkg-amostra-pppi-apkg","flashcards-apkg/amostra-pppi.apkg","deck Anki","","","","local-only","planejar importacao/conexao","sim","Alta"
"content:flashcards-apkg-amostra-prf-apkg","flashcards-apkg/amostra-prf.apkg","deck Anki","PRF","","","local-only","planejar importacao/conexao","sim","Alta"
